# Blender 4.1.1
# www.blender.org
o M16_Bolt_Inner
v 0.008000 0.000000 0.060000
v 0.007983 0.000523 0.060000
v 0.007932 0.001044 0.060000
v 0.007846 0.001561 0.060000
v 0.007727 0.002071 0.060000
v 0.007575 0.002572 0.060000
v 0.007391 0.003061 0.060000
v 0.007175 0.003538 0.060000
v 0.006928 0.004000 0.060000
v 0.006652 0.004445 0.060000
v 0.006347 0.004870 0.060000
v 0.006015 0.005275 0.060000
v 0.005657 0.005657 0.060000
v 0.005275 0.006015 0.060000
v 0.004870 0.006347 0.060000
v 0.004445 0.006652 0.060000
v 0.004000 0.006928 0.060000
v 0.003538 0.007175 0.060000
v 0.003061 0.007391 0.060000
v 0.002572 0.007575 0.060000
v 0.002071 0.007727 0.060000
v 0.001561 0.007846 0.060000
v 0.001044 0.007932 0.060000
v 0.000523 0.007983 0.060000
v -0.000523 0.007983 0.060000
v -0.001044 0.007932 0.060000
v -0.001561 0.007846 0.060000
v -0.002071 0.007727 0.060000
v -0.002572 0.007575 0.060000
v -0.003061 0.007391 0.060000
v -0.003538 0.007175 0.060000
v -0.004000 0.006928 0.060000
v -0.004445 0.006652 0.060000
v -0.004870 0.006347 0.060000
v -0.005275 0.006015 0.060000
v -0.005657 0.005657 0.060000
v -0.006015 0.005275 0.060000
v -0.006347 0.004870 0.060000
v -0.006652 0.004445 0.060000
v -0.006928 0.004000 0.060000
v -0.007175 0.003538 0.060000
v -0.007391 0.003061 0.060000
v -0.007575 0.002572 0.060000
v -0.007727 0.002071 0.060000
v -0.007846 0.001561 0.060000
v -0.007932 0.001044 0.060000
v -0.007983 0.000523 0.060000
v -0.007983 -0.000523 0.060000
v -0.007932 -0.001044 0.060000
v -0.007846 -0.001561 0.060000
v -0.007727 -0.002071 0.060000
v -0.007575 -0.002572 0.060000
v -0.007391 -0.003061 0.060000
v -0.007175 -0.003538 0.060000
v -0.006928 -0.004000 0.060000
v -0.006652 -0.004445 0.060000
v -0.006347 -0.004870 0.060000
v -0.006015 -0.005275 0.060000
v -0.005657 -0.005657 0.060000
v -0.005275 -0.006015 0.060000
v -0.004870 -0.006347 0.060000
v -0.004445 -0.006652 0.060000
v -0.004000 -0.006928 0.060000
v -0.003538 -0.007175 0.060000
v -0.003061 -0.007391 0.060000
v -0.002572 -0.007575 0.060000
v -0.002071 -0.007727 0.060000
v -0.001561 -0.007846 0.060000
v -0.001044 -0.007932 0.060000
v -0.000523 -0.007983 0.060000
v 0.000000 -0.008000 0.060000
v 0.000523 -0.007983 0.060000
v 0.001044 -0.007932 0.060000
v 0.001561 -0.007846 0.060000
v 0.002071 -0.007727 0.060000
v 0.002572 -0.007575 0.060000
v 0.003538 -0.007175 0.060000
v 0.004000 -0.006928 0.060000
v 0.004445 -0.006652 0.060000
v 0.004870 -0.006347 0.060000
v 0.005275 -0.006015 0.060000
v 0.005657 -0.005657 0.060000
v 0.006015 -0.005275 0.060000
v 0.006347 -0.004870 0.060000
v 0.006652 -0.004445 0.060000
v 0.006928 -0.004000 0.060000
v 0.007175 -0.003538 0.060000
v 0.007575 -0.002572 0.060000
v 0.007727 -0.002071 0.060000
v 0.007846 -0.001561 0.060000
v 0.007932 -0.001044 0.060000
v 0.007983 -0.000523 0.060000
v -0.000000 0.008000 0.060000
v -0.008000 -0.000000 0.060000
v 0.003061 -0.007391 0.060000
v 0.007391 -0.003061 0.060000
v 0.011088 -0.008598 0.060037
v 0.012990 -0.005303 0.060037
v 0.011897 -0.006869 0.060021
v 0.012990 -0.007500 0.060125
v 0.004671 0.008090 0.070000
v 0.000000 0.015000 0.068750
v 0.001902 0.013902 0.069634
v 0.000000 0.013738 0.069790
v -0.001902 0.013902 0.069634
v 0.000000 0.009207 0.070000
v 0.012990 0.007500 0.068750
v 0.007973 0.004603 0.070000
v 0.011897 0.006869 0.069790
v 0.012990 0.005303 0.069634
v 0.011088 0.008598 0.069634
v 0.009341 -0.000000 0.070000
v 0.012990 -0.007500 0.068750
v 0.007973 -0.004603 0.070000
v 0.011897 -0.006869 0.069790
v 0.011088 -0.008598 0.069634
v 0.012990 -0.005303 0.069634
v 0.004671 -0.008090 0.070000
v -0.000000 -0.015000 0.068750
v -0.000000 -0.009207 0.070000
v -0.000000 -0.013738 0.069790
v -0.001902 -0.013902 0.069634
v 0.001902 -0.013902 0.069634
v -0.004671 -0.008090 0.070000
v -0.012990 -0.007500 0.068750
v -0.007973 -0.004603 0.070000
v 0.007459 0.000000 0.058500
v 0.006917 0.000000 0.058000
v 0.008000 0.000000 0.057375
v 0.008000 0.000000 0.057125
v 0.006917 0.000000 0.056500
v 0.006917 0.000000 0.056000
v 0.008000 0.000000 0.055375
v 0.008000 0.000000 0.055125
v 0.006917 0.000000 0.054500
v 0.006917 0.000000 0.054000
v 0.008000 0.000000 0.053375
v 0.008000 0.000000 0.053125
v 0.006917 0.000000 0.052500
v 0.006917 0.000000 0.052000
v 0.008000 0.000000 0.051375
v 0.008000 0.000000 0.051125
v 0.006917 0.000000 0.050500
v 0.006917 0.000000 0.050000
v 0.008000 0.000000 0.049375
v 0.008000 0.000000 0.049125
v 0.006917 0.000000 0.048500
v 0.006917 0.000000 0.048000
v 0.008000 0.000000 0.047375
v 0.008000 0.000000 0.047125
v 0.006917 0.000000 0.046500
v 0.006917 0.000000 0.046000
v 0.008000 0.000000 0.045375
v 0.008000 0.000000 0.045125
v 0.006917 0.000000 0.044500
v 0.006917 0.000000 0.044000
v 0.008000 0.000000 0.043375
v 0.008000 0.000000 0.043125
v 0.006917 0.000000 0.042500
v 0.006917 0.000000 0.042000
v 0.008000 0.000000 0.041375
v 0.008000 0.000000 0.041125
v 0.006917 0.000000 0.040500
v 0.006917 0.000000 0.040000
v 0.008000 0.000000 0.039375
v 0.008000 0.000000 0.039125
v 0.006917 0.000000 0.038500
v 0.006917 0.000000 0.038000
v 0.008000 0.000000 0.037375
v 0.008000 0.000000 0.037125
v 0.006917 0.000000 0.036500
v 0.006917 0.000000 0.036000
v 0.008000 0.000000 0.035375
v 0.008000 0.000000 0.035125
v 0.006917 0.000000 0.034500
v 0.006917 0.000000 0.034000
v 0.008000 0.000000 0.033375
v 0.008000 0.000000 0.033125
v 0.006917 0.000000 0.032500
v 0.006917 0.000000 0.032000
v 0.008000 0.000000 0.031375
v 0.008000 0.000000 0.031125
v 0.006917 0.000000 0.030500
v 0.006917 0.000000 0.030000
v 0.008000 0.000000 0.029375
v 0.008000 0.000000 0.029125
v 0.006917 0.000000 0.028500
v 0.006917 0.000000 0.028000
v 0.008000 0.000000 0.027375
v 0.008000 0.000000 0.027125
v 0.006917 0.000000 0.026500
v 0.006917 0.000000 0.026000
v 0.008000 0.000000 0.025375
v 0.008000 0.000000 0.025125
v 0.006917 0.000000 0.024500
v 0.006917 0.000000 0.024000
v 0.008000 0.000000 0.023375
v 0.008000 0.000000 0.023125
v 0.006917 0.000000 0.022500
v 0.006917 0.000000 0.022000
v 0.008000 0.000000 0.021375
v 0.008000 0.000000 0.021125
v 0.006917 0.000000 0.020500
v 0.006917 0.000000 0.020000
v 0.008000 0.000000 0.019375
v 0.008000 0.000000 0.019125
v 0.006917 0.000000 0.018500
v 0.006917 0.000000 0.018000
v 0.008000 0.000000 0.017375
v 0.008000 0.000000 0.017125
v 0.006917 0.000000 0.016500
v 0.006917 0.000000 0.016000
v 0.008000 0.000000 0.015375
v 0.008000 0.000000 0.015125
v 0.006917 0.000000 0.014500
v 0.006917 0.000000 0.014000
v 0.008000 0.000000 0.013375
v 0.008000 0.000000 0.013125
v 0.006917 0.000000 0.012500
v 0.006917 0.000000 0.012000
v 0.008000 0.000000 0.011375
v 0.008000 0.000000 0.011125
v 0.006917 0.000000 0.010500
v 0.006917 0.000000 0.010000
v 0.008000 0.000000 0.009375
v 0.008000 0.000000 0.009125
v 0.006917 0.000000 0.008500
v 0.006917 0.000000 0.008000
v 0.008000 0.000000 0.007375
v 0.008000 0.000000 0.007125
v 0.006917 0.000000 0.006500
v 0.006917 0.000000 0.006000
v 0.008000 0.000000 0.005375
v 0.008000 0.000000 0.005125
v 0.006917 0.000000 0.004500
v 0.006917 0.000000 0.004000
v 0.008000 0.000000 0.003375
v 0.008000 0.000000 0.003125
v 0.006753 0.000000 0.002500
v 0.006448 0.000000 0.002000
v 0.006605 0.000000 0.001375
v 0.006355 0.000000 0.001125
v 0.005535 0.000000 0.000500
v 0.005230 0.000000 0.000000
v 0.008000 0.000000 0.059000
v 0.007983 0.000523 0.059000
v 0.007932 0.001044 0.059000
v 0.007846 0.001561 0.059000
v -0.011897 -0.006869 0.069790
v -0.012990 -0.005303 0.069634
v -0.011088 -0.008598 0.069634
v -0.009341 -0.000000 0.070000
v -0.004671 0.008090 0.070000
v -0.012990 0.007500 0.068750
v -0.007973 0.004603 0.070000
v -0.011897 0.006869 0.069790
v -0.011088 0.008598 0.069634
v -0.012990 0.005303 0.069634
v -0.001902 -0.013902 0.060037
v 0.001902 -0.013902 0.060037
v 0.000000 -0.013738 0.060021
v 0.000000 -0.015000 0.060125
v -0.012990 -0.005303 0.060037
v -0.011088 -0.008598 0.060037
v -0.011897 -0.006869 0.060021
v -0.012990 -0.007500 0.060125
v -0.011088 0.008598 0.060037
v -0.012990 0.005303 0.060037
v -0.011897 0.006869 0.060021
v -0.012990 0.007500 0.060125
v 0.001902 0.013902 0.060037
v -0.000000 0.013738 0.060021
v -0.001902 0.013902 0.060037
v -0.000000 0.015000 0.060125
v -0.006495 -0.011250 0.068750
v 0.006495 -0.011250 0.068750
v 0.012990 0.000000 0.068750
v 0.006495 0.011250 0.068750
v -0.006495 0.011250 0.068750
v -0.012990 0.000000 0.068750
v 0.000000 0.012803 0.070000
v 0.006495 0.011250 0.070000
v 0.012990 -0.000000 0.070000
v 0.011088 -0.006402 0.070000
v 0.006495 -0.011250 0.070000
v -0.000000 -0.012803 0.070000
v -0.006495 -0.011250 0.070000
v -0.011088 -0.006402 0.070000
v -0.012990 0.000000 0.070000
v -0.011088 0.006402 0.070000
v -0.006495 0.011250 0.070000
v 0.011088 0.006402 0.070000
v 0.000000 -0.000000 0.070000
v 0.000000 0.004603 0.070000
v -0.000000 -0.004603 0.070000
v 0.012990 0.007500 0.060125
v 0.011897 0.006869 0.060021
v 0.011088 0.008598 0.060037
v 0.012990 0.005303 0.060037
v 0.006495 -0.011250 0.060125
v -0.006495 -0.011250 0.060125
v -0.012990 -0.000000 0.060125
v -0.006495 0.011250 0.060125
v 0.006495 0.011250 0.060125
v 0.012990 -0.000000 0.060125
v -0.000000 0.012803 0.060000
v -0.006495 0.011250 0.060000
v -0.012990 -0.000000 0.060000
v -0.011088 -0.006402 0.060000
v -0.006495 -0.011250 0.060000
v 0.000000 -0.012803 0.060000
v 0.006495 -0.011250 0.060000
v 0.011088 -0.006402 0.060000
v 0.012990 0.000000 0.060000
v 0.011088 0.006402 0.060000
v 0.006495 0.011250 0.060000
v -0.011088 0.006402 0.060000
v 0.007465 0.000489 0.058521
v 0.006925 0.000454 0.058021
v 0.007983 0.000523 0.057396
v 0.007983 0.000523 0.057146
v 0.006903 0.000452 0.056521
v 0.006903 0.000452 0.056021
v 0.007983 0.000523 0.055396
v 0.007983 0.000523 0.055146
v 0.006903 0.000452 0.054521
v 0.006903 0.000452 0.054021
v 0.007983 0.000523 0.053396
v 0.007983 0.000523 0.053146
v 0.006903 0.000452 0.052521
v 0.006903 0.000452 0.052021
v 0.007983 0.000523 0.051396
v 0.007983 0.000523 0.051146
v 0.006903 0.000452 0.050521
v 0.006903 0.000452 0.050021
v 0.007983 0.000523 0.049396
v 0.007983 0.000523 0.049146
v 0.006903 0.000452 0.048521
v 0.006903 0.000452 0.048021
v 0.007983 0.000523 0.047396
v 0.007983 0.000523 0.047146
v 0.006903 0.000452 0.046521
v 0.006903 0.000452 0.046021
v 0.007983 0.000523 0.045396
v 0.007983 0.000523 0.045146
v 0.006903 0.000452 0.044521
v 0.006903 0.000452 0.044021
v 0.007983 0.000523 0.043396
v 0.007983 0.000523 0.043146
v 0.006903 0.000452 0.042521
v 0.006903 0.000452 0.042021
v 0.007983 0.000523 0.041396
v 0.007983 0.000523 0.041146
v 0.006903 0.000452 0.040521
v 0.006903 0.000452 0.040021
v 0.007983 0.000523 0.039396
v 0.007983 0.000523 0.039146
v 0.006903 0.000452 0.038521
v 0.006903 0.000452 0.038021
v 0.007983 0.000523 0.037396
v 0.007983 0.000523 0.037146
v 0.006903 0.000452 0.036521
v 0.006903 0.000452 0.036021
v 0.007983 0.000523 0.035396
v 0.007983 0.000523 0.035146
v 0.006903 0.000452 0.034521
v 0.006903 0.000452 0.034021
v 0.007983 0.000523 0.033396
v 0.007983 0.000523 0.033146
v 0.006903 0.000452 0.032521
v 0.006903 0.000452 0.032021
v 0.007983 0.000523 0.031396
v 0.007983 0.000523 0.031146
v 0.006903 0.000452 0.030521
v 0.006903 0.000452 0.030021
v 0.007983 0.000523 0.029396
v 0.007983 0.000523 0.029146
v 0.006903 0.000452 0.028521
v 0.006903 0.000452 0.028021
v 0.007983 0.000523 0.027396
v 0.007983 0.000523 0.027146
v 0.006903 0.000452 0.026521
v 0.006903 0.000452 0.026021
v 0.007983 0.000523 0.025396
v 0.007983 0.000523 0.025146
v 0.006903 0.000452 0.024521
v 0.006903 0.000452 0.024021
v 0.007983 0.000523 0.023396
v 0.007983 0.000523 0.023146
v 0.006903 0.000452 0.022521
v 0.006903 0.000452 0.022021
v 0.007983 0.000523 0.021396
v 0.007983 0.000523 0.021146
v 0.006903 0.000452 0.020521
v 0.006903 0.000452 0.020021
v 0.007983 0.000523 0.019396
v 0.007983 0.000523 0.019146
v 0.006903 0.000452 0.018521
v 0.006903 0.000452 0.018021
v 0.007983 0.000523 0.017396
v 0.007983 0.000523 0.017146
v 0.006903 0.000452 0.016521
v 0.006903 0.000452 0.016021
v 0.007983 0.000523 0.015396
v 0.007983 0.000523 0.015146
v 0.006903 0.000452 0.014521
v 0.006903 0.000452 0.014021
v 0.007983 0.000523 0.013396
v 0.007983 0.000523 0.013146
v 0.006903 0.000452 0.012521
v 0.006903 0.000452 0.012021
v 0.007983 0.000523 0.011396
v 0.007983 0.000523 0.011146
v 0.006903 0.000452 0.010521
v 0.006903 0.000452 0.010021
v 0.007983 0.000523 0.009396
v 0.007983 0.000523 0.009146
v 0.006903 0.000452 0.008521
v 0.006903 0.000452 0.008021
v 0.007983 0.000523 0.007396
v 0.007983 0.000523 0.007146
v 0.006903 0.000452 0.006521
v 0.006903 0.000452 0.006021
v 0.007983 0.000523 0.005396
v 0.007983 0.000523 0.005146
v 0.006903 0.000452 0.004521
v 0.006903 0.000452 0.004021
v 0.007983 0.000523 0.003396
v 0.007983 0.000523 0.003146
v 0.006751 0.000442 0.002521
v 0.006447 0.000423 0.002021
v 0.006612 0.000433 0.001396
v 0.006362 0.000417 0.001146
v 0.005535 0.000363 0.000521
v 0.005231 0.000343 0.000021
v 0.007727 0.002071 0.059000
v 0.007575 0.002572 0.059000
v 0.007391 0.003061 0.059000
v 0.007175 0.003538 0.059000
v 0.007440 0.000979 0.058542
v 0.006903 0.000909 0.058042
v 0.007932 0.001044 0.057417
v 0.007932 0.001044 0.057167
v 0.006858 0.000903 0.056542
v 0.006858 0.000903 0.056042
v 0.007932 0.001044 0.055417
v 0.007932 0.001044 0.055167
v 0.006858 0.000903 0.054542
v 0.006858 0.000903 0.054042
v 0.007932 0.001044 0.053417
v 0.007932 0.001044 0.053167
v 0.006858 0.000903 0.052542
v 0.006858 0.000903 0.052042
v 0.007932 0.001044 0.051417
v 0.007932 0.001044 0.051167
v 0.006858 0.000903 0.050542
v 0.006858 0.000903 0.050042
v 0.007932 0.001044 0.049417
v 0.007932 0.001044 0.049167
v 0.006858 0.000903 0.048542
v 0.006858 0.000903 0.048042
v 0.007932 0.001044 0.047417
v 0.007932 0.001044 0.047167
v 0.006858 0.000903 0.046542
v 0.006858 0.000903 0.046042
v 0.007932 0.001044 0.045417
v 0.007932 0.001044 0.045167
v 0.006858 0.000903 0.044542
v 0.006858 0.000903 0.044042
v 0.007932 0.001044 0.043417
v 0.007932 0.001044 0.043167
v 0.006858 0.000903 0.042542
v 0.006858 0.000903 0.042042
v 0.007932 0.001044 0.041417
v 0.007932 0.001044 0.041167
v 0.006858 0.000903 0.040542
v 0.006858 0.000903 0.040042
v 0.007932 0.001044 0.039417
v 0.007932 0.001044 0.039167
v 0.006858 0.000903 0.038542
v 0.006858 0.000903 0.038042
v 0.007932 0.001044 0.037417
v 0.007932 0.001044 0.037167
v 0.006858 0.000903 0.036542
v 0.006858 0.000903 0.036042
v 0.007932 0.001044 0.035417
v 0.007932 0.001044 0.035167
v 0.006858 0.000903 0.034542
v 0.006858 0.000903 0.034042
v 0.007932 0.001044 0.033417
v 0.007932 0.001044 0.033167
v 0.006858 0.000903 0.032542
v 0.006858 0.000903 0.032042
v 0.007932 0.001044 0.031417
v 0.007932 0.001044 0.031167
v 0.006858 0.000903 0.030542
v 0.006858 0.000903 0.030042
v 0.007932 0.001044 0.029417
v 0.007932 0.001044 0.029167
v 0.006858 0.000903 0.028542
v 0.006858 0.000903 0.028042
v 0.007932 0.001044 0.027417
v 0.007932 0.001044 0.027167
v 0.006858 0.000903 0.026542
v 0.006858 0.000903 0.026042
v 0.007932 0.001044 0.025417
v 0.007932 0.001044 0.025167
v 0.006858 0.000903 0.024542
v 0.006858 0.000903 0.024042
v 0.007932 0.001044 0.023417
v 0.007932 0.001044 0.023167
v 0.006858 0.000903 0.022542
v 0.006858 0.000903 0.022042
v 0.007932 0.001044 0.021417
v 0.007932 0.001044 0.021167
v 0.006858 0.000903 0.020542
v 0.006858 0.000903 0.020042
v 0.007932 0.001044 0.019417
v 0.007932 0.001044 0.019167
v 0.006858 0.000903 0.018542
v 0.006858 0.000903 0.018042
v 0.007932 0.001044 0.017417
v 0.007932 0.001044 0.017167
v 0.006858 0.000903 0.016542
v 0.006858 0.000903 0.016042
v 0.007932 0.001044 0.015417
v 0.007932 0.001044 0.015167
v 0.006858 0.000903 0.014542
v 0.006858 0.000903 0.014042
v 0.007932 0.001044 0.013417
v 0.007932 0.001044 0.013167
v 0.006858 0.000903 0.012542
v 0.006858 0.000903 0.012042
v 0.007932 0.001044 0.011417
v 0.007932 0.001044 0.011167
v 0.006858 0.000903 0.010542
v 0.006858 0.000903 0.010042
v 0.007932 0.001044 0.009417
v 0.007932 0.001044 0.009167
v 0.006858 0.000903 0.008542
v 0.006858 0.000903 0.008042
v 0.007932 0.001044 0.007417
v 0.007932 0.001044 0.007167
v 0.006858 0.000903 0.006542
v 0.006858 0.000903 0.006042
v 0.007932 0.001044 0.005417
v 0.007932 0.001044 0.005167
v 0.006858 0.000903 0.004542
v 0.006858 0.000903 0.004042
v 0.007932 0.001044 0.003417
v 0.007932 0.001044 0.003167
v 0.006720 0.000885 0.002542
v 0.006418 0.000845 0.002042
v 0.006590 0.000868 0.001417
v 0.006342 0.000835 0.001167
v 0.005512 0.000726 0.000542
v 0.005210 0.000686 0.000042
v 0.006928 0.004000 0.059000
v 0.006652 0.004445 0.059000
v 0.006347 0.004870 0.059000
v 0.006015 0.005275 0.059000
v 0.007382 0.001468 0.058562
v 0.006851 0.001363 0.058062
v 0.007846 0.001561 0.057437
v 0.007846 0.001561 0.057187
v 0.006785 0.001350 0.056562
v 0.006785 0.001350 0.056062
v 0.007846 0.001561 0.055437
v 0.007846 0.001561 0.055187
v 0.006785 0.001350 0.054562
v 0.006785 0.001350 0.054062
v 0.007846 0.001561 0.053437
v 0.007846 0.001561 0.053187
v 0.006785 0.001350 0.052562
v 0.006785 0.001350 0.052062
v 0.007846 0.001561 0.051437
v 0.007846 0.001561 0.051187
v 0.006785 0.001350 0.050562
v 0.006785 0.001350 0.050062
v 0.007846 0.001561 0.049437
v 0.007846 0.001561 0.049187
v 0.006785 0.001350 0.048562
v 0.006785 0.001350 0.048062
v 0.007846 0.001561 0.047437
v 0.007846 0.001561 0.047187
v 0.006785 0.001350 0.046562
v 0.006785 0.001350 0.046062
v 0.007846 0.001561 0.045437
v 0.007846 0.001561 0.045187
v 0.006785 0.001350 0.044562
v 0.006785 0.001350 0.044062
v 0.007846 0.001561 0.043437
v 0.007846 0.001561 0.043187
v 0.006785 0.001350 0.042562
v 0.006785 0.001350 0.042062
v 0.007846 0.001561 0.041437
v 0.007846 0.001561 0.041187
v 0.006785 0.001350 0.040562
v 0.006785 0.001350 0.040062
v 0.007846 0.001561 0.039437
v 0.007846 0.001561 0.039187
v 0.006785 0.001350 0.038562
v 0.006785 0.001350 0.038062
v 0.007846 0.001561 0.037437
v 0.007846 0.001561 0.037187
v 0.006785 0.001350 0.036562
v 0.006785 0.001350 0.036062
v 0.007846 0.001561 0.035437
v 0.007846 0.001561 0.035187
v 0.006785 0.001350 0.034562
v 0.006785 0.001350 0.034062
v 0.007846 0.001561 0.033437
v 0.007846 0.001561 0.033187
v 0.006785 0.001350 0.032562
v 0.006785 0.001350 0.032062
v 0.007846 0.001561 0.031437
v 0.007846 0.001561 0.031187
v 0.006785 0.001350 0.030562
v 0.006785 0.001350 0.030062
v 0.007846 0.001561 0.029438
v 0.007846 0.001561 0.029188
v 0.006785 0.001350 0.028563
v 0.006785 0.001350 0.028063
v 0.007846 0.001561 0.027438
v 0.007846 0.001561 0.027188
v 0.006785 0.001350 0.026563
v 0.006785 0.001350 0.026063
v 0.007846 0.001561 0.025438
v 0.007846 0.001561 0.025188
v 0.006785 0.001350 0.024563
v 0.006785 0.001350 0.024063
v 0.007846 0.001561 0.023438
v 0.007846 0.001561 0.023188
v 0.006785 0.001350 0.022563
v 0.006785 0.001350 0.022063
v 0.007846 0.001561 0.021438
v 0.007846 0.001561 0.021188
v 0.006785 0.001350 0.020563
v 0.006785 0.001350 0.020063
v 0.007846 0.001561 0.019438
v 0.007846 0.001561 0.019188
v 0.006785 0.001350 0.018563
v 0.006785 0.001350 0.018063
v 0.007846 0.001561 0.017438
v 0.007846 0.001561 0.017188
v 0.006785 0.001350 0.016563
v 0.006785 0.001350 0.016062
v 0.007846 0.001561 0.015438
v 0.007846 0.001561 0.015188
v 0.006785 0.001350 0.014563
v 0.006785 0.001350 0.014063
v 0.007846 0.001561 0.013437
v 0.007846 0.001561 0.013187
v 0.006785 0.001350 0.012562
v 0.006785 0.001350 0.012062
v 0.007846 0.001561 0.011437
v 0.007846 0.001561 0.011187
v 0.006785 0.001350 0.010562
v 0.006785 0.001350 0.010062
v 0.007846 0.001561 0.009437
v 0.007846 0.001561 0.009187
v 0.006785 0.001350 0.008562
v 0.006785 0.001350 0.008062
v 0.007846 0.001561 0.007437
v 0.007846 0.001561 0.007187
v 0.006785 0.001350 0.006562
v 0.006785 0.001350 0.006062
v 0.007846 0.001561 0.005438
v 0.007846 0.001561 0.005188
v 0.006785 0.001350 0.004563
v 0.006785 0.001350 0.004063
v 0.007846 0.001561 0.003438
v 0.007846 0.001561 0.003188
v 0.006661 0.001325 0.002563
v 0.006362 0.001265 0.002062
v 0.006539 0.001301 0.001437
v 0.006294 0.001252 0.001187
v 0.005466 0.001087 0.000562
v 0.005167 0.001028 0.000062
v 0.005657 0.005657 0.059000
v 0.005275 0.006015 0.059000
v 0.004870 0.006347 0.059000
v 0.004445 0.006652 0.059000
v 0.007292 0.001954 0.058583
v 0.006769 0.001814 0.058083
v 0.007727 0.002071 0.057458
v 0.007727 0.002071 0.057208
v 0.006682 0.001790 0.056583
v 0.006682 0.001790 0.056083
v 0.007727 0.002071 0.055458
v 0.007727 0.002071 0.055208
v 0.006682 0.001790 0.054583
v 0.006682 0.001790 0.054083
v 0.007727 0.002071 0.053458
v 0.007727 0.002071 0.053208
v 0.006682 0.001790 0.052583
v 0.006682 0.001790 0.052083
v 0.007727 0.002071 0.051458
v 0.007727 0.002071 0.051208
v 0.006682 0.001790 0.050583
v 0.006682 0.001790 0.050083
v 0.007727 0.002071 0.049458
v 0.007727 0.002071 0.049208
v 0.006682 0.001790 0.048583
v 0.006682 0.001790 0.048083
v 0.007727 0.002071 0.047458
v 0.007727 0.002071 0.047208
v 0.006682 0.001790 0.046583
v 0.006682 0.001790 0.046083
v 0.007727 0.002071 0.045458
v 0.007727 0.002071 0.045208
v 0.006682 0.001790 0.044583
v 0.006682 0.001790 0.044083
v 0.007727 0.002071 0.043458
v 0.007727 0.002071 0.043208
v 0.006682 0.001790 0.042583
v 0.006682 0.001790 0.042083
v 0.007727 0.002071 0.041458
v 0.007727 0.002071 0.041208
v 0.006682 0.001790 0.040583
v 0.006682 0.001790 0.040083
v 0.007727 0.002071 0.039458
v 0.007727 0.002071 0.039208
v 0.006682 0.001790 0.038583
v 0.006682 0.001790 0.038083
v 0.007727 0.002071 0.037458
v 0.007727 0.002071 0.037208
v 0.006682 0.001790 0.036583
v 0.006682 0.001790 0.036083
v 0.007727 0.002071 0.035458
v 0.007727 0.002071 0.035208
v 0.006682 0.001790 0.034583
v 0.006682 0.001790 0.034083
v 0.007727 0.002071 0.033458
v 0.007727 0.002071 0.033208
v 0.006682 0.001790 0.032583
v 0.006682 0.001790 0.032083
v 0.007727 0.002071 0.031458
v 0.007727 0.002071 0.031208
v 0.006682 0.001790 0.030583
v 0.006682 0.001790 0.030083
v 0.007727 0.002071 0.029458
v 0.007727 0.002071 0.029208
v 0.006682 0.001790 0.028583
v 0.006682 0.001790 0.028083
v 0.007727 0.002071 0.027458
v 0.007727 0.002071 0.027208
v 0.006682 0.001790 0.026583
v 0.006682 0.001790 0.026083
v 0.007727 0.002071 0.025458
v 0.007727 0.002071 0.025208
v 0.006682 0.001790 0.024583
v 0.006682 0.001790 0.024083
v 0.007727 0.002071 0.023458
v 0.007727 0.002071 0.023208
v 0.006682 0.001790 0.022583
v 0.006682 0.001790 0.022083
v 0.007727 0.002071 0.021458
v 0.007727 0.002071 0.021208
v 0.006682 0.001790 0.020583
v 0.006682 0.001790 0.020083
v 0.007727 0.002071 0.019458
v 0.007727 0.002071 0.019208
v 0.006682 0.001790 0.018583
v 0.006682 0.001790 0.018083
v 0.007727 0.002071 0.017458
v 0.007727 0.002071 0.017208
v 0.006682 0.001790 0.016583
v 0.006682 0.001790 0.016083
v 0.007727 0.002071 0.015458
v 0.007727 0.002071 0.015208
v 0.006682 0.001790 0.014583
v 0.006682 0.001790 0.014083
v 0.007727 0.002071 0.013458
v 0.007727 0.002071 0.013208
v 0.006682 0.001790 0.012583
v 0.006682 0.001790 0.012083
v 0.007727 0.002071 0.011458
v 0.007727 0.002071 0.011208
v 0.006682 0.001790 0.010583
v 0.006682 0.001790 0.010083
v 0.007727 0.002071 0.009458
v 0.007727 0.002071 0.009208
v 0.006682 0.001790 0.008583
v 0.006682 0.001790 0.008083
v 0.007727 0.002071 0.007458
v 0.007727 0.002071 0.007208
v 0.006682 0.001790 0.006583
v 0.006682 0.001790 0.006083
v 0.007727 0.002071 0.005458
v 0.007727 0.002071 0.005208
v 0.006682 0.001790 0.004583
v 0.006682 0.001790 0.004083
v 0.007727 0.002071 0.003458
v 0.007727 0.002071 0.003208
v 0.006572 0.001761 0.002583
v 0.006278 0.001682 0.002083
v 0.006460 0.001731 0.001458
v 0.006219 0.001666 0.001208
v 0.005395 0.001446 0.000583
v 0.005101 0.001367 0.000083
v 0.004000 0.006928 0.059000
v 0.003538 0.007175 0.059000
v 0.003061 0.007391 0.059000
v 0.002572 0.007575 0.059000
v 0.007170 0.002434 0.058604
v 0.006657 0.002260 0.058104
v 0.007575 0.002572 0.057479
v 0.007575 0.002572 0.057229
v 0.006550 0.002224 0.056604
v 0.006550 0.002224 0.056104
v 0.007575 0.002572 0.055479
v 0.007575 0.002572 0.055229
v 0.006550 0.002224 0.054604
v 0.006550 0.002224 0.054104
v 0.007575 0.002572 0.053479
v 0.007575 0.002572 0.053229
v 0.006550 0.002224 0.052604
v 0.006550 0.002224 0.052104
v 0.007575 0.002572 0.051479
v 0.007575 0.002572 0.051229
v 0.006550 0.002224 0.050604
v 0.006550 0.002224 0.050104
v 0.007575 0.002572 0.049479
v 0.007575 0.002572 0.049229
v 0.006550 0.002224 0.048604
v 0.006550 0.002224 0.048104
v 0.007575 0.002572 0.047479
v 0.007575 0.002572 0.047229
v 0.006550 0.002224 0.046604
v 0.006550 0.002224 0.046104
v 0.007575 0.002572 0.045479
v 0.007575 0.002572 0.045229
v 0.006550 0.002224 0.044604
v 0.006550 0.002224 0.044104
v 0.007575 0.002572 0.043479
v 0.007575 0.002572 0.043229
v 0.006550 0.002224 0.042604
v 0.006550 0.002224 0.042104
v 0.007575 0.002572 0.041479
v 0.007575 0.002572 0.041229
v 0.006550 0.002224 0.040604
v 0.006550 0.002224 0.040104
v 0.007575 0.002572 0.039479
v 0.007575 0.002572 0.039229
v 0.006550 0.002224 0.038604
v 0.006550 0.002224 0.038104
v 0.007575 0.002572 0.037479
v 0.007575 0.002572 0.037229
v 0.006550 0.002224 0.036604
v 0.006550 0.002224 0.036104
v 0.007575 0.002572 0.035479
v 0.007575 0.002572 0.035229
v 0.006550 0.002224 0.034604
v 0.006550 0.002224 0.034104
v 0.007575 0.002572 0.033479
v 0.007575 0.002572 0.033229
v 0.006550 0.002224 0.032604
v 0.006550 0.002224 0.032104
v 0.007575 0.002572 0.031479
v 0.007575 0.002572 0.031229
v 0.006550 0.002224 0.030604
v 0.006550 0.002224 0.030104
v 0.007575 0.002572 0.029479
v 0.007575 0.002572 0.029229
v 0.006550 0.002224 0.028604
v 0.006550 0.002224 0.028104
v 0.007575 0.002572 0.027479
v 0.007575 0.002572 0.027229
v 0.006550 0.002224 0.026604
v 0.006550 0.002224 0.026104
v 0.007575 0.002572 0.025479
v 0.007575 0.002572 0.025229
v 0.006550 0.002224 0.024604
v 0.006550 0.002224 0.024104
v 0.007575 0.002572 0.023479
v 0.007575 0.002572 0.023229
v 0.006550 0.002224 0.022604
v 0.006550 0.002224 0.022104
v 0.007575 0.002572 0.021479
v 0.007575 0.002572 0.021229
v 0.006550 0.002224 0.020604
v 0.006550 0.002224 0.020104
v 0.007575 0.002572 0.019479
v 0.007575 0.002572 0.019229
v 0.006550 0.002224 0.018604
v 0.006550 0.002224 0.018104
v 0.007575 0.002572 0.017479
v 0.007575 0.002572 0.017229
v 0.006550 0.002224 0.016604
v 0.006550 0.002224 0.016104
v 0.007575 0.002572 0.015479
v 0.007575 0.002572 0.015229
v 0.006550 0.002224 0.014604
v 0.006550 0.002224 0.014104
v 0.007575 0.002572 0.013479
v 0.007575 0.002572 0.013229
v 0.006550 0.002224 0.012604
v 0.006550 0.002224 0.012104
v 0.007575 0.002572 0.011479
v 0.007575 0.002572 0.011229
v 0.006550 0.002224 0.010604
v 0.006550 0.002224 0.010104
v 0.007575 0.002572 0.009479
v 0.007575 0.002572 0.009229
v 0.006550 0.002224 0.008604
v 0.006550 0.002224 0.008104
v 0.007575 0.002572 0.007479
v 0.007575 0.002572 0.007229
v 0.006550 0.002224 0.006604
v 0.006550 0.002224 0.006104
v 0.007575 0.002572 0.005479
v 0.007575 0.002572 0.005229
v 0.006550 0.002224 0.004604
v 0.006550 0.002224 0.004104
v 0.007575 0.002572 0.003479
v 0.007575 0.002572 0.003229
v 0.006455 0.002191 0.002604
v 0.006166 0.002093 0.002104
v 0.006353 0.002157 0.001479
v 0.006116 0.002076 0.001229
v 0.005301 0.001799 0.000604
v 0.005013 0.001702 0.000104
v 0.002071 0.007727 0.059000
v 0.001561 0.007846 0.059000
v 0.001044 0.007932 0.059000
v 0.000523 0.007983 0.059000
v 0.007016 0.002906 0.058625
v 0.006516 0.002699 0.058125
v 0.007391 0.003061 0.057500
v 0.007391 0.003061 0.057250
v 0.006391 0.002647 0.056625
v 0.006391 0.002647 0.056125
v 0.007391 0.003061 0.055500
v 0.007391 0.003061 0.055250
v 0.006391 0.002647 0.054625
v 0.006391 0.002647 0.054125
v 0.007391 0.003061 0.053500
v 0.007391 0.003061 0.053250
v 0.006391 0.002647 0.052625
v 0.006391 0.002647 0.052125
v 0.007391 0.003061 0.051500
v 0.007391 0.003061 0.051250
v 0.006391 0.002647 0.050625
v 0.006391 0.002647 0.050125
v 0.007391 0.003061 0.049500
v 0.007391 0.003061 0.049250
v 0.006391 0.002647 0.048625
v 0.006391 0.002647 0.048125
v 0.007391 0.003061 0.047500
v 0.007391 0.003061 0.047250
v 0.006391 0.002647 0.046625
v 0.006391 0.002647 0.046125
v 0.007391 0.003061 0.045500
v 0.007391 0.003061 0.045250
v 0.006391 0.002647 0.044625
v 0.006391 0.002647 0.044125
v 0.007391 0.003061 0.043500
v 0.007391 0.003061 0.043250
v 0.006391 0.002647 0.042625
v 0.006391 0.002647 0.042125
v 0.007391 0.003061 0.041500
v 0.007391 0.003061 0.041250
v 0.006391 0.002647 0.040625
v 0.006391 0.002647 0.040125
v 0.007391 0.003061 0.039500
v 0.007391 0.003061 0.039250
v 0.006391 0.002647 0.038625
v 0.006391 0.002647 0.038125
v 0.007391 0.003061 0.037500
v 0.007391 0.003061 0.037250
v 0.006391 0.002647 0.036625
v 0.006391 0.002647 0.036125
v 0.007391 0.003061 0.035500
v 0.007391 0.003061 0.035250
v 0.006391 0.002647 0.034625
v 0.006391 0.002647 0.034125
v 0.007391 0.003061 0.033500
v 0.007391 0.003061 0.033250
v 0.006391 0.002647 0.032625
v 0.006391 0.002647 0.032125
v 0.007391 0.003061 0.031500
v 0.007391 0.003061 0.031250
v 0.006391 0.002647 0.030625
v 0.006391 0.002647 0.030125
v 0.007391 0.003061 0.029500
v 0.007391 0.003061 0.029250
v 0.006391 0.002647 0.028625
v 0.006391 0.002647 0.028125
v 0.007391 0.003061 0.027500
v 0.007391 0.003061 0.027250
v 0.006391 0.002647 0.026625
v 0.006391 0.002647 0.026125
v 0.007391 0.003061 0.025500
v 0.007391 0.003061 0.025250
v 0.006391 0.002647 0.024625
v 0.006391 0.002647 0.024125
v 0.007391 0.003061 0.023500
v 0.007391 0.003061 0.023250
v 0.006391 0.002647 0.022625
v 0.006391 0.002647 0.022125
v 0.007391 0.003061 0.021500
v 0.007391 0.003061 0.021250
v 0.006391 0.002647 0.020625
v 0.006391 0.002647 0.020125
v 0.007391 0.003061 0.019500
v 0.007391 0.003061 0.019250
v 0.006391 0.002647 0.018625
v 0.006391 0.002647 0.018125
v 0.007391 0.003061 0.017500
v 0.007391 0.003061 0.017250
v 0.006391 0.002647 0.016625
v 0.006391 0.002647 0.016125
v 0.007391 0.003061 0.015500
v 0.007391 0.003061 0.015250
v 0.006391 0.002647 0.014625
v 0.006391 0.002647 0.014125
v 0.007391 0.003061 0.013500
v 0.007391 0.003061 0.013250
v 0.006391 0.002647 0.012625
v 0.006391 0.002647 0.012125
v 0.007391 0.003061 0.011500
v 0.007391 0.003061 0.011250
v 0.006391 0.002647 0.010625
v 0.006391 0.002647 0.010125
v 0.007391 0.003061 0.009500
v 0.007391 0.003061 0.009250
v 0.006391 0.002647 0.008625
v 0.006391 0.002647 0.008125
v 0.007391 0.003061 0.007500
v 0.007391 0.003061 0.007250
v 0.006391 0.002647 0.006625
v 0.006391 0.002647 0.006125
v 0.007391 0.003061 0.005500
v 0.007391 0.003061 0.005250
v 0.006391 0.002647 0.004625
v 0.006391 0.002647 0.004125
v 0.007391 0.003061 0.003500
v 0.007391 0.003061 0.003250
v 0.006309 0.002613 0.002625
v 0.006028 0.002497 0.002125
v 0.006218 0.002575 0.001500
v 0.005987 0.002480 0.001250
v 0.005184 0.002147 0.000625
v 0.004902 0.002031 0.000125
v -0.000523 0.007983 0.059000
v -0.001044 0.007932 0.059000
v -0.001561 0.007846 0.059000
v -0.002071 0.007727 0.059000
v 0.006831 0.003369 0.058646
v 0.006346 0.003129 0.058146
v 0.007175 0.003538 0.057521
v 0.007175 0.003538 0.057271
v 0.006204 0.003060 0.056646
v 0.006204 0.003060 0.056146
v 0.007175 0.003538 0.055521
v 0.007175 0.003538 0.055271
v 0.006204 0.003060 0.054646
v 0.006204 0.003060 0.054146
v 0.007175 0.003538 0.053521
v 0.007175 0.003538 0.053271
v 0.006204 0.003060 0.052646
v 0.006204 0.003060 0.052146
v 0.007175 0.003538 0.051521
v 0.007175 0.003538 0.051271
v 0.006204 0.003060 0.050646
v 0.006204 0.003060 0.050146
v 0.007175 0.003538 0.049521
v 0.007175 0.003538 0.049271
v 0.006204 0.003060 0.048646
v 0.006204 0.003060 0.048146
v 0.007175 0.003538 0.047521
v 0.007175 0.003538 0.047271
v 0.006204 0.003060 0.046646
v 0.006204 0.003060 0.046146
v 0.007175 0.003538 0.045521
v 0.007175 0.003538 0.045271
v 0.006204 0.003060 0.044646
v 0.006204 0.003060 0.044146
v 0.007175 0.003538 0.043521
v 0.007175 0.003538 0.043271
v 0.006204 0.003060 0.042646
v 0.006204 0.003060 0.042146
v 0.007175 0.003538 0.041521
v 0.007175 0.003538 0.041271
v 0.006204 0.003060 0.040646
v 0.006204 0.003060 0.040146
v 0.007175 0.003538 0.039521
v 0.007175 0.003538 0.039271
v 0.006204 0.003060 0.038646
v 0.006204 0.003060 0.038146
v 0.007175 0.003538 0.037521
v 0.007175 0.003538 0.037271
v 0.006204 0.003060 0.036646
v 0.006204 0.003060 0.036146
v 0.007175 0.003538 0.035521
v 0.007175 0.003538 0.035271
v 0.006204 0.003060 0.034646
v 0.006204 0.003060 0.034146
v 0.007175 0.003538 0.033521
v 0.007175 0.003538 0.033271
v 0.006204 0.003060 0.032646
v 0.006204 0.003060 0.032146
v 0.007175 0.003538 0.031521
v 0.007175 0.003538 0.031271
v 0.006204 0.003060 0.030646
v 0.006204 0.003060 0.030146
v 0.007175 0.003538 0.029521
v 0.007175 0.003538 0.029271
v 0.006204 0.003060 0.028646
v 0.006204 0.003060 0.028146
v 0.007175 0.003538 0.027521
v 0.007175 0.003538 0.027271
v 0.006204 0.003060 0.026646
v 0.006204 0.003060 0.026146
v 0.007175 0.003538 0.025521
v 0.007175 0.003538 0.025271
v 0.006204 0.003060 0.024646
v 0.006204 0.003060 0.024146
v 0.007175 0.003538 0.023521
v 0.007175 0.003538 0.023271
v 0.006204 0.003060 0.022646
v 0.006204 0.003060 0.022146
v 0.007175 0.003538 0.021521
v 0.007175 0.003538 0.021271
v 0.006204 0.003060 0.020646
v 0.006204 0.003060 0.020146
v 0.007175 0.003538 0.019521
v 0.007175 0.003538 0.019271
v 0.006204 0.003060 0.018646
v 0.006204 0.003060 0.018146
v 0.007175 0.003538 0.017521
v 0.007175 0.003538 0.017271
v 0.006204 0.003060 0.016646
v 0.006204 0.003060 0.016146
v 0.007175 0.003538 0.015521
v 0.007175 0.003538 0.015271
v 0.006204 0.003060 0.014646
v 0.006204 0.003060 0.014146
v 0.007175 0.003538 0.013521
v 0.007175 0.003538 0.013271
v 0.006204 0.003060 0.012646
v 0.006204 0.003060 0.012146
v 0.007175 0.003538 0.011521
v 0.007175 0.003538 0.011271
v 0.006204 0.003060 0.010646
v 0.006204 0.003060 0.010146
v 0.007175 0.003538 0.009521
v 0.007175 0.003538 0.009271
v 0.006204 0.003060 0.008646
v 0.006204 0.003060 0.008146
v 0.007175 0.003538 0.007521
v 0.007175 0.003538 0.007271
v 0.006204 0.003060 0.006646
v 0.006204 0.003060 0.006146
v 0.007175 0.003538 0.005521
v 0.007175 0.003538 0.005271
v 0.006204 0.003060 0.004646
v 0.006204 0.003060 0.004146
v 0.007175 0.003538 0.003521
v 0.007175 0.003538 0.003271
v 0.006136 0.003026 0.002646
v 0.005863 0.002891 0.002146
v 0.006055 0.002986 0.001521
v 0.005830 0.002875 0.001271
v 0.005044 0.002487 0.000646
v 0.004770 0.002352 0.000146
v -0.002572 0.007575 0.059000
v -0.003061 0.007391 0.059000
v -0.003538 0.007175 0.059000
v -0.004000 0.006928 0.059000
v 0.006616 0.003820 0.058667
v 0.006147 0.003549 0.058167
v 0.006928 0.004000 0.057542
v 0.006928 0.004000 0.057292
v 0.005991 0.003459 0.056667
v 0.005991 0.003459 0.056167
v 0.006928 0.004000 0.055542
v 0.006928 0.004000 0.055292
v 0.005991 0.003459 0.054667
v 0.005991 0.003459 0.054167
v 0.006928 0.004000 0.053542
v 0.006928 0.004000 0.053292
v 0.005991 0.003459 0.052667
v 0.005991 0.003459 0.052167
v 0.006928 0.004000 0.051542
v 0.006928 0.004000 0.051292
v 0.005991 0.003459 0.050667
v 0.005991 0.003459 0.050167
v 0.006928 0.004000 0.049542
v 0.006928 0.004000 0.049292
v 0.005991 0.003459 0.048667
v 0.005991 0.003459 0.048167
v 0.006928 0.004000 0.047542
v 0.006928 0.004000 0.047292
v 0.005991 0.003459 0.046667
v 0.005991 0.003459 0.046167
v 0.006928 0.004000 0.045542
v 0.006928 0.004000 0.045292
v 0.005991 0.003459 0.044667
v 0.005991 0.003459 0.044167
v 0.006928 0.004000 0.043542
v 0.006928 0.004000 0.043292
v 0.005991 0.003459 0.042667
v 0.005991 0.003459 0.042167
v 0.006928 0.004000 0.041542
v 0.006928 0.004000 0.041292
v 0.005991 0.003459 0.040667
v 0.005991 0.003459 0.040167
v 0.006928 0.004000 0.039542
v 0.006928 0.004000 0.039292
v 0.005991 0.003459 0.038667
v 0.005991 0.003459 0.038167
v 0.006928 0.004000 0.037542
v 0.006928 0.004000 0.037292
v 0.005991 0.003459 0.036667
v 0.005991 0.003459 0.036167
v 0.006928 0.004000 0.035542
v 0.006928 0.004000 0.035292
v 0.005991 0.003459 0.034667
v 0.005991 0.003459 0.034167
v 0.006928 0.004000 0.033542
v 0.006928 0.004000 0.033292
v 0.005991 0.003459 0.032667
v 0.005991 0.003459 0.032167
v 0.006928 0.004000 0.031542
v 0.006928 0.004000 0.031292
v 0.005991 0.003459 0.030667
v 0.005991 0.003459 0.030167
v 0.006928 0.004000 0.029542
v 0.006928 0.004000 0.029292
v 0.005991 0.003459 0.028667
v 0.005991 0.003459 0.028167
v 0.006928 0.004000 0.027542
v 0.006928 0.004000 0.027292
v 0.005991 0.003459 0.026667
v 0.005991 0.003459 0.026167
v 0.006928 0.004000 0.025542
v 0.006928 0.004000 0.025292
v 0.005991 0.003459 0.024667
v 0.005991 0.003459 0.024167
v 0.006928 0.004000 0.023542
v 0.006928 0.004000 0.023292
v 0.005991 0.003459 0.022667
v 0.005991 0.003459 0.022167
v 0.006928 0.004000 0.021542
v 0.006928 0.004000 0.021292
v 0.005991 0.003459 0.020667
v 0.005991 0.003459 0.020167
v 0.006928 0.004000 0.019542
v 0.006928 0.004000 0.019292
v 0.005991 0.003459 0.018667
v 0.005991 0.003459 0.018167
v 0.006928 0.004000 0.017542
v 0.006928 0.004000 0.017292
v 0.005991 0.003459 0.016667
v 0.005991 0.003459 0.016167
v 0.006928 0.004000 0.015542
v 0.006928 0.004000 0.015292
v 0.005991 0.003459 0.014667
v 0.005991 0.003459 0.014167
v 0.006928 0.004000 0.013542
v 0.006928 0.004000 0.013292
v 0.005991 0.003459 0.012667
v 0.005991 0.003459 0.012167
v 0.006928 0.004000 0.011542
v 0.006928 0.004000 0.011292
v 0.005991 0.003459 0.010667
v 0.005991 0.003459 0.010167
v 0.006928 0.004000 0.009542
v 0.006928 0.004000 0.009292
v 0.005991 0.003459 0.008667
v 0.005991 0.003459 0.008167
v 0.006928 0.004000 0.007542
v 0.006928 0.004000 0.007292
v 0.005991 0.003459 0.006667
v 0.005991 0.003459 0.006167
v 0.006928 0.004000 0.005542
v 0.006928 0.004000 0.005292
v 0.005991 0.003459 0.004667
v 0.005991 0.003459 0.004167
v 0.006928 0.004000 0.003542
v 0.006928 0.004000 0.003292
v 0.005936 0.003427 0.002667
v 0.005672 0.003275 0.002167
v 0.005864 0.003386 0.001542
v 0.005648 0.003261 0.001292
v 0.004881 0.002818 0.000667
v 0.004617 0.002666 0.000167
v -0.004445 0.006652 0.059000
v -0.004870 0.006347 0.059000
v -0.005275 0.006015 0.059000
v -0.005657 0.005657 0.059000
v 0.006370 0.004257 0.058687
v 0.005920 0.003956 0.058187
v 0.006652 0.004445 0.057562
v 0.006652 0.004445 0.057312
v 0.005752 0.003843 0.056687
v 0.005752 0.003843 0.056187
v 0.006652 0.004445 0.055562
v 0.006652 0.004445 0.055312
v 0.005752 0.003843 0.054687
v 0.005752 0.003843 0.054187
v 0.006652 0.004445 0.053562
v 0.006652 0.004445 0.053312
v 0.005752 0.003843 0.052687
v 0.005752 0.003843 0.052187
v 0.006652 0.004445 0.051562
v 0.006652 0.004445 0.051312
v 0.005752 0.003843 0.050687
v 0.005752 0.003843 0.050187
v 0.006652 0.004445 0.049562
v 0.006652 0.004445 0.049312
v 0.005752 0.003843 0.048687
v 0.005752 0.003843 0.048187
v 0.006652 0.004445 0.047562
v 0.006652 0.004445 0.047312
v 0.005752 0.003843 0.046687
v 0.005752 0.003843 0.046187
v 0.006652 0.004445 0.045562
v 0.006652 0.004445 0.045312
v 0.005752 0.003843 0.044687
v 0.005752 0.003843 0.044187
v 0.006652 0.004445 0.043562
v 0.006652 0.004445 0.043312
v 0.005752 0.003843 0.042687
v 0.005752 0.003843 0.042187
v 0.006652 0.004445 0.041562
v 0.006652 0.004445 0.041312
v 0.005752 0.003843 0.040687
v 0.005752 0.003843 0.040187
v 0.006652 0.004445 0.039562
v 0.006652 0.004445 0.039312
v 0.005752 0.003843 0.038687
v 0.005752 0.003843 0.038187
v 0.006652 0.004445 0.037562
v 0.006652 0.004445 0.037312
v 0.005752 0.003843 0.036687
v 0.005752 0.003843 0.036187
v 0.006652 0.004445 0.035562
v 0.006652 0.004445 0.035312
v 0.005752 0.003843 0.034687
v 0.005752 0.003843 0.034187
v 0.006652 0.004445 0.033562
v 0.006652 0.004445 0.033312
v 0.005752 0.003843 0.032687
v 0.005752 0.003843 0.032187
v 0.006652 0.004445 0.031562
v 0.006652 0.004445 0.031312
v 0.005752 0.003843 0.030687
v 0.005752 0.003843 0.030187
v 0.006652 0.004445 0.029563
v 0.006652 0.004445 0.029313
v 0.005752 0.003843 0.028688
v 0.005752 0.003843 0.028188
v 0.006652 0.004445 0.027563
v 0.006652 0.004445 0.027313
v 0.005752 0.003843 0.026688
v 0.005752 0.003843 0.026188
v 0.006652 0.004445 0.025563
v 0.006652 0.004445 0.025313
v 0.005752 0.003843 0.024688
v 0.005752 0.003843 0.024188
v 0.006652 0.004445 0.023563
v 0.006652 0.004445 0.023313
v 0.005752 0.003843 0.022688
v 0.005752 0.003843 0.022188
v 0.006652 0.004445 0.021563
v 0.006652 0.004445 0.021313
v 0.005752 0.003843 0.020688
v 0.005752 0.003843 0.020188
v 0.006652 0.004445 0.019563
v 0.006652 0.004445 0.019313
v 0.005752 0.003843 0.018688
v 0.005752 0.003843 0.018188
v 0.006652 0.004445 0.017563
v 0.006652 0.004445 0.017313
v 0.005752 0.003843 0.016688
v 0.005752 0.003843 0.016188
v 0.006652 0.004445 0.015563
v 0.006652 0.004445 0.015313
v 0.005752 0.003843 0.014688
v 0.005752 0.003843 0.014188
v 0.006652 0.004445 0.013562
v 0.006652 0.004445 0.013312
v 0.005752 0.003843 0.012687
v 0.005752 0.003843 0.012187
v 0.006652 0.004445 0.011562
v 0.006652 0.004445 0.011312
v 0.005752 0.003843 0.010687
v 0.005752 0.003843 0.010187
v 0.006652 0.004445 0.009562
v 0.006652 0.004445 0.009312
v 0.005752 0.003843 0.008687
v 0.005752 0.003843 0.008187
v 0.006652 0.004445 0.007562
v 0.006652 0.004445 0.007312
v 0.005752 0.003843 0.006687
v 0.005752 0.003843 0.006187
v 0.006652 0.004445 0.005563
v 0.006652 0.004445 0.005313
v 0.005752 0.003843 0.004688
v 0.005752 0.003843 0.004188
v 0.006652 0.004445 0.003563
v 0.006652 0.004445 0.003313
v 0.005710 0.003815 0.002688
v 0.005457 0.003646 0.002188
v 0.005648 0.003774 0.001562
v 0.005440 0.003635 0.001312
v 0.004697 0.003138 0.000687
v 0.004444 0.002969 0.000187
v -0.006015 0.005275 0.059000
v -0.006347 0.004870 0.059000
v -0.006652 0.004445 0.059000
v -0.006928 0.004000 0.059000
v 0.006096 0.004678 0.058708
v 0.005667 0.004348 0.058208
v 0.006347 0.004870 0.057583
v 0.006347 0.004870 0.057333
v 0.005488 0.004211 0.056708
v 0.005488 0.004211 0.056208
v 0.006347 0.004870 0.055583
v 0.006347 0.004870 0.055333
v 0.005488 0.004211 0.054708
v 0.005488 0.004211 0.054208
v 0.006347 0.004870 0.053583
v 0.006347 0.004870 0.053333
v 0.005488 0.004211 0.052708
v 0.005488 0.004211 0.052208
v 0.006347 0.004870 0.051583
v 0.006347 0.004870 0.051333
v 0.005488 0.004211 0.050708
v 0.005488 0.004211 0.050208
v 0.006347 0.004870 0.049583
v 0.006347 0.004870 0.049333
v 0.005488 0.004211 0.048708
v 0.005488 0.004211 0.048208
v 0.006347 0.004870 0.047583
v 0.006347 0.004870 0.047333
v 0.005488 0.004211 0.046708
v 0.005488 0.004211 0.046208
v 0.006347 0.004870 0.045583
v 0.006347 0.004870 0.045333
v 0.005488 0.004211 0.044708
v 0.005488 0.004211 0.044208
v 0.006347 0.004870 0.043583
v 0.006347 0.004870 0.043333
v 0.005488 0.004211 0.042708
v 0.005488 0.004211 0.042208
v 0.006347 0.004870 0.041583
v 0.006347 0.004870 0.041333
v 0.005488 0.004211 0.040708
v 0.005488 0.004211 0.040208
v 0.006347 0.004870 0.039583
v 0.006347 0.004870 0.039333
v 0.005488 0.004211 0.038708
v 0.005488 0.004211 0.038208
v 0.006347 0.004870 0.037583
v 0.006347 0.004870 0.037333
v 0.005488 0.004211 0.036708
v 0.005488 0.004211 0.036208
v 0.006347 0.004870 0.035583
v 0.006347 0.004870 0.035333
v 0.005488 0.004211 0.034708
v 0.005488 0.004211 0.034208
v 0.006347 0.004870 0.033583
v 0.006347 0.004870 0.033333
v 0.005488 0.004211 0.032708
v 0.005488 0.004211 0.032208
v 0.006347 0.004870 0.031583
v 0.006347 0.004870 0.031333
v 0.005488 0.004211 0.030708
v 0.005488 0.004211 0.030208
v 0.006347 0.004870 0.029583
v 0.006347 0.004870 0.029333
v 0.005488 0.004211 0.028708
v 0.005488 0.004211 0.028208
v 0.006347 0.004870 0.027583
v 0.006347 0.004870 0.027333
v 0.005488 0.004211 0.026708
v 0.005488 0.004211 0.026208
v 0.006347 0.004870 0.025583
v 0.006347 0.004870 0.025333
v 0.005488 0.004211 0.024708
v 0.005488 0.004211 0.024208
v 0.006347 0.004870 0.023583
v 0.006347 0.004870 0.023333
v 0.005488 0.004211 0.022708
v 0.005488 0.004211 0.022208
v 0.006347 0.004870 0.021583
v 0.006347 0.004870 0.021333
v 0.005488 0.004211 0.020708
v 0.005488 0.004211 0.020208
v 0.006347 0.004870 0.019583
v 0.006347 0.004870 0.019333
v 0.005488 0.004211 0.018708
v 0.005488 0.004211 0.018208
v 0.006347 0.004870 0.017583
v 0.006347 0.004870 0.017333
v 0.005488 0.004211 0.016708
v 0.005488 0.004211 0.016208
v 0.006347 0.004870 0.015583
v 0.006347 0.004870 0.015333
v 0.005488 0.004211 0.014708
v 0.005488 0.004211 0.014208
v 0.006347 0.004870 0.013583
v 0.006347 0.004870 0.013333
v 0.005488 0.004211 0.012708
v 0.005488 0.004211 0.012208
v 0.006347 0.004870 0.011583
v 0.006347 0.004870 0.011333
v 0.005488 0.004211 0.010708
v 0.005488 0.004211 0.010208
v 0.006347 0.004870 0.009583
v 0.006347 0.004870 0.009333
v 0.005488 0.004211 0.008708
v 0.005488 0.004211 0.008208
v 0.006347 0.004870 0.007583
v 0.006347 0.004870 0.007333
v 0.005488 0.004211 0.006708
v 0.005488 0.004211 0.006208
v 0.006347 0.004870 0.005583
v 0.006347 0.004870 0.005333
v 0.005488 0.004211 0.004708
v 0.005488 0.004211 0.004208
v 0.006347 0.004870 0.003583
v 0.006347 0.004870 0.003333
v 0.005458 0.004188 0.002708
v 0.005217 0.004003 0.002208
v 0.005405 0.004148 0.001583
v 0.005207 0.003996 0.001333
v 0.004492 0.003447 0.000708
v 0.004250 0.003261 0.000208
v -0.007175 0.003538 0.059000
v -0.007391 0.003061 0.059000
v -0.007575 0.002572 0.059000
v -0.007727 0.002071 0.059000
v 0.005794 0.005081 0.058729
v 0.005387 0.004725 0.058229
v 0.006015 0.005275 0.057604
v 0.006015 0.005275 0.057354
v 0.005201 0.004561 0.056729
v 0.005201 0.004561 0.056229
v 0.006015 0.005275 0.055604
v 0.006015 0.005275 0.055354
v 0.005201 0.004561 0.054729
v 0.005201 0.004561 0.054229
v 0.006015 0.005275 0.053604
v 0.006015 0.005275 0.053354
v 0.005201 0.004561 0.052729
v 0.005201 0.004561 0.052229
v 0.006015 0.005275 0.051604
v 0.006015 0.005275 0.051354
v 0.005201 0.004561 0.050729
v 0.005201 0.004561 0.050229
v 0.006015 0.005275 0.049604
v 0.006015 0.005275 0.049354
v 0.005201 0.004561 0.048729
v 0.005201 0.004561 0.048229
v 0.006015 0.005275 0.047604
v 0.006015 0.005275 0.047354
v 0.005201 0.004561 0.046729
v 0.005201 0.004561 0.046229
v 0.006015 0.005275 0.045604
v 0.006015 0.005275 0.045354
v 0.005201 0.004561 0.044729
v 0.005201 0.004561 0.044229
v 0.006015 0.005275 0.043604
v 0.006015 0.005275 0.043354
v 0.005201 0.004561 0.042729
v 0.005201 0.004561 0.042229
v 0.006015 0.005275 0.041604
v 0.006015 0.005275 0.041354
v 0.005201 0.004561 0.040729
v 0.005201 0.004561 0.040229
v 0.006015 0.005275 0.039604
v 0.006015 0.005275 0.039354
v 0.005201 0.004561 0.038729
v 0.005201 0.004561 0.038229
v 0.006015 0.005275 0.037604
v 0.006015 0.005275 0.037354
v 0.005201 0.004561 0.036729
v 0.005201 0.004561 0.036229
v 0.006015 0.005275 0.035604
v 0.006015 0.005275 0.035354
v 0.005201 0.004561 0.034729
v 0.005201 0.004561 0.034229
v 0.006015 0.005275 0.033604
v 0.006015 0.005275 0.033354
v 0.005201 0.004561 0.032729
v 0.005201 0.004561 0.032229
v 0.006015 0.005275 0.031604
v 0.006015 0.005275 0.031354
v 0.005201 0.004561 0.030729
v 0.005201 0.004561 0.030229
v 0.006015 0.005275 0.029604
v 0.006015 0.005275 0.029354
v 0.005201 0.004561 0.028729
v 0.005201 0.004561 0.028229
v 0.006015 0.005275 0.027604
v 0.006015 0.005275 0.027354
v 0.005201 0.004561 0.026729
v 0.005201 0.004561 0.026229
v 0.006015 0.005275 0.025604
v 0.006015 0.005275 0.025354
v 0.005201 0.004561 0.024729
v 0.005201 0.004561 0.024229
v 0.006015 0.005275 0.023604
v 0.006015 0.005275 0.023354
v 0.005201 0.004561 0.022729
v 0.005201 0.004561 0.022229
v 0.006015 0.005275 0.021604
v 0.006015 0.005275 0.021354
v 0.005201 0.004561 0.020729
v 0.005201 0.004561 0.020229
v 0.006015 0.005275 0.019604
v 0.006015 0.005275 0.019354
v 0.005201 0.004561 0.018729
v 0.005201 0.004561 0.018229
v 0.006015 0.005275 0.017604
v 0.006015 0.005275 0.017354
v 0.005201 0.004561 0.016729
v 0.005201 0.004561 0.016229
v 0.006015 0.005275 0.015604
v 0.006015 0.005275 0.015354
v 0.005201 0.004561 0.014729
v 0.005201 0.004561 0.014229
v 0.006015 0.005275 0.013604
v 0.006015 0.005275 0.013354
v 0.005201 0.004561 0.012729
v 0.005201 0.004561 0.012229
v 0.006015 0.005275 0.011604
v 0.006015 0.005275 0.011354
v 0.005201 0.004561 0.010729
v 0.005201 0.004561 0.010229
v 0.006015 0.005275 0.009604
v 0.006015 0.005275 0.009354
v 0.005201 0.004561 0.008729
v 0.005201 0.004561 0.008229
v 0.006015 0.005275 0.007604
v 0.006015 0.005275 0.007354
v 0.005201 0.004561 0.006729
v 0.005201 0.004561 0.006229
v 0.006015 0.005275 0.005604
v 0.006015 0.005275 0.005354
v 0.005201 0.004561 0.004729
v 0.005201 0.004561 0.004229
v 0.006015 0.005275 0.003604
v 0.006015 0.005275 0.003354
v 0.005182 0.004545 0.002729
v 0.004953 0.004344 0.002229
v 0.005138 0.004506 0.001604
v 0.004950 0.004341 0.001354
v 0.004266 0.003741 0.000729
v 0.004037 0.003540 0.000229
v -0.007846 0.001561 0.059000
v -0.007932 0.001044 0.059000
v -0.007983 0.000523 0.059000
v -0.007983 -0.000523 0.059000
v 0.005465 0.005465 0.058750
v 0.005083 0.005083 0.058250
v 0.005657 0.005657 0.057625
v 0.005657 0.005657 0.057375
v 0.004891 0.004891 0.056750
v 0.004891 0.004891 0.056250
v 0.005657 0.005657 0.055625
v 0.005657 0.005657 0.055375
v 0.004891 0.004891 0.054750
v 0.004891 0.004891 0.054250
v 0.005657 0.005657 0.053625
v 0.005657 0.005657 0.053375
v 0.004891 0.004891 0.052750
v 0.004891 0.004891 0.052250
v 0.005657 0.005657 0.051625
v 0.005657 0.005657 0.051375
v 0.004891 0.004891 0.050750
v 0.004891 0.004891 0.050250
v 0.005657 0.005657 0.049625
v 0.005657 0.005657 0.049375
v 0.004891 0.004891 0.048750
v 0.004891 0.004891 0.048250
v 0.005657 0.005657 0.047625
v 0.005657 0.005657 0.047375
v 0.004891 0.004891 0.046750
v 0.004891 0.004891 0.046250
v 0.005657 0.005657 0.045625
v 0.005657 0.005657 0.045375
v 0.004891 0.004891 0.044750
v 0.004891 0.004891 0.044250
v 0.005657 0.005657 0.043625
v 0.005657 0.005657 0.043375
v 0.004891 0.004891 0.042750
v 0.004891 0.004891 0.042250
v 0.005657 0.005657 0.041625
v 0.005657 0.005657 0.041375
v 0.004891 0.004891 0.040750
v 0.004891 0.004891 0.040250
v 0.005657 0.005657 0.039625
v 0.005657 0.005657 0.039375
v 0.004891 0.004891 0.038750
v 0.004891 0.004891 0.038250
v 0.005657 0.005657 0.037625
v 0.005657 0.005657 0.037375
v 0.004891 0.004891 0.036750
v 0.004891 0.004891 0.036250
v 0.005657 0.005657 0.035625
v 0.005657 0.005657 0.035375
v 0.004891 0.004891 0.034750
v 0.004891 0.004891 0.034250
v 0.005657 0.005657 0.033625
v 0.005657 0.005657 0.033375
v 0.004891 0.004891 0.032750
v 0.004891 0.004891 0.032250
v 0.005657 0.005657 0.031625
v 0.005657 0.005657 0.031375
v 0.004891 0.004891 0.030750
v 0.004891 0.004891 0.030250
v 0.005657 0.005657 0.029625
v 0.005657 0.005657 0.029375
v 0.004891 0.004891 0.028750
v 0.004891 0.004891 0.028250
v 0.005657 0.005657 0.027625
v 0.005657 0.005657 0.027375
v 0.004891 0.004891 0.026750
v 0.004891 0.004891 0.026250
v 0.005657 0.005657 0.025625
v 0.005657 0.005657 0.025375
v 0.004891 0.004891 0.024750
v 0.004891 0.004891 0.024250
v 0.005657 0.005657 0.023625
v 0.005657 0.005657 0.023375
v 0.004891 0.004891 0.022750
v 0.004891 0.004891 0.022250
v 0.005657 0.005657 0.021625
v 0.005657 0.005657 0.021375
v 0.004891 0.004891 0.020750
v 0.004891 0.004891 0.020250
v 0.005657 0.005657 0.019625
v 0.005657 0.005657 0.019375
v 0.004891 0.004891 0.018750
v 0.004891 0.004891 0.018250
v 0.005657 0.005657 0.017625
v 0.005657 0.005657 0.017375
v 0.004891 0.004891 0.016750
v 0.004891 0.004891 0.016250
v 0.005657 0.005657 0.015625
v 0.005657 0.005657 0.015375
v 0.004891 0.004891 0.014750
v 0.004891 0.004891 0.014250
v 0.005657 0.005657 0.013625
v 0.005657 0.005657 0.013375
v 0.004891 0.004891 0.012750
v 0.004891 0.004891 0.012250
v 0.005657 0.005657 0.011625
v 0.005657 0.005657 0.011375
v 0.004891 0.004891 0.010750
v 0.004891 0.004891 0.010250
v 0.005657 0.005657 0.009625
v 0.005657 0.005657 0.009375
v 0.004891 0.004891 0.008750
v 0.004891 0.004891 0.008250
v 0.005657 0.005657 0.007625
v 0.005657 0.005657 0.007375
v 0.004891 0.004891 0.006750
v 0.004891 0.004891 0.006250
v 0.005657 0.005657 0.005625
v 0.005657 0.005657 0.005375
v 0.004891 0.004891 0.004750
v 0.004891 0.004891 0.004250
v 0.005657 0.005657 0.003625
v 0.005657 0.005657 0.003375
v 0.004883 0.004883 0.002750
v 0.004667 0.004667 0.002250
v 0.004847 0.004847 0.001625
v 0.004670 0.004670 0.001375
v 0.004021 0.004021 0.000750
v 0.003806 0.003806 0.000250
v -0.007932 -0.001044 0.059000
v -0.007846 -0.001561 0.059000
v -0.007727 -0.002071 0.059000
v -0.007575 -0.002572 0.059000
v 0.005111 0.005828 0.058771
v 0.004754 0.005421 0.058271
v 0.005275 0.006015 0.057646
v 0.005275 0.006015 0.057396
v 0.004561 0.005201 0.056771
v 0.004561 0.005201 0.056271
v 0.005275 0.006015 0.055646
v 0.005275 0.006015 0.055396
v 0.004561 0.005201 0.054771
v 0.004561 0.005201 0.054271
v 0.005275 0.006015 0.053646
v 0.005275 0.006015 0.053396
v 0.004561 0.005201 0.052771
v 0.004561 0.005201 0.052271
v 0.005275 0.006015 0.051646
v 0.005275 0.006015 0.051396
v 0.004561 0.005201 0.050771
v 0.004561 0.005201 0.050271
v 0.005275 0.006015 0.049646
v 0.005275 0.006015 0.049396
v 0.004561 0.005201 0.048771
v 0.004561 0.005201 0.048271
v 0.005275 0.006015 0.047646
v 0.005275 0.006015 0.047396
v 0.004561 0.005201 0.046771
v 0.004561 0.005201 0.046271
v 0.005275 0.006015 0.045646
v 0.005275 0.006015 0.045396
v 0.004561 0.005201 0.044771
v 0.004561 0.005201 0.044271
v 0.005275 0.006015 0.043646
v 0.005275 0.006015 0.043396
v 0.004561 0.005201 0.042771
v 0.004561 0.005201 0.042271
v 0.005275 0.006015 0.041646
v 0.005275 0.006015 0.041396
v 0.004561 0.005201 0.040771
v 0.004561 0.005201 0.040271
v 0.005275 0.006015 0.039646
v 0.005275 0.006015 0.039396
v 0.004561 0.005201 0.038771
v 0.004561 0.005201 0.038271
v 0.005275 0.006015 0.037646
v 0.005275 0.006015 0.037396
v 0.004561 0.005201 0.036771
v 0.004561 0.005201 0.036271
v 0.005275 0.006015 0.035646
v 0.005275 0.006015 0.035396
v 0.004561 0.005201 0.034771
v 0.004561 0.005201 0.034271
v 0.005275 0.006015 0.033646
v 0.005275 0.006015 0.033396
v 0.004561 0.005201 0.032771
v 0.004561 0.005201 0.032271
v 0.005275 0.006015 0.031646
v 0.005275 0.006015 0.031396
v 0.004561 0.005201 0.030771
v 0.004561 0.005201 0.030271
v 0.005275 0.006015 0.029646
v 0.005275 0.006015 0.029396
v 0.004561 0.005201 0.028771
v 0.004561 0.005201 0.028271
v 0.005275 0.006015 0.027646
v 0.005275 0.006015 0.027396
v 0.004561 0.005201 0.026771
v 0.004561 0.005201 0.026271
v 0.005275 0.006015 0.025646
v 0.005275 0.006015 0.025396
v 0.004561 0.005201 0.024771
v 0.004561 0.005201 0.024271
v 0.005275 0.006015 0.023646
v 0.005275 0.006015 0.023396
v 0.004561 0.005201 0.022771
v 0.004561 0.005201 0.022271
v 0.005275 0.006015 0.021646
v 0.005275 0.006015 0.021396
v 0.004561 0.005201 0.020771
v 0.004561 0.005201 0.020271
v 0.005275 0.006015 0.019646
v 0.005275 0.006015 0.019396
v 0.004561 0.005201 0.018771
v 0.004561 0.005201 0.018271
v 0.005275 0.006015 0.017646
v 0.005275 0.006015 0.017396
v 0.004561 0.005201 0.016771
v 0.004561 0.005201 0.016271
v 0.005275 0.006015 0.015646
v 0.005275 0.006015 0.015396
v 0.004561 0.005201 0.014771
v 0.004561 0.005201 0.014271
v 0.005275 0.006015 0.013646
v 0.005275 0.006015 0.013396
v 0.004561 0.005201 0.012771
v 0.004561 0.005201 0.012271
v 0.005275 0.006015 0.011646
v 0.005275 0.006015 0.011396
v 0.004561 0.005201 0.010771
v 0.004561 0.005201 0.010271
v 0.005275 0.006015 0.009646
v 0.005275 0.006015 0.009396
v 0.004561 0.005201 0.008771
v 0.004561 0.005201 0.008271
v 0.005275 0.006015 0.007646
v 0.005275 0.006015 0.007396
v 0.004561 0.005201 0.006771
v 0.004561 0.005201 0.006271
v 0.005275 0.006015 0.005646
v 0.005275 0.006015 0.005396
v 0.004561 0.005201 0.004771
v 0.004561 0.005201 0.004271
v 0.005275 0.006015 0.003646
v 0.005275 0.006015 0.003396
v 0.004561 0.005201 0.002771
v 0.004361 0.004972 0.002271
v 0.004534 0.005170 0.001646
v 0.004369 0.004982 0.001396
v 0.003758 0.004285 0.000771
v 0.003557 0.004056 0.000271
v -0.007391 -0.003061 0.059000
v -0.007175 -0.003538 0.059000
v -0.006928 -0.004000 0.059000
v -0.006652 -0.004445 0.059000
v 0.004733 0.006168 0.058792
v 0.004403 0.005738 0.058292
v 0.004870 0.006347 0.057667
v 0.004870 0.006347 0.057417
v 0.004211 0.005488 0.056792
v 0.004211 0.005488 0.056292
v 0.004870 0.006347 0.055667
v 0.004870 0.006347 0.055417
v 0.004211 0.005488 0.054792
v 0.004211 0.005488 0.054292
v 0.004870 0.006347 0.053667
v 0.004870 0.006347 0.053417
v 0.004211 0.005488 0.052792
v 0.004211 0.005488 0.052292
v 0.004870 0.006347 0.051667
v 0.004870 0.006347 0.051417
v 0.004211 0.005488 0.050792
v 0.004211 0.005488 0.050292
v 0.004870 0.006347 0.049667
v 0.004870 0.006347 0.049417
v 0.004211 0.005488 0.048792
v 0.004211 0.005488 0.048292
v 0.004870 0.006347 0.047667
v 0.004870 0.006347 0.047417
v 0.004211 0.005488 0.046792
v 0.004211 0.005488 0.046292
v 0.004870 0.006347 0.045667
v 0.004870 0.006347 0.045417
v 0.004211 0.005488 0.044792
v 0.004211 0.005488 0.044292
v 0.004870 0.006347 0.043667
v 0.004870 0.006347 0.043417
v 0.004211 0.005488 0.042792
v 0.004211 0.005488 0.042292
v 0.004870 0.006347 0.041667
v 0.004870 0.006347 0.041417
v 0.004211 0.005488 0.040792
v 0.004211 0.005488 0.040292
v 0.004870 0.006347 0.039667
v 0.004870 0.006347 0.039417
v 0.004211 0.005488 0.038792
v 0.004211 0.005488 0.038292
v 0.004870 0.006347 0.037667
v 0.004870 0.006347 0.037417
v 0.004211 0.005488 0.036792
v 0.004211 0.005488 0.036292
v 0.004870 0.006347 0.035667
v 0.004870 0.006347 0.035417
v 0.004211 0.005488 0.034792
v 0.004211 0.005488 0.034292
v 0.004870 0.006347 0.033667
v 0.004870 0.006347 0.033417
v 0.004211 0.005488 0.032792
v 0.004211 0.005488 0.032292
v 0.004870 0.006347 0.031667
v 0.004870 0.006347 0.031417
v 0.004211 0.005488 0.030792
v 0.004211 0.005488 0.030292
v 0.004870 0.006347 0.029667
v 0.004870 0.006347 0.029417
v 0.004211 0.005488 0.028792
v 0.004211 0.005488 0.028292
v 0.004870 0.006347 0.027667
v 0.004870 0.006347 0.027417
v 0.004211 0.005488 0.026792
v 0.004211 0.005488 0.026292
v 0.004870 0.006347 0.025667
v 0.004870 0.006347 0.025417
v 0.004211 0.005488 0.024792
v 0.004211 0.005488 0.024292
v 0.004870 0.006347 0.023667
v 0.004870 0.006347 0.023417
v 0.004211 0.005488 0.022792
v 0.004211 0.005488 0.022292
v 0.004870 0.006347 0.021667
v 0.004870 0.006347 0.021417
v 0.004211 0.005488 0.020792
v 0.004211 0.005488 0.020292
v 0.004870 0.006347 0.019667
v 0.004870 0.006347 0.019417
v 0.004211 0.005488 0.018792
v 0.004211 0.005488 0.018292
v 0.004870 0.006347 0.017667
v 0.004870 0.006347 0.017417
v 0.004211 0.005488 0.016792
v 0.004211 0.005488 0.016292
v 0.004870 0.006347 0.015667
v 0.004870 0.006347 0.015417
v 0.004211 0.005488 0.014792
v 0.004211 0.005488 0.014292
v 0.004870 0.006347 0.013667
v 0.004870 0.006347 0.013417
v 0.004211 0.005488 0.012792
v 0.004211 0.005488 0.012292
v 0.004870 0.006347 0.011667
v 0.004870 0.006347 0.011417
v 0.004211 0.005488 0.010792
v 0.004211 0.005488 0.010292
v 0.004870 0.006347 0.009667
v 0.004870 0.006347 0.009417
v 0.004211 0.005488 0.008792
v 0.004211 0.005488 0.008292
v 0.004870 0.006347 0.007667
v 0.004870 0.006347 0.007417
v 0.004211 0.005488 0.006792
v 0.004211 0.005488 0.006292
v 0.004870 0.006347 0.005667
v 0.004870 0.006347 0.005417
v 0.004211 0.005488 0.004792
v 0.004211 0.005488 0.004292
v 0.004870 0.006347 0.003667
v 0.004870 0.006347 0.003417
v 0.004211 0.005488 0.002792
v 0.004034 0.005257 0.002292
v 0.004198 0.005471 0.001667
v 0.004046 0.005273 0.001417
v 0.003477 0.004532 0.000792
v 0.003292 0.004290 0.000292
v -0.006347 -0.004870 0.059000
v -0.006015 -0.005275 0.059000
v -0.005657 -0.005657 0.059000
v -0.005275 -0.006015 0.059000
v 0.004332 0.006483 0.058812
v 0.004031 0.006033 0.058312
v 0.004445 0.006652 0.057687
v 0.004445 0.006652 0.057437
v 0.003843 0.005752 0.056812
v 0.003843 0.005752 0.056312
v 0.004445 0.006652 0.055687
v 0.004445 0.006652 0.055437
v 0.003843 0.005752 0.054812
v 0.003843 0.005752 0.054312
v 0.004445 0.006652 0.053687
v 0.004445 0.006652 0.053437
v 0.003843 0.005752 0.052812
v 0.003843 0.005752 0.052312
v 0.004445 0.006652 0.051687
v 0.004445 0.006652 0.051437
v 0.003843 0.005752 0.050812
v 0.003843 0.005752 0.050312
v 0.004445 0.006652 0.049687
v 0.004445 0.006652 0.049437
v 0.003843 0.005752 0.048812
v 0.003843 0.005752 0.048312
v 0.004445 0.006652 0.047687
v 0.004445 0.006652 0.047437
v 0.003843 0.005752 0.046812
v 0.003843 0.005752 0.046312
v 0.004445 0.006652 0.045687
v 0.004445 0.006652 0.045437
v 0.003843 0.005752 0.044812
v 0.003843 0.005752 0.044312
v 0.004445 0.006652 0.043687
v 0.004445 0.006652 0.043437
v 0.003843 0.005752 0.042812
v 0.003843 0.005752 0.042312
v 0.004445 0.006652 0.041687
v 0.004445 0.006652 0.041437
v 0.003843 0.005752 0.040812
v 0.003843 0.005752 0.040312
v 0.004445 0.006652 0.039687
v 0.004445 0.006652 0.039437
v 0.003843 0.005752 0.038812
v 0.003843 0.005752 0.038312
v 0.004445 0.006652 0.037687
v 0.004445 0.006652 0.037437
v 0.003843 0.005752 0.036812
v 0.003843 0.005752 0.036312
v 0.004445 0.006652 0.035687
v 0.004445 0.006652 0.035437
v 0.003843 0.005752 0.034812
v 0.003843 0.005752 0.034312
v 0.004445 0.006652 0.033687
v 0.004445 0.006652 0.033437
v 0.003843 0.005752 0.032812
v 0.003843 0.005752 0.032312
v 0.004445 0.006652 0.031687
v 0.004445 0.006652 0.031437
v 0.003843 0.005752 0.030812
v 0.003843 0.005752 0.030312
v 0.004445 0.006652 0.029688
v 0.004445 0.006652 0.029438
v 0.003843 0.005752 0.028813
v 0.003843 0.005752 0.028313
v 0.004445 0.006652 0.027688
v 0.004445 0.006652 0.027438
v 0.003843 0.005752 0.026813
v 0.003843 0.005752 0.026313
v 0.004445 0.006652 0.025688
v 0.004445 0.006652 0.025438
v 0.003843 0.005752 0.024813
v 0.003843 0.005752 0.024313
v 0.004445 0.006652 0.023688
v 0.004445 0.006652 0.023438
v 0.003843 0.005752 0.022813
v 0.003843 0.005752 0.022313
v 0.004445 0.006652 0.021688
v 0.004445 0.006652 0.021438
v 0.003843 0.005752 0.020813
v 0.003843 0.005752 0.020313
v 0.004445 0.006652 0.019688
v 0.004445 0.006652 0.019438
v 0.003843 0.005752 0.018813
v 0.003843 0.005752 0.018313
v 0.004445 0.006652 0.017688
v 0.004445 0.006652 0.017438
v 0.003843 0.005752 0.016813
v 0.003843 0.005752 0.016313
v 0.004445 0.006652 0.015688
v 0.004445 0.006652 0.015438
v 0.003843 0.005752 0.014813
v 0.003843 0.005752 0.014313
v 0.004445 0.006652 0.013687
v 0.004445 0.006652 0.013437
v 0.003843 0.005752 0.012812
v 0.003843 0.005752 0.012312
v 0.004445 0.006652 0.011687
v 0.004445 0.006652 0.011437
v 0.003843 0.005752 0.010812
v 0.003843 0.005752 0.010312
v 0.004445 0.006652 0.009687
v 0.004445 0.006652 0.009437
v 0.003843 0.005752 0.008812
v 0.003843 0.005752 0.008312
v 0.004445 0.006652 0.007687
v 0.004445 0.006652 0.007437
v 0.003843 0.005752 0.006812
v 0.003843 0.005752 0.006312
v 0.004445 0.006652 0.005688
v 0.004445 0.006652 0.005438
v 0.003843 0.005752 0.004813
v 0.003843 0.005752 0.004313
v 0.004445 0.006652 0.003688
v 0.004445 0.006652 0.003438
v 0.003843 0.005752 0.002813
v 0.003688 0.005520 0.002313
v 0.003843 0.005752 0.001687
v 0.003704 0.005544 0.001437
v 0.003181 0.004760 0.000812
v 0.003011 0.004507 0.000312
v -0.004870 -0.006347 0.059000
v -0.004445 -0.006652 0.059000
v -0.004000 -0.006928 0.059000
v -0.003538 -0.007175 0.059000
v 0.003910 0.006772 0.058833
v 0.003639 0.006303 0.058333
v 0.004000 0.006928 0.057708
v 0.004000 0.006928 0.057458
v 0.003459 0.005991 0.056833
v 0.003459 0.005991 0.056333
v 0.004000 0.006928 0.055708
v 0.004000 0.006928 0.055458
v 0.003459 0.005991 0.054833
v 0.003459 0.005991 0.054333
v 0.004000 0.006928 0.053708
v 0.004000 0.006928 0.053458
v 0.003459 0.005991 0.052833
v 0.003459 0.005991 0.052333
v 0.004000 0.006928 0.051708
v 0.004000 0.006928 0.051458
v 0.003459 0.005991 0.050833
v 0.003459 0.005991 0.050333
v 0.004000 0.006928 0.049708
v 0.004000 0.006928 0.049458
v 0.003459 0.005991 0.048833
v 0.003459 0.005991 0.048333
v 0.004000 0.006928 0.047708
v 0.004000 0.006928 0.047458
v 0.003459 0.005991 0.046833
v 0.003459 0.005991 0.046333
v 0.004000 0.006928 0.045708
v 0.004000 0.006928 0.045458
v 0.003459 0.005991 0.044833
v 0.003459 0.005991 0.044333
v 0.004000 0.006928 0.043708
v 0.004000 0.006928 0.043458
v 0.003459 0.005991 0.042833
v 0.003459 0.005991 0.042333
v 0.004000 0.006928 0.041708
v 0.004000 0.006928 0.041458
v 0.003459 0.005991 0.040833
v 0.003459 0.005991 0.040333
v 0.004000 0.006928 0.039708
v 0.004000 0.006928 0.039458
v 0.003459 0.005991 0.038833
v 0.003459 0.005991 0.038333
v 0.004000 0.006928 0.037708
v 0.004000 0.006928 0.037458
v 0.003459 0.005991 0.036833
v 0.003459 0.005991 0.036333
v 0.004000 0.006928 0.035708
v 0.004000 0.006928 0.035458
v 0.003459 0.005991 0.034833
v 0.003459 0.005991 0.034333
v 0.004000 0.006928 0.033708
v 0.004000 0.006928 0.033458
v 0.003459 0.005991 0.032833
v 0.003459 0.005991 0.032333
v 0.004000 0.006928 0.031708
v 0.004000 0.006928 0.031458
v 0.003459 0.005991 0.030833
v 0.003459 0.005991 0.030333
v 0.004000 0.006928 0.029708
v 0.004000 0.006928 0.029458
v 0.003459 0.005991 0.028833
v 0.003459 0.005991 0.028333
v 0.004000 0.006928 0.027708
v 0.004000 0.006928 0.027458
v 0.003459 0.005991 0.026833
v 0.003459 0.005991 0.026333
v 0.004000 0.006928 0.025708
v 0.004000 0.006928 0.025458
v 0.003459 0.005991 0.024833
v 0.003459 0.005991 0.024333
v 0.004000 0.006928 0.023708
v 0.004000 0.006928 0.023458
v 0.003459 0.005991 0.022833
v 0.003459 0.005991 0.022333
v 0.004000 0.006928 0.021708
v 0.004000 0.006928 0.021458
v 0.003459 0.005991 0.020833
v 0.003459 0.005991 0.020333
v 0.004000 0.006928 0.019708
v 0.004000 0.006928 0.019458
v 0.003459 0.005991 0.018833
v 0.003459 0.005991 0.018333
v 0.004000 0.006928 0.017708
v 0.004000 0.006928 0.017458
v 0.003459 0.005991 0.016833
v 0.003459 0.005991 0.016333
v 0.004000 0.006928 0.015708
v 0.004000 0.006928 0.015458
v 0.003459 0.005991 0.014833
v 0.003459 0.005991 0.014333
v 0.004000 0.006928 0.013708
v 0.004000 0.006928 0.013458
v 0.003459 0.005991 0.012833
v 0.003459 0.005991 0.012333
v 0.004000 0.006928 0.011708
v 0.004000 0.006928 0.011458
v 0.003459 0.005991 0.010833
v 0.003459 0.005991 0.010333
v 0.004000 0.006928 0.009708
v 0.004000 0.006928 0.009458
v 0.003459 0.005991 0.008833
v 0.003459 0.005991 0.008333
v 0.004000 0.006928 0.007708
v 0.004000 0.006928 0.007458
v 0.003459 0.005991 0.006833
v 0.003459 0.005991 0.006333
v 0.004000 0.006928 0.005708
v 0.004000 0.006928 0.005458
v 0.003459 0.005991 0.004833
v 0.003459 0.005991 0.004333
v 0.004000 0.006928 0.003708
v 0.004000 0.006928 0.003458
v 0.003459 0.005991 0.002833
v 0.003326 0.005760 0.002333
v 0.003469 0.006009 0.001708
v 0.003344 0.005792 0.001458
v 0.002869 0.004969 0.000833
v 0.002717 0.004705 0.000333
v -0.003061 -0.007391 0.059000
v -0.002572 -0.007575 0.059000
v -0.002071 -0.007727 0.059000
v -0.001561 -0.007846 0.059000
v 0.003468 0.007033 0.058854
v 0.003229 0.006548 0.058354
v 0.003538 0.007175 0.057729
v 0.003538 0.007175 0.057479
v 0.003060 0.006204 0.056854
v 0.003060 0.006204 0.056354
v 0.003538 0.007175 0.055729
v 0.003538 0.007175 0.055479
v 0.003060 0.006204 0.054854
v 0.003060 0.006204 0.054354
v 0.003538 0.007175 0.053729
v 0.003538 0.007175 0.053479
v 0.003060 0.006204 0.052854
v 0.003060 0.006204 0.052354
v 0.003538 0.007175 0.051729
v 0.003538 0.007175 0.051479
v 0.003060 0.006204 0.050854
v 0.003060 0.006204 0.050354
v 0.003538 0.007175 0.049729
v 0.003538 0.007175 0.049479
v 0.003060 0.006204 0.048854
v 0.003060 0.006204 0.048354
v 0.003538 0.007175 0.047729
v 0.003538 0.007175 0.047479
v 0.003060 0.006204 0.046854
v 0.003060 0.006204 0.046354
v 0.003538 0.007175 0.045729
v 0.003538 0.007175 0.045479
v 0.003060 0.006204 0.044854
v 0.003060 0.006204 0.044354
v 0.003538 0.007175 0.043729
v 0.003538 0.007175 0.043479
v 0.003060 0.006204 0.042854
v 0.003060 0.006204 0.042354
v 0.003538 0.007175 0.041729
v 0.003538 0.007175 0.041479
v 0.003060 0.006204 0.040854
v 0.003060 0.006204 0.040354
v 0.003538 0.007175 0.039729
v 0.003538 0.007175 0.039479
v 0.003060 0.006204 0.038854
v 0.003060 0.006204 0.038354
v 0.003538 0.007175 0.037729
v 0.003538 0.007175 0.037479
v 0.003060 0.006204 0.036854
v 0.003060 0.006204 0.036354
v 0.003538 0.007175 0.035729
v 0.003538 0.007175 0.035479
v 0.003060 0.006204 0.034854
v 0.003060 0.006204 0.034354
v 0.003538 0.007175 0.033729
v 0.003538 0.007175 0.033479
v 0.003060 0.006204 0.032854
v 0.003060 0.006204 0.032354
v 0.003538 0.007175 0.031729
v 0.003538 0.007175 0.031479
v 0.003060 0.006204 0.030854
v 0.003060 0.006204 0.030354
v 0.003538 0.007175 0.029729
v 0.003538 0.007175 0.029479
v 0.003060 0.006204 0.028854
v 0.003060 0.006204 0.028354
v 0.003538 0.007175 0.027729
v 0.003538 0.007175 0.027479
v 0.003060 0.006204 0.026854
v 0.003060 0.006204 0.026354
v 0.003538 0.007175 0.025729
v 0.003538 0.007175 0.025479
v 0.003060 0.006204 0.024854
v 0.003060 0.006204 0.024354
v 0.003538 0.007175 0.023729
v 0.003538 0.007175 0.023479
v 0.003060 0.006204 0.022854
v 0.003060 0.006204 0.022354
v 0.003538 0.007175 0.021729
v 0.003538 0.007175 0.021479
v 0.003060 0.006204 0.020854
v 0.003060 0.006204 0.020354
v 0.003538 0.007175 0.019729
v 0.003538 0.007175 0.019479
v 0.003060 0.006204 0.018854
v 0.003060 0.006204 0.018354
v 0.003538 0.007175 0.017729
v 0.003538 0.007175 0.017479
v 0.003060 0.006204 0.016854
v 0.003060 0.006204 0.016354
v 0.003538 0.007175 0.015729
v 0.003538 0.007175 0.015479
v 0.003060 0.006204 0.014854
v 0.003060 0.006204 0.014354
v 0.003538 0.007175 0.013729
v 0.003538 0.007175 0.013479
v 0.003060 0.006204 0.012854
v 0.003060 0.006204 0.012354
v 0.003538 0.007175 0.011729
v 0.003538 0.007175 0.011479
v 0.003060 0.006204 0.010854
v 0.003060 0.006204 0.010354
v 0.003538 0.007175 0.009729
v 0.003538 0.007175 0.009479
v 0.003060 0.006204 0.008854
v 0.003060 0.006204 0.008354
v 0.003538 0.007175 0.007729
v 0.003538 0.007175 0.007479
v 0.003060 0.006204 0.006854
v 0.003060 0.006204 0.006354
v 0.003538 0.007175 0.005729
v 0.003538 0.007175 0.005479
v 0.003060 0.006204 0.004854
v 0.003060 0.006204 0.004354
v 0.003538 0.007175 0.003729
v 0.003538 0.007175 0.003479
v 0.003060 0.006204 0.002854
v 0.002947 0.005977 0.002354
v 0.003078 0.006241 0.001729
v 0.002967 0.006017 0.001479
v 0.002543 0.005157 0.000854
v 0.002409 0.004884 0.000354
v -0.001044 -0.007932 0.059000
v -0.000523 -0.007983 0.059000
v 0.000000 -0.008000 0.059000
v 0.000523 -0.007983 0.059000
v 0.003010 0.007266 0.058875
v 0.002803 0.006766 0.058375
v 0.003061 0.007391 0.057750
v 0.003061 0.007391 0.057500
v 0.002647 0.006391 0.056875
v 0.002647 0.006391 0.056375
v 0.003061 0.007391 0.055750
v 0.003061 0.007391 0.055500
v 0.002647 0.006391 0.054875
v 0.002647 0.006391 0.054375
v 0.003061 0.007391 0.053750
v 0.003061 0.007391 0.053500
v 0.002647 0.006391 0.052875
v 0.002647 0.006391 0.052375
v 0.003061 0.007391 0.051750
v 0.003061 0.007391 0.051500
v 0.002647 0.006391 0.050875
v 0.002647 0.006391 0.050375
v 0.003061 0.007391 0.049750
v 0.003061 0.007391 0.049500
v 0.002647 0.006391 0.048875
v 0.002647 0.006391 0.048375
v 0.003061 0.007391 0.047750
v 0.003061 0.007391 0.047500
v 0.002647 0.006391 0.046875
v 0.002647 0.006391 0.046375
v 0.003061 0.007391 0.045750
v 0.003061 0.007391 0.045500
v 0.002647 0.006391 0.044875
v 0.002647 0.006391 0.044375
v 0.003061 0.007391 0.043750
v 0.003061 0.007391 0.043500
v 0.002647 0.006391 0.042875
v 0.002647 0.006391 0.042375
v 0.003061 0.007391 0.041750
v 0.003061 0.007391 0.041500
v 0.002647 0.006391 0.040875
v 0.002647 0.006391 0.040375
v 0.003061 0.007391 0.039750
v 0.003061 0.007391 0.039500
v 0.002647 0.006391 0.038875
v 0.002647 0.006391 0.038375
v 0.003061 0.007391 0.037750
v 0.003061 0.007391 0.037500
v 0.002647 0.006391 0.036875
v 0.002647 0.006391 0.036375
v 0.003061 0.007391 0.035750
v 0.003061 0.007391 0.035500
v 0.002647 0.006391 0.034875
v 0.002647 0.006391 0.034375
v 0.003061 0.007391 0.033750
v 0.003061 0.007391 0.033500
v 0.002647 0.006391 0.032875
v 0.002647 0.006391 0.032375
v 0.003061 0.007391 0.031750
v 0.003061 0.007391 0.031500
v 0.002647 0.006391 0.030875
v 0.002647 0.006391 0.030375
v 0.003061 0.007391 0.029750
v 0.003061 0.007391 0.029500
v 0.002647 0.006391 0.028875
v 0.002647 0.006391 0.028375
v 0.003061 0.007391 0.027750
v 0.003061 0.007391 0.027500
v 0.002647 0.006391 0.026875
v 0.002647 0.006391 0.026375
v 0.003061 0.007391 0.025750
v 0.003061 0.007391 0.025500
v 0.002647 0.006391 0.024875
v 0.002647 0.006391 0.024375
v 0.003061 0.007391 0.023750
v 0.003061 0.007391 0.023500
v 0.002647 0.006391 0.022875
v 0.002647 0.006391 0.022375
v 0.003061 0.007391 0.021750
v 0.003061 0.007391 0.021500
v 0.002647 0.006391 0.020875
v 0.002647 0.006391 0.020375
v 0.003061 0.007391 0.019750
v 0.003061 0.007391 0.019500
v 0.002647 0.006391 0.018875
v 0.002647 0.006391 0.018375
v 0.003061 0.007391 0.017750
v 0.003061 0.007391 0.017500
v 0.002647 0.006391 0.016875
v 0.002647 0.006391 0.016375
v 0.003061 0.007391 0.015750
v 0.003061 0.007391 0.015500
v 0.002647 0.006391 0.014875
v 0.002647 0.006391 0.014375
v 0.003061 0.007391 0.013750
v 0.003061 0.007391 0.013500
v 0.002647 0.006391 0.012875
v 0.002647 0.006391 0.012375
v 0.003061 0.007391 0.011750
v 0.003061 0.007391 0.011500
v 0.002647 0.006391 0.010875
v 0.002647 0.006391 0.010375
v 0.003061 0.007391 0.009750
v 0.003061 0.007391 0.009500
v 0.002647 0.006391 0.008875
v 0.002647 0.006391 0.008375
v 0.003061 0.007391 0.007750
v 0.003061 0.007391 0.007500
v 0.002647 0.006391 0.006875
v 0.002647 0.006391 0.006375
v 0.003061 0.007391 0.005750
v 0.003061 0.007391 0.005500
v 0.002647 0.006391 0.004875
v 0.002647 0.006391 0.004375
v 0.003061 0.007391 0.003750
v 0.003061 0.007391 0.003500
v 0.002647 0.006391 0.002875
v 0.002555 0.006169 0.002375
v 0.002671 0.006449 0.001750
v 0.002575 0.006218 0.001500
v 0.002205 0.005324 0.000875
v 0.002089 0.005043 0.000375
v 0.001044 -0.007932 0.059000
v 0.001561 -0.007846 0.059000
v 0.002071 -0.007727 0.059000
v 0.002572 -0.007575 0.059000
v 0.002535 0.007469 0.058896
v 0.002361 0.006956 0.058396
v 0.002572 0.007575 0.057771
v 0.002572 0.007575 0.057521
v 0.002224 0.006550 0.056896
v 0.002224 0.006550 0.056396
v 0.002572 0.007575 0.055771
v 0.002572 0.007575 0.055521
v 0.002224 0.006550 0.054896
v 0.002224 0.006550 0.054396
v 0.002572 0.007575 0.053771
v 0.002572 0.007575 0.053521
v 0.002224 0.006550 0.052896
v 0.002224 0.006550 0.052396
v 0.002572 0.007575 0.051771
v 0.002572 0.007575 0.051521
v 0.002224 0.006550 0.050896
v 0.002224 0.006550 0.050396
v 0.002572 0.007575 0.049771
v 0.002572 0.007575 0.049521
v 0.002224 0.006550 0.048896
v 0.002224 0.006550 0.048396
v 0.002572 0.007575 0.047771
v 0.002572 0.007575 0.047521
v 0.002224 0.006550 0.046896
v 0.002224 0.006550 0.046396
v 0.002572 0.007575 0.045771
v 0.002572 0.007575 0.045521
v 0.002224 0.006550 0.044896
v 0.002224 0.006550 0.044396
v 0.002572 0.007575 0.043771
v 0.002572 0.007575 0.043521
v 0.002224 0.006550 0.042896
v 0.002224 0.006550 0.042396
v 0.002572 0.007575 0.041771
v 0.002572 0.007575 0.041521
v 0.002224 0.006550 0.040896
v 0.002224 0.006550 0.040396
v 0.002572 0.007575 0.039771
v 0.002572 0.007575 0.039521
v 0.002224 0.006550 0.038896
v 0.002224 0.006550 0.038396
v 0.002572 0.007575 0.037771
v 0.002572 0.007575 0.037521
v 0.002224 0.006550 0.036896
v 0.002224 0.006550 0.036396
v 0.002572 0.007575 0.035771
v 0.002572 0.007575 0.035521
v 0.002224 0.006550 0.034896
v 0.002224 0.006550 0.034396
v 0.002572 0.007575 0.033771
v 0.002572 0.007575 0.033521
v 0.002224 0.006550 0.032896
v 0.002224 0.006550 0.032396
v 0.002572 0.007575 0.031771
v 0.002572 0.007575 0.031521
v 0.002224 0.006550 0.030896
v 0.002224 0.006550 0.030396
v 0.002572 0.007575 0.029771
v 0.002572 0.007575 0.029521
v 0.002224 0.006550 0.028896
v 0.002224 0.006550 0.028396
v 0.002572 0.007575 0.027771
v 0.002572 0.007575 0.027521
v 0.002224 0.006550 0.026896
v 0.002224 0.006550 0.026396
v 0.002572 0.007575 0.025771
v 0.002572 0.007575 0.025521
v 0.002224 0.006550 0.024896
v 0.002224 0.006550 0.024396
v 0.002572 0.007575 0.023771
v 0.002572 0.007575 0.023521
v 0.002224 0.006550 0.022896
v 0.002224 0.006550 0.022396
v 0.002572 0.007575 0.021771
v 0.002572 0.007575 0.021521
v 0.002224 0.006550 0.020896
v 0.002224 0.006550 0.020396
v 0.002572 0.007575 0.019771
v 0.002572 0.007575 0.019521
v 0.002224 0.006550 0.018896
v 0.002224 0.006550 0.018396
v 0.002572 0.007575 0.017771
v 0.002572 0.007575 0.017521
v 0.002224 0.006550 0.016896
v 0.002224 0.006550 0.016396
v 0.002572 0.007575 0.015771
v 0.002572 0.007575 0.015521
v 0.002224 0.006550 0.014896
v 0.002224 0.006550 0.014396
v 0.002572 0.007575 0.013771
v 0.002572 0.007575 0.013521
v 0.002224 0.006550 0.012896
v 0.002224 0.006550 0.012396
v 0.002572 0.007575 0.011771
v 0.002572 0.007575 0.011521
v 0.002224 0.006550 0.010896
v 0.002224 0.006550 0.010396
v 0.002572 0.007575 0.009771
v 0.002572 0.007575 0.009521
v 0.002224 0.006550 0.008896
v 0.002224 0.006550 0.008396
v 0.002572 0.007575 0.007771
v 0.002572 0.007575 0.007521
v 0.002224 0.006550 0.006896
v 0.002224 0.006550 0.006396
v 0.002572 0.007575 0.005771
v 0.002572 0.007575 0.005521
v 0.002224 0.006550 0.004896
v 0.002224 0.006550 0.004396
v 0.002572 0.007575 0.003771
v 0.002572 0.007575 0.003521
v 0.002224 0.006550 0.002896
v 0.002150 0.006335 0.002396
v 0.002250 0.006629 0.001771
v 0.002170 0.006393 0.001521
v 0.001857 0.005469 0.000896
v 0.001759 0.005181 0.000396
v 0.003538 -0.007175 0.059000
v 0.004000 -0.006928 0.059000
v 0.004445 -0.006652 0.059000
v 0.004870 -0.006347 0.059000
v 0.002047 0.007640 0.058917
v 0.001907 0.007117 0.058417
v 0.002071 0.007727 0.057792
v 0.002071 0.007727 0.057542
v 0.001790 0.006682 0.056917
v 0.001790 0.006682 0.056417
v 0.002071 0.007727 0.055792
v 0.002071 0.007727 0.055542
v 0.001790 0.006682 0.054917
v 0.001790 0.006682 0.054417
v 0.002071 0.007727 0.053792
v 0.002071 0.007727 0.053542
v 0.001790 0.006682 0.052917
v 0.001790 0.006682 0.052417
v 0.002071 0.007727 0.051792
v 0.002071 0.007727 0.051542
v 0.001790 0.006682 0.050917
v 0.001790 0.006682 0.050417
v 0.002071 0.007727 0.049792
v 0.002071 0.007727 0.049542
v 0.001790 0.006682 0.048917
v 0.001790 0.006682 0.048417
v 0.002071 0.007727 0.047792
v 0.002071 0.007727 0.047542
v 0.001790 0.006682 0.046917
v 0.001790 0.006682 0.046417
v 0.002071 0.007727 0.045792
v 0.002071 0.007727 0.045542
v 0.001790 0.006682 0.044917
v 0.001790 0.006682 0.044417
v 0.002071 0.007727 0.043792
v 0.002071 0.007727 0.043542
v 0.001790 0.006682 0.042917
v 0.001790 0.006682 0.042417
v 0.002071 0.007727 0.041792
v 0.002071 0.007727 0.041542
v 0.001790 0.006682 0.040917
v 0.001790 0.006682 0.040417
v 0.002071 0.007727 0.039792
v 0.002071 0.007727 0.039542
v 0.001790 0.006682 0.038917
v 0.001790 0.006682 0.038417
v 0.002071 0.007727 0.037792
v 0.002071 0.007727 0.037542
v 0.001790 0.006682 0.036917
v 0.001790 0.006682 0.036417
v 0.002071 0.007727 0.035792
v 0.002071 0.007727 0.035542
v 0.001790 0.006682 0.034917
v 0.001790 0.006682 0.034417
v 0.002071 0.007727 0.033792
v 0.002071 0.007727 0.033542
v 0.001790 0.006682 0.032917
v 0.001790 0.006682 0.032417
v 0.002071 0.007727 0.031792
v 0.002071 0.007727 0.031542
v 0.001790 0.006682 0.030917
v 0.001790 0.006682 0.030417
v 0.002071 0.007727 0.029792
v 0.002071 0.007727 0.029542
v 0.001790 0.006682 0.028917
v 0.001790 0.006682 0.028417
v 0.002071 0.007727 0.027792
v 0.002071 0.007727 0.027542
v 0.001790 0.006682 0.026917
v 0.001790 0.006682 0.026417
v 0.002071 0.007727 0.025792
v 0.002071 0.007727 0.025542
v 0.001790 0.006682 0.024917
v 0.001790 0.006682 0.024417
v 0.002071 0.007727 0.023792
v 0.002071 0.007727 0.023542
v 0.001790 0.006682 0.022917
v 0.001790 0.006682 0.022417
v 0.002071 0.007727 0.021792
v 0.002071 0.007727 0.021542
v 0.001790 0.006682 0.020917
v 0.001790 0.006682 0.020417
v 0.002071 0.007727 0.019792
v 0.002071 0.007727 0.019542
v 0.001790 0.006682 0.018917
v 0.001790 0.006682 0.018417
v 0.002071 0.007727 0.017792
v 0.002071 0.007727 0.017542
v 0.001790 0.006682 0.016917
v 0.001790 0.006682 0.016417
v 0.002071 0.007727 0.015792
v 0.002071 0.007727 0.015542
v 0.001790 0.006682 0.014917
v 0.001790 0.006682 0.014417
v 0.002071 0.007727 0.013792
v 0.002071 0.007727 0.013542
v 0.001790 0.006682 0.012917
v 0.001790 0.006682 0.012417
v 0.002071 0.007727 0.011792
v 0.002071 0.007727 0.011542
v 0.001790 0.006682 0.010917
v 0.001790 0.006682 0.010417
v 0.002071 0.007727 0.009792
v 0.002071 0.007727 0.009542
v 0.001790 0.006682 0.008917
v 0.001790 0.006682 0.008417
v 0.002071 0.007727 0.007792
v 0.002071 0.007727 0.007542
v 0.001790 0.006682 0.006917
v 0.001790 0.006682 0.006417
v 0.002071 0.007727 0.005792
v 0.002071 0.007727 0.005542
v 0.001790 0.006682 0.004917
v 0.001790 0.006682 0.004417
v 0.002071 0.007727 0.003792
v 0.002071 0.007727 0.003542
v 0.001790 0.006682 0.002917
v 0.001735 0.006474 0.002417
v 0.001817 0.006782 0.001792
v 0.001753 0.006541 0.001542
v 0.001498 0.005591 0.000917
v 0.001419 0.005297 0.000417
v 0.005275 -0.006015 0.059000
v 0.005657 -0.005657 0.059000
v 0.006015 -0.005275 0.059000
v 0.006347 -0.004870 0.059000
v 0.001548 0.007780 0.058937
v 0.001442 0.007249 0.058437
v 0.001561 0.007846 0.057812
v 0.001561 0.007846 0.057562
v 0.001350 0.006785 0.056937
v 0.001350 0.006785 0.056437
v 0.001561 0.007846 0.055812
v 0.001561 0.007846 0.055562
v 0.001350 0.006785 0.054937
v 0.001350 0.006785 0.054437
v 0.001561 0.007846 0.053812
v 0.001561 0.007846 0.053562
v 0.001350 0.006785 0.052937
v 0.001350 0.006785 0.052437
v 0.001561 0.007846 0.051812
v 0.001561 0.007846 0.051562
v 0.001350 0.006785 0.050937
v 0.001350 0.006785 0.050437
v 0.001561 0.007846 0.049812
v 0.001561 0.007846 0.049562
v 0.001350 0.006785 0.048937
v 0.001350 0.006785 0.048437
v 0.001561 0.007846 0.047812
v 0.001561 0.007846 0.047562
v 0.001350 0.006785 0.046937
v 0.001350 0.006785 0.046437
v 0.001561 0.007846 0.045812
v 0.001561 0.007846 0.045562
v 0.001350 0.006785 0.044937
v 0.001350 0.006785 0.044437
v 0.001561 0.007846 0.043812
v 0.001561 0.007846 0.043562
v 0.001350 0.006785 0.042937
v 0.001350 0.006785 0.042437
v 0.001561 0.007846 0.041812
v 0.001561 0.007846 0.041562
v 0.001350 0.006785 0.040937
v 0.001350 0.006785 0.040437
v 0.001561 0.007846 0.039812
v 0.001561 0.007846 0.039562
v 0.001350 0.006785 0.038937
v 0.001350 0.006785 0.038437
v 0.001561 0.007846 0.037812
v 0.001561 0.007846 0.037562
v 0.001350 0.006785 0.036937
v 0.001350 0.006785 0.036437
v 0.001561 0.007846 0.035812
v 0.001561 0.007846 0.035562
v 0.001350 0.006785 0.034937
v 0.001350 0.006785 0.034437
v 0.001561 0.007846 0.033812
v 0.001561 0.007846 0.033562
v 0.001350 0.006785 0.032937
v 0.001350 0.006785 0.032437
v 0.001561 0.007846 0.031812
v 0.001561 0.007846 0.031562
v 0.001350 0.006785 0.030937
v 0.001350 0.006785 0.030437
v 0.001561 0.007846 0.029813
v 0.001561 0.007846 0.029563
v 0.001350 0.006785 0.028938
v 0.001350 0.006785 0.028438
v 0.001561 0.007846 0.027813
v 0.001561 0.007846 0.027563
v 0.001350 0.006785 0.026938
v 0.001350 0.006785 0.026438
v 0.001561 0.007846 0.025813
v 0.001561 0.007846 0.025563
v 0.001350 0.006785 0.024938
v 0.001350 0.006785 0.024438
v 0.001561 0.007846 0.023813
v 0.001561 0.007846 0.023563
v 0.001350 0.006785 0.022938
v 0.001350 0.006785 0.022438
v 0.001561 0.007846 0.021813
v 0.001561 0.007846 0.021563
v 0.001350 0.006785 0.020938
v 0.001350 0.006785 0.020438
v 0.001561 0.007846 0.019813
v 0.001561 0.007846 0.019563
v 0.001350 0.006785 0.018938
v 0.001350 0.006785 0.018438
v 0.001561 0.007846 0.017813
v 0.001561 0.007846 0.017563
v 0.001350 0.006785 0.016938
v 0.001350 0.006785 0.016438
v 0.001561 0.007846 0.015813
v 0.001561 0.007846 0.015563
v 0.001350 0.006785 0.014938
v 0.001350 0.006785 0.014438
v 0.001561 0.007846 0.013812
v 0.001561 0.007846 0.013562
v 0.001350 0.006785 0.012937
v 0.001350 0.006785 0.012437
v 0.001561 0.007846 0.011812
v 0.001561 0.007846 0.011562
v 0.001350 0.006785 0.010937
v 0.001350 0.006785 0.010437
v 0.001561 0.007846 0.009812
v 0.001561 0.007846 0.009562
v 0.001350 0.006785 0.008937
v 0.001350 0.006785 0.008437
v 0.001561 0.007846 0.007812
v 0.001561 0.007846 0.007562
v 0.001350 0.006785 0.006937
v 0.001350 0.006785 0.006437
v 0.001561 0.007846 0.005813
v 0.001561 0.007846 0.005563
v 0.001350 0.006785 0.004938
v 0.001350 0.006785 0.004438
v 0.001561 0.007846 0.003813
v 0.001561 0.007846 0.003563
v 0.001350 0.006785 0.002938
v 0.001310 0.006586 0.002438
v 0.001374 0.006907 0.001812
v 0.001325 0.006662 0.001562
v 0.001132 0.005690 0.000937
v 0.001072 0.005391 0.000437
v 0.006652 -0.004445 0.059000
v 0.006928 -0.004000 0.059000
v 0.007175 -0.003538 0.059000
v 0.007575 -0.002572 0.059000
v 0.001038 0.007887 0.058958
v 0.000968 0.007350 0.058458
v 0.001044 0.007932 0.057833
v 0.001044 0.007932 0.057583
v 0.000903 0.006858 0.056958
v 0.000903 0.006858 0.056458
v 0.001044 0.007932 0.055833
v 0.001044 0.007932 0.055583
v 0.000903 0.006858 0.054958
v 0.000903 0.006858 0.054458
v 0.001044 0.007932 0.053833
v 0.001044 0.007932 0.053583
v 0.000903 0.006858 0.052958
v 0.000903 0.006858 0.052458
v 0.001044 0.007932 0.051833
v 0.001044 0.007932 0.051583
v 0.000903 0.006858 0.050958
v 0.000903 0.006858 0.050458
v 0.001044 0.007932 0.049833
v 0.001044 0.007932 0.049583
v 0.000903 0.006858 0.048958
v 0.000903 0.006858 0.048458
v 0.001044 0.007932 0.047833
v 0.001044 0.007932 0.047583
v 0.000903 0.006858 0.046958
v 0.000903 0.006858 0.046458
v 0.001044 0.007932 0.045833
v 0.001044 0.007932 0.045583
v 0.000903 0.006858 0.044958
v 0.000903 0.006858 0.044458
v 0.001044 0.007932 0.043833
v 0.001044 0.007932 0.043583
v 0.000903 0.006858 0.042958
v 0.000903 0.006858 0.042458
v 0.001044 0.007932 0.041833
v 0.001044 0.007932 0.041583
v 0.000903 0.006858 0.040958
v 0.000903 0.006858 0.040458
v 0.001044 0.007932 0.039833
v 0.001044 0.007932 0.039583
v 0.000903 0.006858 0.038958
v 0.000903 0.006858 0.038458
v 0.001044 0.007932 0.037833
v 0.001044 0.007932 0.037583
v 0.000903 0.006858 0.036958
v 0.000903 0.006858 0.036458
v 0.001044 0.007932 0.035833
v 0.001044 0.007932 0.035583
v 0.000903 0.006858 0.034958
v 0.000903 0.006858 0.034458
v 0.001044 0.007932 0.033833
v 0.001044 0.007932 0.033583
v 0.000903 0.006858 0.032958
v 0.000903 0.006858 0.032458
v 0.001044 0.007932 0.031833
v 0.001044 0.007932 0.031583
v 0.000903 0.006858 0.030958
v 0.000903 0.006858 0.030458
v 0.001044 0.007932 0.029833
v 0.001044 0.007932 0.029583
v 0.000903 0.006858 0.028958
v 0.000903 0.006858 0.028458
v 0.001044 0.007932 0.027833
v 0.001044 0.007932 0.027583
v 0.000903 0.006858 0.026958
v 0.000903 0.006858 0.026458
v 0.001044 0.007932 0.025833
v 0.001044 0.007932 0.025583
v 0.000903 0.006858 0.024958
v 0.000903 0.006858 0.024458
v 0.001044 0.007932 0.023833
v 0.001044 0.007932 0.023583
v 0.000903 0.006858 0.022958
v 0.000903 0.006858 0.022458
v 0.001044 0.007932 0.021833
v 0.001044 0.007932 0.021583
v 0.000903 0.006858 0.020958
v 0.000903 0.006858 0.020458
v 0.001044 0.007932 0.019833
v 0.001044 0.007932 0.019583
v 0.000903 0.006858 0.018958
v 0.000903 0.006858 0.018458
v 0.001044 0.007932 0.017833
v 0.001044 0.007932 0.017583
v 0.000903 0.006858 0.016958
v 0.000903 0.006858 0.016458
v 0.001044 0.007932 0.015833
v 0.001044 0.007932 0.015583
v 0.000903 0.006858 0.014958
v 0.000903 0.006858 0.014458
v 0.001044 0.007932 0.013833
v 0.001044 0.007932 0.013583
v 0.000903 0.006858 0.012958
v 0.000903 0.006858 0.012458
v 0.001044 0.007932 0.011833
v 0.001044 0.007932 0.011583
v 0.000903 0.006858 0.010958
v 0.000903 0.006858 0.010458
v 0.001044 0.007932 0.009833
v 0.001044 0.007932 0.009583
v 0.000903 0.006858 0.008958
v 0.000903 0.006858 0.008458
v 0.001044 0.007932 0.007833
v 0.001044 0.007932 0.007583
v 0.000903 0.006858 0.006958
v 0.000903 0.006858 0.006458
v 0.001044 0.007932 0.005833
v 0.001044 0.007932 0.005583
v 0.000903 0.006858 0.004958
v 0.000903 0.006858 0.004458
v 0.001044 0.007932 0.003833
v 0.001044 0.007932 0.003583
v 0.000903 0.006858 0.002958
v 0.000878 0.006670 0.002458
v 0.000922 0.007003 0.001833
v 0.000889 0.006755 0.001583
v 0.000759 0.005764 0.000958
v 0.000719 0.005462 0.000458
v 0.007727 -0.002071 0.059000
v 0.007846 -0.001561 0.059000
v 0.007932 -0.001044 0.059000
v 0.007983 -0.000523 0.059000
v 0.000522 0.007960 0.058979
v 0.000486 0.007420 0.058479
v 0.000523 0.007983 0.057854
v 0.000523 0.007983 0.057604
v 0.000452 0.006903 0.056979
v 0.000452 0.006903 0.056479
v 0.000523 0.007983 0.055854
v 0.000523 0.007983 0.055604
v 0.000452 0.006903 0.054979
v 0.000452 0.006903 0.054479
v 0.000523 0.007983 0.053854
v 0.000523 0.007983 0.053604
v 0.000452 0.006903 0.052979
v 0.000452 0.006903 0.052479
v 0.000523 0.007983 0.051854
v 0.000523 0.007983 0.051604
v 0.000452 0.006903 0.050979
v 0.000452 0.006903 0.050479
v 0.000523 0.007983 0.049854
v 0.000523 0.007983 0.049604
v 0.000452 0.006903 0.048979
v 0.000452 0.006903 0.048479
v 0.000523 0.007983 0.047854
v 0.000523 0.007983 0.047604
v 0.000452 0.006903 0.046979
v 0.000452 0.006903 0.046479
v 0.000523 0.007983 0.045854
v 0.000523 0.007983 0.045604
v 0.000452 0.006903 0.044979
v 0.000452 0.006903 0.044479
v 0.000523 0.007983 0.043854
v 0.000523 0.007983 0.043604
v 0.000452 0.006903 0.042979
v 0.000452 0.006903 0.042479
v 0.000523 0.007983 0.041854
v 0.000523 0.007983 0.041604
v 0.000452 0.006903 0.040979
v 0.000452 0.006903 0.040479
v 0.000523 0.007983 0.039854
v 0.000523 0.007983 0.039604
v 0.000452 0.006903 0.038979
v 0.000452 0.006903 0.038479
v 0.000523 0.007983 0.037854
v 0.000523 0.007983 0.037604
v 0.000452 0.006903 0.036979
v 0.000452 0.006903 0.036479
v 0.000523 0.007983 0.035854
v 0.000523 0.007983 0.035604
v 0.000452 0.006903 0.034979
v 0.000452 0.006903 0.034479
v 0.000523 0.007983 0.033854
v 0.000523 0.007983 0.033604
v 0.000452 0.006903 0.032979
v 0.000452 0.006903 0.032479
v 0.000523 0.007983 0.031854
v 0.000523 0.007983 0.031604
v 0.000452 0.006903 0.030979
v 0.000452 0.006903 0.030479
v 0.000523 0.007983 0.029854
v 0.000523 0.007983 0.029604
v 0.000452 0.006903 0.028979
v 0.000452 0.006903 0.028479
v 0.000523 0.007983 0.027854
v 0.000523 0.007983 0.027604
v 0.000452 0.006903 0.026979
v 0.000452 0.006903 0.026479
v 0.000523 0.007983 0.025854
v 0.000523 0.007983 0.025604
v 0.000452 0.006903 0.024979
v 0.000452 0.006903 0.024479
v 0.000523 0.007983 0.023854
v 0.000523 0.007983 0.023604
v 0.000452 0.006903 0.022979
v 0.000452 0.006903 0.022479
v 0.000523 0.007983 0.021854
v 0.000523 0.007983 0.021604
v 0.000452 0.006903 0.020979
v 0.000452 0.006903 0.020479
v 0.000523 0.007983 0.019854
v 0.000523 0.007983 0.019604
v 0.000452 0.006903 0.018979
v 0.000452 0.006903 0.018479
v 0.000523 0.007983 0.017854
v 0.000523 0.007983 0.017604
v 0.000452 0.006903 0.016979
v 0.000452 0.006903 0.016479
v 0.000523 0.007983 0.015854
v 0.000523 0.007983 0.015604
v 0.000452 0.006903 0.014979
v 0.000452 0.006903 0.014479
v 0.000523 0.007983 0.013854
v 0.000523 0.007983 0.013604
v 0.000452 0.006903 0.012979
v 0.000452 0.006903 0.012479
v 0.000523 0.007983 0.011854
v 0.000523 0.007983 0.011604
v 0.000452 0.006903 0.010979
v 0.000452 0.006903 0.010479
v 0.000523 0.007983 0.009854
v 0.000523 0.007983 0.009604
v 0.000452 0.006903 0.008979
v 0.000452 0.006903 0.008479
v 0.000523 0.007983 0.007854
v 0.000523 0.007983 0.007604
v 0.000452 0.006903 0.006979
v 0.000452 0.006903 0.006479
v 0.000523 0.007983 0.005854
v 0.000523 0.007983 0.005604
v 0.000452 0.006903 0.004979
v 0.000452 0.006903 0.004479
v 0.000523 0.007983 0.003854
v 0.000523 0.007983 0.003604
v 0.000452 0.006903 0.002979
v 0.000441 0.006726 0.002479
v 0.000463 0.007069 0.001854
v 0.000447 0.006820 0.001604
v 0.000381 0.005814 0.000979
v 0.000361 0.005510 0.000479
v -0.000000 0.008000 0.059000
v -0.000000 0.007459 0.058500
v -0.000000 0.008000 0.057875
v -0.000000 0.008000 0.057625
v -0.000000 0.006917 0.057000
v -0.000000 0.006917 0.056500
v -0.000000 0.008000 0.055875
v -0.000000 0.008000 0.055625
v -0.000000 0.006917 0.055000
v -0.000000 0.006917 0.054500
v -0.000000 0.008000 0.053875
v -0.000000 0.008000 0.053625
v -0.000000 0.006917 0.053000
v -0.000000 0.006917 0.052500
v -0.000000 0.008000 0.051875
v -0.000000 0.008000 0.051625
v -0.000000 0.006917 0.051000
v -0.000000 0.006917 0.050500
v -0.000000 0.008000 0.049875
v -0.000000 0.008000 0.049625
v -0.000000 0.006917 0.049000
v -0.000000 0.006917 0.048500
v -0.000000 0.008000 0.047875
v -0.000000 0.008000 0.047625
v -0.000000 0.006917 0.047000
v -0.000000 0.006917 0.046500
v -0.000000 0.008000 0.045875
v -0.000000 0.008000 0.045625
v -0.000000 0.006917 0.045000
v -0.000000 0.006917 0.044500
v -0.000000 0.008000 0.043875
v -0.000000 0.008000 0.043625
v -0.000000 0.006917 0.043000
v -0.000000 0.006917 0.042500
v -0.000000 0.008000 0.041875
v -0.000000 0.008000 0.041625
v -0.000000 0.006917 0.041000
v -0.000000 0.006917 0.040500
v -0.000000 0.008000 0.039875
v -0.000000 0.008000 0.039625
v -0.000000 0.006917 0.039000
v -0.000000 0.006917 0.038500
v -0.000000 0.008000 0.037875
v -0.000000 0.008000 0.037625
v -0.000000 0.006917 0.037000
v -0.000000 0.006917 0.036500
v -0.000000 0.008000 0.035875
v -0.000000 0.008000 0.035625
v -0.000000 0.006917 0.035000
v -0.000000 0.006917 0.034500
v -0.000000 0.008000 0.033875
v -0.000000 0.008000 0.033625
v -0.000000 0.006917 0.033000
v -0.000000 0.006917 0.032500
v -0.000000 0.008000 0.031875
v -0.000000 0.008000 0.031625
v -0.000000 0.006917 0.031000
v -0.000000 0.006917 0.030500
v -0.000000 0.008000 0.029875
v -0.000000 0.008000 0.029625
v -0.000000 0.006917 0.029000
v -0.000000 0.006917 0.028500
v -0.000000 0.008000 0.027875
v -0.000000 0.008000 0.027625
v -0.000000 0.006917 0.027000
v -0.000000 0.006917 0.026500
v -0.000000 0.008000 0.025875
v -0.000000 0.008000 0.025625
v -0.000000 0.006917 0.025000
v -0.000000 0.006917 0.024500
v -0.000000 0.008000 0.023875
v -0.000000 0.008000 0.023625
v -0.000000 0.006917 0.023000
v -0.000000 0.006917 0.022500
v -0.000000 0.008000 0.021875
v -0.000000 0.008000 0.021625
v -0.000000 0.006917 0.021000
v -0.000000 0.006917 0.020500
v -0.000000 0.008000 0.019875
v -0.000000 0.008000 0.019625
v -0.000000 0.006917 0.019000
v -0.000000 0.006917 0.018500
v -0.000000 0.008000 0.017875
v -0.000000 0.008000 0.017625
v -0.000000 0.006917 0.017000
v -0.000000 0.006917 0.016500
v -0.000000 0.008000 0.015875
v -0.000000 0.008000 0.015625
v -0.000000 0.006917 0.015000
v -0.000000 0.006917 0.014500
v -0.000000 0.008000 0.013875
v -0.000000 0.008000 0.013625
v -0.000000 0.006917 0.013000
v -0.000000 0.006917 0.012500
v -0.000000 0.008000 0.011875
v -0.000000 0.008000 0.011625
v -0.000000 0.006917 0.011000
v -0.000000 0.006917 0.010500
v -0.000000 0.008000 0.009875
v -0.000000 0.008000 0.009625
v -0.000000 0.006917 0.009000
v -0.000000 0.006917 0.008500
v -0.000000 0.008000 0.007875
v -0.000000 0.008000 0.007625
v -0.000000 0.006917 0.007000
v -0.000000 0.006917 0.006500
v -0.000000 0.008000 0.005875
v -0.000000 0.008000 0.005625
v -0.000000 0.006917 0.005000
v -0.000000 0.006917 0.004500
v -0.000000 0.008000 0.003875
v -0.000000 0.008000 0.003625
v -0.000000 0.006917 0.003000
v -0.000000 0.006753 0.002500
v -0.000000 0.007105 0.001875
v -0.000000 0.006855 0.001625
v -0.000000 0.005839 0.001000
v -0.000000 0.005535 0.000500
v -0.000489 0.007465 0.058521
v -0.000523 0.007983 0.057896
v -0.000523 0.007983 0.057646
v -0.000452 0.006903 0.057021
v -0.000452 0.006903 0.056521
v -0.000523 0.007983 0.055896
v -0.000523 0.007983 0.055646
v -0.000452 0.006903 0.055021
v -0.000452 0.006903 0.054521
v -0.000523 0.007983 0.053896
v -0.000523 0.007983 0.053646
v -0.000452 0.006903 0.053021
v -0.000452 0.006903 0.052521
v -0.000523 0.007983 0.051896
v -0.000523 0.007983 0.051646
v -0.000452 0.006903 0.051021
v -0.000452 0.006903 0.050521
v -0.000523 0.007983 0.049896
v -0.000523 0.007983 0.049646
v -0.000452 0.006903 0.049021
v -0.000452 0.006903 0.048521
v -0.000523 0.007983 0.047896
v -0.000523 0.007983 0.047646
v -0.000452 0.006903 0.047021
v -0.000452 0.006903 0.046521
v -0.000523 0.007983 0.045896
v -0.000523 0.007983 0.045646
v -0.000452 0.006903 0.045021
v -0.000452 0.006903 0.044521
v -0.000523 0.007983 0.043896
v -0.000523 0.007983 0.043646
v -0.000452 0.006903 0.043021
v -0.000452 0.006903 0.042521
v -0.000523 0.007983 0.041896
v -0.000523 0.007983 0.041646
v -0.000452 0.006903 0.041021
v -0.000452 0.006903 0.040521
v -0.000523 0.007983 0.039896
v -0.000523 0.007983 0.039646
v -0.000452 0.006903 0.039021
v -0.000452 0.006903 0.038521
v -0.000523 0.007983 0.037896
v -0.000523 0.007983 0.037646
v -0.000452 0.006903 0.037021
v -0.000452 0.006903 0.036521
v -0.000523 0.007983 0.035896
v -0.000523 0.007983 0.035646
v -0.000452 0.006903 0.035021
v -0.000452 0.006903 0.034521
v -0.000523 0.007983 0.033896
v -0.000523 0.007983 0.033646
v -0.000452 0.006903 0.033021
v -0.000452 0.006903 0.032521
v -0.000523 0.007983 0.031896
v -0.000523 0.007983 0.031646
v -0.000452 0.006903 0.031021
v -0.000452 0.006903 0.030521
v -0.000523 0.007983 0.029896
v -0.000523 0.007983 0.029646
v -0.000452 0.006903 0.029021
v -0.000452 0.006903 0.028521
v -0.000523 0.007983 0.027896
v -0.000523 0.007983 0.027646
v -0.000452 0.006903 0.027021
v -0.000452 0.006903 0.026521
v -0.000523 0.007983 0.025896
v -0.000523 0.007983 0.025646
v -0.000452 0.006903 0.025021
v -0.000452 0.006903 0.024521
v -0.000523 0.007983 0.023896
v -0.000523 0.007983 0.023646
v -0.000452 0.006903 0.023021
v -0.000452 0.006903 0.022521
v -0.000523 0.007983 0.021896
v -0.000523 0.007983 0.021646
v -0.000452 0.006903 0.021021
v -0.000452 0.006903 0.020521
v -0.000523 0.007983 0.019896
v -0.000523 0.007983 0.019646
v -0.000452 0.006903 0.019021
v -0.000452 0.006903 0.018521
v -0.000523 0.007983 0.017896
v -0.000523 0.007983 0.017646
v -0.000452 0.006903 0.017021
v -0.000452 0.006903 0.016521
v -0.000523 0.007983 0.015896
v -0.000523 0.007983 0.015646
v -0.000452 0.006903 0.015021
v -0.000452 0.006903 0.014521
v -0.000523 0.007983 0.013896
v -0.000523 0.007983 0.013646
v -0.000452 0.006903 0.013021
v -0.000452 0.006903 0.012521
v -0.000523 0.007983 0.011896
v -0.000523 0.007983 0.011646
v -0.000452 0.006903 0.011021
v -0.000452 0.006903 0.010521
v -0.000523 0.007983 0.009896
v -0.000523 0.007983 0.009646
v -0.000452 0.006903 0.009021
v -0.000452 0.006903 0.008521
v -0.000523 0.007983 0.007896
v -0.000523 0.007983 0.007646
v -0.000452 0.006903 0.007021
v -0.000452 0.006903 0.006521
v -0.000523 0.007983 0.005896
v -0.000523 0.007983 0.005646
v -0.000452 0.006903 0.005021
v -0.000452 0.006903 0.004521
v -0.000523 0.007983 0.003896
v -0.000523 0.007983 0.003646
v -0.000452 0.006903 0.003021
v -0.000442 0.006751 0.002521
v -0.000466 0.007111 0.001896
v -0.000450 0.006861 0.001646
v -0.000383 0.005839 0.001021
v -0.000363 0.005535 0.000521
v -0.000979 0.007440 0.058542
v -0.001044 0.007932 0.057917
v -0.001044 0.007932 0.057667
v -0.000903 0.006858 0.057042
v -0.000903 0.006858 0.056542
v -0.001044 0.007932 0.055917
v -0.001044 0.007932 0.055667
v -0.000903 0.006858 0.055042
v -0.000903 0.006858 0.054542
v -0.001044 0.007932 0.053917
v -0.001044 0.007932 0.053667
v -0.000903 0.006858 0.053042
v -0.000903 0.006858 0.052542
v -0.001044 0.007932 0.051917
v -0.001044 0.007932 0.051667
v -0.000903 0.006858 0.051042
v -0.000903 0.006858 0.050542
v -0.001044 0.007932 0.049917
v -0.001044 0.007932 0.049667
v -0.000903 0.006858 0.049042
v -0.000903 0.006858 0.048542
v -0.001044 0.007932 0.047917
v -0.001044 0.007932 0.047667
v -0.000903 0.006858 0.047042
v -0.000903 0.006858 0.046542
v -0.001044 0.007932 0.045917
v -0.001044 0.007932 0.045667
v -0.000903 0.006858 0.045042
v -0.000903 0.006858 0.044542
v -0.001044 0.007932 0.043917
v -0.001044 0.007932 0.043667
v -0.000903 0.006858 0.043042
v -0.000903 0.006858 0.042542
v -0.001044 0.007932 0.041917
v -0.001044 0.007932 0.041667
v -0.000903 0.006858 0.041042
v -0.000903 0.006858 0.040542
v -0.001044 0.007932 0.039917
v -0.001044 0.007932 0.039667
v -0.000903 0.006858 0.039042
v -0.000903 0.006858 0.038542
v -0.001044 0.007932 0.037917
v -0.001044 0.007932 0.037667
v -0.000903 0.006858 0.037042
v -0.000903 0.006858 0.036542
v -0.001044 0.007932 0.035917
v -0.001044 0.007932 0.035667
v -0.000903 0.006858 0.035042
v -0.000903 0.006858 0.034542
v -0.001044 0.007932 0.033917
v -0.001044 0.007932 0.033667
v -0.000903 0.006858 0.033042
v -0.000903 0.006858 0.032542
v -0.001044 0.007932 0.031917
v -0.001044 0.007932 0.031667
v -0.000903 0.006858 0.031042
v -0.000903 0.006858 0.030542
v -0.001044 0.007932 0.029917
v -0.001044 0.007932 0.029667
v -0.000903 0.006858 0.029042
v -0.000903 0.006858 0.028542
v -0.001044 0.007932 0.027917
v -0.001044 0.007932 0.027667
v -0.000903 0.006858 0.027042
v -0.000903 0.006858 0.026542
v -0.001044 0.007932 0.025917
v -0.001044 0.007932 0.025667
v -0.000903 0.006858 0.025042
v -0.000903 0.006858 0.024542
v -0.001044 0.007932 0.023917
v -0.001044 0.007932 0.023667
v -0.000903 0.006858 0.023042
v -0.000903 0.006858 0.022542
v -0.001044 0.007932 0.021917
v -0.001044 0.007932 0.021667
v -0.000903 0.006858 0.021042
v -0.000903 0.006858 0.020542
v -0.001044 0.007932 0.019917
v -0.001044 0.007932 0.019667
v -0.000903 0.006858 0.019042
v -0.000903 0.006858 0.018542
v -0.001044 0.007932 0.017917
v -0.001044 0.007932 0.017667
v -0.000903 0.006858 0.017042
v -0.000903 0.006858 0.016542
v -0.001044 0.007932 0.015917
v -0.001044 0.007932 0.015667
v -0.000903 0.006858 0.015042
v -0.000903 0.006858 0.014542
v -0.001044 0.007932 0.013917
v -0.001044 0.007932 0.013667
v -0.000903 0.006858 0.013042
v -0.000903 0.006858 0.012542
v -0.001044 0.007932 0.011917
v -0.001044 0.007932 0.011667
v -0.000903 0.006858 0.011042
v -0.000903 0.006858 0.010542
v -0.001044 0.007932 0.009917
v -0.001044 0.007932 0.009667
v -0.000903 0.006858 0.009042
v -0.000903 0.006858 0.008542
v -0.001044 0.007932 0.007917
v -0.001044 0.007932 0.007667
v -0.000903 0.006858 0.007042
v -0.000903 0.006858 0.006542
v -0.001044 0.007932 0.005917
v -0.001044 0.007932 0.005667
v -0.000903 0.006858 0.005042
v -0.000903 0.006858 0.004542
v -0.001044 0.007932 0.003917
v -0.001044 0.007932 0.003667
v -0.000903 0.006858 0.003042
v -0.000885 0.006720 0.002542
v -0.000933 0.007086 0.001917
v -0.000900 0.006838 0.001667
v -0.000765 0.005814 0.001042
v -0.000726 0.005512 0.000542
v -0.001468 0.007382 0.058562
v -0.001561 0.007846 0.057937
v -0.001561 0.007846 0.057687
v -0.001350 0.006785 0.057062
v -0.001350 0.006785 0.056562
v -0.001561 0.007846 0.055937
v -0.001561 0.007846 0.055687
v -0.001350 0.006785 0.055062
v -0.001350 0.006785 0.054562
v -0.001561 0.007846 0.053937
v -0.001561 0.007846 0.053687
v -0.001350 0.006785 0.053062
v -0.001350 0.006785 0.052562
v -0.001561 0.007846 0.051937
v -0.001561 0.007846 0.051687
v -0.001350 0.006785 0.051062
v -0.001350 0.006785 0.050562
v -0.001561 0.007846 0.049937
v -0.001561 0.007846 0.049687
v -0.001350 0.006785 0.049062
v -0.001350 0.006785 0.048562
v -0.001561 0.007846 0.047937
v -0.001561 0.007846 0.047687
v -0.001350 0.006785 0.047062
v -0.001350 0.006785 0.046562
v -0.001561 0.007846 0.045937
v -0.001561 0.007846 0.045687
v -0.001350 0.006785 0.045062
v -0.001350 0.006785 0.044562
v -0.001561 0.007846 0.043937
v -0.001561 0.007846 0.043687
v -0.001350 0.006785 0.043062
v -0.001350 0.006785 0.042562
v -0.001561 0.007846 0.041937
v -0.001561 0.007846 0.041687
v -0.001350 0.006785 0.041062
v -0.001350 0.006785 0.040562
v -0.001561 0.007846 0.039937
v -0.001561 0.007846 0.039687
v -0.001350 0.006785 0.039062
v -0.001350 0.006785 0.038562
v -0.001561 0.007846 0.037937
v -0.001561 0.007846 0.037687
v -0.001350 0.006785 0.037062
v -0.001350 0.006785 0.036562
v -0.001561 0.007846 0.035937
v -0.001561 0.007846 0.035687
v -0.001350 0.006785 0.035062
v -0.001350 0.006785 0.034562
v -0.001561 0.007846 0.033937
v -0.001561 0.007846 0.033687
v -0.001350 0.006785 0.033062
v -0.001350 0.006785 0.032562
v -0.001561 0.007846 0.031937
v -0.001561 0.007846 0.031687
v -0.001350 0.006785 0.031062
v -0.001350 0.006785 0.030562
v -0.001561 0.007846 0.029938
v -0.001561 0.007846 0.029688
v -0.001350 0.006785 0.029063
v -0.001350 0.006785 0.028563
v -0.001561 0.007846 0.027938
v -0.001561 0.007846 0.027688
v -0.001350 0.006785 0.027063
v -0.001350 0.006785 0.026563
v -0.001561 0.007846 0.025938
v -0.001561 0.007846 0.025688
v -0.001350 0.006785 0.025063
v -0.001350 0.006785 0.024563
v -0.001561 0.007846 0.023938
v -0.001561 0.007846 0.023688
v -0.001350 0.006785 0.023063
v -0.001350 0.006785 0.022563
v -0.001561 0.007846 0.021938
v -0.001561 0.007846 0.021688
v -0.001350 0.006785 0.021063
v -0.001350 0.006785 0.020563
v -0.001561 0.007846 0.019938
v -0.001561 0.007846 0.019688
v -0.001350 0.006785 0.019063
v -0.001350 0.006785 0.018563
v -0.001561 0.007846 0.017938
v -0.001561 0.007846 0.017688
v -0.001350 0.006785 0.017063
v -0.001350 0.006785 0.016563
v -0.001561 0.007846 0.015938
v -0.001561 0.007846 0.015688
v -0.001350 0.006785 0.015063
v -0.001350 0.006785 0.014563
v -0.001561 0.007846 0.013937
v -0.001561 0.007846 0.013687
v -0.001350 0.006785 0.013062
v -0.001350 0.006785 0.012562
v -0.001561 0.007846 0.011937
v -0.001561 0.007846 0.011687
v -0.001350 0.006785 0.011062
v -0.001350 0.006785 0.010562
v -0.001561 0.007846 0.009937
v -0.001561 0.007846 0.009687
v -0.001350 0.006785 0.009062
v -0.001350 0.006785 0.008562
v -0.001561 0.007846 0.007937
v -0.001561 0.007846 0.007687
v -0.001350 0.006785 0.007062
v -0.001350 0.006785 0.006562
v -0.001561 0.007846 0.005938
v -0.001561 0.007846 0.005688
v -0.001350 0.006785 0.005063
v -0.001350 0.006785 0.004563
v -0.001561 0.007846 0.003938
v -0.001561 0.007846 0.003688
v -0.001350 0.006785 0.003063
v -0.001325 0.006661 0.002563
v -0.001398 0.007030 0.001937
v -0.001350 0.006785 0.001687
v -0.001147 0.005764 0.001062
v -0.001087 0.005466 0.000562
v -0.001954 0.007292 0.058583
v -0.002071 0.007727 0.057958
v -0.002071 0.007727 0.057708
v -0.001790 0.006682 0.057083
v -0.001790 0.006682 0.056583
v -0.002071 0.007727 0.055958
v -0.002071 0.007727 0.055708
v -0.001790 0.006682 0.055083
v -0.001790 0.006682 0.054583
v -0.002071 0.007727 0.053958
v -0.002071 0.007727 0.053708
v -0.001790 0.006682 0.053083
v -0.001790 0.006682 0.052583
v -0.002071 0.007727 0.051958
v -0.002071 0.007727 0.051708
v -0.001790 0.006682 0.051083
v -0.001790 0.006682 0.050583
v -0.002071 0.007727 0.049958
v -0.002071 0.007727 0.049708
v -0.001790 0.006682 0.049083
v -0.001790 0.006682 0.048583
v -0.002071 0.007727 0.047958
v -0.002071 0.007727 0.047708
v -0.001790 0.006682 0.047083
v -0.001790 0.006682 0.046583
v -0.002071 0.007727 0.045958
v -0.002071 0.007727 0.045708
v -0.001790 0.006682 0.045083
v -0.001790 0.006682 0.044583
v -0.002071 0.007727 0.043958
v -0.002071 0.007727 0.043708
v -0.001790 0.006682 0.043083
v -0.001790 0.006682 0.042583
v -0.002071 0.007727 0.041958
v -0.002071 0.007727 0.041708
v -0.001790 0.006682 0.041083
v -0.001790 0.006682 0.040583
v -0.002071 0.007727 0.039958
v -0.002071 0.007727 0.039708
v -0.001790 0.006682 0.039083
v -0.001790 0.006682 0.038583
v -0.002071 0.007727 0.037958
v -0.002071 0.007727 0.037708
v -0.001790 0.006682 0.037083
v -0.001790 0.006682 0.036583
v -0.002071 0.007727 0.035958
v -0.002071 0.007727 0.035708
v -0.001790 0.006682 0.035083
v -0.001790 0.006682 0.034583
v -0.002071 0.007727 0.033958
v -0.002071 0.007727 0.033708
v -0.001790 0.006682 0.033083
v -0.001790 0.006682 0.032583
v -0.002071 0.007727 0.031958
v -0.002071 0.007727 0.031708
v -0.001790 0.006682 0.031083
v -0.001790 0.006682 0.030583
v -0.002071 0.007727 0.029958
v -0.002071 0.007727 0.029708
v -0.001790 0.006682 0.029083
v -0.001790 0.006682 0.028583
v -0.002071 0.007727 0.027958
v -0.002071 0.007727 0.027708
v -0.001790 0.006682 0.027083
v -0.001790 0.006682 0.026583
v -0.002071 0.007727 0.025958
v -0.002071 0.007727 0.025708
v -0.001790 0.006682 0.025083
v -0.001790 0.006682 0.024583
v -0.002071 0.007727 0.023958
v -0.002071 0.007727 0.023708
v -0.001790 0.006682 0.023083
v -0.001790 0.006682 0.022583
v -0.002071 0.007727 0.021958
v -0.002071 0.007727 0.021708
v -0.001790 0.006682 0.021083
v -0.001790 0.006682 0.020583
v -0.002071 0.007727 0.019958
v -0.002071 0.007727 0.019708
v -0.001790 0.006682 0.019083
v -0.001790 0.006682 0.018583
v -0.002071 0.007727 0.017958
v -0.002071 0.007727 0.017708
v -0.001790 0.006682 0.017083
v -0.001790 0.006682 0.016583
v -0.002071 0.007727 0.015958
v -0.002071 0.007727 0.015708
v -0.001790 0.006682 0.015083
v -0.001790 0.006682 0.014583
v -0.002071 0.007727 0.013958
v -0.002071 0.007727 0.013708
v -0.001790 0.006682 0.013083
v -0.001790 0.006682 0.012583
v -0.002071 0.007727 0.011958
v -0.002071 0.007727 0.011708
v -0.001790 0.006682 0.011083
v -0.001790 0.006682 0.010583
v -0.002071 0.007727 0.009958
v -0.002071 0.007727 0.009708
v -0.001790 0.006682 0.009083
v -0.001790 0.006682 0.008583
v -0.002071 0.007727 0.007958
v -0.002071 0.007727 0.007708
v -0.001790 0.006682 0.007083
v -0.001790 0.006682 0.006583
v -0.002071 0.007727 0.005958
v -0.002071 0.007727 0.005708
v -0.001790 0.006682 0.005083
v -0.001790 0.006682 0.004583
v -0.002071 0.007727 0.003958
v -0.002071 0.007727 0.003708
v -0.001790 0.006682 0.003083
v -0.001761 0.006572 0.002583
v -0.001860 0.006943 0.001958
v -0.001796 0.006702 0.001708
v -0.001524 0.005689 0.001083
v -0.001446 0.005395 0.000583
v -0.002434 0.007170 0.058604
v -0.002572 0.007575 0.057979
v -0.002572 0.007575 0.057729
v -0.002224 0.006550 0.057104
v -0.002224 0.006550 0.056604
v -0.002572 0.007575 0.055979
v -0.002572 0.007575 0.055729
v -0.002224 0.006550 0.055104
v -0.002224 0.006550 0.054604
v -0.002572 0.007575 0.053979
v -0.002572 0.007575 0.053729
v -0.002224 0.006550 0.053104
v -0.002224 0.006550 0.052604
v -0.002572 0.007575 0.051979
v -0.002572 0.007575 0.051729
v -0.002224 0.006550 0.051104
v -0.002224 0.006550 0.050604
v -0.002572 0.007575 0.049979
v -0.002572 0.007575 0.049729
v -0.002224 0.006550 0.049104
v -0.002224 0.006550 0.048604
v -0.002572 0.007575 0.047979
v -0.002572 0.007575 0.047729
v -0.002224 0.006550 0.047104
v -0.002224 0.006550 0.046604
v -0.002572 0.007575 0.045979
v -0.002572 0.007575 0.045729
v -0.002224 0.006550 0.045104
v -0.002224 0.006550 0.044604
v -0.002572 0.007575 0.043979
v -0.002572 0.007575 0.043729
v -0.002224 0.006550 0.043104
v -0.002224 0.006550 0.042604
v -0.002572 0.007575 0.041979
v -0.002572 0.007575 0.041729
v -0.002224 0.006550 0.041104
v -0.002224 0.006550 0.040604
v -0.002572 0.007575 0.039979
v -0.002572 0.007575 0.039729
v -0.002224 0.006550 0.039104
v -0.002224 0.006550 0.038604
v -0.002572 0.007575 0.037979
v -0.002572 0.007575 0.037729
v -0.002224 0.006550 0.037104
v -0.002224 0.006550 0.036604
v -0.002572 0.007575 0.035979
v -0.002572 0.007575 0.035729
v -0.002224 0.006550 0.035104
v -0.002224 0.006550 0.034604
v -0.002572 0.007575 0.033979
v -0.002572 0.007575 0.033729
v -0.002224 0.006550 0.033104
v -0.002224 0.006550 0.032604
v -0.002572 0.007575 0.031979
v -0.002572 0.007575 0.031729
v -0.002224 0.006550 0.031104
v -0.002224 0.006550 0.030604
v -0.002572 0.007575 0.029979
v -0.002572 0.007575 0.029729
v -0.002224 0.006550 0.029104
v -0.002224 0.006550 0.028604
v -0.002572 0.007575 0.027979
v -0.002572 0.007575 0.027729
v -0.002224 0.006550 0.027104
v -0.002224 0.006550 0.026604
v -0.002572 0.007575 0.025979
v -0.002572 0.007575 0.025729
v -0.002224 0.006550 0.025104
v -0.002224 0.006550 0.024604
v -0.002572 0.007575 0.023979
v -0.002572 0.007575 0.023729
v -0.002224 0.006550 0.023104
v -0.002224 0.006550 0.022604
v -0.002572 0.007575 0.021979
v -0.002572 0.007575 0.021729
v -0.002224 0.006550 0.021104
v -0.002224 0.006550 0.020604
v -0.002572 0.007575 0.019979
v -0.002572 0.007575 0.019729
v -0.002224 0.006550 0.019104
v -0.002224 0.006550 0.018604
v -0.002572 0.007575 0.017979
v -0.002572 0.007575 0.017729
v -0.002224 0.006550 0.017104
v -0.002224 0.006550 0.016604
v -0.002572 0.007575 0.015979
v -0.002572 0.007575 0.015729
v -0.002224 0.006550 0.015104
v -0.002224 0.006550 0.014604
v -0.002572 0.007575 0.013979
v -0.002572 0.007575 0.013729
v -0.002224 0.006550 0.013104
v -0.002224 0.006550 0.012604
v -0.002572 0.007575 0.011979
v -0.002572 0.007575 0.011729
v -0.002224 0.006550 0.011104
v -0.002224 0.006550 0.010604
v -0.002572 0.007575 0.009979
v -0.002572 0.007575 0.009729
v -0.002224 0.006550 0.009104
v -0.002224 0.006550 0.008604
v -0.002572 0.007575 0.007979
v -0.002572 0.007575 0.007729
v -0.002224 0.006550 0.007104
v -0.002224 0.006550 0.006604
v -0.002572 0.007575 0.005979
v -0.002572 0.007575 0.005729
v -0.002224 0.006550 0.005104
v -0.002224 0.006550 0.004604
v -0.002572 0.007575 0.003979
v -0.002572 0.007575 0.003729
v -0.002224 0.006550 0.003104
v -0.002191 0.006455 0.002604
v -0.002317 0.006827 0.001979
v -0.002237 0.006590 0.001729
v -0.001897 0.005589 0.001104
v -0.001799 0.005301 0.000604
v -0.002906 0.007016 0.058625
v -0.003061 0.007391 0.058000
v -0.003061 0.007391 0.057750
v -0.002647 0.006391 0.057125
v -0.002647 0.006391 0.056625
v -0.003061 0.007391 0.056000
v -0.003061 0.007391 0.055750
v -0.002647 0.006391 0.055125
v -0.002647 0.006391 0.054625
v -0.003061 0.007391 0.054000
v -0.003061 0.007391 0.053750
v -0.002647 0.006391 0.053125
v -0.002647 0.006391 0.052625
v -0.003061 0.007391 0.052000
v -0.003061 0.007391 0.051750
v -0.002647 0.006391 0.051125
v -0.002647 0.006391 0.050625
v -0.003061 0.007391 0.050000
v -0.003061 0.007391 0.049750
v -0.002647 0.006391 0.049125
v -0.002647 0.006391 0.048625
v -0.003061 0.007391 0.048000
v -0.003061 0.007391 0.047750
v -0.002647 0.006391 0.047125
v -0.002647 0.006391 0.046625
v -0.003061 0.007391 0.046000
v -0.003061 0.007391 0.045750
v -0.002647 0.006391 0.045125
v -0.002647 0.006391 0.044625
v -0.003061 0.007391 0.044000
v -0.003061 0.007391 0.043750
v -0.002647 0.006391 0.043125
v -0.002647 0.006391 0.042625
v -0.003061 0.007391 0.042000
v -0.003061 0.007391 0.041750
v -0.002647 0.006391 0.041125
v -0.002647 0.006391 0.040625
v -0.003061 0.007391 0.040000
v -0.003061 0.007391 0.039750
v -0.002647 0.006391 0.039125
v -0.002647 0.006391 0.038625
v -0.003061 0.007391 0.038000
v -0.003061 0.007391 0.037750
v -0.002647 0.006391 0.037125
v -0.002647 0.006391 0.036625
v -0.003061 0.007391 0.036000
v -0.003061 0.007391 0.035750
v -0.002647 0.006391 0.035125
v -0.002647 0.006391 0.034625
v -0.003061 0.007391 0.034000
v -0.003061 0.007391 0.033750
v -0.002647 0.006391 0.033125
v -0.002647 0.006391 0.032625
v -0.003061 0.007391 0.032000
v -0.003061 0.007391 0.031750
v -0.002647 0.006391 0.031125
v -0.002647 0.006391 0.030625
v -0.003061 0.007391 0.030000
v -0.003061 0.007391 0.029750
v -0.002647 0.006391 0.029125
v -0.002647 0.006391 0.028625
v -0.003061 0.007391 0.028000
v -0.003061 0.007391 0.027750
v -0.002647 0.006391 0.027125
v -0.002647 0.006391 0.026625
v -0.003061 0.007391 0.026000
v -0.003061 0.007391 0.025750
v -0.002647 0.006391 0.025125
v -0.002647 0.006391 0.024625
v -0.003061 0.007391 0.024000
v -0.003061 0.007391 0.023750
v -0.002647 0.006391 0.023125
v -0.002647 0.006391 0.022625
v -0.003061 0.007391 0.022000
v -0.003061 0.007391 0.021750
v -0.002647 0.006391 0.021125
v -0.002647 0.006391 0.020625
v -0.003061 0.007391 0.020000
v -0.003061 0.007391 0.019750
v -0.002647 0.006391 0.019125
v -0.002647 0.006391 0.018625
v -0.003061 0.007391 0.018000
v -0.003061 0.007391 0.017750
v -0.002647 0.006391 0.017125
v -0.002647 0.006391 0.016625
v -0.003061 0.007391 0.016000
v -0.003061 0.007391 0.015750
v -0.002647 0.006391 0.015125
v -0.002647 0.006391 0.014625
v -0.003061 0.007391 0.014000
v -0.003061 0.007391 0.013750
v -0.002647 0.006391 0.013125
v -0.002647 0.006391 0.012625
v -0.003061 0.007391 0.012000
v -0.003061 0.007391 0.011750
v -0.002647 0.006391 0.011125
v -0.002647 0.006391 0.010625
v -0.003061 0.007391 0.010000
v -0.003061 0.007391 0.009750
v -0.002647 0.006391 0.009125
v -0.002647 0.006391 0.008625
v -0.003061 0.007391 0.008000
v -0.003061 0.007391 0.007750
v -0.002647 0.006391 0.007125
v -0.002647 0.006391 0.006625
v -0.003061 0.007391 0.006000
v -0.003061 0.007391 0.005750
v -0.002647 0.006391 0.005125
v -0.002647 0.006391 0.004625
v -0.003061 0.007391 0.004000
v -0.003061 0.007391 0.003750
v -0.002647 0.006391 0.003125
v -0.002613 0.006309 0.002625
v -0.002767 0.006680 0.002000
v -0.002671 0.006449 0.001750
v -0.002264 0.005465 0.001125
v -0.002147 0.005184 0.000625
v -0.002001 0.004832 0.000000
v -0.003369 0.006831 0.058646
v -0.003538 0.007175 0.058021
v -0.003538 0.007175 0.057771
v -0.003060 0.006204 0.057146
v -0.003060 0.006204 0.056646
v -0.003538 0.007175 0.056021
v -0.003538 0.007175 0.055771
v -0.003060 0.006204 0.055146
v -0.003060 0.006204 0.054646
v -0.003538 0.007175 0.054021
v -0.003538 0.007175 0.053771
v -0.003060 0.006204 0.053146
v -0.003060 0.006204 0.052646
v -0.003538 0.007175 0.052021
v -0.003538 0.007175 0.051771
v -0.003060 0.006204 0.051146
v -0.003060 0.006204 0.050646
v -0.003538 0.007175 0.050021
v -0.003538 0.007175 0.049771
v -0.003060 0.006204 0.049146
v -0.003060 0.006204 0.048646
v -0.003538 0.007175 0.048021
v -0.003538 0.007175 0.047771
v -0.003060 0.006204 0.047146
v -0.003060 0.006204 0.046646
v -0.003538 0.007175 0.046021
v -0.003538 0.007175 0.045771
v -0.003060 0.006204 0.045146
v -0.003060 0.006204 0.044646
v -0.003538 0.007175 0.044021
v -0.003538 0.007175 0.043771
v -0.003060 0.006204 0.043146
v -0.003060 0.006204 0.042646
v -0.003538 0.007175 0.042021
v -0.003538 0.007175 0.041771
v -0.003060 0.006204 0.041146
v -0.003060 0.006204 0.040646
v -0.003538 0.007175 0.040021
v -0.003538 0.007175 0.039771
v -0.003060 0.006204 0.039146
v -0.003060 0.006204 0.038646
v -0.003538 0.007175 0.038021
v -0.003538 0.007175 0.037771
v -0.003060 0.006204 0.037146
v -0.003060 0.006204 0.036646
v -0.003538 0.007175 0.036021
v -0.003538 0.007175 0.035771
v -0.003060 0.006204 0.035146
v -0.003060 0.006204 0.034646
v -0.003538 0.007175 0.034021
v -0.003538 0.007175 0.033771
v -0.003060 0.006204 0.033146
v -0.003060 0.006204 0.032646
v -0.003538 0.007175 0.032021
v -0.003538 0.007175 0.031771
v -0.003060 0.006204 0.031146
v -0.003060 0.006204 0.030646
v -0.003538 0.007175 0.030021
v -0.003538 0.007175 0.029771
v -0.003060 0.006204 0.029146
v -0.003060 0.006204 0.028646
v -0.003538 0.007175 0.028021
v -0.003538 0.007175 0.027771
v -0.003060 0.006204 0.027146
v -0.003060 0.006204 0.026646
v -0.003538 0.007175 0.026021
v -0.003538 0.007175 0.025771
v -0.003060 0.006204 0.025146
v -0.003060 0.006204 0.024646
v -0.003538 0.007175 0.024021
v -0.003538 0.007175 0.023771
v -0.003060 0.006204 0.023146
v -0.003060 0.006204 0.022646
v -0.003538 0.007175 0.022021
v -0.003538 0.007175 0.021771
v -0.003060 0.006204 0.021146
v -0.003060 0.006204 0.020646
v -0.003538 0.007175 0.020021
v -0.003538 0.007175 0.019771
v -0.003060 0.006204 0.019146
v -0.003060 0.006204 0.018646
v -0.003538 0.007175 0.018021
v -0.003538 0.007175 0.017771
v -0.003060 0.006204 0.017146
v -0.003060 0.006204 0.016646
v -0.003538 0.007175 0.016021
v -0.003538 0.007175 0.015771
v -0.003060 0.006204 0.015146
v -0.003060 0.006204 0.014646
v -0.003538 0.007175 0.014021
v -0.003538 0.007175 0.013771
v -0.003060 0.006204 0.013146
v -0.003060 0.006204 0.012646
v -0.003538 0.007175 0.012021
v -0.003538 0.007175 0.011771
v -0.003060 0.006204 0.011146
v -0.003060 0.006204 0.010646
v -0.003538 0.007175 0.010021
v -0.003538 0.007175 0.009771
v -0.003060 0.006204 0.009146
v -0.003060 0.006204 0.008646
v -0.003538 0.007175 0.008021
v -0.003538 0.007175 0.007771
v -0.003060 0.006204 0.007146
v -0.003060 0.006204 0.006646
v -0.003538 0.007175 0.006021
v -0.003538 0.007175 0.005771
v -0.003060 0.006204 0.005146
v -0.003060 0.006204 0.004646
v -0.003538 0.007175 0.004021
v -0.003538 0.007175 0.003771
v -0.003060 0.006204 0.003146
v -0.003026 0.006136 0.002646
v -0.003207 0.006503 0.002021
v -0.003096 0.006279 0.001771
v -0.002622 0.005317 0.001146
v -0.002487 0.005044 0.000646
v -0.002322 0.004709 0.000021
v -0.003820 0.006616 0.058667
v -0.004000 0.006928 0.058042
v -0.004000 0.006928 0.057792
v -0.003459 0.005991 0.057167
v -0.003459 0.005991 0.056667
v -0.004000 0.006928 0.056042
v -0.004000 0.006928 0.055792
v -0.003459 0.005991 0.055167
v -0.003459 0.005991 0.054667
v -0.004000 0.006928 0.054042
v -0.004000 0.006928 0.053792
v -0.003459 0.005991 0.053167
v -0.003459 0.005991 0.052667
v -0.004000 0.006928 0.052042
v -0.004000 0.006928 0.051792
v -0.003459 0.005991 0.051167
v -0.003459 0.005991 0.050667
v -0.004000 0.006928 0.050042
v -0.004000 0.006928 0.049792
v -0.003459 0.005991 0.049167
v -0.003459 0.005991 0.048667
v -0.004000 0.006928 0.048042
v -0.004000 0.006928 0.047792
v -0.003459 0.005991 0.047167
v -0.003459 0.005991 0.046667
v -0.004000 0.006928 0.046042
v -0.004000 0.006928 0.045792
v -0.003459 0.005991 0.045167
v -0.003459 0.005991 0.044667
v -0.004000 0.006928 0.044042
v -0.004000 0.006928 0.043792
v -0.003459 0.005991 0.043167
v -0.003459 0.005991 0.042667
v -0.004000 0.006928 0.042042
v -0.004000 0.006928 0.041792
v -0.003459 0.005991 0.041167
v -0.003459 0.005991 0.040667
v -0.004000 0.006928 0.040042
v -0.004000 0.006928 0.039792
v -0.003459 0.005991 0.039167
v -0.003459 0.005991 0.038667
v -0.004000 0.006928 0.038042
v -0.004000 0.006928 0.037792
v -0.003459 0.005991 0.037167
v -0.003459 0.005991 0.036667
v -0.004000 0.006928 0.036042
v -0.004000 0.006928 0.035792
v -0.003459 0.005991 0.035167
v -0.003459 0.005991 0.034667
v -0.004000 0.006928 0.034042
v -0.004000 0.006928 0.033792
v -0.003459 0.005991 0.033167
v -0.003459 0.005991 0.032667
v -0.004000 0.006928 0.032042
v -0.004000 0.006928 0.031792
v -0.003459 0.005991 0.031167
v -0.003459 0.005991 0.030667
v -0.004000 0.006928 0.030042
v -0.004000 0.006928 0.029792
v -0.003459 0.005991 0.029167
v -0.003459 0.005991 0.028667
v -0.004000 0.006928 0.028042
v -0.004000 0.006928 0.027792
v -0.003459 0.005991 0.027167
v -0.003459 0.005991 0.026667
v -0.004000 0.006928 0.026042
v -0.004000 0.006928 0.025792
v -0.003459 0.005991 0.025167
v -0.003459 0.005991 0.024667
v -0.004000 0.006928 0.024042
v -0.004000 0.006928 0.023792
v -0.003459 0.005991 0.023167
v -0.003459 0.005991 0.022667
v -0.004000 0.006928 0.022042
v -0.004000 0.006928 0.021792
v -0.003459 0.005991 0.021167
v -0.003459 0.005991 0.020667
v -0.004000 0.006928 0.020042
v -0.004000 0.006928 0.019792
v -0.003459 0.005991 0.019167
v -0.003459 0.005991 0.018667
v -0.004000 0.006928 0.018042
v -0.004000 0.006928 0.017792
v -0.003459 0.005991 0.017167
v -0.003459 0.005991 0.016667
v -0.004000 0.006928 0.016042
v -0.004000 0.006928 0.015792
v -0.003459 0.005991 0.015167
v -0.003459 0.005991 0.014667
v -0.004000 0.006928 0.014042
v -0.004000 0.006928 0.013792
v -0.003459 0.005991 0.013167
v -0.003459 0.005991 0.012667
v -0.004000 0.006928 0.012042
v -0.004000 0.006928 0.011792
v -0.003459 0.005991 0.011167
v -0.003459 0.005991 0.010667
v -0.004000 0.006928 0.010042
v -0.004000 0.006928 0.009792
v -0.003459 0.005991 0.009167
v -0.003459 0.005991 0.008667
v -0.004000 0.006928 0.008042
v -0.004000 0.006928 0.007792
v -0.003459 0.005991 0.007167
v -0.003459 0.005991 0.006667
v -0.004000 0.006928 0.006042
v -0.004000 0.006928 0.005792
v -0.003459 0.005991 0.005167
v -0.003459 0.005991 0.004667
v -0.004000 0.006928 0.004042
v -0.004000 0.006928 0.003792
v -0.003459 0.005991 0.003167
v -0.003427 0.005936 0.002667
v -0.003636 0.006297 0.002042
v -0.003511 0.006081 0.001792
v -0.002970 0.005145 0.001167
v -0.002818 0.004881 0.000667
v -0.002636 0.004565 0.000042
v -0.004257 0.006370 0.058687
v -0.004445 0.006652 0.058062
v -0.004445 0.006652 0.057812
v -0.003843 0.005752 0.057187
v -0.003843 0.005752 0.056687
v -0.004445 0.006652 0.056062
v -0.004445 0.006652 0.055812
v -0.003843 0.005752 0.055187
v -0.003843 0.005752 0.054687
v -0.004445 0.006652 0.054062
v -0.004445 0.006652 0.053812
v -0.003843 0.005752 0.053187
v -0.003843 0.005752 0.052687
v -0.004445 0.006652 0.052062
v -0.004445 0.006652 0.051812
v -0.003843 0.005752 0.051187
v -0.003843 0.005752 0.050687
v -0.004445 0.006652 0.050062
v -0.004445 0.006652 0.049812
v -0.003843 0.005752 0.049187
v -0.003843 0.005752 0.048687
v -0.004445 0.006652 0.048062
v -0.004445 0.006652 0.047812
v -0.003843 0.005752 0.047187
v -0.003843 0.005752 0.046687
v -0.004445 0.006652 0.046062
v -0.004445 0.006652 0.045812
v -0.003843 0.005752 0.045187
v -0.003843 0.005752 0.044687
v -0.004445 0.006652 0.044062
v -0.004445 0.006652 0.043812
v -0.003843 0.005752 0.043187
v -0.003843 0.005752 0.042687
v -0.004445 0.006652 0.042062
v -0.004445 0.006652 0.041812
v -0.003843 0.005752 0.041187
v -0.003843 0.005752 0.040687
v -0.004445 0.006652 0.040062
v -0.004445 0.006652 0.039812
v -0.003843 0.005752 0.039187
v -0.003843 0.005752 0.038687
v -0.004445 0.006652 0.038062
v -0.004445 0.006652 0.037812
v -0.003843 0.005752 0.037187
v -0.003843 0.005752 0.036687
v -0.004445 0.006652 0.036062
v -0.004445 0.006652 0.035812
v -0.003843 0.005752 0.035187
v -0.003843 0.005752 0.034687
v -0.004445 0.006652 0.034062
v -0.004445 0.006652 0.033812
v -0.003843 0.005752 0.033187
v -0.003843 0.005752 0.032687
v -0.004445 0.006652 0.032062
v -0.004445 0.006652 0.031812
v -0.003843 0.005752 0.031187
v -0.003843 0.005752 0.030687
v -0.004445 0.006652 0.030063
v -0.004445 0.006652 0.029813
v -0.003843 0.005752 0.029188
v -0.003843 0.005752 0.028688
v -0.004445 0.006652 0.028063
v -0.004445 0.006652 0.027813
v -0.003843 0.005752 0.027188
v -0.003843 0.005752 0.026688
v -0.004445 0.006652 0.026063
v -0.004445 0.006652 0.025813
v -0.003843 0.005752 0.025188
v -0.003843 0.005752 0.024688
v -0.004445 0.006652 0.024063
v -0.004445 0.006652 0.023813
v -0.003843 0.005752 0.023188
v -0.003843 0.005752 0.022688
v -0.004445 0.006652 0.022063
v -0.004445 0.006652 0.021813
v -0.003843 0.005752 0.021188
v -0.003843 0.005752 0.020688
v -0.004445 0.006652 0.020063
v -0.004445 0.006652 0.019813
v -0.003843 0.005752 0.019188
v -0.003843 0.005752 0.018688
v -0.004445 0.006652 0.018063
v -0.004445 0.006652 0.017813
v -0.003843 0.005752 0.017188
v -0.003843 0.005752 0.016688
v -0.004445 0.006652 0.016063
v -0.004445 0.006652 0.015813
v -0.003843 0.005752 0.015188
v -0.003843 0.005752 0.014688
v -0.004445 0.006652 0.014062
v -0.004445 0.006652 0.013812
v -0.003843 0.005752 0.013187
v -0.003843 0.005752 0.012687
v -0.004445 0.006652 0.012062
v -0.004445 0.006652 0.011812
v -0.003843 0.005752 0.011187
v -0.003843 0.005752 0.010687
v -0.004445 0.006652 0.010062
v -0.004445 0.006652 0.009812
v -0.003843 0.005752 0.009187
v -0.003843 0.005752 0.008687
v -0.004445 0.006652 0.008062
v -0.004445 0.006652 0.007812
v -0.003843 0.005752 0.007187
v -0.003843 0.005752 0.006687
v -0.004445 0.006652 0.006063
v -0.004445 0.006652 0.005813
v -0.003843 0.005752 0.005188
v -0.003843 0.005752 0.004688
v -0.004445 0.006652 0.004063
v -0.004445 0.006652 0.003813
v -0.003843 0.005752 0.003188
v -0.003815 0.005710 0.002688
v -0.004051 0.006063 0.002062
v -0.003913 0.005856 0.001812
v -0.003308 0.004950 0.001187
v -0.003138 0.004697 0.000687
v -0.002940 0.004401 0.000063
v -0.004678 0.006096 0.058708
v -0.004870 0.006347 0.058083
v -0.004870 0.006347 0.057833
v -0.004211 0.005488 0.057208
v -0.004211 0.005488 0.056708
v -0.004870 0.006347 0.056083
v -0.004870 0.006347 0.055833
v -0.004211 0.005488 0.055208
v -0.004211 0.005488 0.054708
v -0.004870 0.006347 0.054083
v -0.004870 0.006347 0.053833
v -0.004211 0.005488 0.053208
v -0.004211 0.005488 0.052708
v -0.004870 0.006347 0.052083
v -0.004870 0.006347 0.051833
v -0.004211 0.005488 0.051208
v -0.004211 0.005488 0.050708
v -0.004870 0.006347 0.050083
v -0.004870 0.006347 0.049833
v -0.004211 0.005488 0.049208
v -0.004211 0.005488 0.048708
v -0.004870 0.006347 0.048083
v -0.004870 0.006347 0.047833
v -0.004211 0.005488 0.047208
v -0.004211 0.005488 0.046708
v -0.004870 0.006347 0.046083
v -0.004870 0.006347 0.045833
v -0.004211 0.005488 0.045208
v -0.004211 0.005488 0.044708
v -0.004870 0.006347 0.044083
v -0.004870 0.006347 0.043833
v -0.004211 0.005488 0.043208
v -0.004211 0.005488 0.042708
v -0.004870 0.006347 0.042083
v -0.004870 0.006347 0.041833
v -0.004211 0.005488 0.041208
v -0.004211 0.005488 0.040708
v -0.004870 0.006347 0.040083
v -0.004870 0.006347 0.039833
v -0.004211 0.005488 0.039208
v -0.004211 0.005488 0.038708
v -0.004870 0.006347 0.038083
v -0.004870 0.006347 0.037833
v -0.004211 0.005488 0.037208
v -0.004211 0.005488 0.036708
v -0.004870 0.006347 0.036083
v -0.004870 0.006347 0.035833
v -0.004211 0.005488 0.035208
v -0.004211 0.005488 0.034708
v -0.004870 0.006347 0.034083
v -0.004870 0.006347 0.033833
v -0.004211 0.005488 0.033208
v -0.004211 0.005488 0.032708
v -0.004870 0.006347 0.032083
v -0.004870 0.006347 0.031833
v -0.004211 0.005488 0.031208
v -0.004211 0.005488 0.030708
v -0.004870 0.006347 0.030083
v -0.004870 0.006347 0.029833
v -0.004211 0.005488 0.029208
v -0.004211 0.005488 0.028708
v -0.004870 0.006347 0.028083
v -0.004870 0.006347 0.027833
v -0.004211 0.005488 0.027208
v -0.004211 0.005488 0.026708
v -0.004870 0.006347 0.026083
v -0.004870 0.006347 0.025833
v -0.004211 0.005488 0.025208
v -0.004211 0.005488 0.024708
v -0.004870 0.006347 0.024083
v -0.004870 0.006347 0.023833
v -0.004211 0.005488 0.023208
v -0.004211 0.005488 0.022708
v -0.004870 0.006347 0.022083
v -0.004870 0.006347 0.021833
v -0.004211 0.005488 0.021208
v -0.004211 0.005488 0.020708
v -0.004870 0.006347 0.020083
v -0.004870 0.006347 0.019833
v -0.004211 0.005488 0.019208
v -0.004211 0.005488 0.018708
v -0.004870 0.006347 0.018083
v -0.004870 0.006347 0.017833
v -0.004211 0.005488 0.017208
v -0.004211 0.005488 0.016708
v -0.004870 0.006347 0.016083
v -0.004870 0.006347 0.015833
v -0.004211 0.005488 0.015208
v -0.004211 0.005488 0.014708
v -0.004870 0.006347 0.014083
v -0.004870 0.006347 0.013833
v -0.004211 0.005488 0.013208
v -0.004211 0.005488 0.012708
v -0.004870 0.006347 0.012083
v -0.004870 0.006347 0.011833
v -0.004211 0.005488 0.011208
v -0.004211 0.005488 0.010708
v -0.004870 0.006347 0.010083
v -0.004870 0.006347 0.009833
v -0.004211 0.005488 0.009208
v -0.004211 0.005488 0.008708
v -0.004870 0.006347 0.008083
v -0.004870 0.006347 0.007833
v -0.004211 0.005488 0.007208
v -0.004211 0.005488 0.006708
v -0.004870 0.006347 0.006083
v -0.004870 0.006347 0.005833
v -0.004211 0.005488 0.005208
v -0.004211 0.005488 0.004708
v -0.004870 0.006347 0.004083
v -0.004870 0.006347 0.003833
v -0.004211 0.005488 0.003208
v -0.004188 0.005458 0.002708
v -0.004452 0.005802 0.002083
v -0.004300 0.005604 0.001833
v -0.003632 0.004733 0.001208
v -0.003447 0.004492 0.000708
v -0.003235 0.004215 0.000083
v -0.005081 0.005794 0.058729
v -0.005275 0.006015 0.058104
v -0.005275 0.006015 0.057854
v -0.004561 0.005201 0.057229
v -0.004561 0.005201 0.056729
v -0.005275 0.006015 0.056104
v -0.005275 0.006015 0.055854
v -0.004561 0.005201 0.055229
v -0.004561 0.005201 0.054729
v -0.005275 0.006015 0.054104
v -0.005275 0.006015 0.053854
v -0.004561 0.005201 0.053229
v -0.004561 0.005201 0.052729
v -0.005275 0.006015 0.052104
v -0.005275 0.006015 0.051854
v -0.004561 0.005201 0.051229
v -0.004561 0.005201 0.050729
v -0.005275 0.006015 0.050104
v -0.005275 0.006015 0.049854
v -0.004561 0.005201 0.049229
v -0.004561 0.005201 0.048729
v -0.005275 0.006015 0.048104
v -0.005275 0.006015 0.047854
v -0.004561 0.005201 0.047229
v -0.004561 0.005201 0.046729
v -0.005275 0.006015 0.046104
v -0.005275 0.006015 0.045854
v -0.004561 0.005201 0.045229
v -0.004561 0.005201 0.044729
v -0.005275 0.006015 0.044104
v -0.005275 0.006015 0.043854
v -0.004561 0.005201 0.043229
v -0.004561 0.005201 0.042729
v -0.005275 0.006015 0.042104
v -0.005275 0.006015 0.041854
v -0.004561 0.005201 0.041229
v -0.004561 0.005201 0.040729
v -0.005275 0.006015 0.040104
v -0.005275 0.006015 0.039854
v -0.004561 0.005201 0.039229
v -0.004561 0.005201 0.038729
v -0.005275 0.006015 0.038104
v -0.005275 0.006015 0.037854
v -0.004561 0.005201 0.037229
v -0.004561 0.005201 0.036729
v -0.005275 0.006015 0.036104
v -0.005275 0.006015 0.035854
v -0.004561 0.005201 0.035229
v -0.004561 0.005201 0.034729
v -0.005275 0.006015 0.034104
v -0.005275 0.006015 0.033854
v -0.004561 0.005201 0.033229
v -0.004561 0.005201 0.032729
v -0.005275 0.006015 0.032104
v -0.005275 0.006015 0.031854
v -0.004561 0.005201 0.031229
v -0.004561 0.005201 0.030729
v -0.005275 0.006015 0.030104
v -0.005275 0.006015 0.029854
v -0.004561 0.005201 0.029229
v -0.004561 0.005201 0.028729
v -0.005275 0.006015 0.028104
v -0.005275 0.006015 0.027854
v -0.004561 0.005201 0.027229
v -0.004561 0.005201 0.026729
v -0.005275 0.006015 0.026104
v -0.005275 0.006015 0.025854
v -0.004561 0.005201 0.025229
v -0.004561 0.005201 0.024729
v -0.005275 0.006015 0.024104
v -0.005275 0.006015 0.023854
v -0.004561 0.005201 0.023229
v -0.004561 0.005201 0.022729
v -0.005275 0.006015 0.022104
v -0.005275 0.006015 0.021854
v -0.004561 0.005201 0.021229
v -0.004561 0.005201 0.020729
v -0.005275 0.006015 0.020104
v -0.005275 0.006015 0.019854
v -0.004561 0.005201 0.019229
v -0.004561 0.005201 0.018729
v -0.005275 0.006015 0.018104
v -0.005275 0.006015 0.017854
v -0.004561 0.005201 0.017229
v -0.004561 0.005201 0.016729
v -0.005275 0.006015 0.016104
v -0.005275 0.006015 0.015854
v -0.004561 0.005201 0.015229
v -0.004561 0.005201 0.014729
v -0.005275 0.006015 0.014104
v -0.005275 0.006015 0.013854
v -0.004561 0.005201 0.013229
v -0.004561 0.005201 0.012729
v -0.005275 0.006015 0.012104
v -0.005275 0.006015 0.011854
v -0.004561 0.005201 0.011229
v -0.004561 0.005201 0.010729
v -0.005275 0.006015 0.010104
v -0.005275 0.006015 0.009854
v -0.004561 0.005201 0.009229
v -0.004561 0.005201 0.008729
v -0.005275 0.006015 0.008104
v -0.005275 0.006015 0.007854
v -0.004561 0.005201 0.007229
v -0.004561 0.005201 0.006729
v -0.005275 0.006015 0.006104
v -0.005275 0.006015 0.005854
v -0.004561 0.005201 0.005229
v -0.004561 0.005201 0.004729
v -0.005275 0.006015 0.004104
v -0.005275 0.006015 0.003854
v -0.004561 0.005201 0.003229
v -0.004545 0.005182 0.002729
v -0.004836 0.005514 0.002104
v -0.004671 0.005326 0.001854
v -0.003942 0.004495 0.001229
v -0.003741 0.004266 0.000729
v -0.003517 0.004010 0.000104
v -0.005465 0.005465 0.058750
v -0.005657 0.005657 0.058125
v -0.005657 0.005657 0.057875
v -0.004891 0.004891 0.057250
v -0.004891 0.004891 0.056750
v -0.005657 0.005657 0.056125
v -0.005657 0.005657 0.055875
v -0.004891 0.004891 0.055250
v -0.004891 0.004891 0.054750
v -0.005657 0.005657 0.054125
v -0.005657 0.005657 0.053875
v -0.004891 0.004891 0.053250
v -0.004891 0.004891 0.052750
v -0.005657 0.005657 0.052125
v -0.005657 0.005657 0.051875
v -0.004891 0.004891 0.051250
v -0.004891 0.004891 0.050750
v -0.005657 0.005657 0.050125
v -0.005657 0.005657 0.049875
v -0.004891 0.004891 0.049250
v -0.004891 0.004891 0.048750
v -0.005657 0.005657 0.048125
v -0.005657 0.005657 0.047875
v -0.004891 0.004891 0.047250
v -0.004891 0.004891 0.046750
v -0.005657 0.005657 0.046125
v -0.005657 0.005657 0.045875
v -0.004891 0.004891 0.045250
v -0.004891 0.004891 0.044750
v -0.005657 0.005657 0.044125
v -0.005657 0.005657 0.043875
v -0.004891 0.004891 0.043250
v -0.004891 0.004891 0.042750
v -0.005657 0.005657 0.042125
v -0.005657 0.005657 0.041875
v -0.004891 0.004891 0.041250
v -0.004891 0.004891 0.040750
v -0.005657 0.005657 0.040125
v -0.005657 0.005657 0.039875
v -0.004891 0.004891 0.039250
v -0.004891 0.004891 0.038750
v -0.005657 0.005657 0.038125
v -0.005657 0.005657 0.037875
v -0.004891 0.004891 0.037250
v -0.004891 0.004891 0.036750
v -0.005657 0.005657 0.036125
v -0.005657 0.005657 0.035875
v -0.004891 0.004891 0.035250
v -0.004891 0.004891 0.034750
v -0.005657 0.005657 0.034125
v -0.005657 0.005657 0.033875
v -0.004891 0.004891 0.033250
v -0.004891 0.004891 0.032750
v -0.005657 0.005657 0.032125
v -0.005657 0.005657 0.031875
v -0.004891 0.004891 0.031250
v -0.004891 0.004891 0.030750
v -0.005657 0.005657 0.030125
v -0.005657 0.005657 0.029875
v -0.004891 0.004891 0.029250
v -0.004891 0.004891 0.028750
v -0.005657 0.005657 0.028125
v -0.005657 0.005657 0.027875
v -0.004891 0.004891 0.027250
v -0.004891 0.004891 0.026750
v -0.005657 0.005657 0.026125
v -0.005657 0.005657 0.025875
v -0.004891 0.004891 0.025250
v -0.004891 0.004891 0.024750
v -0.005657 0.005657 0.024125
v -0.005657 0.005657 0.023875
v -0.004891 0.004891 0.023250
v -0.004891 0.004891 0.022750
v -0.005657 0.005657 0.022125
v -0.005657 0.005657 0.021875
v -0.004891 0.004891 0.021250
v -0.004891 0.004891 0.020750
v -0.005657 0.005657 0.020125
v -0.005657 0.005657 0.019875
v -0.004891 0.004891 0.019250
v -0.004891 0.004891 0.018750
v -0.005657 0.005657 0.018125
v -0.005657 0.005657 0.017875
v -0.004891 0.004891 0.017250
v -0.004891 0.004891 0.016750
v -0.005657 0.005657 0.016125
v -0.005657 0.005657 0.015875
v -0.004891 0.004891 0.015250
v -0.004891 0.004891 0.014750
v -0.005657 0.005657 0.014125
v -0.005657 0.005657 0.013875
v -0.004891 0.004891 0.013250
v -0.004891 0.004891 0.012750
v -0.005657 0.005657 0.012125
v -0.005657 0.005657 0.011875
v -0.004891 0.004891 0.011250
v -0.004891 0.004891 0.010750
v -0.005657 0.005657 0.010125
v -0.005657 0.005657 0.009875
v -0.004891 0.004891 0.009250
v -0.004891 0.004891 0.008750
v -0.005657 0.005657 0.008125
v -0.005657 0.005657 0.007875
v -0.004891 0.004891 0.007250
v -0.004891 0.004891 0.006750
v -0.005657 0.005657 0.006125
v -0.005657 0.005657 0.005875
v -0.004891 0.004891 0.005250
v -0.004891 0.004891 0.004750
v -0.005657 0.005657 0.004125
v -0.005657 0.005657 0.003875
v -0.004891 0.004891 0.003250
v -0.004883 0.004883 0.002750
v -0.005201 0.005201 0.002125
v -0.005024 0.005024 0.001875
v -0.004237 0.004237 0.001250
v -0.004021 0.004021 0.000750
v -0.003787 0.003787 0.000125
v -0.005828 0.005111 0.058771
v -0.006015 0.005275 0.058146
v -0.006015 0.005275 0.057896
v -0.005201 0.004561 0.057271
v -0.005201 0.004561 0.056771
v -0.006015 0.005275 0.056146
v -0.006015 0.005275 0.055896
v -0.005201 0.004561 0.055271
v -0.005201 0.004561 0.054771
v -0.006015 0.005275 0.054146
v -0.006015 0.005275 0.053896
v -0.005201 0.004561 0.053271
v -0.005201 0.004561 0.052771
v -0.006015 0.005275 0.052146
v -0.006015 0.005275 0.051896
v -0.005201 0.004561 0.051271
v -0.005201 0.004561 0.050771
v -0.006015 0.005275 0.050146
v -0.006015 0.005275 0.049896
v -0.005201 0.004561 0.049271
v -0.005201 0.004561 0.048771
v -0.006015 0.005275 0.048146
v -0.006015 0.005275 0.047896
v -0.005201 0.004561 0.047271
v -0.005201 0.004561 0.046771
v -0.006015 0.005275 0.046146
v -0.006015 0.005275 0.045896
v -0.005201 0.004561 0.045271
v -0.005201 0.004561 0.044771
v -0.006015 0.005275 0.044146
v -0.006015 0.005275 0.043896
v -0.005201 0.004561 0.043271
v -0.005201 0.004561 0.042771
v -0.006015 0.005275 0.042146
v -0.006015 0.005275 0.041896
v -0.005201 0.004561 0.041271
v -0.005201 0.004561 0.040771
v -0.006015 0.005275 0.040146
v -0.006015 0.005275 0.039896
v -0.005201 0.004561 0.039271
v -0.005201 0.004561 0.038771
v -0.006015 0.005275 0.038146
v -0.006015 0.005275 0.037896
v -0.005201 0.004561 0.037271
v -0.005201 0.004561 0.036771
v -0.006015 0.005275 0.036146
v -0.006015 0.005275 0.035896
v -0.005201 0.004561 0.035271
v -0.005201 0.004561 0.034771
v -0.006015 0.005275 0.034146
v -0.006015 0.005275 0.033896
v -0.005201 0.004561 0.033271
v -0.005201 0.004561 0.032771
v -0.006015 0.005275 0.032146
v -0.006015 0.005275 0.031896
v -0.005201 0.004561 0.031271
v -0.005201 0.004561 0.030771
v -0.006015 0.005275 0.030146
v -0.006015 0.005275 0.029896
v -0.005201 0.004561 0.029271
v -0.005201 0.004561 0.028771
v -0.006015 0.005275 0.028146
v -0.006015 0.005275 0.027896
v -0.005201 0.004561 0.027271
v -0.005201 0.004561 0.026771
v -0.006015 0.005275 0.026146
v -0.006015 0.005275 0.025896
v -0.005201 0.004561 0.025271
v -0.005201 0.004561 0.024771
v -0.006015 0.005275 0.024146
v -0.006015 0.005275 0.023896
v -0.005201 0.004561 0.023271
v -0.005201 0.004561 0.022771
v -0.006015 0.005275 0.022146
v -0.006015 0.005275 0.021896
v -0.005201 0.004561 0.021271
v -0.005201 0.004561 0.020771
v -0.006015 0.005275 0.020146
v -0.006015 0.005275 0.019896
v -0.005201 0.004561 0.019271
v -0.005201 0.004561 0.018771
v -0.006015 0.005275 0.018146
v -0.006015 0.005275 0.017896
v -0.005201 0.004561 0.017271
v -0.005201 0.004561 0.016771
v -0.006015 0.005275 0.016146
v -0.006015 0.005275 0.015896
v -0.005201 0.004561 0.015271
v -0.005201 0.004561 0.014771
v -0.006015 0.005275 0.014146
v -0.006015 0.005275 0.013896
v -0.005201 0.004561 0.013271
v -0.005201 0.004561 0.012771
v -0.006015 0.005275 0.012146
v -0.006015 0.005275 0.011896
v -0.005201 0.004561 0.011271
v -0.005201 0.004561 0.010771
v -0.006015 0.005275 0.010146
v -0.006015 0.005275 0.009896
v -0.005201 0.004561 0.009271
v -0.005201 0.004561 0.008771
v -0.006015 0.005275 0.008146
v -0.006015 0.005275 0.007896
v -0.005201 0.004561 0.007271
v -0.005201 0.004561 0.006771
v -0.006015 0.005275 0.006146
v -0.006015 0.005275 0.005896
v -0.005201 0.004561 0.005271
v -0.005201 0.004561 0.004771
v -0.006015 0.005275 0.004146
v -0.006015 0.005275 0.003896
v -0.005201 0.004561 0.003271
v -0.005201 0.004561 0.002771
v -0.005545 0.004863 0.002146
v -0.005357 0.004698 0.001896
v -0.004514 0.003959 0.001271
v -0.004285 0.003758 0.000771
v -0.004042 0.003545 0.000146
v -0.006168 0.004733 0.058792
v -0.006347 0.004870 0.058167
v -0.006347 0.004870 0.057917
v -0.005488 0.004211 0.057292
v -0.005488 0.004211 0.056792
v -0.006347 0.004870 0.056167
v -0.006347 0.004870 0.055917
v -0.005488 0.004211 0.055292
v -0.005488 0.004211 0.054792
v -0.006347 0.004870 0.054167
v -0.006347 0.004870 0.053917
v -0.005488 0.004211 0.053292
v -0.005488 0.004211 0.052792
v -0.006347 0.004870 0.052167
v -0.006347 0.004870 0.051917
v -0.005488 0.004211 0.051292
v -0.005488 0.004211 0.050792
v -0.006347 0.004870 0.050167
v -0.006347 0.004870 0.049917
v -0.005488 0.004211 0.049292
v -0.005488 0.004211 0.048792
v -0.006347 0.004870 0.048167
v -0.006347 0.004870 0.047917
v -0.005488 0.004211 0.047292
v -0.005488 0.004211 0.046792
v -0.006347 0.004870 0.046167
v -0.006347 0.004870 0.045917
v -0.005488 0.004211 0.045292
v -0.005488 0.004211 0.044792
v -0.006347 0.004870 0.044167
v -0.006347 0.004870 0.043917
v -0.005488 0.004211 0.043292
v -0.005488 0.004211 0.042792
v -0.006347 0.004870 0.042167
v -0.006347 0.004870 0.041917
v -0.005488 0.004211 0.041292
v -0.005488 0.004211 0.040792
v -0.006347 0.004870 0.040167
v -0.006347 0.004870 0.039917
v -0.005488 0.004211 0.039292
v -0.005488 0.004211 0.038792
v -0.006347 0.004870 0.038167
v -0.006347 0.004870 0.037917
v -0.005488 0.004211 0.037292
v -0.005488 0.004211 0.036792
v -0.006347 0.004870 0.036167
v -0.006347 0.004870 0.035917
v -0.005488 0.004211 0.035292
v -0.005488 0.004211 0.034792
v -0.006347 0.004870 0.034167
v -0.006347 0.004870 0.033917
v -0.005488 0.004211 0.033292
v -0.005488 0.004211 0.032792
v -0.006347 0.004870 0.032167
v -0.006347 0.004870 0.031917
v -0.005488 0.004211 0.031292
v -0.005488 0.004211 0.030792
v -0.006347 0.004870 0.030167
v -0.006347 0.004870 0.029917
v -0.005488 0.004211 0.029292
v -0.005488 0.004211 0.028792
v -0.006347 0.004870 0.028167
v -0.006347 0.004870 0.027917
v -0.005488 0.004211 0.027292
v -0.005488 0.004211 0.026792
v -0.006347 0.004870 0.026167
v -0.006347 0.004870 0.025917
v -0.005488 0.004211 0.025292
v -0.005488 0.004211 0.024792
v -0.006347 0.004870 0.024167
v -0.006347 0.004870 0.023917
v -0.005488 0.004211 0.023292
v -0.005488 0.004211 0.022792
v -0.006347 0.004870 0.022167
v -0.006347 0.004870 0.021917
v -0.005488 0.004211 0.021292
v -0.005488 0.004211 0.020792
v -0.006347 0.004870 0.020167
v -0.006347 0.004870 0.019917
v -0.005488 0.004211 0.019292
v -0.005488 0.004211 0.018792
v -0.006347 0.004870 0.018167
v -0.006347 0.004870 0.017917
v -0.005488 0.004211 0.017292
v -0.005488 0.004211 0.016792
v -0.006347 0.004870 0.016167
v -0.006347 0.004870 0.015917
v -0.005488 0.004211 0.015292
v -0.005488 0.004211 0.014792
v -0.006347 0.004870 0.014167
v -0.006347 0.004870 0.013917
v -0.005488 0.004211 0.013292
v -0.005488 0.004211 0.012792
v -0.006347 0.004870 0.012167
v -0.006347 0.004870 0.011917
v -0.005488 0.004211 0.011292
v -0.005488 0.004211 0.010792
v -0.006347 0.004870 0.010167
v -0.006347 0.004870 0.009917
v -0.005488 0.004211 0.009292
v -0.005488 0.004211 0.008792
v -0.006347 0.004870 0.008167
v -0.006347 0.004870 0.007917
v -0.005488 0.004211 0.007292
v -0.005488 0.004211 0.006792
v -0.006347 0.004870 0.006167
v -0.006347 0.004870 0.005917
v -0.005488 0.004211 0.005292
v -0.005488 0.004211 0.004792
v -0.006347 0.004870 0.004167
v -0.006347 0.004870 0.003917
v -0.005488 0.004211 0.003292
v -0.005488 0.004211 0.002792
v -0.005868 0.004503 0.002167
v -0.005670 0.004351 0.001917
v -0.004774 0.003663 0.001292
v -0.004532 0.003477 0.000792
v -0.004281 0.003285 0.000167
v -0.006483 0.004332 0.058812
v -0.006652 0.004445 0.058187
v -0.006652 0.004445 0.057937
v -0.005752 0.003843 0.057312
v -0.005752 0.003843 0.056812
v -0.006652 0.004445 0.056187
v -0.006652 0.004445 0.055937
v -0.005752 0.003843 0.055312
v -0.005752 0.003843 0.054812
v -0.006652 0.004445 0.054187
v -0.006652 0.004445 0.053937
v -0.005752 0.003843 0.053312
v -0.005752 0.003843 0.052812
v -0.006652 0.004445 0.052187
v -0.006652 0.004445 0.051937
v -0.005752 0.003843 0.051312
v -0.005752 0.003843 0.050812
v -0.006652 0.004445 0.050187
v -0.006652 0.004445 0.049937
v -0.005752 0.003843 0.049312
v -0.005752 0.003843 0.048812
v -0.006652 0.004445 0.048187
v -0.006652 0.004445 0.047937
v -0.005752 0.003843 0.047312
v -0.005752 0.003843 0.046812
v -0.006652 0.004445 0.046187
v -0.006652 0.004445 0.045937
v -0.005752 0.003843 0.045312
v -0.005752 0.003843 0.044812
v -0.006652 0.004445 0.044187
v -0.006652 0.004445 0.043937
v -0.005752 0.003843 0.043312
v -0.005752 0.003843 0.042812
v -0.006652 0.004445 0.042187
v -0.006652 0.004445 0.041937
v -0.005752 0.003843 0.041312
v -0.005752 0.003843 0.040812
v -0.006652 0.004445 0.040187
v -0.006652 0.004445 0.039937
v -0.005752 0.003843 0.039312
v -0.005752 0.003843 0.038812
v -0.006652 0.004445 0.038187
v -0.006652 0.004445 0.037937
v -0.005752 0.003843 0.037312
v -0.005752 0.003843 0.036812
v -0.006652 0.004445 0.036187
v -0.006652 0.004445 0.035937
v -0.005752 0.003843 0.035312
v -0.005752 0.003843 0.034812
v -0.006652 0.004445 0.034187
v -0.006652 0.004445 0.033937
v -0.005752 0.003843 0.033312
v -0.005752 0.003843 0.032812
v -0.006652 0.004445 0.032187
v -0.006652 0.004445 0.031937
v -0.005752 0.003843 0.031312
v -0.005752 0.003843 0.030812
v -0.006652 0.004445 0.030188
v -0.006652 0.004445 0.029938
v -0.005752 0.003843 0.029313
v -0.005752 0.003843 0.028813
v -0.006652 0.004445 0.028188
v -0.006652 0.004445 0.027938
v -0.005752 0.003843 0.027313
v -0.005752 0.003843 0.026813
v -0.006652 0.004445 0.026188
v -0.006652 0.004445 0.025938
v -0.005752 0.003843 0.025313
v -0.005752 0.003843 0.024813
v -0.006652 0.004445 0.024188
v -0.006652 0.004445 0.023938
v -0.005752 0.003843 0.023313
v -0.005752 0.003843 0.022813
v -0.006652 0.004445 0.022188
v -0.006652 0.004445 0.021938
v -0.005752 0.003843 0.021313
v -0.005752 0.003843 0.020813
v -0.006652 0.004445 0.020188
v -0.006652 0.004445 0.019938
v -0.005752 0.003843 0.019313
v -0.005752 0.003843 0.018813
v -0.006652 0.004445 0.018188
v -0.006652 0.004445 0.017938
v -0.005752 0.003843 0.017313
v -0.005752 0.003843 0.016813
v -0.006652 0.004445 0.016188
v -0.006652 0.004445 0.015938
v -0.005752 0.003843 0.015313
v -0.005752 0.003843 0.014813
v -0.006652 0.004445 0.014187
v -0.006652 0.004445 0.013937
v -0.005752 0.003843 0.013312
v -0.005752 0.003843 0.012812
v -0.006652 0.004445 0.012187
v -0.006652 0.004445 0.011937
v -0.005752 0.003843 0.011312
v -0.005752 0.003843 0.010812
v -0.006652 0.004445 0.010187
v -0.006652 0.004445 0.009937
v -0.005752 0.003843 0.009312
v -0.005752 0.003843 0.008812
v -0.006652 0.004445 0.008187
v -0.006652 0.004445 0.007937
v -0.005752 0.003843 0.007312
v -0.005752 0.003843 0.006812
v -0.006652 0.004445 0.006188
v -0.006652 0.004445 0.005938
v -0.005752 0.003843 0.005313
v -0.005752 0.003843 0.004813
v -0.006652 0.004445 0.004188
v -0.006652 0.004445 0.003938
v -0.005752 0.003843 0.003313
v -0.005752 0.003843 0.002813
v -0.006167 0.004121 0.002187
v -0.005960 0.003982 0.001937
v -0.005013 0.003350 0.001312
v -0.004760 0.003181 0.000812
v -0.004504 0.003010 0.000188
v -0.006772 0.003910 0.058833
v -0.006928 0.004000 0.058208
v -0.006928 0.004000 0.057958
v -0.005991 0.003459 0.057333
v -0.005991 0.003459 0.056833
v -0.006928 0.004000 0.056208
v -0.006928 0.004000 0.055958
v -0.005991 0.003459 0.055333
v -0.005991 0.003459 0.054833
v -0.006928 0.004000 0.054208
v -0.006928 0.004000 0.053958
v -0.005991 0.003459 0.053333
v -0.005991 0.003459 0.052833
v -0.006928 0.004000 0.052208
v -0.006928 0.004000 0.051958
v -0.005991 0.003459 0.051333
v -0.005991 0.003459 0.050833
v -0.006928 0.004000 0.050208
v -0.006928 0.004000 0.049958
v -0.005991 0.003459 0.049333
v -0.005991 0.003459 0.048833
v -0.006928 0.004000 0.048208
v -0.006928 0.004000 0.047958
v -0.005991 0.003459 0.047333
v -0.005991 0.003459 0.046833
v -0.006928 0.004000 0.046208
v -0.006928 0.004000 0.045958
v -0.005991 0.003459 0.045333
v -0.005991 0.003459 0.044833
v -0.006928 0.004000 0.044208
v -0.006928 0.004000 0.043958
v -0.005991 0.003459 0.043333
v -0.005991 0.003459 0.042833
v -0.006928 0.004000 0.042208
v -0.006928 0.004000 0.041958
v -0.005991 0.003459 0.041333
v -0.005991 0.003459 0.040833
v -0.006928 0.004000 0.040208
v -0.006928 0.004000 0.039958
v -0.005991 0.003459 0.039333
v -0.005991 0.003459 0.038833
v -0.006928 0.004000 0.038208
v -0.006928 0.004000 0.037958
v -0.005991 0.003459 0.037333
v -0.005991 0.003459 0.036833
v -0.006928 0.004000 0.036208
v -0.006928 0.004000 0.035958
v -0.005991 0.003459 0.035333
v -0.005991 0.003459 0.034833
v -0.006928 0.004000 0.034208
v -0.006928 0.004000 0.033958
v -0.005991 0.003459 0.033333
v -0.005991 0.003459 0.032833
v -0.006928 0.004000 0.032208
v -0.006928 0.004000 0.031958
v -0.005991 0.003459 0.031333
v -0.005991 0.003459 0.030833
v -0.006928 0.004000 0.030208
v -0.006928 0.004000 0.029958
v -0.005991 0.003459 0.029333
v -0.005991 0.003459 0.028833
v -0.006928 0.004000 0.028208
v -0.006928 0.004000 0.027958
v -0.005991 0.003459 0.027333
v -0.005991 0.003459 0.026833
v -0.006928 0.004000 0.026208
v -0.006928 0.004000 0.025958
v -0.005991 0.003459 0.025333
v -0.005991 0.003459 0.024833
v -0.006928 0.004000 0.024208
v -0.006928 0.004000 0.023958
v -0.005991 0.003459 0.023333
v -0.005991 0.003459 0.022833
v -0.006928 0.004000 0.022208
v -0.006928 0.004000 0.021958
v -0.005991 0.003459 0.021333
v -0.005991 0.003459 0.020833
v -0.006928 0.004000 0.020208
v -0.006928 0.004000 0.019958
v -0.005991 0.003459 0.019333
v -0.005991 0.003459 0.018833
v -0.006928 0.004000 0.018208
v -0.006928 0.004000 0.017958
v -0.005991 0.003459 0.017333
v -0.005991 0.003459 0.016833
v -0.006928 0.004000 0.016208
v -0.006928 0.004000 0.015958
v -0.005991 0.003459 0.015333
v -0.005991 0.003459 0.014833
v -0.006928 0.004000 0.014208
v -0.006928 0.004000 0.013958
v -0.005991 0.003459 0.013333
v -0.005991 0.003459 0.012833
v -0.006928 0.004000 0.012208
v -0.006928 0.004000 0.011958
v -0.005991 0.003459 0.011333
v -0.005991 0.003459 0.010833
v -0.006928 0.004000 0.010208
v -0.006928 0.004000 0.009958
v -0.005991 0.003459 0.009333
v -0.005991 0.003459 0.008833
v -0.006928 0.004000 0.008208
v -0.006928 0.004000 0.007958
v -0.005991 0.003459 0.007333
v -0.005991 0.003459 0.006833
v -0.006928 0.004000 0.006208
v -0.006928 0.004000 0.005958
v -0.005991 0.003459 0.005333
v -0.005991 0.003459 0.004833
v -0.006928 0.004000 0.004208
v -0.006928 0.004000 0.003958
v -0.005991 0.003459 0.003333
v -0.005991 0.003459 0.002833
v -0.006442 0.003719 0.002208
v -0.006225 0.003594 0.001958
v -0.005233 0.003021 0.001333
v -0.004969 0.002869 0.000833
v -0.004710 0.002719 0.000208
v -0.007033 0.003468 0.058854
v -0.007175 0.003538 0.058229
v -0.007175 0.003538 0.057979
v -0.006204 0.003060 0.057354
v -0.006204 0.003060 0.056854
v -0.007175 0.003538 0.056229
v -0.007175 0.003538 0.055979
v -0.006204 0.003060 0.055354
v -0.006204 0.003060 0.054854
v -0.007175 0.003538 0.054229
v -0.007175 0.003538 0.053979
v -0.006204 0.003060 0.053354
v -0.006204 0.003060 0.052854
v -0.007175 0.003538 0.052229
v -0.007175 0.003538 0.051979
v -0.006204 0.003060 0.051354
v -0.006204 0.003060 0.050854
v -0.007175 0.003538 0.050229
v -0.007175 0.003538 0.049979
v -0.006204 0.003060 0.049354
v -0.006204 0.003060 0.048854
v -0.007175 0.003538 0.048229
v -0.007175 0.003538 0.047979
v -0.006204 0.003060 0.047354
v -0.006204 0.003060 0.046854
v -0.007175 0.003538 0.046229
v -0.007175 0.003538 0.045979
v -0.006204 0.003060 0.045354
v -0.006204 0.003060 0.044854
v -0.007175 0.003538 0.044229
v -0.007175 0.003538 0.043979
v -0.006204 0.003060 0.043354
v -0.006204 0.003060 0.042854
v -0.007175 0.003538 0.042229
v -0.007175 0.003538 0.041979
v -0.006204 0.003060 0.041354
v -0.006204 0.003060 0.040854
v -0.007175 0.003538 0.040229
v -0.007175 0.003538 0.039979
v -0.006204 0.003060 0.039354
v -0.006204 0.003060 0.038854
v -0.007175 0.003538 0.038229
v -0.007175 0.003538 0.037979
v -0.006204 0.003060 0.037354
v -0.006204 0.003060 0.036854
v -0.007175 0.003538 0.036229
v -0.007175 0.003538 0.035979
v -0.006204 0.003060 0.035354
v -0.006204 0.003060 0.034854
v -0.007175 0.003538 0.034229
v -0.007175 0.003538 0.033979
v -0.006204 0.003060 0.033354
v -0.006204 0.003060 0.032854
v -0.007175 0.003538 0.032229
v -0.007175 0.003538 0.031979
v -0.006204 0.003060 0.031354
v -0.006204 0.003060 0.030854
v -0.007175 0.003538 0.030229
v -0.007175 0.003538 0.029979
v -0.006204 0.003060 0.029354
v -0.006204 0.003060 0.028854
v -0.007175 0.003538 0.028229
v -0.007175 0.003538 0.027979
v -0.006204 0.003060 0.027354
v -0.006204 0.003060 0.026854
v -0.007175 0.003538 0.026229
v -0.007175 0.003538 0.025979
v -0.006204 0.003060 0.025354
v -0.006204 0.003060 0.024854
v -0.007175 0.003538 0.024229
v -0.007175 0.003538 0.023979
v -0.006204 0.003060 0.023354
v -0.006204 0.003060 0.022854
v -0.007175 0.003538 0.022229
v -0.007175 0.003538 0.021979
v -0.006204 0.003060 0.021354
v -0.006204 0.003060 0.020854
v -0.007175 0.003538 0.020229
v -0.007175 0.003538 0.019979
v -0.006204 0.003060 0.019354
v -0.006204 0.003060 0.018854
v -0.007175 0.003538 0.018229
v -0.007175 0.003538 0.017979
v -0.006204 0.003060 0.017354
v -0.006204 0.003060 0.016854
v -0.007175 0.003538 0.016229
v -0.007175 0.003538 0.015979
v -0.006204 0.003060 0.015354
v -0.006204 0.003060 0.014854
v -0.007175 0.003538 0.014229
v -0.007175 0.003538 0.013979
v -0.006204 0.003060 0.013354
v -0.006204 0.003060 0.012854
v -0.007175 0.003538 0.012229
v -0.007175 0.003538 0.011979
v -0.006204 0.003060 0.011354
v -0.006204 0.003060 0.010854
v -0.007175 0.003538 0.010229
v -0.007175 0.003538 0.009979
v -0.006204 0.003060 0.009354
v -0.006204 0.003060 0.008854
v -0.007175 0.003538 0.008229
v -0.007175 0.003538 0.007979
v -0.006204 0.003060 0.007354
v -0.006204 0.003060 0.006854
v -0.007175 0.003538 0.006229
v -0.007175 0.003538 0.005979
v -0.006204 0.003060 0.005354
v -0.006204 0.003060 0.004854
v -0.007175 0.003538 0.004229
v -0.007175 0.003538 0.003979
v -0.006204 0.003060 0.003354
v -0.006204 0.003060 0.002854
v -0.006690 0.003299 0.002229
v -0.006466 0.003189 0.001979
v -0.005431 0.002678 0.001354
v -0.005157 0.002543 0.000854
v -0.004896 0.002415 0.000229
v -0.007266 0.003010 0.058875
v -0.007391 0.003061 0.058250
v -0.007391 0.003061 0.058000
v -0.006391 0.002647 0.057375
v -0.006391 0.002647 0.056875
v -0.007391 0.003061 0.056250
v -0.007391 0.003061 0.056000
v -0.006391 0.002647 0.055375
v -0.006391 0.002647 0.054875
v -0.007391 0.003061 0.054250
v -0.007391 0.003061 0.054000
v -0.006391 0.002647 0.053375
v -0.006391 0.002647 0.052875
v -0.007391 0.003061 0.052250
v -0.007391 0.003061 0.052000
v -0.006391 0.002647 0.051375
v -0.006391 0.002647 0.050875
v -0.007391 0.003061 0.050250
v -0.007391 0.003061 0.050000
v -0.006391 0.002647 0.049375
v -0.006391 0.002647 0.048875
v -0.007391 0.003061 0.048250
v -0.007391 0.003061 0.048000
v -0.006391 0.002647 0.047375
v -0.006391 0.002647 0.046875
v -0.007391 0.003061 0.046250
v -0.007391 0.003061 0.046000
v -0.006391 0.002647 0.045375
v -0.006391 0.002647 0.044875
v -0.007391 0.003061 0.044250
v -0.007391 0.003061 0.044000
v -0.006391 0.002647 0.043375
v -0.006391 0.002647 0.042875
v -0.007391 0.003061 0.042250
v -0.007391 0.003061 0.042000
v -0.006391 0.002647 0.041375
v -0.006391 0.002647 0.040875
v -0.007391 0.003061 0.040250
v -0.007391 0.003061 0.040000
v -0.006391 0.002647 0.039375
v -0.006391 0.002647 0.038875
v -0.007391 0.003061 0.038250
v -0.007391 0.003061 0.038000
v -0.006391 0.002647 0.037375
v -0.006391 0.002647 0.036875
v -0.007391 0.003061 0.036250
v -0.007391 0.003061 0.036000
v -0.006391 0.002647 0.035375
v -0.006391 0.002647 0.034875
v -0.007391 0.003061 0.034250
v -0.007391 0.003061 0.034000
v -0.006391 0.002647 0.033375
v -0.006391 0.002647 0.032875
v -0.007391 0.003061 0.032250
v -0.007391 0.003061 0.032000
v -0.006391 0.002647 0.031375
v -0.006391 0.002647 0.030875
v -0.007391 0.003061 0.030250
v -0.007391 0.003061 0.030000
v -0.006391 0.002647 0.029375
v -0.006391 0.002647 0.028875
v -0.007391 0.003061 0.028250
v -0.007391 0.003061 0.028000
v -0.006391 0.002647 0.027375
v -0.006391 0.002647 0.026875
v -0.007391 0.003061 0.026250
v -0.007391 0.003061 0.026000
v -0.006391 0.002647 0.025375
v -0.006391 0.002647 0.024875
v -0.007391 0.003061 0.024250
v -0.007391 0.003061 0.024000
v -0.006391 0.002647 0.023375
v -0.006391 0.002647 0.022875
v -0.007391 0.003061 0.022250
v -0.007391 0.003061 0.022000
v -0.006391 0.002647 0.021375
v -0.006391 0.002647 0.020875
v -0.007391 0.003061 0.020250
v -0.007391 0.003061 0.020000
v -0.006391 0.002647 0.019375
v -0.006391 0.002647 0.018875
v -0.007391 0.003061 0.018250
v -0.007391 0.003061 0.018000
v -0.006391 0.002647 0.017375
v -0.006391 0.002647 0.016875
v -0.007391 0.003061 0.016250
v -0.007391 0.003061 0.016000
v -0.006391 0.002647 0.015375
v -0.006391 0.002647 0.014875
v -0.007391 0.003061 0.014250
v -0.007391 0.003061 0.014000
v -0.006391 0.002647 0.013375
v -0.006391 0.002647 0.012875
v -0.007391 0.003061 0.012250
v -0.007391 0.003061 0.012000
v -0.006391 0.002647 0.011375
v -0.006391 0.002647 0.010875
v -0.007391 0.003061 0.010250
v -0.007391 0.003061 0.010000
v -0.006391 0.002647 0.009375
v -0.006391 0.002647 0.008875
v -0.007391 0.003061 0.008250
v -0.007391 0.003061 0.008000
v -0.006391 0.002647 0.007375
v -0.006391 0.002647 0.006875
v -0.007391 0.003061 0.006250
v -0.007391 0.003061 0.006000
v -0.006391 0.002647 0.005375
v -0.006391 0.002647 0.004875
v -0.007391 0.003061 0.004250
v -0.007391 0.003061 0.004000
v -0.006391 0.002647 0.003375
v -0.006391 0.002647 0.002875
v -0.006911 0.002862 0.002250
v -0.006680 0.002767 0.002000
v -0.005606 0.002322 0.001375
v -0.005324 0.002205 0.000875
v -0.005063 0.002097 0.000250
v -0.004832 0.002001 0.000000
v -0.007469 0.002535 0.058896
v -0.007575 0.002572 0.058271
v -0.007575 0.002572 0.058021
v -0.006550 0.002224 0.057396
v -0.006550 0.002224 0.056896
v -0.007575 0.002572 0.056271
v -0.007575 0.002572 0.056021
v -0.006550 0.002224 0.055396
v -0.006550 0.002224 0.054896
v -0.007575 0.002572 0.054271
v -0.007575 0.002572 0.054021
v -0.006550 0.002224 0.053396
v -0.006550 0.002224 0.052896
v -0.007575 0.002572 0.052271
v -0.007575 0.002572 0.052021
v -0.006550 0.002224 0.051396
v -0.006550 0.002224 0.050896
v -0.007575 0.002572 0.050271
v -0.007575 0.002572 0.050021
v -0.006550 0.002224 0.049396
v -0.006550 0.002224 0.048896
v -0.007575 0.002572 0.048271
v -0.007575 0.002572 0.048021
v -0.006550 0.002224 0.047396
v -0.006550 0.002224 0.046896
v -0.007575 0.002572 0.046271
v -0.007575 0.002572 0.046021
v -0.006550 0.002224 0.045396
v -0.006550 0.002224 0.044896
v -0.007575 0.002572 0.044271
v -0.007575 0.002572 0.044021
v -0.006550 0.002224 0.043396
v -0.006550 0.002224 0.042896
v -0.007575 0.002572 0.042271
v -0.007575 0.002572 0.042021
v -0.006550 0.002224 0.041396
v -0.006550 0.002224 0.040896
v -0.007575 0.002572 0.040271
v -0.007575 0.002572 0.040021
v -0.006550 0.002224 0.039396
v -0.006550 0.002224 0.038896
v -0.007575 0.002572 0.038271
v -0.007575 0.002572 0.038021
v -0.006550 0.002224 0.037396
v -0.006550 0.002224 0.036896
v -0.007575 0.002572 0.036271
v -0.007575 0.002572 0.036021
v -0.006550 0.002224 0.035396
v -0.006550 0.002224 0.034896
v -0.007575 0.002572 0.034271
v -0.007575 0.002572 0.034021
v -0.006550 0.002224 0.033396
v -0.006550 0.002224 0.032896
v -0.007575 0.002572 0.032271
v -0.007575 0.002572 0.032021
v -0.006550 0.002224 0.031396
v -0.006550 0.002224 0.030896
v -0.007575 0.002572 0.030271
v -0.007575 0.002572 0.030021
v -0.006550 0.002224 0.029396
v -0.006550 0.002224 0.028896
v -0.007575 0.002572 0.028271
v -0.007575 0.002572 0.028021
v -0.006550 0.002224 0.027396
v -0.006550 0.002224 0.026896
v -0.007575 0.002572 0.026271
v -0.007575 0.002572 0.026021
v -0.006550 0.002224 0.025396
v -0.006550 0.002224 0.024896
v -0.007575 0.002572 0.024271
v -0.007575 0.002572 0.024021
v -0.006550 0.002224 0.023396
v -0.006550 0.002224 0.022896
v -0.007575 0.002572 0.022271
v -0.007575 0.002572 0.022021
v -0.006550 0.002224 0.021396
v -0.006550 0.002224 0.020896
v -0.007575 0.002572 0.020271
v -0.007575 0.002572 0.020021
v -0.006550 0.002224 0.019396
v -0.006550 0.002224 0.018896
v -0.007575 0.002572 0.018271
v -0.007575 0.002572 0.018021
v -0.006550 0.002224 0.017396
v -0.006550 0.002224 0.016896
v -0.007575 0.002572 0.016271
v -0.007575 0.002572 0.016021
v -0.006550 0.002224 0.015396
v -0.006550 0.002224 0.014896
v -0.007575 0.002572 0.014271
v -0.007575 0.002572 0.014021
v -0.006550 0.002224 0.013396
v -0.006550 0.002224 0.012896
v -0.007575 0.002572 0.012271
v -0.007575 0.002572 0.012021
v -0.006550 0.002224 0.011396
v -0.006550 0.002224 0.010896
v -0.007575 0.002572 0.010271
v -0.007575 0.002572 0.010021
v -0.006550 0.002224 0.009396
v -0.006550 0.002224 0.008896
v -0.007575 0.002572 0.008271
v -0.007575 0.002572 0.008021
v -0.006550 0.002224 0.007396
v -0.006550 0.002224 0.006896
v -0.007575 0.002572 0.006271
v -0.007575 0.002572 0.006021
v -0.006550 0.002224 0.005396
v -0.006550 0.002224 0.004896
v -0.007575 0.002572 0.004271
v -0.007575 0.002572 0.004021
v -0.006550 0.002224 0.003396
v -0.006550 0.002224 0.002896
v -0.007103 0.002411 0.002271
v -0.006866 0.002331 0.002021
v -0.005758 0.001954 0.001396
v -0.005469 0.001857 0.000896
v -0.005209 0.001768 0.000271
v -0.004972 0.001688 0.000021
v -0.007640 0.002047 0.058917
v -0.007727 0.002071 0.058292
v -0.007727 0.002071 0.058042
v -0.006682 0.001790 0.057417
v -0.006682 0.001790 0.056917
v -0.007727 0.002071 0.056292
v -0.007727 0.002071 0.056042
v -0.006682 0.001790 0.055417
v -0.006682 0.001790 0.054917
v -0.007727 0.002071 0.054292
v -0.007727 0.002071 0.054042
v -0.006682 0.001790 0.053417
v -0.006682 0.001790 0.052917
v -0.007727 0.002071 0.052292
v -0.007727 0.002071 0.052042
v -0.006682 0.001790 0.051417
v -0.006682 0.001790 0.050917
v -0.007727 0.002071 0.050292
v -0.007727 0.002071 0.050042
v -0.006682 0.001790 0.049417
v -0.006682 0.001790 0.048917
v -0.007727 0.002071 0.048292
v -0.007727 0.002071 0.048042
v -0.006682 0.001790 0.047417
v -0.006682 0.001790 0.046917
v -0.007727 0.002071 0.046292
v -0.007727 0.002071 0.046042
v -0.006682 0.001790 0.045417
v -0.006682 0.001790 0.044917
v -0.007727 0.002071 0.044292
v -0.007727 0.002071 0.044042
v -0.006682 0.001790 0.043417
v -0.006682 0.001790 0.042917
v -0.007727 0.002071 0.042292
v -0.007727 0.002071 0.042042
v -0.006682 0.001790 0.041417
v -0.006682 0.001790 0.040917
v -0.007727 0.002071 0.040292
v -0.007727 0.002071 0.040042
v -0.006682 0.001790 0.039417
v -0.006682 0.001790 0.038917
v -0.007727 0.002071 0.038292
v -0.007727 0.002071 0.038042
v -0.006682 0.001790 0.037417
v -0.006682 0.001790 0.036917
v -0.007727 0.002071 0.036292
v -0.007727 0.002071 0.036042
v -0.006682 0.001790 0.035417
v -0.006682 0.001790 0.034917
v -0.007727 0.002071 0.034292
v -0.007727 0.002071 0.034042
v -0.006682 0.001790 0.033417
v -0.006682 0.001790 0.032917
v -0.007727 0.002071 0.032292
v -0.007727 0.002071 0.032042
v -0.006682 0.001790 0.031417
v -0.006682 0.001790 0.030917
v -0.007727 0.002071 0.030292
v -0.007727 0.002071 0.030042
v -0.006682 0.001790 0.029417
v -0.006682 0.001790 0.028917
v -0.007727 0.002071 0.028292
v -0.007727 0.002071 0.028042
v -0.006682 0.001790 0.027417
v -0.006682 0.001790 0.026917
v -0.007727 0.002071 0.026292
v -0.007727 0.002071 0.026042
v -0.006682 0.001790 0.025417
v -0.006682 0.001790 0.024917
v -0.007727 0.002071 0.024292
v -0.007727 0.002071 0.024042
v -0.006682 0.001790 0.023417
v -0.006682 0.001790 0.022917
v -0.007727 0.002071 0.022292
v -0.007727 0.002071 0.022042
v -0.006682 0.001790 0.021417
v -0.006682 0.001790 0.020917
v -0.007727 0.002071 0.020292
v -0.007727 0.002071 0.020042
v -0.006682 0.001790 0.019417
v -0.006682 0.001790 0.018917
v -0.007727 0.002071 0.018292
v -0.007727 0.002071 0.018042
v -0.006682 0.001790 0.017417
v -0.006682 0.001790 0.016917
v -0.007727 0.002071 0.016292
v -0.007727 0.002071 0.016042
v -0.006682 0.001790 0.015417
v -0.006682 0.001790 0.014917
v -0.007727 0.002071 0.014292
v -0.007727 0.002071 0.014042
v -0.006682 0.001790 0.013417
v -0.006682 0.001790 0.012917
v -0.007727 0.002071 0.012292
v -0.007727 0.002071 0.012042
v -0.006682 0.001790 0.011417
v -0.006682 0.001790 0.010917
v -0.007727 0.002071 0.010292
v -0.007727 0.002071 0.010042
v -0.006682 0.001790 0.009417
v -0.006682 0.001790 0.008917
v -0.007727 0.002071 0.008292
v -0.007727 0.002071 0.008042
v -0.006682 0.001790 0.007417
v -0.006682 0.001790 0.006917
v -0.007727 0.002071 0.006292
v -0.007727 0.002071 0.006042
v -0.006682 0.001790 0.005417
v -0.006682 0.001790 0.004917
v -0.007727 0.002071 0.004292
v -0.007727 0.002071 0.004042
v -0.006682 0.001790 0.003417
v -0.006682 0.001790 0.002917
v -0.007265 0.001947 0.002292
v -0.007024 0.001882 0.002042
v -0.005885 0.001577 0.001417
v -0.005591 0.001498 0.000917
v -0.005334 0.001429 0.000292
v -0.005092 0.001364 0.000042
v -0.007780 0.001548 0.058937
v -0.007846 0.001561 0.058312
v -0.007846 0.001561 0.058062
v -0.006785 0.001350 0.057437
v -0.006785 0.001350 0.056937
v -0.007846 0.001561 0.056312
v -0.007846 0.001561 0.056062
v -0.006785 0.001350 0.055437
v -0.006785 0.001350 0.054937
v -0.007846 0.001561 0.054312
v -0.007846 0.001561 0.054062
v -0.006785 0.001350 0.053437
v -0.006785 0.001350 0.052937
v -0.007846 0.001561 0.052312
v -0.007846 0.001561 0.052062
v -0.006785 0.001350 0.051437
v -0.006785 0.001350 0.050937
v -0.007846 0.001561 0.050312
v -0.007846 0.001561 0.050062
v -0.006785 0.001350 0.049437
v -0.006785 0.001350 0.048937
v -0.007846 0.001561 0.048312
v -0.007846 0.001561 0.048062
v -0.006785 0.001350 0.047437
v -0.006785 0.001350 0.046937
v -0.007846 0.001561 0.046312
v -0.007846 0.001561 0.046062
v -0.006785 0.001350 0.045437
v -0.006785 0.001350 0.044937
v -0.007846 0.001561 0.044312
v -0.007846 0.001561 0.044062
v -0.006785 0.001350 0.043437
v -0.006785 0.001350 0.042937
v -0.007846 0.001561 0.042312
v -0.007846 0.001561 0.042062
v -0.006785 0.001350 0.041437
v -0.006785 0.001350 0.040937
v -0.007846 0.001561 0.040312
v -0.007846 0.001561 0.040062
v -0.006785 0.001350 0.039437
v -0.006785 0.001350 0.038937
v -0.007846 0.001561 0.038312
v -0.007846 0.001561 0.038062
v -0.006785 0.001350 0.037437
v -0.006785 0.001350 0.036937
v -0.007846 0.001561 0.036312
v -0.007846 0.001561 0.036062
v -0.006785 0.001350 0.035437
v -0.006785 0.001350 0.034937
v -0.007846 0.001561 0.034312
v -0.007846 0.001561 0.034062
v -0.006785 0.001350 0.033437
v -0.006785 0.001350 0.032937
v -0.007846 0.001561 0.032312
v -0.007846 0.001561 0.032062
v -0.006785 0.001350 0.031437
v -0.006785 0.001350 0.030937
v -0.007846 0.001561 0.030312
v -0.007846 0.001561 0.030063
v -0.006785 0.001350 0.029438
v -0.006785 0.001350 0.028938
v -0.007846 0.001561 0.028313
v -0.007846 0.001561 0.028063
v -0.006785 0.001350 0.027438
v -0.006785 0.001350 0.026938
v -0.007846 0.001561 0.026313
v -0.007846 0.001561 0.026063
v -0.006785 0.001350 0.025438
v -0.006785 0.001350 0.024938
v -0.007846 0.001561 0.024313
v -0.007846 0.001561 0.024063
v -0.006785 0.001350 0.023438
v -0.006785 0.001350 0.022938
v -0.007846 0.001561 0.022313
v -0.007846 0.001561 0.022063
v -0.006785 0.001350 0.021438
v -0.006785 0.001350 0.020938
v -0.007846 0.001561 0.020313
v -0.007846 0.001561 0.020063
v -0.006785 0.001350 0.019438
v -0.006785 0.001350 0.018938
v -0.007846 0.001561 0.018313
v -0.007846 0.001561 0.018063
v -0.006785 0.001350 0.017438
v -0.006785 0.001350 0.016938
v -0.007846 0.001561 0.016313
v -0.007846 0.001561 0.016063
v -0.006785 0.001350 0.015438
v -0.006785 0.001350 0.014938
v -0.007846 0.001561 0.014312
v -0.007846 0.001561 0.014062
v -0.006785 0.001350 0.013437
v -0.006785 0.001350 0.012937
v -0.007846 0.001561 0.012312
v -0.007846 0.001561 0.012062
v -0.006785 0.001350 0.011437
v -0.006785 0.001350 0.010937
v -0.007846 0.001561 0.010312
v -0.007846 0.001561 0.010062
v -0.006785 0.001350 0.009437
v -0.006785 0.001350 0.008937
v -0.007846 0.001561 0.008312
v -0.007846 0.001561 0.008062
v -0.006785 0.001350 0.007437
v -0.006785 0.001350 0.006937
v -0.007846 0.001561 0.006312
v -0.007846 0.001561 0.006063
v -0.006785 0.001350 0.005438
v -0.006785 0.001350 0.004938
v -0.007846 0.001561 0.004313
v -0.007846 0.001561 0.004063
v -0.006785 0.001350 0.003438
v -0.006785 0.001350 0.002938
v -0.007398 0.001471 0.002312
v -0.007152 0.001423 0.002062
v -0.005988 0.001191 0.001437
v -0.005690 0.001132 0.000937
v -0.005436 0.001081 0.000312
v -0.005191 0.001033 0.000063
v -0.007887 0.001038 0.058958
v -0.007932 0.001044 0.058333
v -0.007932 0.001044 0.058083
v -0.006858 0.000903 0.057458
v -0.006858 0.000903 0.056958
v -0.007932 0.001044 0.056333
v -0.007932 0.001044 0.056083
v -0.006858 0.000903 0.055458
v -0.006858 0.000903 0.054958
v -0.007932 0.001044 0.054333
v -0.007932 0.001044 0.054083
v -0.006858 0.000903 0.053458
v -0.006858 0.000903 0.052958
v -0.007932 0.001044 0.052333
v -0.007932 0.001044 0.052083
v -0.006858 0.000903 0.051458
v -0.006858 0.000903 0.050958
v -0.007932 0.001044 0.050333
v -0.007932 0.001044 0.050083
v -0.006858 0.000903 0.049458
v -0.006858 0.000903 0.048958
v -0.007932 0.001044 0.048333
v -0.007932 0.001044 0.048083
v -0.006858 0.000903 0.047458
v -0.006858 0.000903 0.046958
v -0.007932 0.001044 0.046333
v -0.007932 0.001044 0.046083
v -0.006858 0.000903 0.045458
v -0.006858 0.000903 0.044958
v -0.007932 0.001044 0.044333
v -0.007932 0.001044 0.044083
v -0.006858 0.000903 0.043458
v -0.006858 0.000903 0.042958
v -0.007932 0.001044 0.042333
v -0.007932 0.001044 0.042083
v -0.006858 0.000903 0.041458
v -0.006858 0.000903 0.040958
v -0.007932 0.001044 0.040333
v -0.007932 0.001044 0.040083
v -0.006858 0.000903 0.039458
v -0.006858 0.000903 0.038958
v -0.007932 0.001044 0.038333
v -0.007932 0.001044 0.038083
v -0.006858 0.000903 0.037458
v -0.006858 0.000903 0.036958
v -0.007932 0.001044 0.036333
v -0.007932 0.001044 0.036083
v -0.006858 0.000903 0.035458
v -0.006858 0.000903 0.034958
v -0.007932 0.001044 0.034333
v -0.007932 0.001044 0.034083
v -0.006858 0.000903 0.033458
v -0.006858 0.000903 0.032958
v -0.007932 0.001044 0.032333
v -0.007932 0.001044 0.032083
v -0.006858 0.000903 0.031458
v -0.006858 0.000903 0.030958
v -0.007932 0.001044 0.030333
v -0.007932 0.001044 0.030083
v -0.006858 0.000903 0.029458
v -0.006858 0.000903 0.028958
v -0.007932 0.001044 0.028333
v -0.007932 0.001044 0.028083
v -0.006858 0.000903 0.027458
v -0.006858 0.000903 0.026958
v -0.007932 0.001044 0.026333
v -0.007932 0.001044 0.026083
v -0.006858 0.000903 0.025458
v -0.006858 0.000903 0.024958
v -0.007932 0.001044 0.024333
v -0.007932 0.001044 0.024083
v -0.006858 0.000903 0.023458
v -0.006858 0.000903 0.022958
v -0.007932 0.001044 0.022333
v -0.007932 0.001044 0.022083
v -0.006858 0.000903 0.021458
v -0.006858 0.000903 0.020958
v -0.007932 0.001044 0.020333
v -0.007932 0.001044 0.020083
v -0.006858 0.000903 0.019458
v -0.006858 0.000903 0.018958
v -0.007932 0.001044 0.018333
v -0.007932 0.001044 0.018083
v -0.006858 0.000903 0.017458
v -0.006858 0.000903 0.016958
v -0.007932 0.001044 0.016333
v -0.007932 0.001044 0.016083
v -0.006858 0.000903 0.015458
v -0.006858 0.000903 0.014958
v -0.007932 0.001044 0.014333
v -0.007932 0.001044 0.014083
v -0.006858 0.000903 0.013458
v -0.006858 0.000903 0.012958
v -0.007932 0.001044 0.012333
v -0.007932 0.001044 0.012083
v -0.006858 0.000903 0.011458
v -0.006858 0.000903 0.010958
v -0.007932 0.001044 0.010333
v -0.007932 0.001044 0.010083
v -0.006858 0.000903 0.009458
v -0.006858 0.000903 0.008958
v -0.007932 0.001044 0.008333
v -0.007932 0.001044 0.008083
v -0.006858 0.000903 0.007458
v -0.006858 0.000903 0.006958
v -0.007932 0.001044 0.006333
v -0.007932 0.001044 0.006083
v -0.006858 0.000903 0.005458
v -0.006858 0.000903 0.004958
v -0.007932 0.001044 0.004333
v -0.007932 0.001044 0.004083
v -0.006858 0.000903 0.003458
v -0.006858 0.000903 0.002958
v -0.007499 0.000987 0.002333
v -0.007251 0.000955 0.002083
v -0.006066 0.000799 0.001458
v -0.005764 0.000759 0.000958
v -0.005516 0.000726 0.000333
v -0.005268 0.000694 0.000083
v -0.007960 0.000522 0.058979
v -0.007983 0.000523 0.058354
v -0.007983 0.000523 0.058104
v -0.006903 0.000452 0.057479
v -0.006903 0.000452 0.056979
v -0.007983 0.000523 0.056354
v -0.007983 0.000523 0.056104
v -0.006903 0.000452 0.055479
v -0.006903 0.000452 0.054979
v -0.007983 0.000523 0.054354
v -0.007983 0.000523 0.054104
v -0.006903 0.000452 0.053479
v -0.006903 0.000452 0.052979
v -0.007983 0.000523 0.052354
v -0.007983 0.000523 0.052104
v -0.006903 0.000452 0.051479
v -0.006903 0.000452 0.050979
v -0.007983 0.000523 0.050354
v -0.007983 0.000523 0.050104
v -0.006903 0.000452 0.049479
v -0.006903 0.000452 0.048979
v -0.007983 0.000523 0.048354
v -0.007983 0.000523 0.048104
v -0.006903 0.000452 0.047479
v -0.006903 0.000452 0.046979
v -0.007983 0.000523 0.046354
v -0.007983 0.000523 0.046104
v -0.006903 0.000452 0.045479
v -0.006903 0.000452 0.044979
v -0.007983 0.000523 0.044354
v -0.007983 0.000523 0.044104
v -0.006903 0.000452 0.043479
v -0.006903 0.000452 0.042979
v -0.007983 0.000523 0.042354
v -0.007983 0.000523 0.042104
v -0.006903 0.000452 0.041479
v -0.006903 0.000452 0.040979
v -0.007983 0.000523 0.040354
v -0.007983 0.000523 0.040104
v -0.006903 0.000452 0.039479
v -0.006903 0.000452 0.038979
v -0.007983 0.000523 0.038354
v -0.007983 0.000523 0.038104
v -0.006903 0.000452 0.037479
v -0.006903 0.000452 0.036979
v -0.007983 0.000523 0.036354
v -0.007983 0.000523 0.036104
v -0.006903 0.000452 0.035479
v -0.006903 0.000452 0.034979
v -0.007983 0.000523 0.034354
v -0.007983 0.000523 0.034104
v -0.006903 0.000452 0.033479
v -0.006903 0.000452 0.032979
v -0.007983 0.000523 0.032354
v -0.007983 0.000523 0.032104
v -0.006903 0.000452 0.031479
v -0.006903 0.000452 0.030979
v -0.007983 0.000523 0.030354
v -0.007983 0.000523 0.030104
v -0.006903 0.000452 0.029479
v -0.006903 0.000452 0.028979
v -0.007983 0.000523 0.028354
v -0.007983 0.000523 0.028104
v -0.006903 0.000452 0.027479
v -0.006903 0.000452 0.026979
v -0.007983 0.000523 0.026354
v -0.007983 0.000523 0.026104
v -0.006903 0.000452 0.025479
v -0.006903 0.000452 0.024979
v -0.007983 0.000523 0.024354
v -0.007983 0.000523 0.024104
v -0.006903 0.000452 0.023479
v -0.006903 0.000452 0.022979
v -0.007983 0.000523 0.022354
v -0.007983 0.000523 0.022104
v -0.006903 0.000452 0.021479
v -0.006903 0.000452 0.020979
v -0.007983 0.000523 0.020354
v -0.007983 0.000523 0.020104
v -0.006903 0.000452 0.019479
v -0.006903 0.000452 0.018979
v -0.007983 0.000523 0.018354
v -0.007983 0.000523 0.018104
v -0.006903 0.000452 0.017479
v -0.006903 0.000452 0.016979
v -0.007983 0.000523 0.016354
v -0.007983 0.000523 0.016104
v -0.006903 0.000452 0.015479
v -0.006903 0.000452 0.014979
v -0.007983 0.000523 0.014354
v -0.007983 0.000523 0.014104
v -0.006903 0.000452 0.013479
v -0.006903 0.000452 0.012979
v -0.007983 0.000523 0.012354
v -0.007983 0.000523 0.012104
v -0.006903 0.000452 0.011479
v -0.006903 0.000452 0.010979
v -0.007983 0.000523 0.010354
v -0.007983 0.000523 0.010104
v -0.006903 0.000452 0.009479
v -0.006903 0.000452 0.008979
v -0.007983 0.000523 0.008354
v -0.007983 0.000523 0.008104
v -0.006903 0.000452 0.007479
v -0.006903 0.000452 0.006979
v -0.007983 0.000523 0.006354
v -0.007983 0.000523 0.006104
v -0.006903 0.000452 0.005479
v -0.006903 0.000452 0.004979
v -0.007983 0.000523 0.004354
v -0.007983 0.000523 0.004104
v -0.006903 0.000452 0.003479
v -0.006903 0.000452 0.002979
v -0.007568 0.000496 0.002354
v -0.007318 0.000480 0.002104
v -0.006118 0.000401 0.001479
v -0.005814 0.000381 0.000979
v -0.005572 0.000365 0.000354
v -0.005323 0.000349 0.000104
v -0.008000 -0.000000 0.059000
v -0.008000 -0.000000 0.058375
v -0.008000 -0.000000 0.058125
v -0.006917 -0.000000 0.057500
v -0.006917 -0.000000 0.057000
v -0.008000 -0.000000 0.056375
v -0.008000 -0.000000 0.056125
v -0.006917 -0.000000 0.055500
v -0.006917 -0.000000 0.055000
v -0.008000 -0.000000 0.054375
v -0.008000 -0.000000 0.054125
v -0.006917 -0.000000 0.053500
v -0.006917 -0.000000 0.053000
v -0.008000 -0.000000 0.052375
v -0.008000 -0.000000 0.052125
v -0.006917 -0.000000 0.051500
v -0.006917 -0.000000 0.051000
v -0.008000 -0.000000 0.050375
v -0.008000 -0.000000 0.050125
v -0.006917 -0.000000 0.049500
v -0.006917 -0.000000 0.049000
v -0.008000 -0.000000 0.048375
v -0.008000 -0.000000 0.048125
v -0.006917 -0.000000 0.047500
v -0.006917 -0.000000 0.047000
v -0.008000 -0.000000 0.046375
v -0.008000 -0.000000 0.046125
v -0.006917 -0.000000 0.045500
v -0.006917 -0.000000 0.045000
v -0.008000 -0.000000 0.044375
v -0.008000 -0.000000 0.044125
v -0.006917 -0.000000 0.043500
v -0.006917 -0.000000 0.043000
v -0.008000 -0.000000 0.042375
v -0.008000 -0.000000 0.042125
v -0.006917 -0.000000 0.041500
v -0.006917 -0.000000 0.041000
v -0.008000 -0.000000 0.040375
v -0.008000 -0.000000 0.040125
v -0.006917 -0.000000 0.039500
v -0.006917 -0.000000 0.039000
v -0.008000 -0.000000 0.038375
v -0.008000 -0.000000 0.038125
v -0.006917 -0.000000 0.037500
v -0.006917 -0.000000 0.037000
v -0.008000 -0.000000 0.036375
v -0.008000 -0.000000 0.036125
v -0.006917 -0.000000 0.035500
v -0.006917 -0.000000 0.035000
v -0.008000 -0.000000 0.034375
v -0.008000 -0.000000 0.034125
v -0.006917 -0.000000 0.033500
v -0.006917 -0.000000 0.033000
v -0.008000 -0.000000 0.032375
v -0.008000 -0.000000 0.032125
v -0.006917 -0.000000 0.031500
v -0.006917 -0.000000 0.031000
v -0.008000 -0.000000 0.030375
v -0.008000 -0.000000 0.030125
v -0.006917 -0.000000 0.029500
v -0.006917 -0.000000 0.029000
v -0.008000 -0.000000 0.028375
v -0.008000 -0.000000 0.028125
v -0.006917 -0.000000 0.027500
v -0.006917 -0.000000 0.027000
v -0.008000 -0.000000 0.026375
v -0.008000 -0.000000 0.026125
v -0.006917 -0.000000 0.025500
v -0.006917 -0.000000 0.025000
v -0.008000 -0.000000 0.024375
v -0.008000 -0.000000 0.024125
v -0.006917 -0.000000 0.023500
v -0.006917 -0.000000 0.023000
v -0.008000 -0.000000 0.022375
v -0.008000 -0.000000 0.022125
v -0.006917 -0.000000 0.021500
v -0.006917 -0.000000 0.021000
v -0.008000 -0.000000 0.020375
v -0.008000 -0.000000 0.020125
v -0.006917 -0.000000 0.019500
v -0.006917 -0.000000 0.019000
v -0.008000 -0.000000 0.018375
v -0.008000 -0.000000 0.018125
v -0.006917 -0.000000 0.017500
v -0.006917 -0.000000 0.017000
v -0.008000 -0.000000 0.016375
v -0.008000 -0.000000 0.016125
v -0.006917 -0.000000 0.015500
v -0.006917 -0.000000 0.015000
v -0.008000 -0.000000 0.014375
v -0.008000 -0.000000 0.014125
v -0.006917 -0.000000 0.013500
v -0.006917 -0.000000 0.013000
v -0.008000 -0.000000 0.012375
v -0.008000 -0.000000 0.012125
v -0.006917 -0.000000 0.011500
v -0.006917 -0.000000 0.011000
v -0.008000 -0.000000 0.010375
v -0.008000 -0.000000 0.010125
v -0.006917 -0.000000 0.009500
v -0.006917 -0.000000 0.009000
v -0.008000 -0.000000 0.008375
v -0.008000 -0.000000 0.008125
v -0.006917 -0.000000 0.007500
v -0.006917 -0.000000 0.007000
v -0.008000 -0.000000 0.006375
v -0.008000 -0.000000 0.006125
v -0.006917 -0.000000 0.005500
v -0.006917 -0.000000 0.005000
v -0.008000 -0.000000 0.004375
v -0.008000 -0.000000 0.004125
v -0.006917 -0.000000 0.003500
v -0.006917 -0.000000 0.003000
v -0.007605 -0.000000 0.002375
v -0.007355 -0.000000 0.002125
v -0.006144 -0.000000 0.001500
v -0.005839 -0.000000 0.001000
v -0.005605 -0.000000 0.000375
v -0.005355 -0.000000 0.000125
v -0.007983 -0.000523 0.058396
v -0.007983 -0.000523 0.058146
v -0.006903 -0.000452 0.057521
v -0.006903 -0.000452 0.057021
v -0.007983 -0.000523 0.056396
v -0.007983 -0.000523 0.056146
v -0.006903 -0.000452 0.055521
v -0.006903 -0.000452 0.055021
v -0.007983 -0.000523 0.054396
v -0.007983 -0.000523 0.054146
v -0.006903 -0.000452 0.053521
v -0.006903 -0.000452 0.053021
v -0.007983 -0.000523 0.052396
v -0.007983 -0.000523 0.052146
v -0.006903 -0.000452 0.051521
v -0.006903 -0.000452 0.051021
v -0.007983 -0.000523 0.050396
v -0.007983 -0.000523 0.050146
v -0.006903 -0.000452 0.049521
v -0.006903 -0.000452 0.049021
v -0.007983 -0.000523 0.048396
v -0.007983 -0.000523 0.048146
v -0.006903 -0.000452 0.047521
v -0.006903 -0.000452 0.047021
v -0.007983 -0.000523 0.046396
v -0.007983 -0.000523 0.046146
v -0.006903 -0.000452 0.045521
v -0.006903 -0.000452 0.045021
v -0.007983 -0.000523 0.044396
v -0.007983 -0.000523 0.044146
v -0.006903 -0.000452 0.043521
v -0.006903 -0.000452 0.043021
v -0.007983 -0.000523 0.042396
v -0.007983 -0.000523 0.042146
v -0.006903 -0.000452 0.041521
v -0.006903 -0.000452 0.041021
v -0.007983 -0.000523 0.040396
v -0.007983 -0.000523 0.040146
v -0.006903 -0.000452 0.039521
v -0.006903 -0.000452 0.039021
v -0.007983 -0.000523 0.038396
v -0.007983 -0.000523 0.038146
v -0.006903 -0.000452 0.037521
v -0.006903 -0.000452 0.037021
v -0.007983 -0.000523 0.036396
v -0.007983 -0.000523 0.036146
v -0.006903 -0.000452 0.035521
v -0.006903 -0.000452 0.035021
v -0.007983 -0.000523 0.034396
v -0.007983 -0.000523 0.034146
v -0.006903 -0.000452 0.033521
v -0.006903 -0.000452 0.033021
v -0.007983 -0.000523 0.032396
v -0.007983 -0.000523 0.032146
v -0.006903 -0.000452 0.031521
v -0.006903 -0.000452 0.031021
v -0.007983 -0.000523 0.030396
v -0.007983 -0.000523 0.030146
v -0.006903 -0.000452 0.029521
v -0.006903 -0.000452 0.029021
v -0.007983 -0.000523 0.028396
v -0.007983 -0.000523 0.028146
v -0.006903 -0.000452 0.027521
v -0.006903 -0.000452 0.027021
v -0.007983 -0.000523 0.026396
v -0.007983 -0.000523 0.026146
v -0.006903 -0.000452 0.025521
v -0.006903 -0.000452 0.025021
v -0.007983 -0.000523 0.024396
v -0.007983 -0.000523 0.024146
v -0.006903 -0.000452 0.023521
v -0.006903 -0.000452 0.023021
v -0.007983 -0.000523 0.022396
v -0.007983 -0.000523 0.022146
v -0.006903 -0.000452 0.021521
v -0.006903 -0.000452 0.021021
v -0.007983 -0.000523 0.020396
v -0.007983 -0.000523 0.020146
v -0.006903 -0.000452 0.019521
v -0.006903 -0.000452 0.019021
v -0.007983 -0.000523 0.018396
v -0.007983 -0.000523 0.018146
v -0.006903 -0.000452 0.017521
v -0.006903 -0.000452 0.017021
v -0.007983 -0.000523 0.016396
v -0.007983 -0.000523 0.016146
v -0.006903 -0.000452 0.015521
v -0.006903 -0.000452 0.015021
v -0.007983 -0.000523 0.014396
v -0.007983 -0.000523 0.014146
v -0.006903 -0.000452 0.013521
v -0.006903 -0.000452 0.013021
v -0.007983 -0.000523 0.012396
v -0.007983 -0.000523 0.012146
v -0.006903 -0.000452 0.011521
v -0.006903 -0.000452 0.011021
v -0.007983 -0.000523 0.010396
v -0.007983 -0.000523 0.010146
v -0.006903 -0.000452 0.009521
v -0.006903 -0.000452 0.009021
v -0.007983 -0.000523 0.008396
v -0.007983 -0.000523 0.008146
v -0.006903 -0.000452 0.007521
v -0.006903 -0.000452 0.007021
v -0.007983 -0.000523 0.006396
v -0.007983 -0.000523 0.006146
v -0.006903 -0.000452 0.005521
v -0.006903 -0.000452 0.005021
v -0.007983 -0.000523 0.004396
v -0.007983 -0.000523 0.004146
v -0.006903 -0.000452 0.003521
v -0.006903 -0.000452 0.003021
v -0.007610 -0.000499 0.002396
v -0.007360 -0.000482 0.002146
v -0.006143 -0.000403 0.001521
v -0.005839 -0.000383 0.001021
v -0.005614 -0.000368 0.000396
v -0.005364 -0.000352 0.000146
v -0.007932 -0.001044 0.058417
v -0.007932 -0.001044 0.058167
v -0.006858 -0.000903 0.057542
v -0.006858 -0.000903 0.057042
v -0.007932 -0.001044 0.056417
v -0.007932 -0.001044 0.056167
v -0.006858 -0.000903 0.055542
v -0.006858 -0.000903 0.055042
v -0.007932 -0.001044 0.054417
v -0.007932 -0.001044 0.054167
v -0.006858 -0.000903 0.053542
v -0.006858 -0.000903 0.053042
v -0.007932 -0.001044 0.052417
v -0.007932 -0.001044 0.052167
v -0.006858 -0.000903 0.051542
v -0.006858 -0.000903 0.051042
v -0.007932 -0.001044 0.050417
v -0.007932 -0.001044 0.050167
v -0.006858 -0.000903 0.049542
v -0.006858 -0.000903 0.049042
v -0.007932 -0.001044 0.048417
v -0.007932 -0.001044 0.048167
v -0.006858 -0.000903 0.047542
v -0.006858 -0.000903 0.047042
v -0.007932 -0.001044 0.046417
v -0.007932 -0.001044 0.046167
v -0.006858 -0.000903 0.045542
v -0.006858 -0.000903 0.045042
v -0.007932 -0.001044 0.044417
v -0.007932 -0.001044 0.044167
v -0.006858 -0.000903 0.043542
v -0.006858 -0.000903 0.043042
v -0.007932 -0.001044 0.042417
v -0.007932 -0.001044 0.042167
v -0.006858 -0.000903 0.041542
v -0.006858 -0.000903 0.041042
v -0.007932 -0.001044 0.040417
v -0.007932 -0.001044 0.040167
v -0.006858 -0.000903 0.039542
v -0.006858 -0.000903 0.039042
v -0.007932 -0.001044 0.038417
v -0.007932 -0.001044 0.038167
v -0.006858 -0.000903 0.037542
v -0.006858 -0.000903 0.037042
v -0.007932 -0.001044 0.036417
v -0.007932 -0.001044 0.036167
v -0.006858 -0.000903 0.035542
v -0.006858 -0.000903 0.035042
v -0.007932 -0.001044 0.034417
v -0.007932 -0.001044 0.034167
v -0.006858 -0.000903 0.033542
v -0.006858 -0.000903 0.033042
v -0.007932 -0.001044 0.032417
v -0.007932 -0.001044 0.032167
v -0.006858 -0.000903 0.031542
v -0.006858 -0.000903 0.031042
v -0.007932 -0.001044 0.030417
v -0.007932 -0.001044 0.030167
v -0.006858 -0.000903 0.029542
v -0.006858 -0.000903 0.029042
v -0.007932 -0.001044 0.028417
v -0.007932 -0.001044 0.028167
v -0.006858 -0.000903 0.027542
v -0.006858 -0.000903 0.027042
v -0.007932 -0.001044 0.026417
v -0.007932 -0.001044 0.026167
v -0.006858 -0.000903 0.025542
v -0.006858 -0.000903 0.025042
v -0.007932 -0.001044 0.024417
v -0.007932 -0.001044 0.024167
v -0.006858 -0.000903 0.023542
v -0.006858 -0.000903 0.023042
v -0.007932 -0.001044 0.022417
v -0.007932 -0.001044 0.022167
v -0.006858 -0.000903 0.021542
v -0.006858 -0.000903 0.021042
v -0.007932 -0.001044 0.020417
v -0.007932 -0.001044 0.020167
v -0.006858 -0.000903 0.019542
v -0.006858 -0.000903 0.019042
v -0.007932 -0.001044 0.018417
v -0.007932 -0.001044 0.018167
v -0.006858 -0.000903 0.017542
v -0.006858 -0.000903 0.017042
v -0.007932 -0.001044 0.016417
v -0.007932 -0.001044 0.016167
v -0.006858 -0.000903 0.015542
v -0.006858 -0.000903 0.015042
v -0.007932 -0.001044 0.014417
v -0.007932 -0.001044 0.014167
v -0.006858 -0.000903 0.013542
v -0.006858 -0.000903 0.013042
v -0.007932 -0.001044 0.012417
v -0.007932 -0.001044 0.012167
v -0.006858 -0.000903 0.011542
v -0.006858 -0.000903 0.011042
v -0.007932 -0.001044 0.010417
v -0.007932 -0.001044 0.010167
v -0.006858 -0.000903 0.009542
v -0.006858 -0.000903 0.009042
v -0.007932 -0.001044 0.008417
v -0.007932 -0.001044 0.008167
v -0.006858 -0.000903 0.007542
v -0.006858 -0.000903 0.007042
v -0.007932 -0.001044 0.006417
v -0.007932 -0.001044 0.006167
v -0.006858 -0.000903 0.005542
v -0.006858 -0.000903 0.005042
v -0.007932 -0.001044 0.004417
v -0.007932 -0.001044 0.004167
v -0.006858 -0.000903 0.003542
v -0.006858 -0.000903 0.003042
v -0.007581 -0.000998 0.002417
v -0.007333 -0.000965 0.002167
v -0.006116 -0.000805 0.001542
v -0.005814 -0.000765 0.001042
v -0.005598 -0.000737 0.000417
v -0.005350 -0.000704 0.000167
v -0.007846 -0.001561 0.058437
v -0.007846 -0.001561 0.058187
v -0.006785 -0.001350 0.057562
v -0.006785 -0.001350 0.057062
v -0.007846 -0.001561 0.056437
v -0.007846 -0.001561 0.056187
v -0.006785 -0.001350 0.055562
v -0.006785 -0.001350 0.055062
v -0.007846 -0.001561 0.054437
v -0.007846 -0.001561 0.054187
v -0.006785 -0.001350 0.053562
v -0.006785 -0.001350 0.053062
v -0.007846 -0.001561 0.052437
v -0.007846 -0.001561 0.052187
v -0.006785 -0.001350 0.051562
v -0.006785 -0.001350 0.051062
v -0.007846 -0.001561 0.050437
v -0.007846 -0.001561 0.050187
v -0.006785 -0.001350 0.049562
v -0.006785 -0.001350 0.049062
v -0.007846 -0.001561 0.048437
v -0.007846 -0.001561 0.048187
v -0.006785 -0.001350 0.047562
v -0.006785 -0.001350 0.047062
v -0.007846 -0.001561 0.046437
v -0.007846 -0.001561 0.046187
v -0.006785 -0.001350 0.045562
v -0.006785 -0.001350 0.045062
v -0.007846 -0.001561 0.044437
v -0.007846 -0.001561 0.044187
v -0.006785 -0.001350 0.043562
v -0.006785 -0.001350 0.043062
v -0.007846 -0.001561 0.042437
v -0.007846 -0.001561 0.042187
v -0.006785 -0.001350 0.041562
v -0.006785 -0.001350 0.041062
v -0.007846 -0.001561 0.040437
v -0.007846 -0.001561 0.040187
v -0.006785 -0.001350 0.039562
v -0.006785 -0.001350 0.039062
v -0.007846 -0.001561 0.038437
v -0.007846 -0.001561 0.038187
v -0.006785 -0.001350 0.037562
v -0.006785 -0.001350 0.037062
v -0.007846 -0.001561 0.036437
v -0.007846 -0.001561 0.036187
v -0.006785 -0.001350 0.035562
v -0.006785 -0.001350 0.035062
v -0.007846 -0.001561 0.034437
v -0.007846 -0.001561 0.034187
v -0.006785 -0.001350 0.033562
v -0.006785 -0.001350 0.033062
v -0.007846 -0.001561 0.032437
v -0.007846 -0.001561 0.032187
v -0.006785 -0.001350 0.031562
v -0.006785 -0.001350 0.031062
v -0.007846 -0.001561 0.030437
v -0.007846 -0.001561 0.030188
v -0.006785 -0.001350 0.029563
v -0.006785 -0.001350 0.029063
v -0.007846 -0.001561 0.028438
v -0.007846 -0.001561 0.028188
v -0.006785 -0.001350 0.027563
v -0.006785 -0.001350 0.027063
v -0.007846 -0.001561 0.026438
v -0.007846 -0.001561 0.026188
v -0.006785 -0.001350 0.025563
v -0.006785 -0.001350 0.025063
v -0.007846 -0.001561 0.024438
v -0.007846 -0.001561 0.024188
v -0.006785 -0.001350 0.023563
v -0.006785 -0.001350 0.023063
v -0.007846 -0.001561 0.022438
v -0.007846 -0.001561 0.022188
v -0.006785 -0.001350 0.021563
v -0.006785 -0.001350 0.021063
v -0.007846 -0.001561 0.020438
v -0.007846 -0.001561 0.020188
v -0.006785 -0.001350 0.019563
v -0.006785 -0.001350 0.019063
v -0.007846 -0.001561 0.018438
v -0.007846 -0.001561 0.018188
v -0.006785 -0.001350 0.017563
v -0.006785 -0.001350 0.017063
v -0.007846 -0.001561 0.016438
v -0.007846 -0.001561 0.016188
v -0.006785 -0.001350 0.015563
v -0.006785 -0.001350 0.015063
v -0.007846 -0.001561 0.014438
v -0.007846 -0.001561 0.014187
v -0.006785 -0.001350 0.013562
v -0.006785 -0.001350 0.013062
v -0.007846 -0.001561 0.012437
v -0.007846 -0.001561 0.012187
v -0.006785 -0.001350 0.011562
v -0.006785 -0.001350 0.011062
v -0.007846 -0.001561 0.010437
v -0.007846 -0.001561 0.010187
v -0.006785 -0.001350 0.009562
v -0.006785 -0.001350 0.009062
v -0.007846 -0.001561 0.008437
v -0.007846 -0.001561 0.008187
v -0.006785 -0.001350 0.007562
v -0.006785 -0.001350 0.007062
v -0.007846 -0.001561 0.006437
v -0.007846 -0.001561 0.006188
v -0.006785 -0.001350 0.005563
v -0.006785 -0.001350 0.005063
v -0.007846 -0.001561 0.004438
v -0.007846 -0.001561 0.004188
v -0.006785 -0.001350 0.003563
v -0.006785 -0.001350 0.003063
v -0.007520 -0.001496 0.002438
v -0.007275 -0.001447 0.002187
v -0.006063 -0.001206 0.001562
v -0.005764 -0.001147 0.001062
v -0.005559 -0.001106 0.000437
v -0.005313 -0.001057 0.000188
v -0.007727 -0.002071 0.058458
v -0.007727 -0.002071 0.058208
v -0.006682 -0.001790 0.057583
v -0.006682 -0.001790 0.057083
v -0.007727 -0.002071 0.056458
v -0.007727 -0.002071 0.056208
v -0.006682 -0.001790 0.055583
v -0.006682 -0.001790 0.055083
v -0.007727 -0.002071 0.054458
v -0.007727 -0.002071 0.054208
v -0.006682 -0.001790 0.053583
v -0.006682 -0.001790 0.053083
v -0.007727 -0.002071 0.052458
v -0.007727 -0.002071 0.052208
v -0.006682 -0.001790 0.051583
v -0.006682 -0.001790 0.051083
v -0.007727 -0.002071 0.050458
v -0.007727 -0.002071 0.050208
v -0.006682 -0.001790 0.049583
v -0.006682 -0.001790 0.049083
v -0.007727 -0.002071 0.048458
v -0.007727 -0.002071 0.048208
v -0.006682 -0.001790 0.047583
v -0.006682 -0.001790 0.047083
v -0.007727 -0.002071 0.046458
v -0.007727 -0.002071 0.046208
v -0.006682 -0.001790 0.045583
v -0.006682 -0.001790 0.045083
v -0.007727 -0.002071 0.044458
v -0.007727 -0.002071 0.044208
v -0.006682 -0.001790 0.043583
v -0.006682 -0.001790 0.043083
v -0.007727 -0.002071 0.042458
v -0.007727 -0.002071 0.042208
v -0.006682 -0.001790 0.041583
v -0.006682 -0.001790 0.041083
v -0.007727 -0.002071 0.040458
v -0.007727 -0.002071 0.040208
v -0.006682 -0.001790 0.039583
v -0.006682 -0.001790 0.039083
v -0.007727 -0.002071 0.038458
v -0.007727 -0.002071 0.038208
v -0.006682 -0.001790 0.037583
v -0.006682 -0.001790 0.037083
v -0.007727 -0.002071 0.036458
v -0.007727 -0.002071 0.036208
v -0.006682 -0.001790 0.035583
v -0.006682 -0.001790 0.035083
v -0.007727 -0.002071 0.034458
v -0.007727 -0.002071 0.034208
v -0.006682 -0.001790 0.033583
v -0.006682 -0.001790 0.033083
v -0.007727 -0.002071 0.032458
v -0.007727 -0.002071 0.032208
v -0.006682 -0.001790 0.031583
v -0.006682 -0.001790 0.031083
v -0.007727 -0.002071 0.030458
v -0.007727 -0.002071 0.030208
v -0.006682 -0.001790 0.029583
v -0.006682 -0.001790 0.029083
v -0.007727 -0.002071 0.028458
v -0.007727 -0.002071 0.028208
v -0.006682 -0.001790 0.027583
v -0.006682 -0.001790 0.027083
v -0.007727 -0.002071 0.026458
v -0.007727 -0.002071 0.026208
v -0.006682 -0.001790 0.025583
v -0.006682 -0.001790 0.025083
v -0.007727 -0.002071 0.024458
v -0.007727 -0.002071 0.024208
v -0.006682 -0.001790 0.023583
v -0.006682 -0.001790 0.023083
v -0.007727 -0.002071 0.022458
v -0.007727 -0.002071 0.022208
v -0.006682 -0.001790 0.021583
v -0.006682 -0.001790 0.021083
v -0.007727 -0.002071 0.020458
v -0.007727 -0.002071 0.020208
v -0.006682 -0.001790 0.019583
v -0.006682 -0.001790 0.019083
v -0.007727 -0.002071 0.018458
v -0.007727 -0.002071 0.018208
v -0.006682 -0.001790 0.017583
v -0.006682 -0.001790 0.017083
v -0.007727 -0.002071 0.016458
v -0.007727 -0.002071 0.016208
v -0.006682 -0.001790 0.015583
v -0.006682 -0.001790 0.015083
v -0.007727 -0.002071 0.014458
v -0.007727 -0.002071 0.014208
v -0.006682 -0.001790 0.013583
v -0.006682 -0.001790 0.013083
v -0.007727 -0.002071 0.012458
v -0.007727 -0.002071 0.012208
v -0.006682 -0.001790 0.011583
v -0.006682 -0.001790 0.011083
v -0.007727 -0.002071 0.010458
v -0.007727 -0.002071 0.010208
v -0.006682 -0.001790 0.009583
v -0.006682 -0.001790 0.009083
v -0.007727 -0.002071 0.008458
v -0.007727 -0.002071 0.008208
v -0.006682 -0.001790 0.007583
v -0.006682 -0.001790 0.007083
v -0.007727 -0.002071 0.006458
v -0.007727 -0.002071 0.006208
v -0.006682 -0.001790 0.005583
v -0.006682 -0.001790 0.005083
v -0.007727 -0.002071 0.004458
v -0.007727 -0.002071 0.004208
v -0.006682 -0.001790 0.003583
v -0.006682 -0.001790 0.003083
v -0.007426 -0.001990 0.002458
v -0.007185 -0.001925 0.002208
v -0.005983 -0.001603 0.001583
v -0.005689 -0.001524 0.001083
v -0.005495 -0.001472 0.000458
v -0.005253 -0.001408 0.000208
v -0.007575 -0.002572 0.058479
v -0.007575 -0.002572 0.058229
v -0.006550 -0.002224 0.057604
v -0.006550 -0.002224 0.057104
v -0.007575 -0.002572 0.056479
v -0.007575 -0.002572 0.056229
v -0.006550 -0.002224 0.055604
v -0.006550 -0.002224 0.055104
v -0.007575 -0.002572 0.054479
v -0.007575 -0.002572 0.054229
v -0.006550 -0.002224 0.053604
v -0.006550 -0.002224 0.053104
v -0.007575 -0.002572 0.052479
v -0.007575 -0.002572 0.052229
v -0.006550 -0.002224 0.051604
v -0.006550 -0.002224 0.051104
v -0.007575 -0.002572 0.050479
v -0.007575 -0.002572 0.050229
v -0.006550 -0.002224 0.049604
v -0.006550 -0.002224 0.049104
v -0.007575 -0.002572 0.048479
v -0.007575 -0.002572 0.048229
v -0.006550 -0.002224 0.047604
v -0.006550 -0.002224 0.047104
v -0.007575 -0.002572 0.046479
v -0.007575 -0.002572 0.046229
v -0.006550 -0.002224 0.045604
v -0.006550 -0.002224 0.045104
v -0.007575 -0.002572 0.044479
v -0.007575 -0.002572 0.044229
v -0.006550 -0.002224 0.043604
v -0.006550 -0.002224 0.043104
v -0.007575 -0.002572 0.042479
v -0.007575 -0.002572 0.042229
v -0.006550 -0.002224 0.041604
v -0.006550 -0.002224 0.041104
v -0.007575 -0.002572 0.040479
v -0.007575 -0.002572 0.040229
v -0.006550 -0.002224 0.039604
v -0.006550 -0.002224 0.039104
v -0.007575 -0.002572 0.038479
v -0.007575 -0.002572 0.038229
v -0.006550 -0.002224 0.037604
v -0.006550 -0.002224 0.037104
v -0.007575 -0.002572 0.036479
v -0.007575 -0.002572 0.036229
v -0.006550 -0.002224 0.035604
v -0.006550 -0.002224 0.035104
v -0.007575 -0.002572 0.034479
v -0.007575 -0.002572 0.034229
v -0.006550 -0.002224 0.033604
v -0.006550 -0.002224 0.033104
v -0.007575 -0.002572 0.032479
v -0.007575 -0.002572 0.032229
v -0.006550 -0.002224 0.031604
v -0.006550 -0.002224 0.031104
v -0.007575 -0.002572 0.030479
v -0.007575 -0.002572 0.030229
v -0.006550 -0.002224 0.029604
v -0.006550 -0.002224 0.029104
v -0.007575 -0.002572 0.028479
v -0.007575 -0.002572 0.028229
v -0.006550 -0.002224 0.027604
v -0.006550 -0.002224 0.027104
v -0.007575 -0.002572 0.026479
v -0.007575 -0.002572 0.026229
v -0.006550 -0.002224 0.025604
v -0.006550 -0.002224 0.025104
v -0.007575 -0.002572 0.024479
v -0.007575 -0.002572 0.024229
v -0.006550 -0.002224 0.023604
v -0.006550 -0.002224 0.023104
v -0.007575 -0.002572 0.022479
v -0.007575 -0.002572 0.022229
v -0.006550 -0.002224 0.021604
v -0.006550 -0.002224 0.021104
v -0.007575 -0.002572 0.020479
v -0.007575 -0.002572 0.020229
v -0.006550 -0.002224 0.019604
v -0.006550 -0.002224 0.019104
v -0.007575 -0.002572 0.018479
v -0.007575 -0.002572 0.018229
v -0.006550 -0.002224 0.017604
v -0.006550 -0.002224 0.017104
v -0.007575 -0.002572 0.016479
v -0.007575 -0.002572 0.016229
v -0.006550 -0.002224 0.015604
v -0.006550 -0.002224 0.015104
v -0.007575 -0.002572 0.014479
v -0.007575 -0.002572 0.014229
v -0.006550 -0.002224 0.013604
v -0.006550 -0.002224 0.013104
v -0.007575 -0.002572 0.012479
v -0.007575 -0.002572 0.012229
v -0.006550 -0.002224 0.011604
v -0.006550 -0.002224 0.011104
v -0.007575 -0.002572 0.010479
v -0.007575 -0.002572 0.010229
v -0.006550 -0.002224 0.009604
v -0.006550 -0.002224 0.009104
v -0.007575 -0.002572 0.008479
v -0.007575 -0.002572 0.008229
v -0.006550 -0.002224 0.007604
v -0.006550 -0.002224 0.007104
v -0.007575 -0.002572 0.006479
v -0.007575 -0.002572 0.006229
v -0.006550 -0.002224 0.005604
v -0.006550 -0.002224 0.005104
v -0.007575 -0.002572 0.004479
v -0.007575 -0.002572 0.004229
v -0.006550 -0.002224 0.003604
v -0.006550 -0.002224 0.003104
v -0.007300 -0.002478 0.002479
v -0.007063 -0.002398 0.002229
v -0.005878 -0.001995 0.001604
v -0.005589 -0.001897 0.001104
v -0.005406 -0.001835 0.000479
v -0.005169 -0.001755 0.000229
v -0.007391 -0.003061 0.058500
v -0.007391 -0.003061 0.058250
v -0.006391 -0.002647 0.057625
v -0.006391 -0.002647 0.057125
v -0.007391 -0.003061 0.056500
v -0.007391 -0.003061 0.056250
v -0.006391 -0.002647 0.055625
v -0.006391 -0.002647 0.055125
v -0.007391 -0.003061 0.054500
v -0.007391 -0.003061 0.054250
v -0.006391 -0.002647 0.053625
v -0.006391 -0.002647 0.053125
v -0.007391 -0.003061 0.052500
v -0.007391 -0.003061 0.052250
v -0.006391 -0.002647 0.051625
v -0.006391 -0.002647 0.051125
v -0.007391 -0.003061 0.050500
v -0.007391 -0.003061 0.050250
v -0.006391 -0.002647 0.049625
v -0.006391 -0.002647 0.049125
v -0.007391 -0.003061 0.048500
v -0.007391 -0.003061 0.048250
v -0.006391 -0.002647 0.047625
v -0.006391 -0.002647 0.047125
v -0.007391 -0.003061 0.046500
v -0.007391 -0.003061 0.046250
v -0.006391 -0.002647 0.045625
v -0.006391 -0.002647 0.045125
v -0.007391 -0.003061 0.044500
v -0.007391 -0.003061 0.044250
v -0.006391 -0.002647 0.043625
v -0.006391 -0.002647 0.043125
v -0.007391 -0.003061 0.042500
v -0.007391 -0.003061 0.042250
v -0.006391 -0.002647 0.041625
v -0.006391 -0.002647 0.041125
v -0.007391 -0.003061 0.040500
v -0.007391 -0.003061 0.040250
v -0.006391 -0.002647 0.039625
v -0.006391 -0.002647 0.039125
v -0.007391 -0.003061 0.038500
v -0.007391 -0.003061 0.038250
v -0.006391 -0.002647 0.037625
v -0.006391 -0.002647 0.037125
v -0.007391 -0.003061 0.036500
v -0.007391 -0.003061 0.036250
v -0.006391 -0.002647 0.035625
v -0.006391 -0.002647 0.035125
v -0.007391 -0.003061 0.034500
v -0.007391 -0.003061 0.034250
v -0.006391 -0.002647 0.033625
v -0.006391 -0.002647 0.033125
v -0.007391 -0.003061 0.032500
v -0.007391 -0.003061 0.032250
v -0.006391 -0.002647 0.031625
v -0.006391 -0.002647 0.031125
v -0.007391 -0.003061 0.030500
v -0.007391 -0.003061 0.030250
v -0.006391 -0.002647 0.029625
v -0.006391 -0.002647 0.029125
v -0.007391 -0.003061 0.028500
v -0.007391 -0.003061 0.028250
v -0.006391 -0.002647 0.027625
v -0.006391 -0.002647 0.027125
v -0.007391 -0.003061 0.026500
v -0.007391 -0.003061 0.026250
v -0.006391 -0.002647 0.025625
v -0.006391 -0.002647 0.025125
v -0.007391 -0.003061 0.024500
v -0.007391 -0.003061 0.024250
v -0.006391 -0.002647 0.023625
v -0.006391 -0.002647 0.023125
v -0.007391 -0.003061 0.022500
v -0.007391 -0.003061 0.022250
v -0.006391 -0.002647 0.021625
v -0.006391 -0.002647 0.021125
v -0.007391 -0.003061 0.020500
v -0.007391 -0.003061 0.020250
v -0.006391 -0.002647 0.019625
v -0.006391 -0.002647 0.019125
v -0.007391 -0.003061 0.018500
v -0.007391 -0.003061 0.018250
v -0.006391 -0.002647 0.017625
v -0.006391 -0.002647 0.017125
v -0.007391 -0.003061 0.016500
v -0.007391 -0.003061 0.016250
v -0.006391 -0.002647 0.015625
v -0.006391 -0.002647 0.015125
v -0.007391 -0.003061 0.014500
v -0.007391 -0.003061 0.014250
v -0.006391 -0.002647 0.013625
v -0.006391 -0.002647 0.013125
v -0.007391 -0.003061 0.012500
v -0.007391 -0.003061 0.012250
v -0.006391 -0.002647 0.011625
v -0.006391 -0.002647 0.011125
v -0.007391 -0.003061 0.010500
v -0.007391 -0.003061 0.010250
v -0.006391 -0.002647 0.009625
v -0.006391 -0.002647 0.009125
v -0.007391 -0.003061 0.008500
v -0.007391 -0.003061 0.008250
v -0.006391 -0.002647 0.007625
v -0.006391 -0.002647 0.007125
v -0.007391 -0.003061 0.006500
v -0.007391 -0.003061 0.006250
v -0.006391 -0.002647 0.005625
v -0.006391 -0.002647 0.005125
v -0.007391 -0.003061 0.004500
v -0.007391 -0.003061 0.004250
v -0.006391 -0.002647 0.003625
v -0.006391 -0.002647 0.003125
v -0.007142 -0.002958 0.002500
v -0.006911 -0.002862 0.002250
v -0.005746 -0.002380 0.001625
v -0.005465 -0.002264 0.001125
v -0.005294 -0.002193 0.000500
v -0.005063 -0.002097 0.000250
v -0.007175 -0.003538 0.058521
v -0.007175 -0.003538 0.058271
v -0.006204 -0.003060 0.057646
v -0.006204 -0.003060 0.057146
v -0.007175 -0.003538 0.056521
v -0.007175 -0.003538 0.056271
v -0.006204 -0.003060 0.055646
v -0.006204 -0.003060 0.055146
v -0.007175 -0.003538 0.054521
v -0.007175 -0.003538 0.054271
v -0.006204 -0.003060 0.053646
v -0.006204 -0.003060 0.053146
v -0.007175 -0.003538 0.052521
v -0.007175 -0.003538 0.052271
v -0.006204 -0.003060 0.051646
v -0.006204 -0.003060 0.051146
v -0.007175 -0.003538 0.050521
v -0.007175 -0.003538 0.050271
v -0.006204 -0.003060 0.049646
v -0.006204 -0.003060 0.049146
v -0.007175 -0.003538 0.048521
v -0.007175 -0.003538 0.048271
v -0.006204 -0.003060 0.047646
v -0.006204 -0.003060 0.047146
v -0.007175 -0.003538 0.046521
v -0.007175 -0.003538 0.046271
v -0.006204 -0.003060 0.045646
v -0.006204 -0.003060 0.045146
v -0.007175 -0.003538 0.044521
v -0.007175 -0.003538 0.044271
v -0.006204 -0.003060 0.043646
v -0.006204 -0.003060 0.043146
v -0.007175 -0.003538 0.042521
v -0.007175 -0.003538 0.042271
v -0.006204 -0.003060 0.041646
v -0.006204 -0.003060 0.041146
v -0.007175 -0.003538 0.040521
v -0.007175 -0.003538 0.040271
v -0.006204 -0.003060 0.039646
v -0.006204 -0.003060 0.039146
v -0.007175 -0.003538 0.038521
v -0.007175 -0.003538 0.038271
v -0.006204 -0.003060 0.037646
v -0.006204 -0.003060 0.037146
v -0.007175 -0.003538 0.036521
v -0.007175 -0.003538 0.036271
v -0.006204 -0.003060 0.035646
v -0.006204 -0.003060 0.035146
v -0.007175 -0.003538 0.034521
v -0.007175 -0.003538 0.034271
v -0.006204 -0.003060 0.033646
v -0.006204 -0.003060 0.033146
v -0.007175 -0.003538 0.032521
v -0.007175 -0.003538 0.032271
v -0.006204 -0.003060 0.031646
v -0.006204 -0.003060 0.031146
v -0.007175 -0.003538 0.030521
v -0.007175 -0.003538 0.030271
v -0.006204 -0.003060 0.029646
v -0.006204 -0.003060 0.029146
v -0.007175 -0.003538 0.028521
v -0.007175 -0.003538 0.028271
v -0.006204 -0.003060 0.027646
v -0.006204 -0.003060 0.027146
v -0.007175 -0.003538 0.026521
v -0.007175 -0.003538 0.026271
v -0.006204 -0.003060 0.025646
v -0.006204 -0.003060 0.025146
v -0.007175 -0.003538 0.024521
v -0.007175 -0.003538 0.024271
v -0.006204 -0.003060 0.023646
v -0.006204 -0.003060 0.023146
v -0.007175 -0.003538 0.022521
v -0.007175 -0.003538 0.022271
v -0.006204 -0.003060 0.021646
v -0.006204 -0.003060 0.021146
v -0.007175 -0.003538 0.020521
v -0.007175 -0.003538 0.020271
v -0.006204 -0.003060 0.019646
v -0.006204 -0.003060 0.019146
v -0.007175 -0.003538 0.018521
v -0.007175 -0.003538 0.018271
v -0.006204 -0.003060 0.017646
v -0.006204 -0.003060 0.017146
v -0.007175 -0.003538 0.016521
v -0.007175 -0.003538 0.016271
v -0.006204 -0.003060 0.015646
v -0.006204 -0.003060 0.015146
v -0.007175 -0.003538 0.014521
v -0.007175 -0.003538 0.014271
v -0.006204 -0.003060 0.013646
v -0.006204 -0.003060 0.013146
v -0.007175 -0.003538 0.012521
v -0.007175 -0.003538 0.012271
v -0.006204 -0.003060 0.011646
v -0.006204 -0.003060 0.011146
v -0.007175 -0.003538 0.010521
v -0.007175 -0.003538 0.010271
v -0.006204 -0.003060 0.009646
v -0.006204 -0.003060 0.009146
v -0.007175 -0.003538 0.008521
v -0.007175 -0.003538 0.008271
v -0.006204 -0.003060 0.007646
v -0.006204 -0.003060 0.007146
v -0.007175 -0.003538 0.006521
v -0.007175 -0.003538 0.006271
v -0.006204 -0.003060 0.005646
v -0.006204 -0.003060 0.005146
v -0.007175 -0.003538 0.004521
v -0.007175 -0.003538 0.004271
v -0.006204 -0.003060 0.003646
v -0.006204 -0.003060 0.003146
v -0.006952 -0.003428 0.002521
v -0.006727 -0.003318 0.002271
v -0.005590 -0.002757 0.001646
v -0.005317 -0.002622 0.001146
v -0.005158 -0.002544 0.000521
v -0.004934 -0.002433 0.000271
v -0.006928 -0.004000 0.058542
v -0.006928 -0.004000 0.058292
v -0.005991 -0.003459 0.057667
v -0.005991 -0.003459 0.057167
v -0.006928 -0.004000 0.056542
v -0.006928 -0.004000 0.056292
v -0.005991 -0.003459 0.055667
v -0.005991 -0.003459 0.055167
v -0.006928 -0.004000 0.054542
v -0.006928 -0.004000 0.054292
v -0.005991 -0.003459 0.053667
v -0.005991 -0.003459 0.053167
v -0.006928 -0.004000 0.052542
v -0.006928 -0.004000 0.052292
v -0.005991 -0.003459 0.051667
v -0.005991 -0.003459 0.051167
v -0.006928 -0.004000 0.050542
v -0.006928 -0.004000 0.050292
v -0.005991 -0.003459 0.049667
v -0.005991 -0.003459 0.049167
v -0.006928 -0.004000 0.048542
v -0.006928 -0.004000 0.048292
v -0.005991 -0.003459 0.047667
v -0.005991 -0.003459 0.047167
v -0.006928 -0.004000 0.046542
v -0.006928 -0.004000 0.046292
v -0.005991 -0.003459 0.045667
v -0.005991 -0.003459 0.045167
v -0.006928 -0.004000 0.044542
v -0.006928 -0.004000 0.044292
v -0.005991 -0.003459 0.043667
v -0.005991 -0.003459 0.043167
v -0.006928 -0.004000 0.042542
v -0.006928 -0.004000 0.042292
v -0.005991 -0.003459 0.041667
v -0.005991 -0.003459 0.041167
v -0.006928 -0.004000 0.040542
v -0.006928 -0.004000 0.040292
v -0.005991 -0.003459 0.039667
v -0.005991 -0.003459 0.039167
v -0.006928 -0.004000 0.038542
v -0.006928 -0.004000 0.038292
v -0.005991 -0.003459 0.037667
v -0.005991 -0.003459 0.037167
v -0.006928 -0.004000 0.036542
v -0.006928 -0.004000 0.036292
v -0.005991 -0.003459 0.035667
v -0.005991 -0.003459 0.035167
v -0.006928 -0.004000 0.034542
v -0.006928 -0.004000 0.034292
v -0.005991 -0.003459 0.033667
v -0.005991 -0.003459 0.033167
v -0.006928 -0.004000 0.032542
v -0.006928 -0.004000 0.032292
v -0.005991 -0.003459 0.031667
v -0.005991 -0.003459 0.031167
v -0.006928 -0.004000 0.030542
v -0.006928 -0.004000 0.030292
v -0.005991 -0.003459 0.029667
v -0.005991 -0.003459 0.029167
v -0.006928 -0.004000 0.028542
v -0.006928 -0.004000 0.028292
v -0.005991 -0.003459 0.027667
v -0.005991 -0.003459 0.027167
v -0.006928 -0.004000 0.026542
v -0.006928 -0.004000 0.026292
v -0.005991 -0.003459 0.025667
v -0.005991 -0.003459 0.025167
v -0.006928 -0.004000 0.024542
v -0.006928 -0.004000 0.024292
v -0.005991 -0.003459 0.023667
v -0.005991 -0.003459 0.023167
v -0.006928 -0.004000 0.022542
v -0.006928 -0.004000 0.022292
v -0.005991 -0.003459 0.021667
v -0.005991 -0.003459 0.021167
v -0.006928 -0.004000 0.020542
v -0.006928 -0.004000 0.020292
v -0.005991 -0.003459 0.019667
v -0.005991 -0.003459 0.019167
v -0.006928 -0.004000 0.018542
v -0.006928 -0.004000 0.018292
v -0.005991 -0.003459 0.017667
v -0.005991 -0.003459 0.017167
v -0.006928 -0.004000 0.016542
v -0.006928 -0.004000 0.016292
v -0.005991 -0.003459 0.015667
v -0.005991 -0.003459 0.015167
v -0.006928 -0.004000 0.014542
v -0.006928 -0.004000 0.014292
v -0.005991 -0.003459 0.013667
v -0.005991 -0.003459 0.013167
v -0.006928 -0.004000 0.012542
v -0.006928 -0.004000 0.012292
v -0.005991 -0.003459 0.011667
v -0.005991 -0.003459 0.011167
v -0.006928 -0.004000 0.010542
v -0.006928 -0.004000 0.010292
v -0.005991 -0.003459 0.009667
v -0.005991 -0.003459 0.009167
v -0.006928 -0.004000 0.008542
v -0.006928 -0.004000 0.008292
v -0.005991 -0.003459 0.007667
v -0.005991 -0.003459 0.007167
v -0.006928 -0.004000 0.006542
v -0.006928 -0.004000 0.006292
v -0.005991 -0.003459 0.005667
v -0.005991 -0.003459 0.005167
v -0.006928 -0.004000 0.004542
v -0.006928 -0.004000 0.004292
v -0.005991 -0.003459 0.003667
v -0.005991 -0.003459 0.003167
v -0.006730 -0.003886 0.002542
v -0.006514 -0.003761 0.002292
v -0.005409 -0.003123 0.001667
v -0.005145 -0.002970 0.001167
v -0.004998 -0.002886 0.000542
v -0.004782 -0.002761 0.000292
v -0.006652 -0.004445 0.058562
v -0.006652 -0.004445 0.058312
v -0.005752 -0.003843 0.057687
v -0.005752 -0.003843 0.057187
v -0.006652 -0.004445 0.056562
v -0.006652 -0.004445 0.056312
v -0.005752 -0.003843 0.055687
v -0.005752 -0.003843 0.055187
v -0.006652 -0.004445 0.054562
v -0.006652 -0.004445 0.054312
v -0.005752 -0.003843 0.053687
v -0.005752 -0.003843 0.053187
v -0.006652 -0.004445 0.052562
v -0.006652 -0.004445 0.052312
v -0.005752 -0.003843 0.051687
v -0.005752 -0.003843 0.051187
v -0.006652 -0.004445 0.050562
v -0.006652 -0.004445 0.050312
v -0.005752 -0.003843 0.049687
v -0.005752 -0.003843 0.049187
v -0.006652 -0.004445 0.048562
v -0.006652 -0.004445 0.048312
v -0.005752 -0.003843 0.047687
v -0.005752 -0.003843 0.047187
v -0.006652 -0.004445 0.046562
v -0.006652 -0.004445 0.046312
v -0.005752 -0.003843 0.045687
v -0.005752 -0.003843 0.045187
v -0.006652 -0.004445 0.044562
v -0.006652 -0.004445 0.044312
v -0.005752 -0.003843 0.043687
v -0.005752 -0.003843 0.043187
v -0.006652 -0.004445 0.042562
v -0.006652 -0.004445 0.042312
v -0.005752 -0.003843 0.041687
v -0.005752 -0.003843 0.041187
v -0.006652 -0.004445 0.040562
v -0.006652 -0.004445 0.040312
v -0.005752 -0.003843 0.039687
v -0.005752 -0.003843 0.039187
v -0.006652 -0.004445 0.038562
v -0.006652 -0.004445 0.038312
v -0.005752 -0.003843 0.037687
v -0.005752 -0.003843 0.037187
v -0.006652 -0.004445 0.036562
v -0.006652 -0.004445 0.036312
v -0.005752 -0.003843 0.035687
v -0.005752 -0.003843 0.035187
v -0.006652 -0.004445 0.034562
v -0.006652 -0.004445 0.034312
v -0.005752 -0.003843 0.033687
v -0.005752 -0.003843 0.033187
v -0.006652 -0.004445 0.032562
v -0.006652 -0.004445 0.032312
v -0.005752 -0.003843 0.031687
v -0.005752 -0.003843 0.031187
v -0.006652 -0.004445 0.030562
v -0.006652 -0.004445 0.030313
v -0.005752 -0.003843 0.029688
v -0.005752 -0.003843 0.029188
v -0.006652 -0.004445 0.028563
v -0.006652 -0.004445 0.028313
v -0.005752 -0.003843 0.027688
v -0.005752 -0.003843 0.027188
v -0.006652 -0.004445 0.026563
v -0.006652 -0.004445 0.026313
v -0.005752 -0.003843 0.025688
v -0.005752 -0.003843 0.025188
v -0.006652 -0.004445 0.024563
v -0.006652 -0.004445 0.024313
v -0.005752 -0.003843 0.023688
v -0.005752 -0.003843 0.023188
v -0.006652 -0.004445 0.022563
v -0.006652 -0.004445 0.022313
v -0.005752 -0.003843 0.021688
v -0.005752 -0.003843 0.021188
v -0.006652 -0.004445 0.020563
v -0.006652 -0.004445 0.020313
v -0.005752 -0.003843 0.019688
v -0.005752 -0.003843 0.019188
v -0.006652 -0.004445 0.018563
v -0.006652 -0.004445 0.018313
v -0.005752 -0.003843 0.017688
v -0.005752 -0.003843 0.017188
v -0.006652 -0.004445 0.016563
v -0.006652 -0.004445 0.016313
v -0.005752 -0.003843 0.015688
v -0.005752 -0.003843 0.015188
v -0.006652 -0.004445 0.014563
v -0.006652 -0.004445 0.014312
v -0.005752 -0.003843 0.013687
v -0.005752 -0.003843 0.013187
v -0.006652 -0.004445 0.012562
v -0.006652 -0.004445 0.012312
v -0.005752 -0.003843 0.011687
v -0.005752 -0.003843 0.011187
v -0.006652 -0.004445 0.010562
v -0.006652 -0.004445 0.010312
v -0.005752 -0.003843 0.009687
v -0.005752 -0.003843 0.009187
v -0.006652 -0.004445 0.008562
v -0.006652 -0.004445 0.008312
v -0.005752 -0.003843 0.007687
v -0.005752 -0.003843 0.007187
v -0.006652 -0.004445 0.006562
v -0.006652 -0.004445 0.006313
v -0.005752 -0.003843 0.005688
v -0.005752 -0.003843 0.005188
v -0.006652 -0.004445 0.004563
v -0.006652 -0.004445 0.004313
v -0.005752 -0.003843 0.003688
v -0.005752 -0.003843 0.003188
v -0.006479 -0.004329 0.002563
v -0.006271 -0.004190 0.002312
v -0.005203 -0.003477 0.001687
v -0.004950 -0.003308 0.001187
v -0.004816 -0.003218 0.000562
v -0.004608 -0.003079 0.000313
v -0.006347 -0.004870 0.058583
v -0.006347 -0.004870 0.058333
v -0.005488 -0.004211 0.057708
v -0.005488 -0.004211 0.057208
v -0.006347 -0.004870 0.056583
v -0.006347 -0.004870 0.056333
v -0.005488 -0.004211 0.055708
v -0.005488 -0.004211 0.055208
v -0.006347 -0.004870 0.054583
v -0.006347 -0.004870 0.054333
v -0.005488 -0.004211 0.053708
v -0.005488 -0.004211 0.053208
v -0.006347 -0.004870 0.052583
v -0.006347 -0.004870 0.052333
v -0.005488 -0.004211 0.051708
v -0.005488 -0.004211 0.051208
v -0.006347 -0.004870 0.050583
v -0.006347 -0.004870 0.050333
v -0.005488 -0.004211 0.049708
v -0.005488 -0.004211 0.049208
v -0.006347 -0.004870 0.048583
v -0.006347 -0.004870 0.048333
v -0.005488 -0.004211 0.047708
v -0.005488 -0.004211 0.047208
v -0.006347 -0.004870 0.046583
v -0.006347 -0.004870 0.046333
v -0.005488 -0.004211 0.045708
v -0.005488 -0.004211 0.045208
v -0.006347 -0.004870 0.044583
v -0.006347 -0.004870 0.044333
v -0.005488 -0.004211 0.043708
v -0.005488 -0.004211 0.043208
v -0.006347 -0.004870 0.042583
v -0.006347 -0.004870 0.042333
v -0.005488 -0.004211 0.041708
v -0.005488 -0.004211 0.041208
v -0.006347 -0.004870 0.040583
v -0.006347 -0.004870 0.040333
v -0.005488 -0.004211 0.039708
v -0.005488 -0.004211 0.039208
v -0.006347 -0.004870 0.038583
v -0.006347 -0.004870 0.038333
v -0.005488 -0.004211 0.037708
v -0.005488 -0.004211 0.037208
v -0.006347 -0.004870 0.036583
v -0.006347 -0.004870 0.036333
v -0.005488 -0.004211 0.035708
v -0.005488 -0.004211 0.035208
v -0.006347 -0.004870 0.034583
v -0.006347 -0.004870 0.034333
v -0.005488 -0.004211 0.033708
v -0.005488 -0.004211 0.033208
v -0.006347 -0.004870 0.032583
v -0.006347 -0.004870 0.032333
v -0.005488 -0.004211 0.031708
v -0.005488 -0.004211 0.031208
v -0.006347 -0.004870 0.030583
v -0.006347 -0.004870 0.030333
v -0.005488 -0.004211 0.029708
v -0.005488 -0.004211 0.029208
v -0.006347 -0.004870 0.028583
v -0.006347 -0.004870 0.028333
v -0.005488 -0.004211 0.027708
v -0.005488 -0.004211 0.027208
v -0.006347 -0.004870 0.026583
v -0.006347 -0.004870 0.026333
v -0.005488 -0.004211 0.025708
v -0.005488 -0.004211 0.025208
v -0.006347 -0.004870 0.024583
v -0.006347 -0.004870 0.024333
v -0.005488 -0.004211 0.023708
v -0.005488 -0.004211 0.023208
v -0.006347 -0.004870 0.022583
v -0.006347 -0.004870 0.022333
v -0.005488 -0.004211 0.021708
v -0.005488 -0.004211 0.021208
v -0.006347 -0.004870 0.020583
v -0.006347 -0.004870 0.020333
v -0.005488 -0.004211 0.019708
v -0.005488 -0.004211 0.019208
v -0.006347 -0.004870 0.018583
v -0.006347 -0.004870 0.018333
v -0.005488 -0.004211 0.017708
v -0.005488 -0.004211 0.017208
v -0.006347 -0.004870 0.016583
v -0.006347 -0.004870 0.016333
v -0.005488 -0.004211 0.015708
v -0.005488 -0.004211 0.015208
v -0.006347 -0.004870 0.014583
v -0.006347 -0.004870 0.014333
v -0.005488 -0.004211 0.013708
v -0.005488 -0.004211 0.013208
v -0.006347 -0.004870 0.012583
v -0.006347 -0.004870 0.012333
v -0.005488 -0.004211 0.011708
v -0.005488 -0.004211 0.011208
v -0.006347 -0.004870 0.010583
v -0.006347 -0.004870 0.010333
v -0.005488 -0.004211 0.009708
v -0.005488 -0.004211 0.009208
v -0.006347 -0.004870 0.008583
v -0.006347 -0.004870 0.008333
v -0.005488 -0.004211 0.007708
v -0.005488 -0.004211 0.007208
v -0.006347 -0.004870 0.006583
v -0.006347 -0.004870 0.006333
v -0.005488 -0.004211 0.005708
v -0.005488 -0.004211 0.005208
v -0.006347 -0.004870 0.004583
v -0.006347 -0.004870 0.004333
v -0.005488 -0.004211 0.003708
v -0.005488 -0.004211 0.003208
v -0.006199 -0.004756 0.002583
v -0.006000 -0.004604 0.002333
v -0.004975 -0.003817 0.001708
v -0.004733 -0.003632 0.001208
v -0.004612 -0.003539 0.000583
v -0.004414 -0.003387 0.000333
v -0.006015 -0.005275 0.058604
v -0.006015 -0.005275 0.058354
v -0.005201 -0.004561 0.057729
v -0.005201 -0.004561 0.057229
v -0.006015 -0.005275 0.056604
v -0.006015 -0.005275 0.056354
v -0.005201 -0.004561 0.055729
v -0.005201 -0.004561 0.055229
v -0.006015 -0.005275 0.054604
v -0.006015 -0.005275 0.054354
v -0.005201 -0.004561 0.053729
v -0.005201 -0.004561 0.053229
v -0.006015 -0.005275 0.052604
v -0.006015 -0.005275 0.052354
v -0.005201 -0.004561 0.051729
v -0.005201 -0.004561 0.051229
v -0.006015 -0.005275 0.050604
v -0.006015 -0.005275 0.050354
v -0.005201 -0.004561 0.049729
v -0.005201 -0.004561 0.049229
v -0.006015 -0.005275 0.048604
v -0.006015 -0.005275 0.048354
v -0.005201 -0.004561 0.047729
v -0.005201 -0.004561 0.047229
v -0.006015 -0.005275 0.046604
v -0.006015 -0.005275 0.046354
v -0.005201 -0.004561 0.045729
v -0.005201 -0.004561 0.045229
v -0.006015 -0.005275 0.044604
v -0.006015 -0.005275 0.044354
v -0.005201 -0.004561 0.043729
v -0.005201 -0.004561 0.043229
v -0.006015 -0.005275 0.042604
v -0.006015 -0.005275 0.042354
v -0.005201 -0.004561 0.041729
v -0.005201 -0.004561 0.041229
v -0.006015 -0.005275 0.040604
v -0.006015 -0.005275 0.040354
v -0.005201 -0.004561 0.039729
v -0.005201 -0.004561 0.039229
v -0.006015 -0.005275 0.038604
v -0.006015 -0.005275 0.038354
v -0.005201 -0.004561 0.037729
v -0.005201 -0.004561 0.037229
v -0.006015 -0.005275 0.036604
v -0.006015 -0.005275 0.036354
v -0.005201 -0.004561 0.035729
v -0.005201 -0.004561 0.035229
v -0.006015 -0.005275 0.034604
v -0.006015 -0.005275 0.034354
v -0.005201 -0.004561 0.033729
v -0.005201 -0.004561 0.033229
v -0.006015 -0.005275 0.032604
v -0.006015 -0.005275 0.032354
v -0.005201 -0.004561 0.031729
v -0.005201 -0.004561 0.031229
v -0.006015 -0.005275 0.030604
v -0.006015 -0.005275 0.030354
v -0.005201 -0.004561 0.029729
v -0.005201 -0.004561 0.029229
v -0.006015 -0.005275 0.028604
v -0.006015 -0.005275 0.028354
v -0.005201 -0.004561 0.027729
v -0.005201 -0.004561 0.027229
v -0.006015 -0.005275 0.026604
v -0.006015 -0.005275 0.026354
v -0.005201 -0.004561 0.025729
v -0.005201 -0.004561 0.025229
v -0.006015 -0.005275 0.024604
v -0.006015 -0.005275 0.024354
v -0.005201 -0.004561 0.023729
v -0.005201 -0.004561 0.023229
v -0.006015 -0.005275 0.022604
v -0.006015 -0.005275 0.022354
v -0.005201 -0.004561 0.021729
v -0.005201 -0.004561 0.021229
v -0.006015 -0.005275 0.020604
v -0.006015 -0.005275 0.020354
v -0.005201 -0.004561 0.019729
v -0.005201 -0.004561 0.019229
v -0.006015 -0.005275 0.018604
v -0.006015 -0.005275 0.018354
v -0.005201 -0.004561 0.017729
v -0.005201 -0.004561 0.017229
v -0.006015 -0.005275 0.016604
v -0.006015 -0.005275 0.016354
v -0.005201 -0.004561 0.015729
v -0.005201 -0.004561 0.015229
v -0.006015 -0.005275 0.014604
v -0.006015 -0.005275 0.014354
v -0.005201 -0.004561 0.013729
v -0.005201 -0.004561 0.013229
v -0.006015 -0.005275 0.012604
v -0.006015 -0.005275 0.012354
v -0.005201 -0.004561 0.011729
v -0.005201 -0.004561 0.011229
v -0.006015 -0.005275 0.010604
v -0.006015 -0.005275 0.010354
v -0.005201 -0.004561 0.009729
v -0.005201 -0.004561 0.009229
v -0.006015 -0.005275 0.008604
v -0.006015 -0.005275 0.008354
v -0.005201 -0.004561 0.007729
v -0.005201 -0.004561 0.007229
v -0.006015 -0.005275 0.006604
v -0.006015 -0.005275 0.006354
v -0.005201 -0.004561 0.005729
v -0.005201 -0.004561 0.005229
v -0.006015 -0.005275 0.004604
v -0.006015 -0.005275 0.004354
v -0.005201 -0.004561 0.003729
v -0.005201 -0.004561 0.003229
v -0.005890 -0.005165 0.002604
v -0.005702 -0.005001 0.002354
v -0.004724 -0.004143 0.001729
v -0.004495 -0.003942 0.001229
v -0.004386 -0.003847 0.000604
v -0.004198 -0.003682 0.000354
v -0.005657 -0.005657 0.058625
v -0.005657 -0.005657 0.058375
v -0.004891 -0.004891 0.057750
v -0.004891 -0.004891 0.057250
v -0.005657 -0.005657 0.056625
v -0.005657 -0.005657 0.056375
v -0.004891 -0.004891 0.055750
v -0.004891 -0.004891 0.055250
v -0.005657 -0.005657 0.054625
v -0.005657 -0.005657 0.054375
v -0.004891 -0.004891 0.053750
v -0.004891 -0.004891 0.053250
v -0.005657 -0.005657 0.052625
v -0.005657 -0.005657 0.052375
v -0.004891 -0.004891 0.051750
v -0.004891 -0.004891 0.051250
v -0.005657 -0.005657 0.050625
v -0.005657 -0.005657 0.050375
v -0.004891 -0.004891 0.049750
v -0.004891 -0.004891 0.049250
v -0.005657 -0.005657 0.048625
v -0.005657 -0.005657 0.048375
v -0.004891 -0.004891 0.047750
v -0.004891 -0.004891 0.047250
v -0.005657 -0.005657 0.046625
v -0.005657 -0.005657 0.046375
v -0.004891 -0.004891 0.045750
v -0.004891 -0.004891 0.045250
v -0.005657 -0.005657 0.044625
v -0.005657 -0.005657 0.044375
v -0.004891 -0.004891 0.043750
v -0.004891 -0.004891 0.043250
v -0.005657 -0.005657 0.042625
v -0.005657 -0.005657 0.042375
v -0.004891 -0.004891 0.041750
v -0.004891 -0.004891 0.041250
v -0.005657 -0.005657 0.040625
v -0.005657 -0.005657 0.040375
v -0.004891 -0.004891 0.039750
v -0.004891 -0.004891 0.039250
v -0.005657 -0.005657 0.038625
v -0.005657 -0.005657 0.038375
v -0.004891 -0.004891 0.037750
v -0.004891 -0.004891 0.037250
v -0.005657 -0.005657 0.036625
v -0.005657 -0.005657 0.036375
v -0.004891 -0.004891 0.035750
v -0.004891 -0.004891 0.035250
v -0.005657 -0.005657 0.034625
v -0.005657 -0.005657 0.034375
v -0.004891 -0.004891 0.033750
v -0.004891 -0.004891 0.033250
v -0.005657 -0.005657 0.032625
v -0.005657 -0.005657 0.032375
v -0.004891 -0.004891 0.031750
v -0.004891 -0.004891 0.031250
v -0.005657 -0.005657 0.030625
v -0.005657 -0.005657 0.030375
v -0.004891 -0.004891 0.029750
v -0.004891 -0.004891 0.029250
v -0.005657 -0.005657 0.028625
v -0.005657 -0.005657 0.028375
v -0.004891 -0.004891 0.027750
v -0.004891 -0.004891 0.027250
v -0.005657 -0.005657 0.026625
v -0.005657 -0.005657 0.026375
v -0.004891 -0.004891 0.025750
v -0.004891 -0.004891 0.025250
v -0.005657 -0.005657 0.024625
v -0.005657 -0.005657 0.024375
v -0.004891 -0.004891 0.023750
v -0.004891 -0.004891 0.023250
v -0.005657 -0.005657 0.022625
v -0.005657 -0.005657 0.022375
v -0.004891 -0.004891 0.021750
v -0.004891 -0.004891 0.021250
v -0.005657 -0.005657 0.020625
v -0.005657 -0.005657 0.020375
v -0.004891 -0.004891 0.019750
v -0.004891 -0.004891 0.019250
v -0.005657 -0.005657 0.018625
v -0.005657 -0.005657 0.018375
v -0.004891 -0.004891 0.017750
v -0.004891 -0.004891 0.017250
v -0.005657 -0.005657 0.016625
v -0.005657 -0.005657 0.016375
v -0.004891 -0.004891 0.015750
v -0.004891 -0.004891 0.015250
v -0.005657 -0.005657 0.014625
v -0.005657 -0.005657 0.014375
v -0.004891 -0.004891 0.013750
v -0.004891 -0.004891 0.013250
v -0.005657 -0.005657 0.012625
v -0.005657 -0.005657 0.012375
v -0.004891 -0.004891 0.011750
v -0.004891 -0.004891 0.011250
v -0.005657 -0.005657 0.010625
v -0.005657 -0.005657 0.010375
v -0.004891 -0.004891 0.009750
v -0.004891 -0.004891 0.009250
v -0.005657 -0.005657 0.008625
v -0.005657 -0.005657 0.008375
v -0.004891 -0.004891 0.007750
v -0.004891 -0.004891 0.007250
v -0.005657 -0.005657 0.006625
v -0.005657 -0.005657 0.006375
v -0.004891 -0.004891 0.005750
v -0.004891 -0.004891 0.005250
v -0.005657 -0.005657 0.004625
v -0.005657 -0.005657 0.004375
v -0.004891 -0.004891 0.003750
v -0.004891 -0.004891 0.003250
v -0.005554 -0.005554 0.002625
v -0.005378 -0.005378 0.002375
v -0.004452 -0.004452 0.001750
v -0.004237 -0.004237 0.001250
v -0.004140 -0.004140 0.000625
v -0.003963 -0.003963 0.000375
v -0.005275 -0.006015 0.058646
v -0.005275 -0.006015 0.058396
v -0.004561 -0.005201 0.057771
v -0.004561 -0.005201 0.057271
v -0.005275 -0.006015 0.056646
v -0.005275 -0.006015 0.056396
v -0.004561 -0.005201 0.055771
v -0.004561 -0.005201 0.055271
v -0.005275 -0.006015 0.054646
v -0.005275 -0.006015 0.054396
v -0.004561 -0.005201 0.053771
v -0.004561 -0.005201 0.053271
v -0.005275 -0.006015 0.052646
v -0.005275 -0.006015 0.052396
v -0.004561 -0.005201 0.051771
v -0.004561 -0.005201 0.051271
v -0.005275 -0.006015 0.050646
v -0.005275 -0.006015 0.050396
v -0.004561 -0.005201 0.049771
v -0.004561 -0.005201 0.049271
v -0.005275 -0.006015 0.048646
v -0.005275 -0.006015 0.048396
v -0.004561 -0.005201 0.047771
v -0.004561 -0.005201 0.047271
v -0.005275 -0.006015 0.046646
v -0.005275 -0.006015 0.046396
v -0.004561 -0.005201 0.045771
v -0.004561 -0.005201 0.045271
v -0.005275 -0.006015 0.044646
v -0.005275 -0.006015 0.044396
v -0.004561 -0.005201 0.043771
v -0.004561 -0.005201 0.043271
v -0.005275 -0.006015 0.042646
v -0.005275 -0.006015 0.042396
v -0.004561 -0.005201 0.041771
v -0.004561 -0.005201 0.041271
v -0.005275 -0.006015 0.040646
v -0.005275 -0.006015 0.040396
v -0.004561 -0.005201 0.039771
v -0.004561 -0.005201 0.039271
v -0.005275 -0.006015 0.038646
v -0.005275 -0.006015 0.038396
v -0.004561 -0.005201 0.037771
v -0.004561 -0.005201 0.037271
v -0.005275 -0.006015 0.036646
v -0.005275 -0.006015 0.036396
v -0.004561 -0.005201 0.035771
v -0.004561 -0.005201 0.035271
v -0.005275 -0.006015 0.034646
v -0.005275 -0.006015 0.034396
v -0.004561 -0.005201 0.033771
v -0.004561 -0.005201 0.033271
v -0.005275 -0.006015 0.032646
v -0.005275 -0.006015 0.032396
v -0.004561 -0.005201 0.031771
v -0.004561 -0.005201 0.031271
v -0.005275 -0.006015 0.030646
v -0.005275 -0.006015 0.030396
v -0.004561 -0.005201 0.029771
v -0.004561 -0.005201 0.029271
v -0.005275 -0.006015 0.028646
v -0.005275 -0.006015 0.028396
v -0.004561 -0.005201 0.027771
v -0.004561 -0.005201 0.027271
v -0.005275 -0.006015 0.026646
v -0.005275 -0.006015 0.026396
v -0.004561 -0.005201 0.025771
v -0.004561 -0.005201 0.025271
v -0.005275 -0.006015 0.024646
v -0.005275 -0.006015 0.024396
v -0.004561 -0.005201 0.023771
v -0.004561 -0.005201 0.023271
v -0.005275 -0.006015 0.022646
v -0.005275 -0.006015 0.022396
v -0.004561 -0.005201 0.021771
v -0.004561 -0.005201 0.021271
v -0.005275 -0.006015 0.020646
v -0.005275 -0.006015 0.020396
v -0.004561 -0.005201 0.019771
v -0.004561 -0.005201 0.019271
v -0.005275 -0.006015 0.018646
v -0.005275 -0.006015 0.018396
v -0.004561 -0.005201 0.017771
v -0.004561 -0.005201 0.017271
v -0.005275 -0.006015 0.016646
v -0.005275 -0.006015 0.016396
v -0.004561 -0.005201 0.015771
v -0.004561 -0.005201 0.015271
v -0.005275 -0.006015 0.014646
v -0.005275 -0.006015 0.014396
v -0.004561 -0.005201 0.013771
v -0.004561 -0.005201 0.013271
v -0.005275 -0.006015 0.012646
v -0.005275 -0.006015 0.012396
v -0.004561 -0.005201 0.011771
v -0.004561 -0.005201 0.011271
v -0.005275 -0.006015 0.010646
v -0.005275 -0.006015 0.010396
v -0.004561 -0.005201 0.009771
v -0.004561 -0.005201 0.009271
v -0.005275 -0.006015 0.008646
v -0.005275 -0.006015 0.008396
v -0.004561 -0.005201 0.007771
v -0.004561 -0.005201 0.007271
v -0.005275 -0.006015 0.006646
v -0.005275 -0.006015 0.006396
v -0.004561 -0.005201 0.005771
v -0.004561 -0.005201 0.005271
v -0.005275 -0.006015 0.004646
v -0.005275 -0.006015 0.004396
v -0.004561 -0.005201 0.003771
v -0.004561 -0.005201 0.003271
v -0.005193 -0.005921 0.002646
v -0.005028 -0.005733 0.002396
v -0.004160 -0.004743 0.001771
v -0.003959 -0.004514 0.001271
v -0.003874 -0.004418 0.000646
v -0.003709 -0.004230 0.000396
v -0.004870 -0.006347 0.058667
v -0.004870 -0.006347 0.058417
v -0.004211 -0.005488 0.057792
v -0.004211 -0.005488 0.057292
v -0.004870 -0.006347 0.056667
v -0.004870 -0.006347 0.056417
v -0.004211 -0.005488 0.055792
v -0.004211 -0.005488 0.055292
v -0.004870 -0.006347 0.054667
v -0.004870 -0.006347 0.054417
v -0.004211 -0.005488 0.053792
v -0.004211 -0.005488 0.053292
v -0.004870 -0.006347 0.052667
v -0.004870 -0.006347 0.052417
v -0.004211 -0.005488 0.051792
v -0.004211 -0.005488 0.051292
v -0.004870 -0.006347 0.050667
v -0.004870 -0.006347 0.050417
v -0.004211 -0.005488 0.049792
v -0.004211 -0.005488 0.049292
v -0.004870 -0.006347 0.048667
v -0.004870 -0.006347 0.048417
v -0.004211 -0.005488 0.047792
v -0.004211 -0.005488 0.047292
v -0.004870 -0.006347 0.046667
v -0.004870 -0.006347 0.046417
v -0.004211 -0.005488 0.045792
v -0.004211 -0.005488 0.045292
v -0.004870 -0.006347 0.044667
v -0.004870 -0.006347 0.044417
v -0.004211 -0.005488 0.043792
v -0.004211 -0.005488 0.043292
v -0.004870 -0.006347 0.042667
v -0.004870 -0.006347 0.042417
v -0.004211 -0.005488 0.041792
v -0.004211 -0.005488 0.041292
v -0.004870 -0.006347 0.040667
v -0.004870 -0.006347 0.040417
v -0.004211 -0.005488 0.039792
v -0.004211 -0.005488 0.039292
v -0.004870 -0.006347 0.038667
v -0.004870 -0.006347 0.038417
v -0.004211 -0.005488 0.037792
v -0.004211 -0.005488 0.037292
v -0.004870 -0.006347 0.036667
v -0.004870 -0.006347 0.036417
v -0.004211 -0.005488 0.035792
v -0.004211 -0.005488 0.035292
v -0.004870 -0.006347 0.034667
v -0.004870 -0.006347 0.034417
v -0.004211 -0.005488 0.033792
v -0.004211 -0.005488 0.033292
v -0.004870 -0.006347 0.032667
v -0.004870 -0.006347 0.032417
v -0.004211 -0.005488 0.031792
v -0.004211 -0.005488 0.031292
v -0.004870 -0.006347 0.030667
v -0.004870 -0.006347 0.030417
v -0.004211 -0.005488 0.029792
v -0.004211 -0.005488 0.029292
v -0.004870 -0.006347 0.028667
v -0.004870 -0.006347 0.028417
v -0.004211 -0.005488 0.027792
v -0.004211 -0.005488 0.027292
v -0.004870 -0.006347 0.026667
v -0.004870 -0.006347 0.026417
v -0.004211 -0.005488 0.025792
v -0.004211 -0.005488 0.025292
v -0.004870 -0.006347 0.024667
v -0.004870 -0.006347 0.024417
v -0.004211 -0.005488 0.023792
v -0.004211 -0.005488 0.023292
v -0.004870 -0.006347 0.022667
v -0.004870 -0.006347 0.022417
v -0.004211 -0.005488 0.021792
v -0.004211 -0.005488 0.021292
v -0.004870 -0.006347 0.020667
v -0.004870 -0.006347 0.020417
v -0.004211 -0.005488 0.019792
v -0.004211 -0.005488 0.019292
v -0.004870 -0.006347 0.018667
v -0.004870 -0.006347 0.018417
v -0.004211 -0.005488 0.017792
v -0.004211 -0.005488 0.017292
v -0.004870 -0.006347 0.016667
v -0.004870 -0.006347 0.016417
v -0.004211 -0.005488 0.015792
v -0.004211 -0.005488 0.015292
v -0.004870 -0.006347 0.014667
v -0.004870 -0.006347 0.014417
v -0.004211 -0.005488 0.013792
v -0.004211 -0.005488 0.013292
v -0.004870 -0.006347 0.012667
v -0.004870 -0.006347 0.012417
v -0.004211 -0.005488 0.011792
v -0.004211 -0.005488 0.011292
v -0.004870 -0.006347 0.010667
v -0.004870 -0.006347 0.010417
v -0.004211 -0.005488 0.009792
v -0.004211 -0.005488 0.009292
v -0.004870 -0.006347 0.008667
v -0.004870 -0.006347 0.008417
v -0.004211 -0.005488 0.007792
v -0.004211 -0.005488 0.007292
v -0.004870 -0.006347 0.006667
v -0.004870 -0.006347 0.006417
v -0.004211 -0.005488 0.005792
v -0.004211 -0.005488 0.005292
v -0.004870 -0.006347 0.004667
v -0.004870 -0.006347 0.004417
v -0.004211 -0.005488 0.003792
v -0.004211 -0.005488 0.003292
v -0.004807 -0.006265 0.002667
v -0.004655 -0.006067 0.002417
v -0.003848 -0.005015 0.001792
v -0.003663 -0.004774 0.001292
v -0.003590 -0.004678 0.000667
v -0.003437 -0.004480 0.000417
v -0.004445 -0.006652 0.058687
v -0.004445 -0.006652 0.058437
v -0.003843 -0.005752 0.057812
v -0.003843 -0.005752 0.057312
v -0.004445 -0.006652 0.056687
v -0.004445 -0.006652 0.056437
v -0.003843 -0.005752 0.055812
v -0.003843 -0.005752 0.055312
v -0.004445 -0.006652 0.054687
v -0.004445 -0.006652 0.054437
v -0.003843 -0.005752 0.053812
v -0.003843 -0.005752 0.053312
v -0.004445 -0.006652 0.052687
v -0.004445 -0.006652 0.052437
v -0.003843 -0.005752 0.051812
v -0.003843 -0.005752 0.051312
v -0.004445 -0.006652 0.050687
v -0.004445 -0.006652 0.050437
v -0.003843 -0.005752 0.049812
v -0.003843 -0.005752 0.049312
v -0.004445 -0.006652 0.048687
v -0.004445 -0.006652 0.048437
v -0.003843 -0.005752 0.047812
v -0.003843 -0.005752 0.047312
v -0.004445 -0.006652 0.046687
v -0.004445 -0.006652 0.046437
v -0.003843 -0.005752 0.045812
v -0.003843 -0.005752 0.045312
v -0.004445 -0.006652 0.044687
v -0.004445 -0.006652 0.044437
v -0.003843 -0.005752 0.043812
v -0.003843 -0.005752 0.043312
v -0.004445 -0.006652 0.042687
v -0.004445 -0.006652 0.042437
v -0.003843 -0.005752 0.041812
v -0.003843 -0.005752 0.041312
v -0.004445 -0.006652 0.040687
v -0.004445 -0.006652 0.040437
v -0.003843 -0.005752 0.039812
v -0.003843 -0.005752 0.039312
v -0.004445 -0.006652 0.038687
v -0.004445 -0.006652 0.038437
v -0.003843 -0.005752 0.037812
v -0.003843 -0.005752 0.037312
v -0.004445 -0.006652 0.036687
v -0.004445 -0.006652 0.036437
v -0.003843 -0.005752 0.035812
v -0.003843 -0.005752 0.035312
v -0.004445 -0.006652 0.034687
v -0.004445 -0.006652 0.034437
v -0.003843 -0.005752 0.033812
v -0.003843 -0.005752 0.033312
v -0.004445 -0.006652 0.032687
v -0.004445 -0.006652 0.032437
v -0.003843 -0.005752 0.031812
v -0.003843 -0.005752 0.031312
v -0.004445 -0.006652 0.030687
v -0.004445 -0.006652 0.030437
v -0.003843 -0.005752 0.029813
v -0.003843 -0.005752 0.029313
v -0.004445 -0.006652 0.028688
v -0.004445 -0.006652 0.028438
v -0.003843 -0.005752 0.027813
v -0.003843 -0.005752 0.027313
v -0.004445 -0.006652 0.026688
v -0.004445 -0.006652 0.026438
v -0.003843 -0.005752 0.025813
v -0.003843 -0.005752 0.025313
v -0.004445 -0.006652 0.024688
v -0.004445 -0.006652 0.024438
v -0.003843 -0.005752 0.023813
v -0.003843 -0.005752 0.023313
v -0.004445 -0.006652 0.022688
v -0.004445 -0.006652 0.022438
v -0.003843 -0.005752 0.021813
v -0.003843 -0.005752 0.021313
v -0.004445 -0.006652 0.020688
v -0.004445 -0.006652 0.020438
v -0.003843 -0.005752 0.019813
v -0.003843 -0.005752 0.019313
v -0.004445 -0.006652 0.018688
v -0.004445 -0.006652 0.018438
v -0.003843 -0.005752 0.017813
v -0.003843 -0.005752 0.017313
v -0.004445 -0.006652 0.016688
v -0.004445 -0.006652 0.016438
v -0.003843 -0.005752 0.015813
v -0.003843 -0.005752 0.015313
v -0.004445 -0.006652 0.014688
v -0.004445 -0.006652 0.014437
v -0.003843 -0.005752 0.013812
v -0.003843 -0.005752 0.013312
v -0.004445 -0.006652 0.012687
v -0.004445 -0.006652 0.012437
v -0.003843 -0.005752 0.011812
v -0.003843 -0.005752 0.011312
v -0.004445 -0.006652 0.010687
v -0.004445 -0.006652 0.010437
v -0.003843 -0.005752 0.009812
v -0.003843 -0.005752 0.009312
v -0.004445 -0.006652 0.008687
v -0.004445 -0.006652 0.008437
v -0.003843 -0.005752 0.007812
v -0.003843 -0.005752 0.007312
v -0.004445 -0.006652 0.006687
v -0.004445 -0.006652 0.006437
v -0.003843 -0.005752 0.005813
v -0.003843 -0.005752 0.005313
v -0.004445 -0.006652 0.004688
v -0.004445 -0.006652 0.004438
v -0.003843 -0.005752 0.003813
v -0.003843 -0.005752 0.003313
v -0.004399 -0.006583 0.002688
v -0.004260 -0.006375 0.002437
v -0.003519 -0.005267 0.001812
v -0.003350 -0.005013 0.001312
v -0.003288 -0.004920 0.000687
v -0.003149 -0.004712 0.000437
v -0.004000 -0.006928 0.058708
v -0.004000 -0.006928 0.058458
v -0.003459 -0.005991 0.057833
v -0.003459 -0.005991 0.057333
v -0.004000 -0.006928 0.056708
v -0.004000 -0.006928 0.056458
v -0.003459 -0.005991 0.055833
v -0.003459 -0.005991 0.055333
v -0.004000 -0.006928 0.054708
v -0.004000 -0.006928 0.054458
v -0.003459 -0.005991 0.053833
v -0.003459 -0.005991 0.053333
v -0.004000 -0.006928 0.052708
v -0.004000 -0.006928 0.052458
v -0.003459 -0.005991 0.051833
v -0.003459 -0.005991 0.051333
v -0.004000 -0.006928 0.050708
v -0.004000 -0.006928 0.050458
v -0.003459 -0.005991 0.049833
v -0.003459 -0.005991 0.049333
v -0.004000 -0.006928 0.048708
v -0.004000 -0.006928 0.048458
v -0.003459 -0.005991 0.047833
v -0.003459 -0.005991 0.047333
v -0.004000 -0.006928 0.046708
v -0.004000 -0.006928 0.046458
v -0.003459 -0.005991 0.045833
v -0.003459 -0.005991 0.045333
v -0.004000 -0.006928 0.044708
v -0.004000 -0.006928 0.044458
v -0.003459 -0.005991 0.043833
v -0.003459 -0.005991 0.043333
v -0.004000 -0.006928 0.042708
v -0.004000 -0.006928 0.042458
v -0.003459 -0.005991 0.041833
v -0.003459 -0.005991 0.041333
v -0.004000 -0.006928 0.040708
v -0.004000 -0.006928 0.040458
v -0.003459 -0.005991 0.039833
v -0.003459 -0.005991 0.039333
v -0.004000 -0.006928 0.038708
v -0.004000 -0.006928 0.038458
v -0.003459 -0.005991 0.037833
v -0.003459 -0.005991 0.037333
v -0.004000 -0.006928 0.036708
v -0.004000 -0.006928 0.036458
v -0.003459 -0.005991 0.035833
v -0.003459 -0.005991 0.035333
v -0.004000 -0.006928 0.034708
v -0.004000 -0.006928 0.034458
v -0.003459 -0.005991 0.033833
v -0.003459 -0.005991 0.033333
v -0.004000 -0.006928 0.032708
v -0.004000 -0.006928 0.032458
v -0.003459 -0.005991 0.031833
v -0.003459 -0.005991 0.031333
v -0.004000 -0.006928 0.030708
v -0.004000 -0.006928 0.030458
v -0.003459 -0.005991 0.029833
v -0.003459 -0.005991 0.029333
v -0.004000 -0.006928 0.028708
v -0.004000 -0.006928 0.028458
v -0.003459 -0.005991 0.027833
v -0.003459 -0.005991 0.027333
v -0.004000 -0.006928 0.026708
v -0.004000 -0.006928 0.026458
v -0.003459 -0.005991 0.025833
v -0.003459 -0.005991 0.025333
v -0.004000 -0.006928 0.024708
v -0.004000 -0.006928 0.024458
v -0.003459 -0.005991 0.023833
v -0.003459 -0.005991 0.023333
v -0.004000 -0.006928 0.022708
v -0.004000 -0.006928 0.022458
v -0.003459 -0.005991 0.021833
v -0.003459 -0.005991 0.021333
v -0.004000 -0.006928 0.020708
v -0.004000 -0.006928 0.020458
v -0.003459 -0.005991 0.019833
v -0.003459 -0.005991 0.019333
v -0.004000 -0.006928 0.018708
v -0.004000 -0.006928 0.018458
v -0.003459 -0.005991 0.017833
v -0.003459 -0.005991 0.017333
v -0.004000 -0.006928 0.016708
v -0.004000 -0.006928 0.016458
v -0.003459 -0.005991 0.015833
v -0.003459 -0.005991 0.015333
v -0.004000 -0.006928 0.014708
v -0.004000 -0.006928 0.014458
v -0.003459 -0.005991 0.013833
v -0.003459 -0.005991 0.013333
v -0.004000 -0.006928 0.012708
v -0.004000 -0.006928 0.012458
v -0.003459 -0.005991 0.011833
v -0.003459 -0.005991 0.011333
v -0.004000 -0.006928 0.010708
v -0.004000 -0.006928 0.010458
v -0.003459 -0.005991 0.009833
v -0.003459 -0.005991 0.009333
v -0.004000 -0.006928 0.008708
v -0.004000 -0.006928 0.008458
v -0.003459 -0.005991 0.007833
v -0.003459 -0.005991 0.007333
v -0.004000 -0.006928 0.006708
v -0.004000 -0.006928 0.006458
v -0.003459 -0.005991 0.005833
v -0.003459 -0.005991 0.005333
v -0.004000 -0.006928 0.004708
v -0.004000 -0.006928 0.004458
v -0.003459 -0.005991 0.003833
v -0.003459 -0.005991 0.003333
v -0.003969 -0.006875 0.002708
v -0.003844 -0.006658 0.002458
v -0.003173 -0.005497 0.001833
v -0.003021 -0.005233 0.001333
v -0.002969 -0.005143 0.000708
v -0.002844 -0.004926 0.000458
v -0.003538 -0.007175 0.058729
v -0.003538 -0.007175 0.058479
v -0.003060 -0.006204 0.057854
v -0.003060 -0.006204 0.057354
v -0.003538 -0.007175 0.056729
v -0.003538 -0.007175 0.056479
v -0.003060 -0.006204 0.055854
v -0.003060 -0.006204 0.055354
v -0.003538 -0.007175 0.054729
v -0.003538 -0.007175 0.054479
v -0.003060 -0.006204 0.053854
v -0.003060 -0.006204 0.053354
v -0.003538 -0.007175 0.052729
v -0.003538 -0.007175 0.052479
v -0.003060 -0.006204 0.051854
v -0.003060 -0.006204 0.051354
v -0.003538 -0.007175 0.050729
v -0.003538 -0.007175 0.050479
v -0.003060 -0.006204 0.049854
v -0.003060 -0.006204 0.049354
v -0.003538 -0.007175 0.048729
v -0.003538 -0.007175 0.048479
v -0.003060 -0.006204 0.047854
v -0.003060 -0.006204 0.047354
v -0.003538 -0.007175 0.046729
v -0.003538 -0.007175 0.046479
v -0.003060 -0.006204 0.045854
v -0.003060 -0.006204 0.045354
v -0.003538 -0.007175 0.044729
v -0.003538 -0.007175 0.044479
v -0.003060 -0.006204 0.043854
v -0.003060 -0.006204 0.043354
v -0.003538 -0.007175 0.042729
v -0.003538 -0.007175 0.042479
v -0.003060 -0.006204 0.041854
v -0.003060 -0.006204 0.041354
v -0.003538 -0.007175 0.040729
v -0.003538 -0.007175 0.040479
v -0.003060 -0.006204 0.039854
v -0.003060 -0.006204 0.039354
v -0.003538 -0.007175 0.038729
v -0.003538 -0.007175 0.038479
v -0.003060 -0.006204 0.037854
v -0.003060 -0.006204 0.037354
v -0.003538 -0.007175 0.036729
v -0.003538 -0.007175 0.036479
v -0.003060 -0.006204 0.035854
v -0.003060 -0.006204 0.035354
v -0.003538 -0.007175 0.034729
v -0.003538 -0.007175 0.034479
v -0.003060 -0.006204 0.033854
v -0.003060 -0.006204 0.033354
v -0.003538 -0.007175 0.032729
v -0.003538 -0.007175 0.032479
v -0.003060 -0.006204 0.031854
v -0.003060 -0.006204 0.031354
v -0.003538 -0.007175 0.030729
v -0.003538 -0.007175 0.030479
v -0.003060 -0.006204 0.029854
v -0.003060 -0.006204 0.029354
v -0.003538 -0.007175 0.028729
v -0.003538 -0.007175 0.028479
v -0.003060 -0.006204 0.027854
v -0.003060 -0.006204 0.027354
v -0.003538 -0.007175 0.026729
v -0.003538 -0.007175 0.026479
v -0.003060 -0.006204 0.025854
v -0.003060 -0.006204 0.025354
v -0.003538 -0.007175 0.024729
v -0.003538 -0.007175 0.024479
v -0.003060 -0.006204 0.023854
v -0.003060 -0.006204 0.023354
v -0.003538 -0.007175 0.022729
v -0.003538 -0.007175 0.022479
v -0.003060 -0.006204 0.021854
v -0.003060 -0.006204 0.021354
v -0.003538 -0.007175 0.020729
v -0.003538 -0.007175 0.020479
v -0.003060 -0.006204 0.019854
v -0.003060 -0.006204 0.019354
v -0.003538 -0.007175 0.018729
v -0.003538 -0.007175 0.018479
v -0.003060 -0.006204 0.017854
v -0.003060 -0.006204 0.017354
v -0.003538 -0.007175 0.016729
v -0.003538 -0.007175 0.016479
v -0.003060 -0.006204 0.015854
v -0.003060 -0.006204 0.015354
v -0.003538 -0.007175 0.014729
v -0.003538 -0.007175 0.014479
v -0.003060 -0.006204 0.013854
v -0.003060 -0.006204 0.013354
v -0.003538 -0.007175 0.012729
v -0.003538 -0.007175 0.012479
v -0.003060 -0.006204 0.011854
v -0.003060 -0.006204 0.011354
v -0.003538 -0.007175 0.010729
v -0.003538 -0.007175 0.010479
v -0.003060 -0.006204 0.009854
v -0.003060 -0.006204 0.009354
v -0.003538 -0.007175 0.008729
v -0.003538 -0.007175 0.008479
v -0.003060 -0.006204 0.007854
v -0.003060 -0.006204 0.007354
v -0.003538 -0.007175 0.006729
v -0.003538 -0.007175 0.006479
v -0.003060 -0.006204 0.005854
v -0.003060 -0.006204 0.005354
v -0.003538 -0.007175 0.004729
v -0.003538 -0.007175 0.004479
v -0.003060 -0.006204 0.003854
v -0.003060 -0.006204 0.003354
v -0.003520 -0.007138 0.002729
v -0.003410 -0.006914 0.002479
v -0.002813 -0.005704 0.001854
v -0.002678 -0.005431 0.001354
v -0.002636 -0.005345 0.000729
v -0.002525 -0.005120 0.000479
v -0.003061 -0.007391 0.058750
v -0.003061 -0.007391 0.058500
v -0.002647 -0.006391 0.057875
v -0.002647 -0.006391 0.057375
v -0.003061 -0.007391 0.056750
v -0.003061 -0.007391 0.056500
v -0.002647 -0.006391 0.055875
v -0.002647 -0.006391 0.055375
v -0.003061 -0.007391 0.054750
v -0.003061 -0.007391 0.054500
v -0.002647 -0.006391 0.053875
v -0.002647 -0.006391 0.053375
v -0.003061 -0.007391 0.052750
v -0.003061 -0.007391 0.052500
v -0.002647 -0.006391 0.051875
v -0.002647 -0.006391 0.051375
v -0.003061 -0.007391 0.050750
v -0.003061 -0.007391 0.050500
v -0.002647 -0.006391 0.049875
v -0.002647 -0.006391 0.049375
v -0.003061 -0.007391 0.048750
v -0.003061 -0.007391 0.048500
v -0.002647 -0.006391 0.047875
v -0.002647 -0.006391 0.047375
v -0.003061 -0.007391 0.046750
v -0.003061 -0.007391 0.046500
v -0.002647 -0.006391 0.045875
v -0.002647 -0.006391 0.045375
v -0.003061 -0.007391 0.044750
v -0.003061 -0.007391 0.044500
v -0.002647 -0.006391 0.043875
v -0.002647 -0.006391 0.043375
v -0.003061 -0.007391 0.042750
v -0.003061 -0.007391 0.042500
v -0.002647 -0.006391 0.041875
v -0.002647 -0.006391 0.041375
v -0.003061 -0.007391 0.040750
v -0.003061 -0.007391 0.040500
v -0.002647 -0.006391 0.039875
v -0.002647 -0.006391 0.039375
v -0.003061 -0.007391 0.038750
v -0.003061 -0.007391 0.038500
v -0.002647 -0.006391 0.037875
v -0.002647 -0.006391 0.037375
v -0.003061 -0.007391 0.036750
v -0.003061 -0.007391 0.036500
v -0.002647 -0.006391 0.035875
v -0.002647 -0.006391 0.035375
v -0.003061 -0.007391 0.034750
v -0.003061 -0.007391 0.034500
v -0.002647 -0.006391 0.033875
v -0.002647 -0.006391 0.033375
v -0.003061 -0.007391 0.032750
v -0.003061 -0.007391 0.032500
v -0.002647 -0.006391 0.031875
v -0.002647 -0.006391 0.031375
v -0.003061 -0.007391 0.030750
v -0.003061 -0.007391 0.030500
v -0.002647 -0.006391 0.029875
v -0.002647 -0.006391 0.029375
v -0.003061 -0.007391 0.028750
v -0.003061 -0.007391 0.028500
v -0.002647 -0.006391 0.027875
v -0.002647 -0.006391 0.027375
v -0.003061 -0.007391 0.026750
v -0.003061 -0.007391 0.026500
v -0.002647 -0.006391 0.025875
v -0.002647 -0.006391 0.025375
v -0.003061 -0.007391 0.024750
v -0.003061 -0.007391 0.024500
v -0.002647 -0.006391 0.023875
v -0.002647 -0.006391 0.023375
v -0.003061 -0.007391 0.022750
v -0.003061 -0.007391 0.022500
v -0.002647 -0.006391 0.021875
v -0.002647 -0.006391 0.021375
v -0.003061 -0.007391 0.020750
v -0.003061 -0.007391 0.020500
v -0.002647 -0.006391 0.019875
v -0.002647 -0.006391 0.019375
v -0.003061 -0.007391 0.018750
v -0.003061 -0.007391 0.018500
v -0.002647 -0.006391 0.017875
v -0.002647 -0.006391 0.017375
v -0.003061 -0.007391 0.016750
v -0.003061 -0.007391 0.016500
v -0.002647 -0.006391 0.015875
v -0.002647 -0.006391 0.015375
v -0.003061 -0.007391 0.014750
v -0.003061 -0.007391 0.014500
v -0.002647 -0.006391 0.013875
v -0.002647 -0.006391 0.013375
v -0.003061 -0.007391 0.012750
v -0.003061 -0.007391 0.012500
v -0.002647 -0.006391 0.011875
v -0.002647 -0.006391 0.011375
v -0.003061 -0.007391 0.010750
v -0.003061 -0.007391 0.010500
v -0.002647 -0.006391 0.009875
v -0.002647 -0.006391 0.009375
v -0.003061 -0.007391 0.008750
v -0.003061 -0.007391 0.008500
v -0.002647 -0.006391 0.007875
v -0.002647 -0.006391 0.007375
v -0.003061 -0.007391 0.006750
v -0.003061 -0.007391 0.006500
v -0.002647 -0.006391 0.005875
v -0.002647 -0.006391 0.005375
v -0.003061 -0.007391 0.004750
v -0.003061 -0.007391 0.004500
v -0.002647 -0.006391 0.003875
v -0.002647 -0.006391 0.003375
v -0.003054 -0.007373 0.002750
v -0.002958 -0.007142 0.002500
v -0.002439 -0.005887 0.001875
v -0.002322 -0.005606 0.001375
v -0.002288 -0.005525 0.000750
v -0.002193 -0.005294 0.000500
v -0.002572 -0.007575 0.058771
v -0.002572 -0.007575 0.058521
v -0.002224 -0.006550 0.057896
v -0.002224 -0.006550 0.057396
v -0.002572 -0.007575 0.056771
v -0.002572 -0.007575 0.056521
v -0.002224 -0.006550 0.055896
v -0.002224 -0.006550 0.055396
v -0.002572 -0.007575 0.054771
v -0.002572 -0.007575 0.054521
v -0.002224 -0.006550 0.053896
v -0.002224 -0.006550 0.053396
v -0.002572 -0.007575 0.052771
v -0.002572 -0.007575 0.052521
v -0.002224 -0.006550 0.051896
v -0.002224 -0.006550 0.051396
v -0.002572 -0.007575 0.050771
v -0.002572 -0.007575 0.050521
v -0.002224 -0.006550 0.049896
v -0.002224 -0.006550 0.049396
v -0.002572 -0.007575 0.048771
v -0.002572 -0.007575 0.048521
v -0.002224 -0.006550 0.047896
v -0.002224 -0.006550 0.047396
v -0.002572 -0.007575 0.046771
v -0.002572 -0.007575 0.046521
v -0.002224 -0.006550 0.045896
v -0.002224 -0.006550 0.045396
v -0.002572 -0.007575 0.044771
v -0.002572 -0.007575 0.044521
v -0.002224 -0.006550 0.043896
v -0.002224 -0.006550 0.043396
v -0.002572 -0.007575 0.042771
v -0.002572 -0.007575 0.042521
v -0.002224 -0.006550 0.041896
v -0.002224 -0.006550 0.041396
v -0.002572 -0.007575 0.040771
v -0.002572 -0.007575 0.040521
v -0.002224 -0.006550 0.039896
v -0.002224 -0.006550 0.039396
v -0.002572 -0.007575 0.038771
v -0.002572 -0.007575 0.038521
v -0.002224 -0.006550 0.037896
v -0.002224 -0.006550 0.037396
v -0.002572 -0.007575 0.036771
v -0.002572 -0.007575 0.036521
v -0.002224 -0.006550 0.035896
v -0.002224 -0.006550 0.035396
v -0.002572 -0.007575 0.034771
v -0.002572 -0.007575 0.034521
v -0.002224 -0.006550 0.033896
v -0.002224 -0.006550 0.033396
v -0.002572 -0.007575 0.032771
v -0.002572 -0.007575 0.032521
v -0.002224 -0.006550 0.031896
v -0.002224 -0.006550 0.031396
v -0.002572 -0.007575 0.030771
v -0.002572 -0.007575 0.030521
v -0.002224 -0.006550 0.029896
v -0.002224 -0.006550 0.029396
v -0.002572 -0.007575 0.028771
v -0.002572 -0.007575 0.028521
v -0.002224 -0.006550 0.027896
v -0.002224 -0.006550 0.027396
v -0.002572 -0.007575 0.026771
v -0.002572 -0.007575 0.026521
v -0.002224 -0.006550 0.025896
v -0.002224 -0.006550 0.025396
v -0.002572 -0.007575 0.024771
v -0.002572 -0.007575 0.024521
v -0.002224 -0.006550 0.023896
v -0.002224 -0.006550 0.023396
v -0.002572 -0.007575 0.022771
v -0.002572 -0.007575 0.022521
v -0.002224 -0.006550 0.021896
v -0.002224 -0.006550 0.021396
v -0.002572 -0.007575 0.020771
v -0.002572 -0.007575 0.020521
v -0.002224 -0.006550 0.019896
v -0.002224 -0.006550 0.019396
v -0.002572 -0.007575 0.018771
v -0.002572 -0.007575 0.018521
v -0.002224 -0.006550 0.017896
v -0.002224 -0.006550 0.017396
v -0.002572 -0.007575 0.016771
v -0.002572 -0.007575 0.016521
v -0.002224 -0.006550 0.015896
v -0.002224 -0.006550 0.015396
v -0.002572 -0.007575 0.014771
v -0.002572 -0.007575 0.014521
v -0.002224 -0.006550 0.013896
v -0.002224 -0.006550 0.013396
v -0.002572 -0.007575 0.012771
v -0.002572 -0.007575 0.012521
v -0.002224 -0.006550 0.011896
v -0.002224 -0.006550 0.011396
v -0.002572 -0.007575 0.010771
v -0.002572 -0.007575 0.010521
v -0.002224 -0.006550 0.009896
v -0.002224 -0.006550 0.009396
v -0.002572 -0.007575 0.008771
v -0.002572 -0.007575 0.008521
v -0.002224 -0.006550 0.007896
v -0.002224 -0.006550 0.007396
v -0.002572 -0.007575 0.006771
v -0.002572 -0.007575 0.006521
v -0.002224 -0.006550 0.005896
v -0.002224 -0.006550 0.005396
v -0.002572 -0.007575 0.004771
v -0.002572 -0.007575 0.004521
v -0.002224 -0.006550 0.003896
v -0.002224 -0.006550 0.003396
v -0.002572 -0.007575 0.002771
v -0.002491 -0.007340 0.002521
v -0.002052 -0.006046 0.001896
v -0.001954 -0.005758 0.001396
v -0.001929 -0.005682 0.000771
v -0.001849 -0.005446 0.000521
v -0.002071 -0.007727 0.058792
v -0.002071 -0.007727 0.058542
v -0.001790 -0.006682 0.057917
v -0.001790 -0.006682 0.057417
v -0.002071 -0.007727 0.056792
v -0.002071 -0.007727 0.056542
v -0.001790 -0.006682 0.055917
v -0.001790 -0.006682 0.055417
v -0.002071 -0.007727 0.054792
v -0.002071 -0.007727 0.054542
v -0.001790 -0.006682 0.053917
v -0.001790 -0.006682 0.053417
v -0.002071 -0.007727 0.052792
v -0.002071 -0.007727 0.052542
v -0.001790 -0.006682 0.051917
v -0.001790 -0.006682 0.051417
v -0.002071 -0.007727 0.050792
v -0.002071 -0.007727 0.050542
v -0.001790 -0.006682 0.049917
v -0.001790 -0.006682 0.049417
v -0.002071 -0.007727 0.048792
v -0.002071 -0.007727 0.048542
v -0.001790 -0.006682 0.047917
v -0.001790 -0.006682 0.047417
v -0.002071 -0.007727 0.046792
v -0.002071 -0.007727 0.046542
v -0.001790 -0.006682 0.045917
v -0.001790 -0.006682 0.045417
v -0.002071 -0.007727 0.044792
v -0.002071 -0.007727 0.044542
v -0.001790 -0.006682 0.043917
v -0.001790 -0.006682 0.043417
v -0.002071 -0.007727 0.042792
v -0.002071 -0.007727 0.042542
v -0.001790 -0.006682 0.041917
v -0.001790 -0.006682 0.041417
v -0.002071 -0.007727 0.040792
v -0.002071 -0.007727 0.040542
v -0.001790 -0.006682 0.039917
v -0.001790 -0.006682 0.039417
v -0.002071 -0.007727 0.038792
v -0.002071 -0.007727 0.038542
v -0.001790 -0.006682 0.037917
v -0.001790 -0.006682 0.037417
v -0.002071 -0.007727 0.036792
v -0.002071 -0.007727 0.036542
v -0.001790 -0.006682 0.035917
v -0.001790 -0.006682 0.035417
v -0.002071 -0.007727 0.034792
v -0.002071 -0.007727 0.034542
v -0.001790 -0.006682 0.033917
v -0.001790 -0.006682 0.033417
v -0.002071 -0.007727 0.032792
v -0.002071 -0.007727 0.032542
v -0.001790 -0.006682 0.031917
v -0.001790 -0.006682 0.031417
v -0.002071 -0.007727 0.030792
v -0.002071 -0.007727 0.030542
v -0.001790 -0.006682 0.029917
v -0.001790 -0.006682 0.029417
v -0.002071 -0.007727 0.028792
v -0.002071 -0.007727 0.028542
v -0.001790 -0.006682 0.027917
v -0.001790 -0.006682 0.027417
v -0.002071 -0.007727 0.026792
v -0.002071 -0.007727 0.026542
v -0.001790 -0.006682 0.025917
v -0.001790 -0.006682 0.025417
v -0.002071 -0.007727 0.024792
v -0.002071 -0.007727 0.024542
v -0.001790 -0.006682 0.023917
v -0.001790 -0.006682 0.023417
v -0.002071 -0.007727 0.022792
v -0.002071 -0.007727 0.022542
v -0.001790 -0.006682 0.021917
v -0.001790 -0.006682 0.021417
v -0.002071 -0.007727 0.020792
v -0.002071 -0.007727 0.020542
v -0.001790 -0.006682 0.019917
v -0.001790 -0.006682 0.019417
v -0.002071 -0.007727 0.018792
v -0.002071 -0.007727 0.018542
v -0.001790 -0.006682 0.017917
v -0.001790 -0.006682 0.017417
v -0.002071 -0.007727 0.016792
v -0.002071 -0.007727 0.016542
v -0.001790 -0.006682 0.015917
v -0.001790 -0.006682 0.015417
v -0.002071 -0.007727 0.014792
v -0.002071 -0.007727 0.014542
v -0.001790 -0.006682 0.013917
v -0.001790 -0.006682 0.013417
v -0.002071 -0.007727 0.012792
v -0.002071 -0.007727 0.012542
v -0.001790 -0.006682 0.011917
v -0.001790 -0.006682 0.011417
v -0.002071 -0.007727 0.010792
v -0.002071 -0.007727 0.010542
v -0.001790 -0.006682 0.009917
v -0.001790 -0.006682 0.009417
v -0.002071 -0.007727 0.008792
v -0.002071 -0.007727 0.008542
v -0.001790 -0.006682 0.007917
v -0.001790 -0.006682 0.007417
v -0.002071 -0.007727 0.006792
v -0.002071 -0.007727 0.006542
v -0.001790 -0.006682 0.005917
v -0.001790 -0.006682 0.005417
v -0.002071 -0.007727 0.004792
v -0.002071 -0.007727 0.004542
v -0.001790 -0.006682 0.003917
v -0.001790 -0.006682 0.003417
v -0.002071 -0.007727 0.002792
v -0.002011 -0.007507 0.002542
v -0.001656 -0.006180 0.001917
v -0.001577 -0.005885 0.001417
v -0.001559 -0.005816 0.000792
v -0.001494 -0.005575 0.000542
v -0.001561 -0.007846 0.058812
v -0.001561 -0.007846 0.058562
v -0.001350 -0.006785 0.057937
v -0.001350 -0.006785 0.057437
v -0.001561 -0.007846 0.056812
v -0.001561 -0.007846 0.056562
v -0.001350 -0.006785 0.055937
v -0.001350 -0.006785 0.055437
v -0.001561 -0.007846 0.054812
v -0.001561 -0.007846 0.054562
v -0.001350 -0.006785 0.053937
v -0.001350 -0.006785 0.053437
v -0.001561 -0.007846 0.052812
v -0.001561 -0.007846 0.052562
v -0.001350 -0.006785 0.051937
v -0.001350 -0.006785 0.051437
v -0.001561 -0.007846 0.050812
v -0.001561 -0.007846 0.050562
v -0.001350 -0.006785 0.049937
v -0.001350 -0.006785 0.049437
v -0.001561 -0.007846 0.048812
v -0.001561 -0.007846 0.048562
v -0.001350 -0.006785 0.047937
v -0.001350 -0.006785 0.047437
v -0.001561 -0.007846 0.046812
v -0.001561 -0.007846 0.046562
v -0.001350 -0.006785 0.045937
v -0.001350 -0.006785 0.045437
v -0.001561 -0.007846 0.044812
v -0.001561 -0.007846 0.044562
v -0.001350 -0.006785 0.043937
v -0.001350 -0.006785 0.043437
v -0.001561 -0.007846 0.042812
v -0.001561 -0.007846 0.042562
v -0.001350 -0.006785 0.041937
v -0.001350 -0.006785 0.041437
v -0.001561 -0.007846 0.040812
v -0.001561 -0.007846 0.040562
v -0.001350 -0.006785 0.039937
v -0.001350 -0.006785 0.039437
v -0.001561 -0.007846 0.038812
v -0.001561 -0.007846 0.038562
v -0.001350 -0.006785 0.037937
v -0.001350 -0.006785 0.037437
v -0.001561 -0.007846 0.036812
v -0.001561 -0.007846 0.036562
v -0.001350 -0.006785 0.035937
v -0.001350 -0.006785 0.035437
v -0.001561 -0.007846 0.034812
v -0.001561 -0.007846 0.034562
v -0.001350 -0.006785 0.033937
v -0.001350 -0.006785 0.033437
v -0.001561 -0.007846 0.032812
v -0.001561 -0.007846 0.032562
v -0.001350 -0.006785 0.031937
v -0.001350 -0.006785 0.031437
v -0.001561 -0.007846 0.030812
v -0.001561 -0.007846 0.030562
v -0.001350 -0.006785 0.029938
v -0.001350 -0.006785 0.029438
v -0.001561 -0.007846 0.028813
v -0.001561 -0.007846 0.028563
v -0.001350 -0.006785 0.027938
v -0.001350 -0.006785 0.027438
v -0.001561 -0.007846 0.026813
v -0.001561 -0.007846 0.026563
v -0.001350 -0.006785 0.025938
v -0.001350 -0.006785 0.025438
v -0.001561 -0.007846 0.024813
v -0.001561 -0.007846 0.024563
v -0.001350 -0.006785 0.023938
v -0.001350 -0.006785 0.023438
v -0.001561 -0.007846 0.022813
v -0.001561 -0.007846 0.022563
v -0.001350 -0.006785 0.021938
v -0.001350 -0.006785 0.021438
v -0.001561 -0.007846 0.020813
v -0.001561 -0.007846 0.020563
v -0.001350 -0.006785 0.019938
v -0.001350 -0.006785 0.019438
v -0.001561 -0.007846 0.018813
v -0.001561 -0.007846 0.018563
v -0.001350 -0.006785 0.017938
v -0.001350 -0.006785 0.017438
v -0.001561 -0.007846 0.016813
v -0.001561 -0.007846 0.016563
v -0.001350 -0.006785 0.015938
v -0.001350 -0.006785 0.015438
v -0.001561 -0.007846 0.014813
v -0.001561 -0.007846 0.014563
v -0.001350 -0.006785 0.013937
v -0.001350 -0.006785 0.013437
v -0.001561 -0.007846 0.012812
v -0.001561 -0.007846 0.012562
v -0.001350 -0.006785 0.011937
v -0.001350 -0.006785 0.011437
v -0.001561 -0.007846 0.010812
v -0.001561 -0.007846 0.010562
v -0.001350 -0.006785 0.009937
v -0.001350 -0.006785 0.009437
v -0.001561 -0.007846 0.008812
v -0.001561 -0.007846 0.008562
v -0.001350 -0.006785 0.007937
v -0.001350 -0.006785 0.007437
v -0.001561 -0.007846 0.006812
v -0.001561 -0.007846 0.006562
v -0.001350 -0.006785 0.005938
v -0.001350 -0.006785 0.005438
v -0.001561 -0.007846 0.004813
v -0.001561 -0.007846 0.004563
v -0.001350 -0.006785 0.003938
v -0.001350 -0.006785 0.003438
v -0.001561 -0.007846 0.002813
v -0.001520 -0.007643 0.002563
v -0.001251 -0.006287 0.001937
v -0.001191 -0.005988 0.001437
v -0.001179 -0.005926 0.000812
v -0.001130 -0.005681 0.000562
v -0.001044 -0.007932 0.058833
v -0.001044 -0.007932 0.058583
v -0.000903 -0.006858 0.057958
v -0.000903 -0.006858 0.057458
v -0.001044 -0.007932 0.056833
v -0.001044 -0.007932 0.056583
v -0.000903 -0.006858 0.055958
v -0.000903 -0.006858 0.055458
v -0.001044 -0.007932 0.054833
v -0.001044 -0.007932 0.054583
v -0.000903 -0.006858 0.053958
v -0.000903 -0.006858 0.053458
v -0.001044 -0.007932 0.052833
v -0.001044 -0.007932 0.052583
v -0.000903 -0.006858 0.051958
v -0.000903 -0.006858 0.051458
v -0.001044 -0.007932 0.050833
v -0.001044 -0.007932 0.050583
v -0.000903 -0.006858 0.049958
v -0.000903 -0.006858 0.049458
v -0.001044 -0.007932 0.048833
v -0.001044 -0.007932 0.048583
v -0.000903 -0.006858 0.047958
v -0.000903 -0.006858 0.047458
v -0.001044 -0.007932 0.046833
v -0.001044 -0.007932 0.046583
v -0.000903 -0.006858 0.045958
v -0.000903 -0.006858 0.045458
v -0.001044 -0.007932 0.044833
v -0.001044 -0.007932 0.044583
v -0.000903 -0.006858 0.043958
v -0.000903 -0.006858 0.043458
v -0.001044 -0.007932 0.042833
v -0.001044 -0.007932 0.042583
v -0.000903 -0.006858 0.041958
v -0.000903 -0.006858 0.041458
v -0.001044 -0.007932 0.040833
v -0.001044 -0.007932 0.040583
v -0.000903 -0.006858 0.039958
v -0.000903 -0.006858 0.039458
v -0.001044 -0.007932 0.038833
v -0.001044 -0.007932 0.038583
v -0.000903 -0.006858 0.037958
v -0.000903 -0.006858 0.037458
v -0.001044 -0.007932 0.036833
v -0.001044 -0.007932 0.036583
v -0.000903 -0.006858 0.035958
v -0.000903 -0.006858 0.035458
v -0.001044 -0.007932 0.034833
v -0.001044 -0.007932 0.034583
v -0.000903 -0.006858 0.033958
v -0.000903 -0.006858 0.033458
v -0.001044 -0.007932 0.032833
v -0.001044 -0.007932 0.032583
v -0.000903 -0.006858 0.031958
v -0.000903 -0.006858 0.031458
v -0.001044 -0.007932 0.030833
v -0.001044 -0.007932 0.030583
v -0.000903 -0.006858 0.029958
v -0.000903 -0.006858 0.029458
v -0.001044 -0.007932 0.028833
v -0.001044 -0.007932 0.028583
v -0.000903 -0.006858 0.027958
v -0.000903 -0.006858 0.027458
v -0.001044 -0.007932 0.026833
v -0.001044 -0.007932 0.026583
v -0.000903 -0.006858 0.025958
v -0.000903 -0.006858 0.025458
v -0.001044 -0.007932 0.024833
v -0.001044 -0.007932 0.024583
v -0.000903 -0.006858 0.023958
v -0.000903 -0.006858 0.023458
v -0.001044 -0.007932 0.022833
v -0.001044 -0.007932 0.022583
v -0.000903 -0.006858 0.021958
v -0.000903 -0.006858 0.021458
v -0.001044 -0.007932 0.020833
v -0.001044 -0.007932 0.020583
v -0.000903 -0.006858 0.019958
v -0.000903 -0.006858 0.019458
v -0.001044 -0.007932 0.018833
v -0.001044 -0.007932 0.018583
v -0.000903 -0.006858 0.017958
v -0.000903 -0.006858 0.017458
v -0.001044 -0.007932 0.016833
v -0.001044 -0.007932 0.016583
v -0.000903 -0.006858 0.015958
v -0.000903 -0.006858 0.015458
v -0.001044 -0.007932 0.014833
v -0.001044 -0.007932 0.014583
v -0.000903 -0.006858 0.013958
v -0.000903 -0.006858 0.013458
v -0.001044 -0.007932 0.012833
v -0.001044 -0.007932 0.012583
v -0.000903 -0.006858 0.011958
v -0.000903 -0.006858 0.011458
v -0.001044 -0.007932 0.010833
v -0.001044 -0.007932 0.010583
v -0.000903 -0.006858 0.009958
v -0.000903 -0.006858 0.009458
v -0.001044 -0.007932 0.008833
v -0.001044 -0.007932 0.008583
v -0.000903 -0.006858 0.007958
v -0.000903 -0.006858 0.007458
v -0.001044 -0.007932 0.006833
v -0.001044 -0.007932 0.006583
v -0.000903 -0.006858 0.005958
v -0.000903 -0.006858 0.005458
v -0.001044 -0.007932 0.004833
v -0.001044 -0.007932 0.004583
v -0.000903 -0.006858 0.003958
v -0.000903 -0.006858 0.003458
v -0.001044 -0.007932 0.002833
v -0.001020 -0.007746 0.002583
v -0.000838 -0.006368 0.001958
v -0.000799 -0.006066 0.001458
v -0.000791 -0.006011 0.000833
v -0.000759 -0.005764 0.000583
v -0.000523 -0.007983 0.058854
v -0.000523 -0.007983 0.058604
v -0.000452 -0.006903 0.057979
v -0.000452 -0.006903 0.057479
v -0.000523 -0.007983 0.056854
v -0.000523 -0.007983 0.056604
v -0.000452 -0.006903 0.055979
v -0.000452 -0.006903 0.055479
v -0.000523 -0.007983 0.054854
v -0.000523 -0.007983 0.054604
v -0.000452 -0.006903 0.053979
v -0.000452 -0.006903 0.053479
v -0.000523 -0.007983 0.052854
v -0.000523 -0.007983 0.052604
v -0.000452 -0.006903 0.051979
v -0.000452 -0.006903 0.051479
v -0.000523 -0.007983 0.050854
v -0.000523 -0.007983 0.050604
v -0.000452 -0.006903 0.049979
v -0.000452 -0.006903 0.049479
v -0.000523 -0.007983 0.048854
v -0.000523 -0.007983 0.048604
v -0.000452 -0.006903 0.047979
v -0.000452 -0.006903 0.047479
v -0.000523 -0.007983 0.046854
v -0.000523 -0.007983 0.046604
v -0.000452 -0.006903 0.045979
v -0.000452 -0.006903 0.045479
v -0.000523 -0.007983 0.044854
v -0.000523 -0.007983 0.044604
v -0.000452 -0.006903 0.043979
v -0.000452 -0.006903 0.043479
v -0.000523 -0.007983 0.042854
v -0.000523 -0.007983 0.042604
v -0.000452 -0.006903 0.041979
v -0.000452 -0.006903 0.041479
v -0.000523 -0.007983 0.040854
v -0.000523 -0.007983 0.040604
v -0.000452 -0.006903 0.039979
v -0.000452 -0.006903 0.039479
v -0.000523 -0.007983 0.038854
v -0.000523 -0.007983 0.038604
v -0.000452 -0.006903 0.037979
v -0.000452 -0.006903 0.037479
v -0.000523 -0.007983 0.036854
v -0.000523 -0.007983 0.036604
v -0.000452 -0.006903 0.035979
v -0.000452 -0.006903 0.035479
v -0.000523 -0.007983 0.034854
v -0.000523 -0.007983 0.034604
v -0.000452 -0.006903 0.033979
v -0.000452 -0.006903 0.033479
v -0.000523 -0.007983 0.032854
v -0.000523 -0.007983 0.032604
v -0.000452 -0.006903 0.031979
v -0.000452 -0.006903 0.031479
v -0.000523 -0.007983 0.030854
v -0.000523 -0.007983 0.030604
v -0.000452 -0.006903 0.029979
v -0.000452 -0.006903 0.029479
v -0.000523 -0.007983 0.028854
v -0.000523 -0.007983 0.028604
v -0.000452 -0.006903 0.027979
v -0.000452 -0.006903 0.027479
v -0.000523 -0.007983 0.026854
v -0.000523 -0.007983 0.026604
v -0.000452 -0.006903 0.025979
v -0.000452 -0.006903 0.025479
v -0.000523 -0.007983 0.024854
v -0.000523 -0.007983 0.024604
v -0.000452 -0.006903 0.023979
v -0.000452 -0.006903 0.023479
v -0.000523 -0.007983 0.022854
v -0.000523 -0.007983 0.022604
v -0.000452 -0.006903 0.021979
v -0.000452 -0.006903 0.021479
v -0.000523 -0.007983 0.020854
v -0.000523 -0.007983 0.020604
v -0.000452 -0.006903 0.019979
v -0.000452 -0.006903 0.019479
v -0.000523 -0.007983 0.018854
v -0.000523 -0.007983 0.018604
v -0.000452 -0.006903 0.017979
v -0.000452 -0.006903 0.017479
v -0.000523 -0.007983 0.016854
v -0.000523 -0.007983 0.016604
v -0.000452 -0.006903 0.015979
v -0.000452 -0.006903 0.015479
v -0.000523 -0.007983 0.014854
v -0.000523 -0.007983 0.014604
v -0.000452 -0.006903 0.013979
v -0.000452 -0.006903 0.013479
v -0.000523 -0.007983 0.012854
v -0.000523 -0.007983 0.012604
v -0.000452 -0.006903 0.011979
v -0.000452 -0.006903 0.011479
v -0.000523 -0.007983 0.010854
v -0.000523 -0.007983 0.010604
v -0.000452 -0.006903 0.009979
v -0.000452 -0.006903 0.009479
v -0.000523 -0.007983 0.008854
v -0.000523 -0.007983 0.008604
v -0.000452 -0.006903 0.007979
v -0.000452 -0.006903 0.007479
v -0.000523 -0.007983 0.006854
v -0.000523 -0.007983 0.006604
v -0.000452 -0.006903 0.005979
v -0.000452 -0.006903 0.005479
v -0.000523 -0.007983 0.004854
v -0.000523 -0.007983 0.004604
v -0.000452 -0.006903 0.003979
v -0.000452 -0.006903 0.003479
v -0.000523 -0.007983 0.002854
v -0.000512 -0.007817 0.002604
v -0.000421 -0.006422 0.001979
v -0.000401 -0.006118 0.001479
v -0.000398 -0.006071 0.000854
v -0.000382 -0.005822 0.000604
v 0.000000 -0.008000 0.058875
v 0.000000 -0.008000 0.058625
v 0.000000 -0.006917 0.058000
v 0.000000 -0.006917 0.057500
v 0.000000 -0.008000 0.056875
v 0.000000 -0.008000 0.056625
v 0.000000 -0.006917 0.056000
v 0.000000 -0.006917 0.055500
v 0.000000 -0.008000 0.054875
v 0.000000 -0.008000 0.054625
v 0.000000 -0.006917 0.054000
v 0.000000 -0.006917 0.053500
v 0.000000 -0.008000 0.052875
v 0.000000 -0.008000 0.052625
v 0.000000 -0.006917 0.052000
v 0.000000 -0.006917 0.051500
v 0.000000 -0.008000 0.050875
v 0.000000 -0.008000 0.050625
v 0.000000 -0.006917 0.050000
v 0.000000 -0.006917 0.049500
v 0.000000 -0.008000 0.048875
v 0.000000 -0.008000 0.048625
v 0.000000 -0.006917 0.048000
v 0.000000 -0.006917 0.047500
v 0.000000 -0.008000 0.046875
v 0.000000 -0.008000 0.046625
v 0.000000 -0.006917 0.046000
v 0.000000 -0.006917 0.045500
v 0.000000 -0.008000 0.044875
v 0.000000 -0.008000 0.044625
v 0.000000 -0.006917 0.044000
v 0.000000 -0.006917 0.043500
v 0.000000 -0.008000 0.042875
v 0.000000 -0.008000 0.042625
v 0.000000 -0.006917 0.042000
v 0.000000 -0.006917 0.041500
v 0.000000 -0.008000 0.040875
v 0.000000 -0.008000 0.040625
v 0.000000 -0.006917 0.040000
v 0.000000 -0.006917 0.039500
v 0.000000 -0.008000 0.038875
v 0.000000 -0.008000 0.038625
v 0.000000 -0.006917 0.038000
v 0.000000 -0.006917 0.037500
v 0.000000 -0.008000 0.036875
v 0.000000 -0.008000 0.036625
v 0.000000 -0.006917 0.036000
v 0.000000 -0.006917 0.035500
v 0.000000 -0.008000 0.034875
v 0.000000 -0.008000 0.034625
v 0.000000 -0.006917 0.034000
v 0.000000 -0.006917 0.033500
v 0.000000 -0.008000 0.032875
v 0.000000 -0.008000 0.032625
v 0.000000 -0.006917 0.032000
v 0.000000 -0.006917 0.031500
v 0.000000 -0.008000 0.030875
v 0.000000 -0.008000 0.030625
v 0.000000 -0.006917 0.030000
v 0.000000 -0.006917 0.029500
v 0.000000 -0.008000 0.028875
v 0.000000 -0.008000 0.028625
v 0.000000 -0.006917 0.028000
v 0.000000 -0.006917 0.027500
v 0.000000 -0.008000 0.026875
v 0.000000 -0.008000 0.026625
v 0.000000 -0.006917 0.026000
v 0.000000 -0.006917 0.025500
v 0.000000 -0.008000 0.024875
v 0.000000 -0.008000 0.024625
v 0.000000 -0.006917 0.024000
v 0.000000 -0.006917 0.023500
v 0.000000 -0.008000 0.022875
v 0.000000 -0.008000 0.022625
v 0.000000 -0.006917 0.022000
v 0.000000 -0.006917 0.021500
v 0.000000 -0.008000 0.020875
v 0.000000 -0.008000 0.020625
v 0.000000 -0.006917 0.020000
v 0.000000 -0.006917 0.019500
v 0.000000 -0.008000 0.018875
v 0.000000 -0.008000 0.018625
v 0.000000 -0.006917 0.018000
v 0.000000 -0.006917 0.017500
v 0.000000 -0.008000 0.016875
v 0.000000 -0.008000 0.016625
v 0.000000 -0.006917 0.016000
v 0.000000 -0.006917 0.015500
v 0.000000 -0.008000 0.014875
v 0.000000 -0.008000 0.014625
v 0.000000 -0.006917 0.014000
v 0.000000 -0.006917 0.013500
v 0.000000 -0.008000 0.012875
v 0.000000 -0.008000 0.012625
v 0.000000 -0.006917 0.012000
v 0.000000 -0.006917 0.011500
v 0.000000 -0.008000 0.010875
v 0.000000 -0.008000 0.010625
v 0.000000 -0.006917 0.010000
v 0.000000 -0.006917 0.009500
v 0.000000 -0.008000 0.008875
v 0.000000 -0.008000 0.008625
v 0.000000 -0.006917 0.008000
v 0.000000 -0.006917 0.007500
v 0.000000 -0.008000 0.006875
v 0.000000 -0.008000 0.006625
v 0.000000 -0.006917 0.006000
v 0.000000 -0.006917 0.005500
v 0.000000 -0.008000 0.004875
v 0.000000 -0.008000 0.004625
v 0.000000 -0.006917 0.004000
v 0.000000 -0.006917 0.003500
v 0.000000 -0.008000 0.002875
v 0.000000 -0.007855 0.002625
v 0.000000 -0.006448 0.002000
v 0.000000 -0.006144 0.001500
v 0.000000 -0.006105 0.000875
v 0.000000 -0.005855 0.000625
v 0.000000 -0.005230 0.000000
v 0.000523 -0.007983 0.058896
v 0.000523 -0.007983 0.058646
v 0.000454 -0.006925 0.058021
v 0.000452 -0.006903 0.057521
v 0.000523 -0.007983 0.056896
v 0.000523 -0.007983 0.056646
v 0.000452 -0.006903 0.056021
v 0.000452 -0.006903 0.055521
v 0.000523 -0.007983 0.054896
v 0.000523 -0.007983 0.054646
v 0.000452 -0.006903 0.054021
v 0.000452 -0.006903 0.053521
v 0.000523 -0.007983 0.052896
v 0.000523 -0.007983 0.052646
v 0.000452 -0.006903 0.052021
v 0.000452 -0.006903 0.051521
v 0.000523 -0.007983 0.050896
v 0.000523 -0.007983 0.050646
v 0.000452 -0.006903 0.050021
v 0.000452 -0.006903 0.049521
v 0.000523 -0.007983 0.048896
v 0.000523 -0.007983 0.048646
v 0.000452 -0.006903 0.048021
v 0.000452 -0.006903 0.047521
v 0.000523 -0.007983 0.046896
v 0.000523 -0.007983 0.046646
v 0.000452 -0.006903 0.046021
v 0.000452 -0.006903 0.045521
v 0.000523 -0.007983 0.044896
v 0.000523 -0.007983 0.044646
v 0.000452 -0.006903 0.044021
v 0.000452 -0.006903 0.043521
v 0.000523 -0.007983 0.042896
v 0.000523 -0.007983 0.042646
v 0.000452 -0.006903 0.042021
v 0.000452 -0.006903 0.041521
v 0.000523 -0.007983 0.040896
v 0.000523 -0.007983 0.040646
v 0.000452 -0.006903 0.040021
v 0.000452 -0.006903 0.039521
v 0.000523 -0.007983 0.038896
v 0.000523 -0.007983 0.038646
v 0.000452 -0.006903 0.038021
v 0.000452 -0.006903 0.037521
v 0.000523 -0.007983 0.036896
v 0.000523 -0.007983 0.036646
v 0.000452 -0.006903 0.036021
v 0.000452 -0.006903 0.035521
v 0.000523 -0.007983 0.034896
v 0.000523 -0.007983 0.034646
v 0.000452 -0.006903 0.034021
v 0.000452 -0.006903 0.033521
v 0.000523 -0.007983 0.032896
v 0.000523 -0.007983 0.032646
v 0.000452 -0.006903 0.032021
v 0.000452 -0.006903 0.031521
v 0.000523 -0.007983 0.030896
v 0.000523 -0.007983 0.030646
v 0.000452 -0.006903 0.030021
v 0.000452 -0.006903 0.029521
v 0.000523 -0.007983 0.028896
v 0.000523 -0.007983 0.028646
v 0.000452 -0.006903 0.028021
v 0.000452 -0.006903 0.027521
v 0.000523 -0.007983 0.026896
v 0.000523 -0.007983 0.026646
v 0.000452 -0.006903 0.026021
v 0.000452 -0.006903 0.025521
v 0.000523 -0.007983 0.024896
v 0.000523 -0.007983 0.024646
v 0.000452 -0.006903 0.024021
v 0.000452 -0.006903 0.023521
v 0.000523 -0.007983 0.022896
v 0.000523 -0.007983 0.022646
v 0.000452 -0.006903 0.022021
v 0.000452 -0.006903 0.021521
v 0.000523 -0.007983 0.020896
v 0.000523 -0.007983 0.020646
v 0.000452 -0.006903 0.020021
v 0.000452 -0.006903 0.019521
v 0.000523 -0.007983 0.018896
v 0.000523 -0.007983 0.018646
v 0.000452 -0.006903 0.018021
v 0.000452 -0.006903 0.017521
v 0.000523 -0.007983 0.016896
v 0.000523 -0.007983 0.016646
v 0.000452 -0.006903 0.016021
v 0.000452 -0.006903 0.015521
v 0.000523 -0.007983 0.014896
v 0.000523 -0.007983 0.014646
v 0.000452 -0.006903 0.014021
v 0.000452 -0.006903 0.013521
v 0.000523 -0.007983 0.012896
v 0.000523 -0.007983 0.012646
v 0.000452 -0.006903 0.012021
v 0.000452 -0.006903 0.011521
v 0.000523 -0.007983 0.010896
v 0.000523 -0.007983 0.010646
v 0.000452 -0.006903 0.010021
v 0.000452 -0.006903 0.009521
v 0.000523 -0.007983 0.008896
v 0.000523 -0.007983 0.008646
v 0.000452 -0.006903 0.008021
v 0.000452 -0.006903 0.007521
v 0.000523 -0.007983 0.006896
v 0.000523 -0.007983 0.006646
v 0.000452 -0.006903 0.006021
v 0.000452 -0.006903 0.005521
v 0.000523 -0.007983 0.004896
v 0.000523 -0.007983 0.004646
v 0.000452 -0.006903 0.004021
v 0.000452 -0.006903 0.003521
v 0.000523 -0.007983 0.002896
v 0.000515 -0.007859 0.002646
v 0.000423 -0.006447 0.002021
v 0.000403 -0.006143 0.001521
v 0.000401 -0.006113 0.000896
v 0.000384 -0.005863 0.000646
v 0.000343 -0.005231 0.000021
v 0.001044 -0.007932 0.058917
v 0.001044 -0.007932 0.058667
v 0.000909 -0.006903 0.058042
v 0.000903 -0.006858 0.057542
v 0.001044 -0.007932 0.056917
v 0.001044 -0.007932 0.056667
v 0.000903 -0.006858 0.056042
v 0.000903 -0.006858 0.055542
v 0.001044 -0.007932 0.054917
v 0.001044 -0.007932 0.054667
v 0.000903 -0.006858 0.054042
v 0.000903 -0.006858 0.053542
v 0.001044 -0.007932 0.052917
v 0.001044 -0.007932 0.052667
v 0.000903 -0.006858 0.052042
v 0.000903 -0.006858 0.051542
v 0.001044 -0.007932 0.050917
v 0.001044 -0.007932 0.050667
v 0.000903 -0.006858 0.050042
v 0.000903 -0.006858 0.049542
v 0.001044 -0.007932 0.048917
v 0.001044 -0.007932 0.048667
v 0.000903 -0.006858 0.048042
v 0.000903 -0.006858 0.047542
v 0.001044 -0.007932 0.046917
v 0.001044 -0.007932 0.046667
v 0.000903 -0.006858 0.046042
v 0.000903 -0.006858 0.045542
v 0.001044 -0.007932 0.044917
v 0.001044 -0.007932 0.044667
v 0.000903 -0.006858 0.044042
v 0.000903 -0.006858 0.043542
v 0.001044 -0.007932 0.042917
v 0.001044 -0.007932 0.042667
v 0.000903 -0.006858 0.042042
v 0.000903 -0.006858 0.041542
v 0.001044 -0.007932 0.040917
v 0.001044 -0.007932 0.040667
v 0.000903 -0.006858 0.040042
v 0.000903 -0.006858 0.039542
v 0.001044 -0.007932 0.038917
v 0.001044 -0.007932 0.038667
v 0.000903 -0.006858 0.038042
v 0.000903 -0.006858 0.037542
v 0.001044 -0.007932 0.036917
v 0.001044 -0.007932 0.036667
v 0.000903 -0.006858 0.036042
v 0.000903 -0.006858 0.035542
v 0.001044 -0.007932 0.034917
v 0.001044 -0.007932 0.034667
v 0.000903 -0.006858 0.034042
v 0.000903 -0.006858 0.033542
v 0.001044 -0.007932 0.032917
v 0.001044 -0.007932 0.032667
v 0.000903 -0.006858 0.032042
v 0.000903 -0.006858 0.031542
v 0.001044 -0.007932 0.030917
v 0.001044 -0.007932 0.030667
v 0.000903 -0.006858 0.030042
v 0.000903 -0.006858 0.029542
v 0.001044 -0.007932 0.028917
v 0.001044 -0.007932 0.028667
v 0.000903 -0.006858 0.028042
v 0.000903 -0.006858 0.027542
v 0.001044 -0.007932 0.026917
v 0.001044 -0.007932 0.026667
v 0.000903 -0.006858 0.026042
v 0.000903 -0.006858 0.025542
v 0.001044 -0.007932 0.024917
v 0.001044 -0.007932 0.024667
v 0.000903 -0.006858 0.024042
v 0.000903 -0.006858 0.023542
v 0.001044 -0.007932 0.022917
v 0.001044 -0.007932 0.022667
v 0.000903 -0.006858 0.022042
v 0.000903 -0.006858 0.021542
v 0.001044 -0.007932 0.020917
v 0.001044 -0.007932 0.020667
v 0.000903 -0.006858 0.020042
v 0.000903 -0.006858 0.019542
v 0.001044 -0.007932 0.018917
v 0.001044 -0.007932 0.018667
v 0.000903 -0.006858 0.018042
v 0.000903 -0.006858 0.017542
v 0.001044 -0.007932 0.016917
v 0.001044 -0.007932 0.016667
v 0.000903 -0.006858 0.016042
v 0.000903 -0.006858 0.015542
v 0.001044 -0.007932 0.014917
v 0.001044 -0.007932 0.014667
v 0.000903 -0.006858 0.014042
v 0.000903 -0.006858 0.013542
v 0.001044 -0.007932 0.012917
v 0.001044 -0.007932 0.012667
v 0.000903 -0.006858 0.012042
v 0.000903 -0.006858 0.011542
v 0.001044 -0.007932 0.010917
v 0.001044 -0.007932 0.010667
v 0.000903 -0.006858 0.010042
v 0.000903 -0.006858 0.009542
v 0.001044 -0.007932 0.008917
v 0.001044 -0.007932 0.008667
v 0.000903 -0.006858 0.008042
v 0.000903 -0.006858 0.007542
v 0.001044 -0.007932 0.006917
v 0.001044 -0.007932 0.006667
v 0.000903 -0.006858 0.006042
v 0.000903 -0.006858 0.005542
v 0.001044 -0.007932 0.004917
v 0.001044 -0.007932 0.004667
v 0.000903 -0.006858 0.004042
v 0.000903 -0.006858 0.003542
v 0.001044 -0.007932 0.002917
v 0.001031 -0.007829 0.002667
v 0.000845 -0.006418 0.002042
v 0.000805 -0.006116 0.001542
v 0.000802 -0.006094 0.000917
v 0.000770 -0.005846 0.000667
v 0.000686 -0.005210 0.000042
v 0.001561 -0.007846 0.058937
v 0.001561 -0.007846 0.058687
v 0.001363 -0.006851 0.058062
v 0.001350 -0.006785 0.057562
v 0.001561 -0.007846 0.056937
v 0.001561 -0.007846 0.056687
v 0.001350 -0.006785 0.056062
v 0.001350 -0.006785 0.055562
v 0.001561 -0.007846 0.054937
v 0.001561 -0.007846 0.054687
v 0.001350 -0.006785 0.054062
v 0.001350 -0.006785 0.053562
v 0.001561 -0.007846 0.052937
v 0.001561 -0.007846 0.052687
v 0.001350 -0.006785 0.052062
v 0.001350 -0.006785 0.051562
v 0.001561 -0.007846 0.050937
v 0.001561 -0.007846 0.050687
v 0.001350 -0.006785 0.050062
v 0.001350 -0.006785 0.049562
v 0.001561 -0.007846 0.048937
v 0.001561 -0.007846 0.048687
v 0.001350 -0.006785 0.048062
v 0.001350 -0.006785 0.047562
v 0.001561 -0.007846 0.046937
v 0.001561 -0.007846 0.046687
v 0.001350 -0.006785 0.046062
v 0.001350 -0.006785 0.045562
v 0.001561 -0.007846 0.044937
v 0.001561 -0.007846 0.044687
v 0.001350 -0.006785 0.044062
v 0.001350 -0.006785 0.043562
v 0.001561 -0.007846 0.042937
v 0.001561 -0.007846 0.042687
v 0.001350 -0.006785 0.042062
v 0.001350 -0.006785 0.041562
v 0.001561 -0.007846 0.040937
v 0.001561 -0.007846 0.040687
v 0.001350 -0.006785 0.040062
v 0.001350 -0.006785 0.039562
v 0.001561 -0.007846 0.038937
v 0.001561 -0.007846 0.038687
v 0.001350 -0.006785 0.038062
v 0.001350 -0.006785 0.037562
v 0.001561 -0.007846 0.036937
v 0.001561 -0.007846 0.036687
v 0.001350 -0.006785 0.036062
v 0.001350 -0.006785 0.035562
v 0.001561 -0.007846 0.034937
v 0.001561 -0.007846 0.034687
v 0.001350 -0.006785 0.034062
v 0.001350 -0.006785 0.033562
v 0.001561 -0.007846 0.032937
v 0.001561 -0.007846 0.032687
v 0.001350 -0.006785 0.032062
v 0.001350 -0.006785 0.031562
v 0.001561 -0.007846 0.030937
v 0.001561 -0.007846 0.030687
v 0.001350 -0.006785 0.030063
v 0.001350 -0.006785 0.029563
v 0.001561 -0.007846 0.028938
v 0.001561 -0.007846 0.028688
v 0.001350 -0.006785 0.028063
v 0.001350 -0.006785 0.027563
v 0.001561 -0.007846 0.026938
v 0.001561 -0.007846 0.026688
v 0.001350 -0.006785 0.026063
v 0.001350 -0.006785 0.025563
v 0.001561 -0.007846 0.024938
v 0.001561 -0.007846 0.024688
v 0.001350 -0.006785 0.024063
v 0.001350 -0.006785 0.023563
v 0.001561 -0.007846 0.022938
v 0.001561 -0.007846 0.022688
v 0.001350 -0.006785 0.022063
v 0.001350 -0.006785 0.021563
v 0.001561 -0.007846 0.020938
v 0.001561 -0.007846 0.020688
v 0.001350 -0.006785 0.020063
v 0.001350 -0.006785 0.019563
v 0.001561 -0.007846 0.018938
v 0.001561 -0.007846 0.018688
v 0.001350 -0.006785 0.018063
v 0.001350 -0.006785 0.017563
v 0.001561 -0.007846 0.016938
v 0.001561 -0.007846 0.016688
v 0.001350 -0.006785 0.016063
v 0.001350 -0.006785 0.015563
v 0.001561 -0.007846 0.014938
v 0.001561 -0.007846 0.014688
v 0.001350 -0.006785 0.014062
v 0.001350 -0.006785 0.013562
v 0.001561 -0.007846 0.012937
v 0.001561 -0.007846 0.012687
v 0.001350 -0.006785 0.012062
v 0.001350 -0.006785 0.011562
v 0.001561 -0.007846 0.010937
v 0.001561 -0.007846 0.010687
v 0.001350 -0.006785 0.010062
v 0.001350 -0.006785 0.009562
v 0.001561 -0.007846 0.008937
v 0.001561 -0.007846 0.008687
v 0.001350 -0.006785 0.008062
v 0.001350 -0.006785 0.007562
v 0.001561 -0.007846 0.006937
v 0.001561 -0.007846 0.006687
v 0.001350 -0.006785 0.006063
v 0.001350 -0.006785 0.005563
v 0.001561 -0.007846 0.004938
v 0.001561 -0.007846 0.004688
v 0.001350 -0.006785 0.004063
v 0.001350 -0.006785 0.003563
v 0.001561 -0.007846 0.002938
v 0.001545 -0.007765 0.002688
v 0.001265 -0.006362 0.002062
v 0.001206 -0.006063 0.001562
v 0.001203 -0.006049 0.000937
v 0.001154 -0.005804 0.000687
v 0.001028 -0.005167 0.000063
v 0.002071 -0.007727 0.058958
v 0.002071 -0.007727 0.058708
v 0.001814 -0.006769 0.058083
v 0.001790 -0.006682 0.057583
v 0.002071 -0.007727 0.056958
v 0.002071 -0.007727 0.056708
v 0.001790 -0.006682 0.056083
v 0.001790 -0.006682 0.055583
v 0.002071 -0.007727 0.054958
v 0.002071 -0.007727 0.054708
v 0.001790 -0.006682 0.054083
v 0.001790 -0.006682 0.053583
v 0.002071 -0.007727 0.052958
v 0.002071 -0.007727 0.052708
v 0.001790 -0.006682 0.052083
v 0.001790 -0.006682 0.051583
v 0.002071 -0.007727 0.050958
v 0.002071 -0.007727 0.050708
v 0.001790 -0.006682 0.050083
v 0.001790 -0.006682 0.049583
v 0.002071 -0.007727 0.048958
v 0.002071 -0.007727 0.048708
v 0.001790 -0.006682 0.048083
v 0.001790 -0.006682 0.047583
v 0.002071 -0.007727 0.046958
v 0.002071 -0.007727 0.046708
v 0.001790 -0.006682 0.046083
v 0.001790 -0.006682 0.045583
v 0.002071 -0.007727 0.044958
v 0.002071 -0.007727 0.044708
v 0.001790 -0.006682 0.044083
v 0.001790 -0.006682 0.043583
v 0.002071 -0.007727 0.042958
v 0.002071 -0.007727 0.042708
v 0.001790 -0.006682 0.042083
v 0.001790 -0.006682 0.041583
v 0.002071 -0.007727 0.040958
v 0.002071 -0.007727 0.040708
v 0.001790 -0.006682 0.040083
v 0.001790 -0.006682 0.039583
v 0.002071 -0.007727 0.038958
v 0.002071 -0.007727 0.038708
v 0.001790 -0.006682 0.038083
v 0.001790 -0.006682 0.037583
v 0.002071 -0.007727 0.036958
v 0.002071 -0.007727 0.036708
v 0.001790 -0.006682 0.036083
v 0.001790 -0.006682 0.035583
v 0.002071 -0.007727 0.034958
v 0.002071 -0.007727 0.034708
v 0.001790 -0.006682 0.034083
v 0.001790 -0.006682 0.033583
v 0.002071 -0.007727 0.032958
v 0.002071 -0.007727 0.032708
v 0.001790 -0.006682 0.032083
v 0.001790 -0.006682 0.031583
v 0.002071 -0.007727 0.030958
v 0.002071 -0.007727 0.030708
v 0.001790 -0.006682 0.030083
v 0.001790 -0.006682 0.029583
v 0.002071 -0.007727 0.028958
v 0.002071 -0.007727 0.028708
v 0.001790 -0.006682 0.028083
v 0.001790 -0.006682 0.027583
v 0.002071 -0.007727 0.026958
v 0.002071 -0.007727 0.026708
v 0.001790 -0.006682 0.026083
v 0.001790 -0.006682 0.025583
v 0.002071 -0.007727 0.024958
v 0.002071 -0.007727 0.024708
v 0.001790 -0.006682 0.024083
v 0.001790 -0.006682 0.023583
v 0.002071 -0.007727 0.022958
v 0.002071 -0.007727 0.022708
v 0.001790 -0.006682 0.022083
v 0.001790 -0.006682 0.021583
v 0.002071 -0.007727 0.020958
v 0.002071 -0.007727 0.020708
v 0.001790 -0.006682 0.020083
v 0.001790 -0.006682 0.019583
v 0.002071 -0.007727 0.018958
v 0.002071 -0.007727 0.018708
v 0.001790 -0.006682 0.018083
v 0.001790 -0.006682 0.017583
v 0.002071 -0.007727 0.016958
v 0.002071 -0.007727 0.016708
v 0.001790 -0.006682 0.016083
v 0.001790 -0.006682 0.015583
v 0.002071 -0.007727 0.014958
v 0.002071 -0.007727 0.014708
v 0.001790 -0.006682 0.014083
v 0.001790 -0.006682 0.013583
v 0.002071 -0.007727 0.012958
v 0.002071 -0.007727 0.012708
v 0.001790 -0.006682 0.012083
v 0.001790 -0.006682 0.011583
v 0.002071 -0.007727 0.010958
v 0.002071 -0.007727 0.010708
v 0.001790 -0.006682 0.010083
v 0.001790 -0.006682 0.009583
v 0.002071 -0.007727 0.008958
v 0.002071 -0.007727 0.008708
v 0.001790 -0.006682 0.008083
v 0.001790 -0.006682 0.007583
v 0.002071 -0.007727 0.006958
v 0.002071 -0.007727 0.006708
v 0.001790 -0.006682 0.006083
v 0.001790 -0.006682 0.005583
v 0.002071 -0.007727 0.004958
v 0.002071 -0.007727 0.004708
v 0.001790 -0.006682 0.004083
v 0.001790 -0.006682 0.003583
v 0.002071 -0.007727 0.002958
v 0.002055 -0.007668 0.002708
v 0.001682 -0.006278 0.002083
v 0.001603 -0.005983 0.001583
v 0.001602 -0.005977 0.000958
v 0.001537 -0.005736 0.000708
v 0.001367 -0.005101 0.000083
v 0.002572 -0.007575 0.058979
v 0.002572 -0.007575 0.058729
v 0.002260 -0.006657 0.058104
v 0.002224 -0.006550 0.057604
v 0.002572 -0.007575 0.056979
v 0.002572 -0.007575 0.056729
v 0.002224 -0.006550 0.056104
v 0.002224 -0.006550 0.055604
v 0.002572 -0.007575 0.054979
v 0.002572 -0.007575 0.054729
v 0.002224 -0.006550 0.054104
v 0.002224 -0.006550 0.053604
v 0.002572 -0.007575 0.052979
v 0.002572 -0.007575 0.052729
v 0.002224 -0.006550 0.052104
v 0.002224 -0.006550 0.051604
v 0.002572 -0.007575 0.050979
v 0.002572 -0.007575 0.050729
v 0.002224 -0.006550 0.050104
v 0.002224 -0.006550 0.049604
v 0.002572 -0.007575 0.048979
v 0.002572 -0.007575 0.048729
v 0.002224 -0.006550 0.048104
v 0.002224 -0.006550 0.047604
v 0.002572 -0.007575 0.046979
v 0.002572 -0.007575 0.046729
v 0.002224 -0.006550 0.046104
v 0.002224 -0.006550 0.045604
v 0.002572 -0.007575 0.044979
v 0.002572 -0.007575 0.044729
v 0.002224 -0.006550 0.044104
v 0.002224 -0.006550 0.043604
v 0.002572 -0.007575 0.042979
v 0.002572 -0.007575 0.042729
v 0.002224 -0.006550 0.042104
v 0.002224 -0.006550 0.041604
v 0.002572 -0.007575 0.040979
v 0.002572 -0.007575 0.040729
v 0.002224 -0.006550 0.040104
v 0.002224 -0.006550 0.039604
v 0.002572 -0.007575 0.038979
v 0.002572 -0.007575 0.038729
v 0.002224 -0.006550 0.038104
v 0.002224 -0.006550 0.037604
v 0.002572 -0.007575 0.036979
v 0.002572 -0.007575 0.036729
v 0.002224 -0.006550 0.036104
v 0.002224 -0.006550 0.035604
v 0.002572 -0.007575 0.034979
v 0.002572 -0.007575 0.034729
v 0.002224 -0.006550 0.034104
v 0.002224 -0.006550 0.033604
v 0.002572 -0.007575 0.032979
v 0.002572 -0.007575 0.032729
v 0.002224 -0.006550 0.032104
v 0.002224 -0.006550 0.031604
v 0.002572 -0.007575 0.030979
v 0.002572 -0.007575 0.030729
v 0.002224 -0.006550 0.030104
v 0.002224 -0.006550 0.029604
v 0.002572 -0.007575 0.028979
v 0.002572 -0.007575 0.028729
v 0.002224 -0.006550 0.028104
v 0.002224 -0.006550 0.027604
v 0.002572 -0.007575 0.026979
v 0.002572 -0.007575 0.026729
v 0.002224 -0.006550 0.026104
v 0.002224 -0.006550 0.025604
v 0.002572 -0.007575 0.024979
v 0.002572 -0.007575 0.024729
v 0.002224 -0.006550 0.024104
v 0.002224 -0.006550 0.023604
v 0.002572 -0.007575 0.022979
v 0.002572 -0.007575 0.022729
v 0.002224 -0.006550 0.022104
v 0.002224 -0.006550 0.021604
v 0.002572 -0.007575 0.020979
v 0.002572 -0.007575 0.020729
v 0.002224 -0.006550 0.020104
v 0.002224 -0.006550 0.019604
v 0.002572 -0.007575 0.018979
v 0.002572 -0.007575 0.018729
v 0.002224 -0.006550 0.018104
v 0.002224 -0.006550 0.017604
v 0.002572 -0.007575 0.016979
v 0.002572 -0.007575 0.016729
v 0.002224 -0.006550 0.016104
v 0.002224 -0.006550 0.015604
v 0.002572 -0.007575 0.014979
v 0.002572 -0.007575 0.014729
v 0.002224 -0.006550 0.014104
v 0.002224 -0.006550 0.013604
v 0.002572 -0.007575 0.012979
v 0.002572 -0.007575 0.012729
v 0.002224 -0.006550 0.012104
v 0.002224 -0.006550 0.011604
v 0.002572 -0.007575 0.010979
v 0.002572 -0.007575 0.010729
v 0.002224 -0.006550 0.010104
v 0.002224 -0.006550 0.009604
v 0.002572 -0.007575 0.008979
v 0.002572 -0.007575 0.008729
v 0.002224 -0.006550 0.008104
v 0.002224 -0.006550 0.007604
v 0.002572 -0.007575 0.006979
v 0.002572 -0.007575 0.006729
v 0.002224 -0.006550 0.006104
v 0.002224 -0.006550 0.005604
v 0.002572 -0.007575 0.004979
v 0.002572 -0.007575 0.004729
v 0.002224 -0.006550 0.004104
v 0.002224 -0.006550 0.003604
v 0.002572 -0.007575 0.002979
v 0.002558 -0.007537 0.002729
v 0.002093 -0.006166 0.002104
v 0.001995 -0.005878 0.001604
v 0.001996 -0.005880 0.000979
v 0.001916 -0.005643 0.000729
v 0.001702 -0.005013 0.000104
v 0.003061 -0.007391 0.059000
v 0.003061 -0.007391 0.058750
v 0.002699 -0.006516 0.058125
v 0.002647 -0.006391 0.057625
v 0.003061 -0.007391 0.057000
v 0.003061 -0.007391 0.056750
v 0.002647 -0.006391 0.056125
v 0.002647 -0.006391 0.055625
v 0.003061 -0.007391 0.055000
v 0.003061 -0.007391 0.054750
v 0.002647 -0.006391 0.054125
v 0.002647 -0.006391 0.053625
v 0.003061 -0.007391 0.053000
v 0.003061 -0.007391 0.052750
v 0.002647 -0.006391 0.052125
v 0.002647 -0.006391 0.051625
v 0.003061 -0.007391 0.051000
v 0.003061 -0.007391 0.050750
v 0.002647 -0.006391 0.050125
v 0.002647 -0.006391 0.049625
v 0.003061 -0.007391 0.049000
v 0.003061 -0.007391 0.048750
v 0.002647 -0.006391 0.048125
v 0.002647 -0.006391 0.047625
v 0.003061 -0.007391 0.047000
v 0.003061 -0.007391 0.046750
v 0.002647 -0.006391 0.046125
v 0.002647 -0.006391 0.045625
v 0.003061 -0.007391 0.045000
v 0.003061 -0.007391 0.044750
v 0.002647 -0.006391 0.044125
v 0.002647 -0.006391 0.043625
v 0.003061 -0.007391 0.043000
v 0.003061 -0.007391 0.042750
v 0.002647 -0.006391 0.042125
v 0.002647 -0.006391 0.041625
v 0.003061 -0.007391 0.041000
v 0.003061 -0.007391 0.040750
v 0.002647 -0.006391 0.040125
v 0.002647 -0.006391 0.039625
v 0.003061 -0.007391 0.039000
v 0.003061 -0.007391 0.038750
v 0.002647 -0.006391 0.038125
v 0.002647 -0.006391 0.037625
v 0.003061 -0.007391 0.037000
v 0.003061 -0.007391 0.036750
v 0.002647 -0.006391 0.036125
v 0.002647 -0.006391 0.035625
v 0.003061 -0.007391 0.035000
v 0.003061 -0.007391 0.034750
v 0.002647 -0.006391 0.034125
v 0.002647 -0.006391 0.033625
v 0.003061 -0.007391 0.033000
v 0.003061 -0.007391 0.032750
v 0.002647 -0.006391 0.032125
v 0.002647 -0.006391 0.031625
v 0.003061 -0.007391 0.031000
v 0.003061 -0.007391 0.030750
v 0.002647 -0.006391 0.030125
v 0.002647 -0.006391 0.029625
v 0.003061 -0.007391 0.029000
v 0.003061 -0.007391 0.028750
v 0.002647 -0.006391 0.028125
v 0.002647 -0.006391 0.027625
v 0.003061 -0.007391 0.027000
v 0.003061 -0.007391 0.026750
v 0.002647 -0.006391 0.026125
v 0.002647 -0.006391 0.025625
v 0.003061 -0.007391 0.025000
v 0.003061 -0.007391 0.024750
v 0.002647 -0.006391 0.024125
v 0.002647 -0.006391 0.023625
v 0.003061 -0.007391 0.023000
v 0.003061 -0.007391 0.022750
v 0.002647 -0.006391 0.022125
v 0.002647 -0.006391 0.021625
v 0.003061 -0.007391 0.021000
v 0.003061 -0.007391 0.020750
v 0.002647 -0.006391 0.020125
v 0.002647 -0.006391 0.019625
v 0.003061 -0.007391 0.019000
v 0.003061 -0.007391 0.018750
v 0.002647 -0.006391 0.018125
v 0.002647 -0.006391 0.017625
v 0.003061 -0.007391 0.017000
v 0.003061 -0.007391 0.016750
v 0.002647 -0.006391 0.016125
v 0.002647 -0.006391 0.015625
v 0.003061 -0.007391 0.015000
v 0.003061 -0.007391 0.014750
v 0.002647 -0.006391 0.014125
v 0.002647 -0.006391 0.013625
v 0.003061 -0.007391 0.013000
v 0.003061 -0.007391 0.012750
v 0.002647 -0.006391 0.012125
v 0.002647 -0.006391 0.011625
v 0.003061 -0.007391 0.011000
v 0.003061 -0.007391 0.010750
v 0.002647 -0.006391 0.010125
v 0.002647 -0.006391 0.009625
v 0.003061 -0.007391 0.009000
v 0.003061 -0.007391 0.008750
v 0.002647 -0.006391 0.008125
v 0.002647 -0.006391 0.007625
v 0.003061 -0.007391 0.007000
v 0.003061 -0.007391 0.006750
v 0.002647 -0.006391 0.006125
v 0.002647 -0.006391 0.005625
v 0.003061 -0.007391 0.005000
v 0.003061 -0.007391 0.004750
v 0.002647 -0.006391 0.004125
v 0.002647 -0.006391 0.003625
v 0.003061 -0.007391 0.003000
v 0.003054 -0.007373 0.002750
v 0.002497 -0.006028 0.002125
v 0.002380 -0.005746 0.001625
v 0.002384 -0.005756 0.001000
v 0.002288 -0.005525 0.000750
v 0.002031 -0.004902 0.000125
v 0.003538 -0.007175 0.058771
v 0.003129 -0.006346 0.058146
v 0.003060 -0.006204 0.057646
v 0.003538 -0.007175 0.057021
v 0.003538 -0.007175 0.056771
v 0.003060 -0.006204 0.056146
v 0.003060 -0.006204 0.055646
v 0.003538 -0.007175 0.055021
v 0.003538 -0.007175 0.054771
v 0.003060 -0.006204 0.054146
v 0.003060 -0.006204 0.053646
v 0.003538 -0.007175 0.053021
v 0.003538 -0.007175 0.052771
v 0.003060 -0.006204 0.052146
v 0.003060 -0.006204 0.051646
v 0.003538 -0.007175 0.051021
v 0.003538 -0.007175 0.050771
v 0.003060 -0.006204 0.050146
v 0.003060 -0.006204 0.049646
v 0.003538 -0.007175 0.049021
v 0.003538 -0.007175 0.048771
v 0.003060 -0.006204 0.048146
v 0.003060 -0.006204 0.047646
v 0.003538 -0.007175 0.047021
v 0.003538 -0.007175 0.046771
v 0.003060 -0.006204 0.046146
v 0.003060 -0.006204 0.045646
v 0.003538 -0.007175 0.045021
v 0.003538 -0.007175 0.044771
v 0.003060 -0.006204 0.044146
v 0.003060 -0.006204 0.043646
v 0.003538 -0.007175 0.043021
v 0.003538 -0.007175 0.042771
v 0.003060 -0.006204 0.042146
v 0.003060 -0.006204 0.041646
v 0.003538 -0.007175 0.041021
v 0.003538 -0.007175 0.040771
v 0.003060 -0.006204 0.040146
v 0.003060 -0.006204 0.039646
v 0.003538 -0.007175 0.039021
v 0.003538 -0.007175 0.038771
v 0.003060 -0.006204 0.038146
v 0.003060 -0.006204 0.037646
v 0.003538 -0.007175 0.037021
v 0.003538 -0.007175 0.036771
v 0.003060 -0.006204 0.036146
v 0.003060 -0.006204 0.035646
v 0.003538 -0.007175 0.035021
v 0.003538 -0.007175 0.034771
v 0.003060 -0.006204 0.034146
v 0.003060 -0.006204 0.033646
v 0.003538 -0.007175 0.033021
v 0.003538 -0.007175 0.032771
v 0.003060 -0.006204 0.032146
v 0.003060 -0.006204 0.031646
v 0.003538 -0.007175 0.031021
v 0.003538 -0.007175 0.030771
v 0.003060 -0.006204 0.030146
v 0.003060 -0.006204 0.029646
v 0.003538 -0.007175 0.029021
v 0.003538 -0.007175 0.028771
v 0.003060 -0.006204 0.028146
v 0.003060 -0.006204 0.027646
v 0.003538 -0.007175 0.027021
v 0.003538 -0.007175 0.026771
v 0.003060 -0.006204 0.026146
v 0.003060 -0.006204 0.025646
v 0.003538 -0.007175 0.025021
v 0.003538 -0.007175 0.024771
v 0.003060 -0.006204 0.024146
v 0.003060 -0.006204 0.023646
v 0.003538 -0.007175 0.023021
v 0.003538 -0.007175 0.022771
v 0.003060 -0.006204 0.022146
v 0.003060 -0.006204 0.021646
v 0.003538 -0.007175 0.021021
v 0.003538 -0.007175 0.020771
v 0.003060 -0.006204 0.020146
v 0.003060 -0.006204 0.019646
v 0.003538 -0.007175 0.019021
v 0.003538 -0.007175 0.018771
v 0.003060 -0.006204 0.018146
v 0.003060 -0.006204 0.017646
v 0.003538 -0.007175 0.017021
v 0.003538 -0.007175 0.016771
v 0.003060 -0.006204 0.016146
v 0.003060 -0.006204 0.015646
v 0.003538 -0.007175 0.015021
v 0.003538 -0.007175 0.014771
v 0.003060 -0.006204 0.014146
v 0.003060 -0.006204 0.013646
v 0.003538 -0.007175 0.013021
v 0.003538 -0.007175 0.012771
v 0.003060 -0.006204 0.012146
v 0.003060 -0.006204 0.011646
v 0.003538 -0.007175 0.011021
v 0.003538 -0.007175 0.010771
v 0.003060 -0.006204 0.010146
v 0.003060 -0.006204 0.009646
v 0.003538 -0.007175 0.009021
v 0.003538 -0.007175 0.008771
v 0.003060 -0.006204 0.008146
v 0.003060 -0.006204 0.007646
v 0.003538 -0.007175 0.007021
v 0.003538 -0.007175 0.006771
v 0.003060 -0.006204 0.006146
v 0.003060 -0.006204 0.005646
v 0.003538 -0.007175 0.005021
v 0.003538 -0.007175 0.004771
v 0.003060 -0.006204 0.004146
v 0.003060 -0.006204 0.003646
v 0.003538 -0.007175 0.003021
v 0.003538 -0.007175 0.002771
v 0.002891 -0.005863 0.002146
v 0.002757 -0.005590 0.001646
v 0.002765 -0.005606 0.001021
v 0.002654 -0.005382 0.000771
v 0.002352 -0.004770 0.000146
v 0.004000 -0.006928 0.058792
v 0.003549 -0.006147 0.058167
v 0.003459 -0.005991 0.057667
v 0.004000 -0.006928 0.057042
v 0.004000 -0.006928 0.056792
v 0.003459 -0.005991 0.056167
v 0.003459 -0.005991 0.055667
v 0.004000 -0.006928 0.055042
v 0.004000 -0.006928 0.054792
v 0.003459 -0.005991 0.054167
v 0.003459 -0.005991 0.053667
v 0.004000 -0.006928 0.053042
v 0.004000 -0.006928 0.052792
v 0.003459 -0.005991 0.052167
v 0.003459 -0.005991 0.051667
v 0.004000 -0.006928 0.051042
v 0.004000 -0.006928 0.050792
v 0.003459 -0.005991 0.050167
v 0.003459 -0.005991 0.049667
v 0.004000 -0.006928 0.049042
v 0.004000 -0.006928 0.048792
v 0.003459 -0.005991 0.048167
v 0.003459 -0.005991 0.047667
v 0.004000 -0.006928 0.047042
v 0.004000 -0.006928 0.046792
v 0.003459 -0.005991 0.046167
v 0.003459 -0.005991 0.045667
v 0.004000 -0.006928 0.045042
v 0.004000 -0.006928 0.044792
v 0.003459 -0.005991 0.044167
v 0.003459 -0.005991 0.043667
v 0.004000 -0.006928 0.043042
v 0.004000 -0.006928 0.042792
v 0.003459 -0.005991 0.042167
v 0.003459 -0.005991 0.041667
v 0.004000 -0.006928 0.041042
v 0.004000 -0.006928 0.040792
v 0.003459 -0.005991 0.040167
v 0.003459 -0.005991 0.039667
v 0.004000 -0.006928 0.039042
v 0.004000 -0.006928 0.038792
v 0.003459 -0.005991 0.038167
v 0.003459 -0.005991 0.037667
v 0.004000 -0.006928 0.037042
v 0.004000 -0.006928 0.036792
v 0.003459 -0.005991 0.036167
v 0.003459 -0.005991 0.035667
v 0.004000 -0.006928 0.035042
v 0.004000 -0.006928 0.034792
v 0.003459 -0.005991 0.034167
v 0.003459 -0.005991 0.033667
v 0.004000 -0.006928 0.033042
v 0.004000 -0.006928 0.032792
v 0.003459 -0.005991 0.032167
v 0.003459 -0.005991 0.031667
v 0.004000 -0.006928 0.031042
v 0.004000 -0.006928 0.030792
v 0.003459 -0.005991 0.030167
v 0.003459 -0.005991 0.029667
v 0.004000 -0.006928 0.029042
v 0.004000 -0.006928 0.028792
v 0.003459 -0.005991 0.028167
v 0.003459 -0.005991 0.027667
v 0.004000 -0.006928 0.027042
v 0.004000 -0.006928 0.026792
v 0.003459 -0.005991 0.026167
v 0.003459 -0.005991 0.025667
v 0.004000 -0.006928 0.025042
v 0.004000 -0.006928 0.024792
v 0.003459 -0.005991 0.024167
v 0.003459 -0.005991 0.023667
v 0.004000 -0.006928 0.023042
v 0.004000 -0.006928 0.022792
v 0.003459 -0.005991 0.022167
v 0.003459 -0.005991 0.021667
v 0.004000 -0.006928 0.021042
v 0.004000 -0.006928 0.020792
v 0.003459 -0.005991 0.020167
v 0.003459 -0.005991 0.019667
v 0.004000 -0.006928 0.019042
v 0.004000 -0.006928 0.018792
v 0.003459 -0.005991 0.018167
v 0.003459 -0.005991 0.017667
v 0.004000 -0.006928 0.017042
v 0.004000 -0.006928 0.016792
v 0.003459 -0.005991 0.016167
v 0.003459 -0.005991 0.015667
v 0.004000 -0.006928 0.015042
v 0.004000 -0.006928 0.014792
v 0.003459 -0.005991 0.014167
v 0.003459 -0.005991 0.013667
v 0.004000 -0.006928 0.013042
v 0.004000 -0.006928 0.012792
v 0.003459 -0.005991 0.012167
v 0.003459 -0.005991 0.011667
v 0.004000 -0.006928 0.011042
v 0.004000 -0.006928 0.010792
v 0.003459 -0.005991 0.010167
v 0.003459 -0.005991 0.009667
v 0.004000 -0.006928 0.009042
v 0.004000 -0.006928 0.008792
v 0.003459 -0.005991 0.008167
v 0.003459 -0.005991 0.007667
v 0.004000 -0.006928 0.007042
v 0.004000 -0.006928 0.006792
v 0.003459 -0.005991 0.006167
v 0.003459 -0.005991 0.005667
v 0.004000 -0.006928 0.005042
v 0.004000 -0.006928 0.004792
v 0.003459 -0.005991 0.004167
v 0.003459 -0.005991 0.003667
v 0.004000 -0.006928 0.003042
v 0.004000 -0.006928 0.002792
v 0.003275 -0.005672 0.002167
v 0.003123 -0.005409 0.001667
v 0.003136 -0.005431 0.001042
v 0.003011 -0.005215 0.000792
v 0.002666 -0.004617 0.000167
v 0.004445 -0.006652 0.058812
v 0.003956 -0.005920 0.058187
v 0.003843 -0.005752 0.057687
v 0.004445 -0.006652 0.057062
v 0.004445 -0.006652 0.056812
v 0.003843 -0.005752 0.056187
v 0.003843 -0.005752 0.055687
v 0.004445 -0.006652 0.055062
v 0.004445 -0.006652 0.054812
v 0.003843 -0.005752 0.054187
v 0.003843 -0.005752 0.053687
v 0.004445 -0.006652 0.053062
v 0.004445 -0.006652 0.052812
v 0.003843 -0.005752 0.052187
v 0.003843 -0.005752 0.051687
v 0.004445 -0.006652 0.051062
v 0.004445 -0.006652 0.050812
v 0.003843 -0.005752 0.050187
v 0.003843 -0.005752 0.049687
v 0.004445 -0.006652 0.049062
v 0.004445 -0.006652 0.048812
v 0.003843 -0.005752 0.048187
v 0.003843 -0.005752 0.047687
v 0.004445 -0.006652 0.047062
v 0.004445 -0.006652 0.046812
v 0.003843 -0.005752 0.046187
v 0.003843 -0.005752 0.045687
v 0.004445 -0.006652 0.045062
v 0.004445 -0.006652 0.044812
v 0.003843 -0.005752 0.044187
v 0.003843 -0.005752 0.043687
v 0.004445 -0.006652 0.043062
v 0.004445 -0.006652 0.042812
v 0.003843 -0.005752 0.042187
v 0.003843 -0.005752 0.041687
v 0.004445 -0.006652 0.041062
v 0.004445 -0.006652 0.040812
v 0.003843 -0.005752 0.040187
v 0.003843 -0.005752 0.039687
v 0.004445 -0.006652 0.039062
v 0.004445 -0.006652 0.038812
v 0.003843 -0.005752 0.038187
v 0.003843 -0.005752 0.037687
v 0.004445 -0.006652 0.037062
v 0.004445 -0.006652 0.036812
v 0.003843 -0.005752 0.036187
v 0.003843 -0.005752 0.035687
v 0.004445 -0.006652 0.035062
v 0.004445 -0.006652 0.034812
v 0.003843 -0.005752 0.034187
v 0.003843 -0.005752 0.033687
v 0.004445 -0.006652 0.033062
v 0.004445 -0.006652 0.032812
v 0.003843 -0.005752 0.032187
v 0.003843 -0.005752 0.031687
v 0.004445 -0.006652 0.031062
v 0.004445 -0.006652 0.030812
v 0.003843 -0.005752 0.030188
v 0.003843 -0.005752 0.029688
v 0.004445 -0.006652 0.029063
v 0.004445 -0.006652 0.028813
v 0.003843 -0.005752 0.028188
v 0.003843 -0.005752 0.027688
v 0.004445 -0.006652 0.027063
v 0.004445 -0.006652 0.026813
v 0.003843 -0.005752 0.026188
v 0.003843 -0.005752 0.025688
v 0.004445 -0.006652 0.025063
v 0.004445 -0.006652 0.024813
v 0.003843 -0.005752 0.024188
v 0.003843 -0.005752 0.023688
v 0.004445 -0.006652 0.023063
v 0.004445 -0.006652 0.022813
v 0.003843 -0.005752 0.022188
v 0.003843 -0.005752 0.021688
v 0.004445 -0.006652 0.021063
v 0.004445 -0.006652 0.020813
v 0.003843 -0.005752 0.020188
v 0.003843 -0.005752 0.019688
v 0.004445 -0.006652 0.019063
v 0.004445 -0.006652 0.018813
v 0.003843 -0.005752 0.018188
v 0.003843 -0.005752 0.017688
v 0.004445 -0.006652 0.017063
v 0.004445 -0.006652 0.016813
v 0.003843 -0.005752 0.016188
v 0.003843 -0.005752 0.015688
v 0.004445 -0.006652 0.015063
v 0.004445 -0.006652 0.014813
v 0.003843 -0.005752 0.014187
v 0.003843 -0.005752 0.013687
v 0.004445 -0.006652 0.013062
v 0.004445 -0.006652 0.012812
v 0.003843 -0.005752 0.012187
v 0.003843 -0.005752 0.011687
v 0.004445 -0.006652 0.011062
v 0.004445 -0.006652 0.010812
v 0.003843 -0.005752 0.010187
v 0.003843 -0.005752 0.009687
v 0.004445 -0.006652 0.009062
v 0.004445 -0.006652 0.008812
v 0.003843 -0.005752 0.008187
v 0.003843 -0.005752 0.007687
v 0.004445 -0.006652 0.007062
v 0.004445 -0.006652 0.006812
v 0.003843 -0.005752 0.006188
v 0.003843 -0.005752 0.005688
v 0.004445 -0.006652 0.005063
v 0.004445 -0.006652 0.004813
v 0.003843 -0.005752 0.004188
v 0.003843 -0.005752 0.003688
v 0.004445 -0.006652 0.003063
v 0.004445 -0.006652 0.002813
v 0.003646 -0.005457 0.002187
v 0.003477 -0.005203 0.001687
v 0.003496 -0.005232 0.001062
v 0.003357 -0.005024 0.000812
v 0.002969 -0.004444 0.000188
v 0.004870 -0.006347 0.058833
v 0.004348 -0.005667 0.058208
v 0.004211 -0.005488 0.057708
v 0.004870 -0.006347 0.057083
v 0.004870 -0.006347 0.056833
v 0.004211 -0.005488 0.056208
v 0.004211 -0.005488 0.055708
v 0.004870 -0.006347 0.055083
v 0.004870 -0.006347 0.054833
v 0.004211 -0.005488 0.054208
v 0.004211 -0.005488 0.053708
v 0.004870 -0.006347 0.053083
v 0.004870 -0.006347 0.052833
v 0.004211 -0.005488 0.052208
v 0.004211 -0.005488 0.051708
v 0.004870 -0.006347 0.051083
v 0.004870 -0.006347 0.050833
v 0.004211 -0.005488 0.050208
v 0.004211 -0.005488 0.049708
v 0.004870 -0.006347 0.049083
v 0.004870 -0.006347 0.048833
v 0.004211 -0.005488 0.048208
v 0.004211 -0.005488 0.047708
v 0.004870 -0.006347 0.047083
v 0.004870 -0.006347 0.046833
v 0.004211 -0.005488 0.046208
v 0.004211 -0.005488 0.045708
v 0.004870 -0.006347 0.045083
v 0.004870 -0.006347 0.044833
v 0.004211 -0.005488 0.044208
v 0.004211 -0.005488 0.043708
v 0.004870 -0.006347 0.043083
v 0.004870 -0.006347 0.042833
v 0.004211 -0.005488 0.042208
v 0.004211 -0.005488 0.041708
v 0.004870 -0.006347 0.041083
v 0.004870 -0.006347 0.040833
v 0.004211 -0.005488 0.040208
v 0.004211 -0.005488 0.039708
v 0.004870 -0.006347 0.039083
v 0.004870 -0.006347 0.038833
v 0.004211 -0.005488 0.038208
v 0.004211 -0.005488 0.037708
v 0.004870 -0.006347 0.037083
v 0.004870 -0.006347 0.036833
v 0.004211 -0.005488 0.036208
v 0.004211 -0.005488 0.035708
v 0.004870 -0.006347 0.035083
v 0.004870 -0.006347 0.034833
v 0.004211 -0.005488 0.034208
v 0.004211 -0.005488 0.033708
v 0.004870 -0.006347 0.033083
v 0.004870 -0.006347 0.032833
v 0.004211 -0.005488 0.032208
v 0.004211 -0.005488 0.031708
v 0.004870 -0.006347 0.031083
v 0.004870 -0.006347 0.030833
v 0.004211 -0.005488 0.030208
v 0.004211 -0.005488 0.029708
v 0.004870 -0.006347 0.029083
v 0.004870 -0.006347 0.028833
v 0.004211 -0.005488 0.028208
v 0.004211 -0.005488 0.027708
v 0.004870 -0.006347 0.027083
v 0.004870 -0.006347 0.026833
v 0.004211 -0.005488 0.026208
v 0.004211 -0.005488 0.025708
v 0.004870 -0.006347 0.025083
v 0.004870 -0.006347 0.024833
v 0.004211 -0.005488 0.024208
v 0.004211 -0.005488 0.023708
v 0.004870 -0.006347 0.023083
v 0.004870 -0.006347 0.022833
v 0.004211 -0.005488 0.022208
v 0.004211 -0.005488 0.021708
v 0.004870 -0.006347 0.021083
v 0.004870 -0.006347 0.020833
v 0.004211 -0.005488 0.020208
v 0.004211 -0.005488 0.019708
v 0.004870 -0.006347 0.019083
v 0.004870 -0.006347 0.018833
v 0.004211 -0.005488 0.018208
v 0.004211 -0.005488 0.017708
v 0.004870 -0.006347 0.017083
v 0.004870 -0.006347 0.016833
v 0.004211 -0.005488 0.016208
v 0.004211 -0.005488 0.015708
v 0.004870 -0.006347 0.015083
v 0.004870 -0.006347 0.014833
v 0.004211 -0.005488 0.014208
v 0.004211 -0.005488 0.013708
v 0.004870 -0.006347 0.013083
v 0.004870 -0.006347 0.012833
v 0.004211 -0.005488 0.012208
v 0.004211 -0.005488 0.011708
v 0.004870 -0.006347 0.011083
v 0.004870 -0.006347 0.010833
v 0.004211 -0.005488 0.010208
v 0.004211 -0.005488 0.009708
v 0.004870 -0.006347 0.009083
v 0.004870 -0.006347 0.008833
v 0.004211 -0.005488 0.008208
v 0.004211 -0.005488 0.007708
v 0.004870 -0.006347 0.007083
v 0.004870 -0.006347 0.006833
v 0.004211 -0.005488 0.006208
v 0.004211 -0.005488 0.005708
v 0.004870 -0.006347 0.005083
v 0.004870 -0.006347 0.004833
v 0.004211 -0.005488 0.004208
v 0.004211 -0.005488 0.003708
v 0.004870 -0.006347 0.003083
v 0.004870 -0.006347 0.002833
v 0.004003 -0.005217 0.002208
v 0.003817 -0.004975 0.001708
v 0.003843 -0.005009 0.001083
v 0.003691 -0.004810 0.000833
v 0.003261 -0.004250 0.000208
v 0.005275 -0.006015 0.058854
v 0.004725 -0.005387 0.058229
v 0.004561 -0.005201 0.057729
v 0.005275 -0.006015 0.057104
v 0.005275 -0.006015 0.056854
v 0.004561 -0.005201 0.056229
v 0.004561 -0.005201 0.055729
v 0.005275 -0.006015 0.055104
v 0.005275 -0.006015 0.054854
v 0.004561 -0.005201 0.054229
v 0.004561 -0.005201 0.053729
v 0.005275 -0.006015 0.053104
v 0.005275 -0.006015 0.052854
v 0.004561 -0.005201 0.052229
v 0.004561 -0.005201 0.051729
v 0.005275 -0.006015 0.051104
v 0.005275 -0.006015 0.050854
v 0.004561 -0.005201 0.050229
v 0.004561 -0.005201 0.049729
v 0.005275 -0.006015 0.049104
v 0.005275 -0.006015 0.048854
v 0.004561 -0.005201 0.048229
v 0.004561 -0.005201 0.047729
v 0.005275 -0.006015 0.047104
v 0.005275 -0.006015 0.046854
v 0.004561 -0.005201 0.046229
v 0.004561 -0.005201 0.045729
v 0.005275 -0.006015 0.045104
v 0.005275 -0.006015 0.044854
v 0.004561 -0.005201 0.044229
v 0.004561 -0.005201 0.043729
v 0.005275 -0.006015 0.043104
v 0.005275 -0.006015 0.042854
v 0.004561 -0.005201 0.042229
v 0.004561 -0.005201 0.041729
v 0.005275 -0.006015 0.041104
v 0.005275 -0.006015 0.040854
v 0.004561 -0.005201 0.040229
v 0.004561 -0.005201 0.039729
v 0.005275 -0.006015 0.039104
v 0.005275 -0.006015 0.038854
v 0.004561 -0.005201 0.038229
v 0.004561 -0.005201 0.037729
v 0.005275 -0.006015 0.037104
v 0.005275 -0.006015 0.036854
v 0.004561 -0.005201 0.036229
v 0.004561 -0.005201 0.035729
v 0.005275 -0.006015 0.035104
v 0.005275 -0.006015 0.034854
v 0.004561 -0.005201 0.034229
v 0.004561 -0.005201 0.033729
v 0.005275 -0.006015 0.033104
v 0.005275 -0.006015 0.032854
v 0.004561 -0.005201 0.032229
v 0.004561 -0.005201 0.031729
v 0.005275 -0.006015 0.031104
v 0.005275 -0.006015 0.030854
v 0.004561 -0.005201 0.030229
v 0.004561 -0.005201 0.029729
v 0.005275 -0.006015 0.029104
v 0.005275 -0.006015 0.028854
v 0.004561 -0.005201 0.028229
v 0.004561 -0.005201 0.027729
v 0.005275 -0.006015 0.027104
v 0.005275 -0.006015 0.026854
v 0.004561 -0.005201 0.026229
v 0.004561 -0.005201 0.025729
v 0.005275 -0.006015 0.025104
v 0.005275 -0.006015 0.024854
v 0.004561 -0.005201 0.024229
v 0.004561 -0.005201 0.023729
v 0.005275 -0.006015 0.023104
v 0.005275 -0.006015 0.022854
v 0.004561 -0.005201 0.022229
v 0.004561 -0.005201 0.021729
v 0.005275 -0.006015 0.021104
v 0.005275 -0.006015 0.020854
v 0.004561 -0.005201 0.020229
v 0.004561 -0.005201 0.019729
v 0.005275 -0.006015 0.019104
v 0.005275 -0.006015 0.018854
v 0.004561 -0.005201 0.018229
v 0.004561 -0.005201 0.017729
v 0.005275 -0.006015 0.017104
v 0.005275 -0.006015 0.016854
v 0.004561 -0.005201 0.016229
v 0.004561 -0.005201 0.015729
v 0.005275 -0.006015 0.015104
v 0.005275 -0.006015 0.014854
v 0.004561 -0.005201 0.014229
v 0.004561 -0.005201 0.013729
v 0.005275 -0.006015 0.013104
v 0.005275 -0.006015 0.012854
v 0.004561 -0.005201 0.012229
v 0.004561 -0.005201 0.011729
v 0.005275 -0.006015 0.011104
v 0.005275 -0.006015 0.010854
v 0.004561 -0.005201 0.010229
v 0.004561 -0.005201 0.009729
v 0.005275 -0.006015 0.009104
v 0.005275 -0.006015 0.008854
v 0.004561 -0.005201 0.008229
v 0.004561 -0.005201 0.007729
v 0.005275 -0.006015 0.007104
v 0.005275 -0.006015 0.006854
v 0.004561 -0.005201 0.006229
v 0.004561 -0.005201 0.005729
v 0.005275 -0.006015 0.005104
v 0.005275 -0.006015 0.004854
v 0.004561 -0.005201 0.004229
v 0.004561 -0.005201 0.003729
v 0.005275 -0.006015 0.003104
v 0.005275 -0.006015 0.002854
v 0.004344 -0.004953 0.002229
v 0.004143 -0.004724 0.001729
v 0.004176 -0.004762 0.001104
v 0.004012 -0.004574 0.000854
v 0.003540 -0.004037 0.000229
v 0.005657 -0.005657 0.058875
v 0.005083 -0.005083 0.058250
v 0.004891 -0.004891 0.057750
v 0.005657 -0.005657 0.057125
v 0.005657 -0.005657 0.056875
v 0.004891 -0.004891 0.056250
v 0.004891 -0.004891 0.055750
v 0.005657 -0.005657 0.055125
v 0.005657 -0.005657 0.054875
v 0.004891 -0.004891 0.054250
v 0.004891 -0.004891 0.053750
v 0.005657 -0.005657 0.053125
v 0.005657 -0.005657 0.052875
v 0.004891 -0.004891 0.052250
v 0.004891 -0.004891 0.051750
v 0.005657 -0.005657 0.051125
v 0.005657 -0.005657 0.050875
v 0.004891 -0.004891 0.050250
v 0.004891 -0.004891 0.049750
v 0.005657 -0.005657 0.049125
v 0.005657 -0.005657 0.048875
v 0.004891 -0.004891 0.048250
v 0.004891 -0.004891 0.047750
v 0.005657 -0.005657 0.047125
v 0.005657 -0.005657 0.046875
v 0.004891 -0.004891 0.046250
v 0.004891 -0.004891 0.045750
v 0.005657 -0.005657 0.045125
v 0.005657 -0.005657 0.044875
v 0.004891 -0.004891 0.044250
v 0.004891 -0.004891 0.043750
v 0.005657 -0.005657 0.043125
v 0.005657 -0.005657 0.042875
v 0.004891 -0.004891 0.042250
v 0.004891 -0.004891 0.041750
v 0.005657 -0.005657 0.041125
v 0.005657 -0.005657 0.040875
v 0.004891 -0.004891 0.040250
v 0.004891 -0.004891 0.039750
v 0.005657 -0.005657 0.039125
v 0.005657 -0.005657 0.038875
v 0.004891 -0.004891 0.038250
v 0.004891 -0.004891 0.037750
v 0.005657 -0.005657 0.037125
v 0.005657 -0.005657 0.036875
v 0.004891 -0.004891 0.036250
v 0.004891 -0.004891 0.035750
v 0.005657 -0.005657 0.035125
v 0.005657 -0.005657 0.034875
v 0.004891 -0.004891 0.034250
v 0.004891 -0.004891 0.033750
v 0.005657 -0.005657 0.033125
v 0.005657 -0.005657 0.032875
v 0.004891 -0.004891 0.032250
v 0.004891 -0.004891 0.031750
v 0.005657 -0.005657 0.031125
v 0.005657 -0.005657 0.030875
v 0.004891 -0.004891 0.030250
v 0.004891 -0.004891 0.029750
v 0.005657 -0.005657 0.029125
v 0.005657 -0.005657 0.028875
v 0.004891 -0.004891 0.028250
v 0.004891 -0.004891 0.027750
v 0.005657 -0.005657 0.027125
v 0.005657 -0.005657 0.026875
v 0.004891 -0.004891 0.026250
v 0.004891 -0.004891 0.025750
v 0.005657 -0.005657 0.025125
v 0.005657 -0.005657 0.024875
v 0.004891 -0.004891 0.024250
v 0.004891 -0.004891 0.023750
v 0.005657 -0.005657 0.023125
v 0.005657 -0.005657 0.022875
v 0.004891 -0.004891 0.022250
v 0.004891 -0.004891 0.021750
v 0.005657 -0.005657 0.021125
v 0.005657 -0.005657 0.020875
v 0.004891 -0.004891 0.020250
v 0.004891 -0.004891 0.019750
v 0.005657 -0.005657 0.019125
v 0.005657 -0.005657 0.018875
v 0.004891 -0.004891 0.018250
v 0.004891 -0.004891 0.017750
v 0.005657 -0.005657 0.017125
v 0.005657 -0.005657 0.016875
v 0.004891 -0.004891 0.016250
v 0.004891 -0.004891 0.015750
v 0.005657 -0.005657 0.015125
v 0.005657 -0.005657 0.014875
v 0.004891 -0.004891 0.014250
v 0.004891 -0.004891 0.013750
v 0.005657 -0.005657 0.013125
v 0.005657 -0.005657 0.012875
v 0.004891 -0.004891 0.012250
v 0.004891 -0.004891 0.011750
v 0.005657 -0.005657 0.011125
v 0.005657 -0.005657 0.010875
v 0.004891 -0.004891 0.010250
v 0.004891 -0.004891 0.009750
v 0.005657 -0.005657 0.009125
v 0.005657 -0.005657 0.008875
v 0.004891 -0.004891 0.008250
v 0.004891 -0.004891 0.007750
v 0.005657 -0.005657 0.007125
v 0.005657 -0.005657 0.006875
v 0.004891 -0.004891 0.006250
v 0.004891 -0.004891 0.005750
v 0.005657 -0.005657 0.005125
v 0.005657 -0.005657 0.004875
v 0.004891 -0.004891 0.004250
v 0.004891 -0.004891 0.003750
v 0.005657 -0.005657 0.003125
v 0.005657 -0.005657 0.002875
v 0.004667 -0.004667 0.002250
v 0.004452 -0.004452 0.001750
v 0.004494 -0.004494 0.001125
v 0.004317 -0.004317 0.000875
v 0.003806 -0.003806 0.000250
v 0.006015 -0.005275 0.058896
v 0.005421 -0.004754 0.058271
v 0.005201 -0.004561 0.057771
v 0.006015 -0.005275 0.057146
v 0.006015 -0.005275 0.056896
v 0.005201 -0.004561 0.056271
v 0.005201 -0.004561 0.055771
v 0.006015 -0.005275 0.055146
v 0.006015 -0.005275 0.054896
v 0.005201 -0.004561 0.054271
v 0.005201 -0.004561 0.053771
v 0.006015 -0.005275 0.053146
v 0.006015 -0.005275 0.052896
v 0.005201 -0.004561 0.052271
v 0.005201 -0.004561 0.051771
v 0.006015 -0.005275 0.051146
v 0.006015 -0.005275 0.050896
v 0.005201 -0.004561 0.050271
v 0.005201 -0.004561 0.049771
v 0.006015 -0.005275 0.049146
v 0.006015 -0.005275 0.048896
v 0.005201 -0.004561 0.048271
v 0.005201 -0.004561 0.047771
v 0.006015 -0.005275 0.047146
v 0.006015 -0.005275 0.046896
v 0.005201 -0.004561 0.046271
v 0.005201 -0.004561 0.045771
v 0.006015 -0.005275 0.045146
v 0.006015 -0.005275 0.044896
v 0.005201 -0.004561 0.044271
v 0.005201 -0.004561 0.043771
v 0.006015 -0.005275 0.043146
v 0.006015 -0.005275 0.042896
v 0.005201 -0.004561 0.042271
v 0.005201 -0.004561 0.041771
v 0.006015 -0.005275 0.041146
v 0.006015 -0.005275 0.040896
v 0.005201 -0.004561 0.040271
v 0.005201 -0.004561 0.039771
v 0.006015 -0.005275 0.039146
v 0.006015 -0.005275 0.038896
v 0.005201 -0.004561 0.038271
v 0.005201 -0.004561 0.037771
v 0.006015 -0.005275 0.037146
v 0.006015 -0.005275 0.036896
v 0.005201 -0.004561 0.036271
v 0.005201 -0.004561 0.035771
v 0.006015 -0.005275 0.035146
v 0.006015 -0.005275 0.034896
v 0.005201 -0.004561 0.034271
v 0.005201 -0.004561 0.033771
v 0.006015 -0.005275 0.033146
v 0.006015 -0.005275 0.032896
v 0.005201 -0.004561 0.032271
v 0.005201 -0.004561 0.031771
v 0.006015 -0.005275 0.031146
v 0.006015 -0.005275 0.030896
v 0.005201 -0.004561 0.030271
v 0.005201 -0.004561 0.029771
v 0.006015 -0.005275 0.029146
v 0.006015 -0.005275 0.028896
v 0.005201 -0.004561 0.028271
v 0.005201 -0.004561 0.027771
v 0.006015 -0.005275 0.027146
v 0.006015 -0.005275 0.026896
v 0.005201 -0.004561 0.026271
v 0.005201 -0.004561 0.025771
v 0.006015 -0.005275 0.025146
v 0.006015 -0.005275 0.024896
v 0.005201 -0.004561 0.024271
v 0.005201 -0.004561 0.023771
v 0.006015 -0.005275 0.023146
v 0.006015 -0.005275 0.022896
v 0.005201 -0.004561 0.022271
v 0.005201 -0.004561 0.021771
v 0.006015 -0.005275 0.021146
v 0.006015 -0.005275 0.020896
v 0.005201 -0.004561 0.020271
v 0.005201 -0.004561 0.019771
v 0.006015 -0.005275 0.019146
v 0.006015 -0.005275 0.018896
v 0.005201 -0.004561 0.018271
v 0.005201 -0.004561 0.017771
v 0.006015 -0.005275 0.017146
v 0.006015 -0.005275 0.016896
v 0.005201 -0.004561 0.016271
v 0.005201 -0.004561 0.015771
v 0.006015 -0.005275 0.015146
v 0.006015 -0.005275 0.014896
v 0.005201 -0.004561 0.014271
v 0.005201 -0.004561 0.013771
v 0.006015 -0.005275 0.013146
v 0.006015 -0.005275 0.012896
v 0.005201 -0.004561 0.012271
v 0.005201 -0.004561 0.011771
v 0.006015 -0.005275 0.011146
v 0.006015 -0.005275 0.010896
v 0.005201 -0.004561 0.010271
v 0.005201 -0.004561 0.009771
v 0.006015 -0.005275 0.009146
v 0.006015 -0.005275 0.008896
v 0.005201 -0.004561 0.008271
v 0.005201 -0.004561 0.007771
v 0.006015 -0.005275 0.007146
v 0.006015 -0.005275 0.006896
v 0.005201 -0.004561 0.006271
v 0.005201 -0.004561 0.005771
v 0.006015 -0.005275 0.005146
v 0.006015 -0.005275 0.004896
v 0.005201 -0.004561 0.004271
v 0.005201 -0.004561 0.003771
v 0.006015 -0.005275 0.003146
v 0.006015 -0.005275 0.002896
v 0.004972 -0.004361 0.002271
v 0.004743 -0.004160 0.001771
v 0.004794 -0.004204 0.001146
v 0.004606 -0.004039 0.000896
v 0.004056 -0.003557 0.000271
v 0.006347 -0.004870 0.058917
v 0.005738 -0.004403 0.058292
v 0.005488 -0.004211 0.057792
v 0.006347 -0.004870 0.057167
v 0.006347 -0.004870 0.056917
v 0.005488 -0.004211 0.056292
v 0.005488 -0.004211 0.055792
v 0.006347 -0.004870 0.055167
v 0.006347 -0.004870 0.054917
v 0.005488 -0.004211 0.054292
v 0.005488 -0.004211 0.053792
v 0.006347 -0.004870 0.053167
v 0.006347 -0.004870 0.052917
v 0.005488 -0.004211 0.052292
v 0.005488 -0.004211 0.051792
v 0.006347 -0.004870 0.051167
v 0.006347 -0.004870 0.050917
v 0.005488 -0.004211 0.050292
v 0.005488 -0.004211 0.049792
v 0.006347 -0.004870 0.049167
v 0.006347 -0.004870 0.048917
v 0.005488 -0.004211 0.048292
v 0.005488 -0.004211 0.047792
v 0.006347 -0.004870 0.047167
v 0.006347 -0.004870 0.046917
v 0.005488 -0.004211 0.046292
v 0.005488 -0.004211 0.045792
v 0.006347 -0.004870 0.045167
v 0.006347 -0.004870 0.044917
v 0.005488 -0.004211 0.044292
v 0.005488 -0.004211 0.043792
v 0.006347 -0.004870 0.043167
v 0.006347 -0.004870 0.042917
v 0.005488 -0.004211 0.042292
v 0.005488 -0.004211 0.041792
v 0.006347 -0.004870 0.041167
v 0.006347 -0.004870 0.040917
v 0.005488 -0.004211 0.040292
v 0.005488 -0.004211 0.039792
v 0.006347 -0.004870 0.039167
v 0.006347 -0.004870 0.038917
v 0.005488 -0.004211 0.038292
v 0.005488 -0.004211 0.037792
v 0.006347 -0.004870 0.037167
v 0.006347 -0.004870 0.036917
v 0.005488 -0.004211 0.036292
v 0.005488 -0.004211 0.035792
v 0.006347 -0.004870 0.035167
v 0.006347 -0.004870 0.034917
v 0.005488 -0.004211 0.034292
v 0.005488 -0.004211 0.033792
v 0.006347 -0.004870 0.033167
v 0.006347 -0.004870 0.032917
v 0.005488 -0.004211 0.032292
v 0.005488 -0.004211 0.031792
v 0.006347 -0.004870 0.031167
v 0.006347 -0.004870 0.030917
v 0.005488 -0.004211 0.030292
v 0.005488 -0.004211 0.029792
v 0.006347 -0.004870 0.029167
v 0.006347 -0.004870 0.028917
v 0.005488 -0.004211 0.028292
v 0.005488 -0.004211 0.027792
v 0.006347 -0.004870 0.027167
v 0.006347 -0.004870 0.026917
v 0.005488 -0.004211 0.026292
v 0.005488 -0.004211 0.025792
v 0.006347 -0.004870 0.025167
v 0.006347 -0.004870 0.024917
v 0.005488 -0.004211 0.024292
v 0.005488 -0.004211 0.023792
v 0.006347 -0.004870 0.023167
v 0.006347 -0.004870 0.022917
v 0.005488 -0.004211 0.022292
v 0.005488 -0.004211 0.021792
v 0.006347 -0.004870 0.021167
v 0.006347 -0.004870 0.020917
v 0.005488 -0.004211 0.020292
v 0.005488 -0.004211 0.019792
v 0.006347 -0.004870 0.019167
v 0.006347 -0.004870 0.018917
v 0.005488 -0.004211 0.018292
v 0.005488 -0.004211 0.017792
v 0.006347 -0.004870 0.017167
v 0.006347 -0.004870 0.016917
v 0.005488 -0.004211 0.016292
v 0.005488 -0.004211 0.015792
v 0.006347 -0.004870 0.015167
v 0.006347 -0.004870 0.014917
v 0.005488 -0.004211 0.014292
v 0.005488 -0.004211 0.013792
v 0.006347 -0.004870 0.013167
v 0.006347 -0.004870 0.012917
v 0.005488 -0.004211 0.012292
v 0.005488 -0.004211 0.011792
v 0.006347 -0.004870 0.011167
v 0.006347 -0.004870 0.010917
v 0.005488 -0.004211 0.010292
v 0.005488 -0.004211 0.009792
v 0.006347 -0.004870 0.009167
v 0.006347 -0.004870 0.008917
v 0.005488 -0.004211 0.008292
v 0.005488 -0.004211 0.007792
v 0.006347 -0.004870 0.007167
v 0.006347 -0.004870 0.006917
v 0.005488 -0.004211 0.006292
v 0.005488 -0.004211 0.005792
v 0.006347 -0.004870 0.005167
v 0.006347 -0.004870 0.004917
v 0.005488 -0.004211 0.004292
v 0.005488 -0.004211 0.003792
v 0.006347 -0.004870 0.003167
v 0.006347 -0.004870 0.002917
v 0.005257 -0.004034 0.002292
v 0.005015 -0.003848 0.001792
v 0.005075 -0.003894 0.001167
v 0.004876 -0.003742 0.000917
v 0.004290 -0.003292 0.000292
v 0.006652 -0.004445 0.058937
v 0.006033 -0.004031 0.058312
v 0.005752 -0.003843 0.057812
v 0.006652 -0.004445 0.057187
v 0.006652 -0.004445 0.056937
v 0.005752 -0.003843 0.056312
v 0.005752 -0.003843 0.055812
v 0.006652 -0.004445 0.055187
v 0.006652 -0.004445 0.054937
v 0.005752 -0.003843 0.054312
v 0.005752 -0.003843 0.053812
v 0.006652 -0.004445 0.053187
v 0.006652 -0.004445 0.052937
v 0.005752 -0.003843 0.052312
v 0.005752 -0.003843 0.051812
v 0.006652 -0.004445 0.051187
v 0.006652 -0.004445 0.050937
v 0.005752 -0.003843 0.050312
v 0.005752 -0.003843 0.049812
v 0.006652 -0.004445 0.049187
v 0.006652 -0.004445 0.048937
v 0.005752 -0.003843 0.048312
v 0.005752 -0.003843 0.047812
v 0.006652 -0.004445 0.047187
v 0.006652 -0.004445 0.046937
v 0.005752 -0.003843 0.046312
v 0.005752 -0.003843 0.045812
v 0.006652 -0.004445 0.045187
v 0.006652 -0.004445 0.044937
v 0.005752 -0.003843 0.044312
v 0.005752 -0.003843 0.043812
v 0.006652 -0.004445 0.043187
v 0.006652 -0.004445 0.042937
v 0.005752 -0.003843 0.042312
v 0.005752 -0.003843 0.041812
v 0.006652 -0.004445 0.041187
v 0.006652 -0.004445 0.040937
v 0.005752 -0.003843 0.040312
v 0.005752 -0.003843 0.039812
v 0.006652 -0.004445 0.039187
v 0.006652 -0.004445 0.038937
v 0.005752 -0.003843 0.038312
v 0.005752 -0.003843 0.037812
v 0.006652 -0.004445 0.037187
v 0.006652 -0.004445 0.036937
v 0.005752 -0.003843 0.036312
v 0.005752 -0.003843 0.035812
v 0.006652 -0.004445 0.035187
v 0.006652 -0.004445 0.034937
v 0.005752 -0.003843 0.034312
v 0.005752 -0.003843 0.033812
v 0.006652 -0.004445 0.033187
v 0.006652 -0.004445 0.032937
v 0.005752 -0.003843 0.032312
v 0.005752 -0.003843 0.031812
v 0.006652 -0.004445 0.031187
v 0.006652 -0.004445 0.030937
v 0.005752 -0.003843 0.030313
v 0.005752 -0.003843 0.029813
v 0.006652 -0.004445 0.029188
v 0.006652 -0.004445 0.028938
v 0.005752 -0.003843 0.028313
v 0.005752 -0.003843 0.027813
v 0.006652 -0.004445 0.027188
v 0.006652 -0.004445 0.026938
v 0.005752 -0.003843 0.026313
v 0.005752 -0.003843 0.025813
v 0.006652 -0.004445 0.025188
v 0.006652 -0.004445 0.024938
v 0.005752 -0.003843 0.024313
v 0.005752 -0.003843 0.023813
v 0.006652 -0.004445 0.023188
v 0.006652 -0.004445 0.022938
v 0.005752 -0.003843 0.022313
v 0.005752 -0.003843 0.021813
v 0.006652 -0.004445 0.021188
v 0.006652 -0.004445 0.020938
v 0.005752 -0.003843 0.020313
v 0.005752 -0.003843 0.019813
v 0.006652 -0.004445 0.019188
v 0.006652 -0.004445 0.018938
v 0.005752 -0.003843 0.018313
v 0.005752 -0.003843 0.017813
v 0.006652 -0.004445 0.017188
v 0.006652 -0.004445 0.016938
v 0.005752 -0.003843 0.016313
v 0.005752 -0.003843 0.015813
v 0.006652 -0.004445 0.015188
v 0.006652 -0.004445 0.014938
v 0.005752 -0.003843 0.014312
v 0.005752 -0.003843 0.013812
v 0.006652 -0.004445 0.013187
v 0.006652 -0.004445 0.012937
v 0.005752 -0.003843 0.012312
v 0.005752 -0.003843 0.011812
v 0.006652 -0.004445 0.011187
v 0.006652 -0.004445 0.010937
v 0.005752 -0.003843 0.010312
v 0.005752 -0.003843 0.009812
v 0.006652 -0.004445 0.009187
v 0.006652 -0.004445 0.008937
v 0.005752 -0.003843 0.008312
v 0.005752 -0.003843 0.007812
v 0.006652 -0.004445 0.007187
v 0.006652 -0.004445 0.006937
v 0.005752 -0.003843 0.006313
v 0.005752 -0.003843 0.005813
v 0.006652 -0.004445 0.005188
v 0.006652 -0.004445 0.004938
v 0.005752 -0.003843 0.004313
v 0.005752 -0.003843 0.003813
v 0.006652 -0.004445 0.003188
v 0.006652 -0.004445 0.002938
v 0.005520 -0.003688 0.002312
v 0.005267 -0.003519 0.001812
v 0.005336 -0.003565 0.001187
v 0.005128 -0.003426 0.000937
v 0.004507 -0.003011 0.000313
v 0.006928 -0.004000 0.058958
v 0.006303 -0.003639 0.058333
v 0.005991 -0.003459 0.057833
v 0.006928 -0.004000 0.057208
v 0.006928 -0.004000 0.056958
v 0.005991 -0.003459 0.056333
v 0.005991 -0.003459 0.055833
v 0.006928 -0.004000 0.055208
v 0.006928 -0.004000 0.054958
v 0.005991 -0.003459 0.054333
v 0.005991 -0.003459 0.053833
v 0.006928 -0.004000 0.053208
v 0.006928 -0.004000 0.052958
v 0.005991 -0.003459 0.052333
v 0.005991 -0.003459 0.051833
v 0.006928 -0.004000 0.051208
v 0.006928 -0.004000 0.050958
v 0.005991 -0.003459 0.050333
v 0.005991 -0.003459 0.049833
v 0.006928 -0.004000 0.049208
v 0.006928 -0.004000 0.048958
v 0.005991 -0.003459 0.048333
v 0.005991 -0.003459 0.047833
v 0.006928 -0.004000 0.047208
v 0.006928 -0.004000 0.046958
v 0.005991 -0.003459 0.046333
v 0.005991 -0.003459 0.045833
v 0.006928 -0.004000 0.045208
v 0.006928 -0.004000 0.044958
v 0.005991 -0.003459 0.044333
v 0.005991 -0.003459 0.043833
v 0.006928 -0.004000 0.043208
v 0.006928 -0.004000 0.042958
v 0.005991 -0.003459 0.042333
v 0.005991 -0.003459 0.041833
v 0.006928 -0.004000 0.041208
v 0.006928 -0.004000 0.040958
v 0.005991 -0.003459 0.040333
v 0.005991 -0.003459 0.039833
v 0.006928 -0.004000 0.039208
v 0.006928 -0.004000 0.038958
v 0.005991 -0.003459 0.038333
v 0.005991 -0.003459 0.037833
v 0.006928 -0.004000 0.037208
v 0.006928 -0.004000 0.036958
v 0.005991 -0.003459 0.036333
v 0.005991 -0.003459 0.035833
v 0.006928 -0.004000 0.035208
v 0.006928 -0.004000 0.034958
v 0.005991 -0.003459 0.034333
v 0.005991 -0.003459 0.033833
v 0.006928 -0.004000 0.033208
v 0.006928 -0.004000 0.032958
v 0.005991 -0.003459 0.032333
v 0.005991 -0.003459 0.031833
v 0.006928 -0.004000 0.031208
v 0.006928 -0.004000 0.030958
v 0.005991 -0.003459 0.030333
v 0.005991 -0.003459 0.029833
v 0.006928 -0.004000 0.029208
v 0.006928 -0.004000 0.028958
v 0.005991 -0.003459 0.028333
v 0.005991 -0.003459 0.027833
v 0.006928 -0.004000 0.027208
v 0.006928 -0.004000 0.026958
v 0.005991 -0.003459 0.026333
v 0.005991 -0.003459 0.025833
v 0.006928 -0.004000 0.025208
v 0.006928 -0.004000 0.024958
v 0.005991 -0.003459 0.024333
v 0.005991 -0.003459 0.023833
v 0.006928 -0.004000 0.023208
v 0.006928 -0.004000 0.022958
v 0.005991 -0.003459 0.022333
v 0.005991 -0.003459 0.021833
v 0.006928 -0.004000 0.021208
v 0.006928 -0.004000 0.020958
v 0.005991 -0.003459 0.020333
v 0.005991 -0.003459 0.019833
v 0.006928 -0.004000 0.019208
v 0.006928 -0.004000 0.018958
v 0.005991 -0.003459 0.018333
v 0.005991 -0.003459 0.017833
v 0.006928 -0.004000 0.017208
v 0.006928 -0.004000 0.016958
v 0.005991 -0.003459 0.016333
v 0.005991 -0.003459 0.015833
v 0.006928 -0.004000 0.015208
v 0.006928 -0.004000 0.014958
v 0.005991 -0.003459 0.014333
v 0.005991 -0.003459 0.013833
v 0.006928 -0.004000 0.013208
v 0.006928 -0.004000 0.012958
v 0.005991 -0.003459 0.012333
v 0.005991 -0.003459 0.011833
v 0.006928 -0.004000 0.011208
v 0.006928 -0.004000 0.010958
v 0.005991 -0.003459 0.010333
v 0.005991 -0.003459 0.009833
v 0.006928 -0.004000 0.009208
v 0.006928 -0.004000 0.008958
v 0.005991 -0.003459 0.008333
v 0.005991 -0.003459 0.007833
v 0.006928 -0.004000 0.007208
v 0.006928 -0.004000 0.006958
v 0.005991 -0.003459 0.006333
v 0.005991 -0.003459 0.005833
v 0.006928 -0.004000 0.005208
v 0.006928 -0.004000 0.004958
v 0.005991 -0.003459 0.004333
v 0.005991 -0.003459 0.003833
v 0.006928 -0.004000 0.003208
v 0.006928 -0.004000 0.002958
v 0.005760 -0.003326 0.002333
v 0.005497 -0.003173 0.001833
v 0.005576 -0.003219 0.001208
v 0.005359 -0.003094 0.000958
v 0.004705 -0.002717 0.000333
v 0.007175 -0.003538 0.058979
v 0.006548 -0.003229 0.058354
v 0.006204 -0.003060 0.057854
v 0.007175 -0.003538 0.057229
v 0.007175 -0.003538 0.056979
v 0.006204 -0.003060 0.056354
v 0.006204 -0.003060 0.055854
v 0.007175 -0.003538 0.055229
v 0.007175 -0.003538 0.054979
v 0.006204 -0.003060 0.054354
v 0.006204 -0.003060 0.053854
v 0.007175 -0.003538 0.053229
v 0.007175 -0.003538 0.052979
v 0.006204 -0.003060 0.052354
v 0.006204 -0.003060 0.051854
v 0.007175 -0.003538 0.051229
v 0.007175 -0.003538 0.050979
v 0.006204 -0.003060 0.050354
v 0.006204 -0.003060 0.049854
v 0.007175 -0.003538 0.049229
v 0.007175 -0.003538 0.048979
v 0.006204 -0.003060 0.048354
v 0.006204 -0.003060 0.047854
v 0.007175 -0.003538 0.047229
v 0.007175 -0.003538 0.046979
v 0.006204 -0.003060 0.046354
v 0.006204 -0.003060 0.045854
v 0.007175 -0.003538 0.045229
v 0.007175 -0.003538 0.044979
v 0.006204 -0.003060 0.044354
v 0.006204 -0.003060 0.043854
v 0.007175 -0.003538 0.043229
v 0.007175 -0.003538 0.042979
v 0.006204 -0.003060 0.042354
v 0.006204 -0.003060 0.041854
v 0.007175 -0.003538 0.041229
v 0.007175 -0.003538 0.040979
v 0.006204 -0.003060 0.040354
v 0.006204 -0.003060 0.039854
v 0.007175 -0.003538 0.039229
v 0.007175 -0.003538 0.038979
v 0.006204 -0.003060 0.038354
v 0.006204 -0.003060 0.037854
v 0.007175 -0.003538 0.037229
v 0.007175 -0.003538 0.036979
v 0.006204 -0.003060 0.036354
v 0.006204 -0.003060 0.035854
v 0.007175 -0.003538 0.035229
v 0.007175 -0.003538 0.034979
v 0.006204 -0.003060 0.034354
v 0.006204 -0.003060 0.033854
v 0.007175 -0.003538 0.033229
v 0.007175 -0.003538 0.032979
v 0.006204 -0.003060 0.032354
v 0.006204 -0.003060 0.031854
v 0.007175 -0.003538 0.031229
v 0.007175 -0.003538 0.030979
v 0.006204 -0.003060 0.030354
v 0.006204 -0.003060 0.029854
v 0.007175 -0.003538 0.029229
v 0.007175 -0.003538 0.028979
v 0.006204 -0.003060 0.028354
v 0.006204 -0.003060 0.027854
v 0.007175 -0.003538 0.027229
v 0.007175 -0.003538 0.026979
v 0.006204 -0.003060 0.026354
v 0.006204 -0.003060 0.025854
v 0.007175 -0.003538 0.025229
v 0.007175 -0.003538 0.024979
v 0.006204 -0.003060 0.024354
v 0.006204 -0.003060 0.023854
v 0.007175 -0.003538 0.023229
v 0.007175 -0.003538 0.022979
v 0.006204 -0.003060 0.022354
v 0.006204 -0.003060 0.021854
v 0.007175 -0.003538 0.021229
v 0.007175 -0.003538 0.020979
v 0.006204 -0.003060 0.020354
v 0.006204 -0.003060 0.019854
v 0.007175 -0.003538 0.019229
v 0.007175 -0.003538 0.018979
v 0.006204 -0.003060 0.018354
v 0.006204 -0.003060 0.017854
v 0.007175 -0.003538 0.017229
v 0.007175 -0.003538 0.016979
v 0.006204 -0.003060 0.016354
v 0.006204 -0.003060 0.015854
v 0.007175 -0.003538 0.015229
v 0.007175 -0.003538 0.014979
v 0.006204 -0.003060 0.014354
v 0.006204 -0.003060 0.013854
v 0.007175 -0.003538 0.013229
v 0.007175 -0.003538 0.012979
v 0.006204 -0.003060 0.012354
v 0.006204 -0.003060 0.011854
v 0.007175 -0.003538 0.011229
v 0.007175 -0.003538 0.010979
v 0.006204 -0.003060 0.010354
v 0.006204 -0.003060 0.009854
v 0.007175 -0.003538 0.009229
v 0.007175 -0.003538 0.008979
v 0.006204 -0.003060 0.008354
v 0.006204 -0.003060 0.007854
v 0.007175 -0.003538 0.007229
v 0.007175 -0.003538 0.006979
v 0.006204 -0.003060 0.006354
v 0.006204 -0.003060 0.005854
v 0.007175 -0.003538 0.005229
v 0.007175 -0.003538 0.004979
v 0.006204 -0.003060 0.004354
v 0.006204 -0.003060 0.003854
v 0.007175 -0.003538 0.003229
v 0.007175 -0.003538 0.002979
v 0.005977 -0.002947 0.002354
v 0.005704 -0.002813 0.001854
v 0.005793 -0.002857 0.001229
v 0.005569 -0.002746 0.000979
v 0.004884 -0.002409 0.000354
v 0.007391 -0.003061 0.059000
v 0.006766 -0.002803 0.058375
v 0.006391 -0.002647 0.057875
v 0.007391 -0.003061 0.057250
v 0.007391 -0.003061 0.057000
v 0.006391 -0.002647 0.056375
v 0.006391 -0.002647 0.055875
v 0.007391 -0.003061 0.055250
v 0.007391 -0.003061 0.055000
v 0.006391 -0.002647 0.054375
v 0.006391 -0.002647 0.053875
v 0.007391 -0.003061 0.053250
v 0.007391 -0.003061 0.053000
v 0.006391 -0.002647 0.052375
v 0.006391 -0.002647 0.051875
v 0.007391 -0.003061 0.051250
v 0.007391 -0.003061 0.051000
v 0.006391 -0.002647 0.050375
v 0.006391 -0.002647 0.049875
v 0.007391 -0.003061 0.049250
v 0.007391 -0.003061 0.049000
v 0.006391 -0.002647 0.048375
v 0.006391 -0.002647 0.047875
v 0.007391 -0.003061 0.047250
v 0.007391 -0.003061 0.047000
v 0.006391 -0.002647 0.046375
v 0.006391 -0.002647 0.045875
v 0.007391 -0.003061 0.045250
v 0.007391 -0.003061 0.045000
v 0.006391 -0.002647 0.044375
v 0.006391 -0.002647 0.043875
v 0.007391 -0.003061 0.043250
v 0.007391 -0.003061 0.043000
v 0.006391 -0.002647 0.042375
v 0.006391 -0.002647 0.041875
v 0.007391 -0.003061 0.041250
v 0.007391 -0.003061 0.041000
v 0.006391 -0.002647 0.040375
v 0.006391 -0.002647 0.039875
v 0.007391 -0.003061 0.039250
v 0.007391 -0.003061 0.039000
v 0.006391 -0.002647 0.038375
v 0.006391 -0.002647 0.037875
v 0.007391 -0.003061 0.037250
v 0.007391 -0.003061 0.037000
v 0.006391 -0.002647 0.036375
v 0.006391 -0.002647 0.035875
v 0.007391 -0.003061 0.035250
v 0.007391 -0.003061 0.035000
v 0.006391 -0.002647 0.034375
v 0.006391 -0.002647 0.033875
v 0.007391 -0.003061 0.033250
v 0.007391 -0.003061 0.033000
v 0.006391 -0.002647 0.032375
v 0.006391 -0.002647 0.031875
v 0.007391 -0.003061 0.031250
v 0.007391 -0.003061 0.031000
v 0.006391 -0.002647 0.030375
v 0.006391 -0.002647 0.029875
v 0.007391 -0.003061 0.029250
v 0.007391 -0.003061 0.029000
v 0.006391 -0.002647 0.028375
v 0.006391 -0.002647 0.027875
v 0.007391 -0.003061 0.027250
v 0.007391 -0.003061 0.027000
v 0.006391 -0.002647 0.026375
v 0.006391 -0.002647 0.025875
v 0.007391 -0.003061 0.025250
v 0.007391 -0.003061 0.025000
v 0.006391 -0.002647 0.024375
v 0.006391 -0.002647 0.023875
v 0.007391 -0.003061 0.023250
v 0.007391 -0.003061 0.023000
v 0.006391 -0.002647 0.022375
v 0.006391 -0.002647 0.021875
v 0.007391 -0.003061 0.021250
v 0.007391 -0.003061 0.021000
v 0.006391 -0.002647 0.020375
v 0.006391 -0.002647 0.019875
v 0.007391 -0.003061 0.019250
v 0.007391 -0.003061 0.019000
v 0.006391 -0.002647 0.018375
v 0.006391 -0.002647 0.017875
v 0.007391 -0.003061 0.017250
v 0.007391 -0.003061 0.017000
v 0.006391 -0.002647 0.016375
v 0.006391 -0.002647 0.015875
v 0.007391 -0.003061 0.015250
v 0.007391 -0.003061 0.015000
v 0.006391 -0.002647 0.014375
v 0.006391 -0.002647 0.013875
v 0.007391 -0.003061 0.013250
v 0.007391 -0.003061 0.013000
v 0.006391 -0.002647 0.012375
v 0.006391 -0.002647 0.011875
v 0.007391 -0.003061 0.011250
v 0.007391 -0.003061 0.011000
v 0.006391 -0.002647 0.010375
v 0.006391 -0.002647 0.009875
v 0.007391 -0.003061 0.009250
v 0.007391 -0.003061 0.009000
v 0.006391 -0.002647 0.008375
v 0.006391 -0.002647 0.007875
v 0.007391 -0.003061 0.007250
v 0.007391 -0.003061 0.007000
v 0.006391 -0.002647 0.006375
v 0.006391 -0.002647 0.005875
v 0.007391 -0.003061 0.005250
v 0.007391 -0.003061 0.005000
v 0.006391 -0.002647 0.004375
v 0.006391 -0.002647 0.003875
v 0.007391 -0.003061 0.003250
v 0.007391 -0.003061 0.003000
v 0.006169 -0.002555 0.002375
v 0.005887 -0.002439 0.001875
v 0.005987 -0.002480 0.001250
v 0.005756 -0.002384 0.001000
v 0.005043 -0.002089 0.000375
v 0.006956 -0.002361 0.058396
v 0.006550 -0.002224 0.057896
v 0.007575 -0.002572 0.057271
v 0.007575 -0.002572 0.057021
v 0.006550 -0.002224 0.056396
v 0.006550 -0.002224 0.055896
v 0.007575 -0.002572 0.055271
v 0.007575 -0.002572 0.055021
v 0.006550 -0.002224 0.054396
v 0.006550 -0.002224 0.053896
v 0.007575 -0.002572 0.053271
v 0.007575 -0.002572 0.053021
v 0.006550 -0.002224 0.052396
v 0.006550 -0.002224 0.051896
v 0.007575 -0.002572 0.051271
v 0.007575 -0.002572 0.051021
v 0.006550 -0.002224 0.050396
v 0.006550 -0.002224 0.049896
v 0.007575 -0.002572 0.049271
v 0.007575 -0.002572 0.049021
v 0.006550 -0.002224 0.048396
v 0.006550 -0.002224 0.047896
v 0.007575 -0.002572 0.047271
v 0.007575 -0.002572 0.047021
v 0.006550 -0.002224 0.046396
v 0.006550 -0.002224 0.045896
v 0.007575 -0.002572 0.045271
v 0.007575 -0.002572 0.045021
v 0.006550 -0.002224 0.044396
v 0.006550 -0.002224 0.043896
v 0.007575 -0.002572 0.043271
v 0.007575 -0.002572 0.043021
v 0.006550 -0.002224 0.042396
v 0.006550 -0.002224 0.041896
v 0.007575 -0.002572 0.041271
v 0.007575 -0.002572 0.041021
v 0.006550 -0.002224 0.040396
v 0.006550 -0.002224 0.039896
v 0.007575 -0.002572 0.039271
v 0.007575 -0.002572 0.039021
v 0.006550 -0.002224 0.038396
v 0.006550 -0.002224 0.037896
v 0.007575 -0.002572 0.037271
v 0.007575 -0.002572 0.037021
v 0.006550 -0.002224 0.036396
v 0.006550 -0.002224 0.035896
v 0.007575 -0.002572 0.035271
v 0.007575 -0.002572 0.035021
v 0.006550 -0.002224 0.034396
v 0.006550 -0.002224 0.033896
v 0.007575 -0.002572 0.033271
v 0.007575 -0.002572 0.033021
v 0.006550 -0.002224 0.032396
v 0.006550 -0.002224 0.031896
v 0.007575 -0.002572 0.031271
v 0.007575 -0.002572 0.031021
v 0.006550 -0.002224 0.030396
v 0.006550 -0.002224 0.029896
v 0.007575 -0.002572 0.029271
v 0.007575 -0.002572 0.029021
v 0.006550 -0.002224 0.028396
v 0.006550 -0.002224 0.027896
v 0.007575 -0.002572 0.027271
v 0.007575 -0.002572 0.027021
v 0.006550 -0.002224 0.026396
v 0.006550 -0.002224 0.025896
v 0.007575 -0.002572 0.025271
v 0.007575 -0.002572 0.025021
v 0.006550 -0.002224 0.024396
v 0.006550 -0.002224 0.023896
v 0.007575 -0.002572 0.023271
v 0.007575 -0.002572 0.023021
v 0.006550 -0.002224 0.022396
v 0.006550 -0.002224 0.021896
v 0.007575 -0.002572 0.021271
v 0.007575 -0.002572 0.021021
v 0.006550 -0.002224 0.020396
v 0.006550 -0.002224 0.019896
v 0.007575 -0.002572 0.019271
v 0.007575 -0.002572 0.019021
v 0.006550 -0.002224 0.018396
v 0.006550 -0.002224 0.017896
v 0.007575 -0.002572 0.017271
v 0.007575 -0.002572 0.017021
v 0.006550 -0.002224 0.016396
v 0.006550 -0.002224 0.015896
v 0.007575 -0.002572 0.015271
v 0.007575 -0.002572 0.015021
v 0.006550 -0.002224 0.014396
v 0.006550 -0.002224 0.013896
v 0.007575 -0.002572 0.013271
v 0.007575 -0.002572 0.013021
v 0.006550 -0.002224 0.012396
v 0.006550 -0.002224 0.011896
v 0.007575 -0.002572 0.011271
v 0.007575 -0.002572 0.011021
v 0.006550 -0.002224 0.010396
v 0.006550 -0.002224 0.009896
v 0.007575 -0.002572 0.009271
v 0.007575 -0.002572 0.009021
v 0.006550 -0.002224 0.008396
v 0.006550 -0.002224 0.007896
v 0.007575 -0.002572 0.007271
v 0.007575 -0.002572 0.007021
v 0.006550 -0.002224 0.006396
v 0.006550 -0.002224 0.005896
v 0.007575 -0.002572 0.005271
v 0.007575 -0.002572 0.005021
v 0.006550 -0.002224 0.004396
v 0.006550 -0.002224 0.003896
v 0.007575 -0.002572 0.003271
v 0.007575 -0.002572 0.003021
v 0.006335 -0.002150 0.002396
v 0.006046 -0.002052 0.001896
v 0.006156 -0.002090 0.001271
v 0.005919 -0.002009 0.001021
v 0.005181 -0.001759 0.000396
v 0.007117 -0.001907 0.058417
v 0.006682 -0.001790 0.057917
v 0.007727 -0.002071 0.057292
v 0.007727 -0.002071 0.057042
v 0.006682 -0.001790 0.056417
v 0.006682 -0.001790 0.055917
v 0.007727 -0.002071 0.055292
v 0.007727 -0.002071 0.055042
v 0.006682 -0.001790 0.054417
v 0.006682 -0.001790 0.053917
v 0.007727 -0.002071 0.053292
v 0.007727 -0.002071 0.053042
v 0.006682 -0.001790 0.052417
v 0.006682 -0.001790 0.051917
v 0.007727 -0.002071 0.051292
v 0.007727 -0.002071 0.051042
v 0.006682 -0.001790 0.050417
v 0.006682 -0.001790 0.049917
v 0.007727 -0.002071 0.049292
v 0.007727 -0.002071 0.049042
v 0.006682 -0.001790 0.048417
v 0.006682 -0.001790 0.047917
v 0.007727 -0.002071 0.047292
v 0.007727 -0.002071 0.047042
v 0.006682 -0.001790 0.046417
v 0.006682 -0.001790 0.045917
v 0.007727 -0.002071 0.045292
v 0.007727 -0.002071 0.045042
v 0.006682 -0.001790 0.044417
v 0.006682 -0.001790 0.043917
v 0.007727 -0.002071 0.043292
v 0.007727 -0.002071 0.043042
v 0.006682 -0.001790 0.042417
v 0.006682 -0.001790 0.041917
v 0.007727 -0.002071 0.041292
v 0.007727 -0.002071 0.041042
v 0.006682 -0.001790 0.040417
v 0.006682 -0.001790 0.039917
v 0.007727 -0.002071 0.039292
v 0.007727 -0.002071 0.039042
v 0.006682 -0.001790 0.038417
v 0.006682 -0.001790 0.037917
v 0.007727 -0.002071 0.037292
v 0.007727 -0.002071 0.037042
v 0.006682 -0.001790 0.036417
v 0.006682 -0.001790 0.035917
v 0.007727 -0.002071 0.035292
v 0.007727 -0.002071 0.035042
v 0.006682 -0.001790 0.034417
v 0.006682 -0.001790 0.033917
v 0.007727 -0.002071 0.033292
v 0.007727 -0.002071 0.033042
v 0.006682 -0.001790 0.032417
v 0.006682 -0.001790 0.031917
v 0.007727 -0.002071 0.031292
v 0.007727 -0.002071 0.031042
v 0.006682 -0.001790 0.030417
v 0.006682 -0.001790 0.029917
v 0.007727 -0.002071 0.029292
v 0.007727 -0.002071 0.029042
v 0.006682 -0.001790 0.028417
v 0.006682 -0.001790 0.027917
v 0.007727 -0.002071 0.027292
v 0.007727 -0.002071 0.027042
v 0.006682 -0.001790 0.026417
v 0.006682 -0.001790 0.025917
v 0.007727 -0.002071 0.025292
v 0.007727 -0.002071 0.025042
v 0.006682 -0.001790 0.024417
v 0.006682 -0.001790 0.023917
v 0.007727 -0.002071 0.023292
v 0.007727 -0.002071 0.023042
v 0.006682 -0.001790 0.022417
v 0.006682 -0.001790 0.021917
v 0.007727 -0.002071 0.021292
v 0.007727 -0.002071 0.021042
v 0.006682 -0.001790 0.020417
v 0.006682 -0.001790 0.019917
v 0.007727 -0.002071 0.019292
v 0.007727 -0.002071 0.019042
v 0.006682 -0.001790 0.018417
v 0.006682 -0.001790 0.017917
v 0.007727 -0.002071 0.017292
v 0.007727 -0.002071 0.017042
v 0.006682 -0.001790 0.016417
v 0.006682 -0.001790 0.015917
v 0.007727 -0.002071 0.015292
v 0.007727 -0.002071 0.015042
v 0.006682 -0.001790 0.014417
v 0.006682 -0.001790 0.013917
v 0.007727 -0.002071 0.013292
v 0.007727 -0.002071 0.013042
v 0.006682 -0.001790 0.012417
v 0.006682 -0.001790 0.011917
v 0.007727 -0.002071 0.011292
v 0.007727 -0.002071 0.011042
v 0.006682 -0.001790 0.010417
v 0.006682 -0.001790 0.009917
v 0.007727 -0.002071 0.009292
v 0.007727 -0.002071 0.009042
v 0.006682 -0.001790 0.008417
v 0.006682 -0.001790 0.007917
v 0.007727 -0.002071 0.007292
v 0.007727 -0.002071 0.007042
v 0.006682 -0.001790 0.006417
v 0.006682 -0.001790 0.005917
v 0.007727 -0.002071 0.005292
v 0.007727 -0.002071 0.005042
v 0.006682 -0.001790 0.004417
v 0.006682 -0.001790 0.003917
v 0.007727 -0.002071 0.003292
v 0.007727 -0.002071 0.003042
v 0.006474 -0.001735 0.002417
v 0.006180 -0.001656 0.001917
v 0.006299 -0.001688 0.001292
v 0.006058 -0.001623 0.001042
v 0.005297 -0.001419 0.000417
v 0.007249 -0.001442 0.058437
v 0.006785 -0.001350 0.057937
v 0.007846 -0.001561 0.057312
v 0.007846 -0.001561 0.057062
v 0.006785 -0.001350 0.056437
v 0.006785 -0.001350 0.055937
v 0.007846 -0.001561 0.055312
v 0.007846 -0.001561 0.055062
v 0.006785 -0.001350 0.054437
v 0.006785 -0.001350 0.053937
v 0.007846 -0.001561 0.053312
v 0.007846 -0.001561 0.053062
v 0.006785 -0.001350 0.052437
v 0.006785 -0.001350 0.051937
v 0.007846 -0.001561 0.051312
v 0.007846 -0.001561 0.051062
v 0.006785 -0.001350 0.050437
v 0.006785 -0.001350 0.049937
v 0.007846 -0.001561 0.049312
v 0.007846 -0.001561 0.049062
v 0.006785 -0.001350 0.048437
v 0.006785 -0.001350 0.047937
v 0.007846 -0.001561 0.047312
v 0.007846 -0.001561 0.047062
v 0.006785 -0.001350 0.046437
v 0.006785 -0.001350 0.045937
v 0.007846 -0.001561 0.045312
v 0.007846 -0.001561 0.045062
v 0.006785 -0.001350 0.044437
v 0.006785 -0.001350 0.043937
v 0.007846 -0.001561 0.043312
v 0.007846 -0.001561 0.043062
v 0.006785 -0.001350 0.042437
v 0.006785 -0.001350 0.041937
v 0.007846 -0.001561 0.041312
v 0.007846 -0.001561 0.041062
v 0.006785 -0.001350 0.040437
v 0.006785 -0.001350 0.039937
v 0.007846 -0.001561 0.039312
v 0.007846 -0.001561 0.039062
v 0.006785 -0.001350 0.038437
v 0.006785 -0.001350 0.037937
v 0.007846 -0.001561 0.037312
v 0.007846 -0.001561 0.037062
v 0.006785 -0.001350 0.036437
v 0.006785 -0.001350 0.035937
v 0.007846 -0.001561 0.035312
v 0.007846 -0.001561 0.035062
v 0.006785 -0.001350 0.034437
v 0.006785 -0.001350 0.033937
v 0.007846 -0.001561 0.033312
v 0.007846 -0.001561 0.033062
v 0.006785 -0.001350 0.032437
v 0.006785 -0.001350 0.031937
v 0.007846 -0.001561 0.031312
v 0.007846 -0.001561 0.031062
v 0.006785 -0.001350 0.030438
v 0.006785 -0.001350 0.029938
v 0.007846 -0.001561 0.029313
v 0.007846 -0.001561 0.029063
v 0.006785 -0.001350 0.028438
v 0.006785 -0.001350 0.027938
v 0.007846 -0.001561 0.027313
v 0.007846 -0.001561 0.027063
v 0.006785 -0.001350 0.026438
v 0.006785 -0.001350 0.025938
v 0.007846 -0.001561 0.025313
v 0.007846 -0.001561 0.025063
v 0.006785 -0.001350 0.024438
v 0.006785 -0.001350 0.023938
v 0.007846 -0.001561 0.023313
v 0.007846 -0.001561 0.023063
v 0.006785 -0.001350 0.022438
v 0.006785 -0.001350 0.021938
v 0.007846 -0.001561 0.021313
v 0.007846 -0.001561 0.021063
v 0.006785 -0.001350 0.020438
v 0.006785 -0.001350 0.019938
v 0.007846 -0.001561 0.019313
v 0.007846 -0.001561 0.019063
v 0.006785 -0.001350 0.018438
v 0.006785 -0.001350 0.017938
v 0.007846 -0.001561 0.017313
v 0.007846 -0.001561 0.017063
v 0.006785 -0.001350 0.016438
v 0.006785 -0.001350 0.015938
v 0.007846 -0.001561 0.015313
v 0.007846 -0.001561 0.015063
v 0.006785 -0.001350 0.014437
v 0.006785 -0.001350 0.013937
v 0.007846 -0.001561 0.013312
v 0.007846 -0.001561 0.013062
v 0.006785 -0.001350 0.012437
v 0.006785 -0.001350 0.011937
v 0.007846 -0.001561 0.011312
v 0.007846 -0.001561 0.011062
v 0.006785 -0.001350 0.010437
v 0.006785 -0.001350 0.009937
v 0.007846 -0.001561 0.009312
v 0.007846 -0.001561 0.009062
v 0.006785 -0.001350 0.008437
v 0.006785 -0.001350 0.007937
v 0.007846 -0.001561 0.007312
v 0.007846 -0.001561 0.007062
v 0.006785 -0.001350 0.006438
v 0.006785 -0.001350 0.005938
v 0.007846 -0.001561 0.005313
v 0.007846 -0.001561 0.005063
v 0.006785 -0.001350 0.004438
v 0.006785 -0.001350 0.003938
v 0.007846 -0.001561 0.003313
v 0.007846 -0.001561 0.003063
v 0.006586 -0.001310 0.002437
v 0.006287 -0.001251 0.001937
v 0.006417 -0.001276 0.001312
v 0.006172 -0.001228 0.001062
v 0.005391 -0.001072 0.000437
v 0.007350 -0.000968 0.058458
v 0.006858 -0.000903 0.057958
v 0.007932 -0.001044 0.057333
v 0.007932 -0.001044 0.057083
v 0.006858 -0.000903 0.056458
v 0.006858 -0.000903 0.055958
v 0.007932 -0.001044 0.055333
v 0.007932 -0.001044 0.055083
v 0.006858 -0.000903 0.054458
v 0.006858 -0.000903 0.053958
v 0.007932 -0.001044 0.053333
v 0.007932 -0.001044 0.053083
v 0.006858 -0.000903 0.052458
v 0.006858 -0.000903 0.051958
v 0.007932 -0.001044 0.051333
v 0.007932 -0.001044 0.051083
v 0.006858 -0.000903 0.050458
v 0.006858 -0.000903 0.049958
v 0.007932 -0.001044 0.049333
v 0.007932 -0.001044 0.049083
v 0.006858 -0.000903 0.048458
v 0.006858 -0.000903 0.047958
v 0.007932 -0.001044 0.047333
v 0.007932 -0.001044 0.047083
v 0.006858 -0.000903 0.046458
v 0.006858 -0.000903 0.045958
v 0.007932 -0.001044 0.045333
v 0.007932 -0.001044 0.045083
v 0.006858 -0.000903 0.044458
v 0.006858 -0.000903 0.043958
v 0.007932 -0.001044 0.043333
v 0.007932 -0.001044 0.043083
v 0.006858 -0.000903 0.042458
v 0.006858 -0.000903 0.041958
v 0.007932 -0.001044 0.041333
v 0.007932 -0.001044 0.041083
v 0.006858 -0.000903 0.040458
v 0.006858 -0.000903 0.039958
v 0.007932 -0.001044 0.039333
v 0.007932 -0.001044 0.039083
v 0.006858 -0.000903 0.038458
v 0.006858 -0.000903 0.037958
v 0.007932 -0.001044 0.037333
v 0.007932 -0.001044 0.037083
v 0.006858 -0.000903 0.036458
v 0.006858 -0.000903 0.035958
v 0.007932 -0.001044 0.035333
v 0.007932 -0.001044 0.035083
v 0.006858 -0.000903 0.034458
v 0.006858 -0.000903 0.033958
v 0.007932 -0.001044 0.033333
v 0.007932 -0.001044 0.033083
v 0.006858 -0.000903 0.032458
v 0.006858 -0.000903 0.031958
v 0.007932 -0.001044 0.031333
v 0.007932 -0.001044 0.031083
v 0.006858 -0.000903 0.030458
v 0.006858 -0.000903 0.029958
v 0.007932 -0.001044 0.029333
v 0.007932 -0.001044 0.029083
v 0.006858 -0.000903 0.028458
v 0.006858 -0.000903 0.027958
v 0.007932 -0.001044 0.027333
v 0.007932 -0.001044 0.027083
v 0.006858 -0.000903 0.026458
v 0.006858 -0.000903 0.025958
v 0.007932 -0.001044 0.025333
v 0.007932 -0.001044 0.025083
v 0.006858 -0.000903 0.024458
v 0.006858 -0.000903 0.023958
v 0.007932 -0.001044 0.023333
v 0.007932 -0.001044 0.023083
v 0.006858 -0.000903 0.022458
v 0.006858 -0.000903 0.021958
v 0.007932 -0.001044 0.021333
v 0.007932 -0.001044 0.021083
v 0.006858 -0.000903 0.020458
v 0.006858 -0.000903 0.019958
v 0.007932 -0.001044 0.019333
v 0.007932 -0.001044 0.019083
v 0.006858 -0.000903 0.018458
v 0.006858 -0.000903 0.017958
v 0.007932 -0.001044 0.017333
v 0.007932 -0.001044 0.017083
v 0.006858 -0.000903 0.016458
v 0.006858 -0.000903 0.015958
v 0.007932 -0.001044 0.015333
v 0.007932 -0.001044 0.015083
v 0.006858 -0.000903 0.014458
v 0.006858 -0.000903 0.013958
v 0.007932 -0.001044 0.013333
v 0.007932 -0.001044 0.013083
v 0.006858 -0.000903 0.012458
v 0.006858 -0.000903 0.011958
v 0.007932 -0.001044 0.011333
v 0.007932 -0.001044 0.011083
v 0.006858 -0.000903 0.010458
v 0.006858 -0.000903 0.009958
v 0.007932 -0.001044 0.009333
v 0.007932 -0.001044 0.009083
v 0.006858 -0.000903 0.008458
v 0.006858 -0.000903 0.007958
v 0.007932 -0.001044 0.007333
v 0.007932 -0.001044 0.007083
v 0.006858 -0.000903 0.006458
v 0.006858 -0.000903 0.005958
v 0.007932 -0.001044 0.005333
v 0.007932 -0.001044 0.005083
v 0.006858 -0.000903 0.004458
v 0.006858 -0.000903 0.003958
v 0.007932 -0.001044 0.003333
v 0.007932 -0.001044 0.003083
v 0.006670 -0.000878 0.002458
v 0.006368 -0.000838 0.001958
v 0.006507 -0.000857 0.001333
v 0.006259 -0.000824 0.001083
v 0.005462 -0.000719 0.000458
v 0.007420 -0.000486 0.058479
v 0.006903 -0.000452 0.057979
v 0.007983 -0.000523 0.057354
v 0.007983 -0.000523 0.057104
v 0.006903 -0.000452 0.056479
v 0.006903 -0.000452 0.055979
v 0.007983 -0.000523 0.055354
v 0.007983 -0.000523 0.055104
v 0.006903 -0.000452 0.054479
v 0.006903 -0.000452 0.053979
v 0.007983 -0.000523 0.053354
v 0.007983 -0.000523 0.053104
v 0.006903 -0.000452 0.052479
v 0.006903 -0.000452 0.051979
v 0.007983 -0.000523 0.051354
v 0.007983 -0.000523 0.051104
v 0.006903 -0.000452 0.050479
v 0.006903 -0.000452 0.049979
v 0.007983 -0.000523 0.049354
v 0.007983 -0.000523 0.049104
v 0.006903 -0.000452 0.048479
v 0.006903 -0.000452 0.047979
v 0.007983 -0.000523 0.047354
v 0.007983 -0.000523 0.047104
v 0.006903 -0.000452 0.046479
v 0.006903 -0.000452 0.045979
v 0.007983 -0.000523 0.045354
v 0.007983 -0.000523 0.045104
v 0.006903 -0.000452 0.044479
v 0.006903 -0.000452 0.043979
v 0.007983 -0.000523 0.043354
v 0.007983 -0.000523 0.043104
v 0.006903 -0.000452 0.042479
v 0.006903 -0.000452 0.041979
v 0.007983 -0.000523 0.041354
v 0.007983 -0.000523 0.041104
v 0.006903 -0.000452 0.040479
v 0.006903 -0.000452 0.039979
v 0.007983 -0.000523 0.039354
v 0.007983 -0.000523 0.039104
v 0.006903 -0.000452 0.038479
v 0.006903 -0.000452 0.037979
v 0.007983 -0.000523 0.037354
v 0.007983 -0.000523 0.037104
v 0.006903 -0.000452 0.036479
v 0.006903 -0.000452 0.035979
v 0.007983 -0.000523 0.035354
v 0.007983 -0.000523 0.035104
v 0.006903 -0.000452 0.034479
v 0.006903 -0.000452 0.033979
v 0.007983 -0.000523 0.033354
v 0.007983 -0.000523 0.033104
v 0.006903 -0.000452 0.032479
v 0.006903 -0.000452 0.031979
v 0.007983 -0.000523 0.031354
v 0.007983 -0.000523 0.031104
v 0.006903 -0.000452 0.030479
v 0.006903 -0.000452 0.029979
v 0.007983 -0.000523 0.029354
v 0.007983 -0.000523 0.029104
v 0.006903 -0.000452 0.028479
v 0.006903 -0.000452 0.027979
v 0.007983 -0.000523 0.027354
v 0.007983 -0.000523 0.027104
v 0.006903 -0.000452 0.026479
v 0.006903 -0.000452 0.025979
v 0.007983 -0.000523 0.025354
v 0.007983 -0.000523 0.025104
v 0.006903 -0.000452 0.024479
v 0.006903 -0.000452 0.023979
v 0.007983 -0.000523 0.023354
v 0.007983 -0.000523 0.023104
v 0.006903 -0.000452 0.022479
v 0.006903 -0.000452 0.021979
v 0.007983 -0.000523 0.021354
v 0.007983 -0.000523 0.021104
v 0.006903 -0.000452 0.020479
v 0.006903 -0.000452 0.019979
v 0.007983 -0.000523 0.019354
v 0.007983 -0.000523 0.019104
v 0.006903 -0.000452 0.018479
v 0.006903 -0.000452 0.017979
v 0.007983 -0.000523 0.017354
v 0.007983 -0.000523 0.017104
v 0.006903 -0.000452 0.016479
v 0.006903 -0.000452 0.015979
v 0.007983 -0.000523 0.015354
v 0.007983 -0.000523 0.015104
v 0.006903 -0.000452 0.014479
v 0.006903 -0.000452 0.013979
v 0.007983 -0.000523 0.013354
v 0.007983 -0.000523 0.013104
v 0.006903 -0.000452 0.012479
v 0.006903 -0.000452 0.011979
v 0.007983 -0.000523 0.011354
v 0.007983 -0.000523 0.011104
v 0.006903 -0.000452 0.010479
v 0.006903 -0.000452 0.009979
v 0.007983 -0.000523 0.009354
v 0.007983 -0.000523 0.009104
v 0.006903 -0.000452 0.008479
v 0.006903 -0.000452 0.007979
v 0.007983 -0.000523 0.007354
v 0.007983 -0.000523 0.007104
v 0.006903 -0.000452 0.006479
v 0.006903 -0.000452 0.005979
v 0.007983 -0.000523 0.005354
v 0.007983 -0.000523 0.005104
v 0.006903 -0.000452 0.004479
v 0.006903 -0.000452 0.003979
v 0.007983 -0.000523 0.003354
v 0.007983 -0.000523 0.003104
v 0.006726 -0.000441 0.002479
v 0.006422 -0.000421 0.001979
v 0.006570 -0.000431 0.001354
v 0.006321 -0.000414 0.001104
v 0.005510 -0.000361 0.000479
v 0.005219 -0.000342 0.000000
v 0.005185 -0.000683 0.000000
v 0.005130 -0.001020 0.000000
v 0.005052 -0.001354 0.000000
v 0.004952 -0.001681 0.000000
v 0.004832 -0.002001 0.000000
v 0.004691 -0.002313 0.000000
v 0.004529 -0.002615 0.000000
v 0.004349 -0.002906 0.000000
v 0.004149 -0.003184 0.000000
v 0.003932 -0.003448 0.000000
v 0.003698 -0.003698 0.000000
v 0.003448 -0.003932 0.000000
v 0.003184 -0.004149 0.000000
v 0.002906 -0.004349 0.000000
v 0.002615 -0.004529 0.000000
v 0.002313 -0.004691 0.000000
v 0.002001 -0.004832 0.000000
v 0.001681 -0.004952 0.000000
v 0.001354 -0.005052 0.000000
v 0.001020 -0.005130 0.000000
v 0.000683 -0.005185 0.000000
v 0.000342 -0.005219 0.000000
v -0.000342 -0.005219 0.000000
v -0.000683 -0.005185 0.000000
v -0.001020 -0.005130 0.000000
v -0.001354 -0.005052 0.000000
v -0.001681 -0.004952 0.000000
v -0.002001 -0.004832 0.000000
v -0.002313 -0.004691 0.000000
v -0.002615 -0.004529 0.000000
v -0.002906 -0.004349 0.000000
v -0.003184 -0.004149 0.000000
v -0.003448 -0.003932 0.000000
v -0.003698 -0.003698 0.000000
v -0.003932 -0.003448 0.000000
v -0.004149 -0.003184 0.000000
v -0.004349 -0.002906 0.000000
v -0.004529 -0.002615 0.000000
v -0.004691 -0.002313 0.000000
v -0.004832 -0.002001 0.000000
v -0.004952 -0.001681 0.000000
v -0.005052 -0.001354 0.000000
v -0.005130 -0.001020 0.000000
v -0.005185 -0.000683 0.000000
v -0.005219 -0.000342 0.000000
v -0.005230 -0.000000 0.000000
v -0.005219 0.000342 0.000000
v -0.005185 0.000683 0.000000
v -0.005130 0.001020 0.000000
v -0.005052 0.001354 0.000000
v -0.004952 0.001681 0.000000
v -0.004691 0.002313 0.000000
v -0.004529 0.002615 0.000000
v -0.004349 0.002906 0.000000
v -0.004149 0.003184 0.000000
v -0.003932 0.003448 0.000000
v -0.003698 0.003698 0.000000
v -0.003448 0.003932 0.000000
v -0.003184 0.004149 0.000000
v -0.002906 0.004349 0.000000
v -0.002615 0.004529 0.000000
v -0.002313 0.004691 0.000000
v -0.001681 0.004952 0.000000
v -0.001354 0.005052 0.000000
v -0.001020 0.005130 0.000000
v -0.000683 0.005185 0.000000
v -0.000342 0.005219 0.000000
v -0.000000 0.005230 0.000000
v 0.000342 0.005219 0.000000
v 0.000683 0.005185 0.000000
v 0.001020 0.005130 0.000000
v 0.001354 0.005052 0.000000
v 0.001681 0.004952 0.000000
v 0.002001 0.004832 0.000000
v 0.002313 0.004691 0.000000
v 0.002615 0.004529 0.000000
v 0.002906 0.004349 0.000000
v 0.003184 0.004149 0.000000
v 0.003448 0.003932 0.000000
v 0.003698 0.003698 0.000000
v 0.003932 0.003448 0.000000
v 0.004149 0.003184 0.000000
v 0.004349 0.002906 0.000000
v 0.004529 0.002615 0.000000
v 0.004691 0.002313 0.000000
v 0.004832 0.002001 0.000000
v 0.004952 0.001681 0.000000
v 0.005052 0.001354 0.000000
v 0.005130 0.001020 0.000000
v 0.005185 0.000683 0.000000
v 0.005219 0.000342 0.000000
vn 0.4996 0.0372 -0.8654
vn 0.4997 0.0367 -0.8654
vn 0.4962 0.0693 -0.8654
vn 0.4961 0.0697 -0.8654
vn 0.9914 -0.1305 -0.0000
vn 0.9979 -0.0654 -0.0000
vn -0.0000 -0.0000 -1.0000
vn 1.0000 0.0010 -0.0000
vn 1.0000 -0.0009 -0.0000
vn 0.9979 0.0644 -0.0000
vn 0.9978 0.0664 -0.0000
vn -0.5000 -0.8660 -0.0000
vn -0.4423 -0.8969 -0.0000
vn 0.4997 -0.0367 0.8654
vn 0.4996 -0.0372 0.8654
vn 0.5010 -0.0044 0.8654
vn 0.5010 -0.0039 0.8654
vn 0.7071 -0.7071 -0.0000
vn 0.7518 -0.6593 -0.0000
vn 1.0000 0.0008 -0.0000
vn 1.0000 -0.0008 -0.0000
vn 0.9979 0.0646 -0.0000
vn 0.9978 0.0662 -0.0000
vn -0.9659 -0.2588 -0.0000
vn -0.9469 -0.3214 -0.0000
vn -0.6088 0.7934 -0.0000
vn -0.6593 0.7518 -0.0000
vn -0.0000 -1.0000 -0.0000
vn 0.0654 -0.9979 -0.0000
vn -0.0000 0.0001 -1.0000
vn 0.4996 -0.0371 0.8654
vn 0.9659 -0.2588 -0.0000
vn 0.9808 -0.1951 -0.0000
vn -0.9914 -0.1305 -0.0000
vn -0.9808 -0.1951 -0.0000
vn 0.4996 0.0371 -0.8654
vn 0.6786 -0.0000 -0.7346
vn 0.6804 0.0037 -0.7328
vn 0.6771 0.0444 -0.7346
vn 0.6827 0.0074 -0.7307
vn 0.6772 0.0434 -0.7346
vn 0.5016 -0.0427 0.8640
vn 0.5016 -0.0428 0.8640
vn 0.5093 -0.0152 0.8604
vn 0.5094 -0.0151 0.8604
vn 0.4997 0.0368 -0.8654
vn 0.4997 -0.0368 0.8654
vn 0.4479 0.0329 -0.8935
vn 0.4478 0.0323 -0.8935
vn 0.4484 0.0616 -0.8917
vn 0.4484 0.0622 -0.8917
vn 0.8540 0.0010 -0.5203
vn 0.8540 -0.0010 -0.5203
vn 0.8522 0.0548 -0.5203
vn 0.8521 0.0568 -0.5203
vn 0.9688 -0.0491 0.2429
vn 0.9688 -0.0506 0.2426
vn 0.9670 0.0124 0.2544
vn 0.9669 0.0138 0.2547
vn 0.7071 0.0010 -0.7071
vn 0.6588 0.0080 -0.7523
vn 0.6551 0.0511 -0.7538
vn 0.7055 0.0473 -0.7071
vn 0.7411 0.0087 -0.6713
vn 0.7373 0.0572 -0.6731
vn 0.8540 -0.0000 -0.5203
vn 0.8522 0.0559 -0.5203
vn 0.4997 -0.0366 0.8654
vn 0.4997 0.0366 -0.8654
vn -0.9239 0.3827 -0.0000
vn -0.9469 0.3214 -0.0000
vn 0.3827 0.9239 -0.0000
vn 0.3214 0.9469 -0.0000
vn 0.9469 -0.3214 -0.0000
vn 0.4423 0.8969 -0.0000
vn 0.3827 -0.9239 -0.0000
vn 0.4423 -0.8969 -0.0000
vn -0.2588 -0.9659 -0.0000
vn -0.1951 -0.9808 -0.0000
vn -0.3214 0.9469 -0.0000
vn -0.3827 0.9239 -0.0000
vn 0.8969 -0.4423 -0.0000
vn 0.9237 -0.3831 -0.0000
vn 0.9239 -0.3827 -0.0000
vn 0.5556 0.8315 -0.0000
vn 0.5000 0.8660 -0.0000
vn -0.7934 -0.6088 -0.0000
vn -0.7518 -0.6593 -0.0000
vn -0.1951 0.9808 -0.0000
vn -0.2588 0.9659 -0.0000
vn 0.8315 -0.5556 -0.0000
vn 0.8660 -0.5000 -0.0000
vn -0.7934 0.6088 -0.0000
vn -0.8315 0.5556 -0.0000
vn 0.4997 -0.0371 0.8654
vn -0.0654 0.9979 -0.0000
vn -0.1305 0.9914 -0.0000
vn 0.2588 -0.9659 -0.0000
vn 0.3214 -0.9469 -0.0000
vn -0.8660 0.5000 -0.0000
vn -0.8969 0.4423 -0.0000
vn -0.0001 0.0001 -1.0000
vn -0.3827 -0.9239 -0.0000
vn -0.3214 -0.9469 -0.0000
vn 0.0654 0.9979 -0.0000
vn -0.0000 1.0000 -0.0000
vn 0.7934 -0.6088 -0.0000
vn -0.9239 -0.3827 -0.0000
vn -0.8969 -0.4423 -0.0000
vn -0.8660 -0.5000 -0.0000
vn -0.8315 -0.5556 -0.0000
vn -0.7071 0.7071 -0.0000
vn -0.7518 0.6593 -0.0000
vn 0.1305 -0.9914 -0.0000
vn 0.1951 -0.9808 -0.0000
vn 0.5002 0.0284 0.8654
vn 0.5002 0.0288 0.8654
vn -0.0212 0.0368 0.9991
vn -0.0000 0.1316 0.9913
vn -0.0000 0.4289 0.9034
vn -0.0436 0.3281 0.9436
vn 0.9916 0.1297 -0.0000
vn 0.9913 0.1313 -0.0000
vn 0.0212 0.0368 0.9991
vn 0.1140 0.0658 0.9913
vn 0.3714 0.2144 0.9034
vn 0.2623 0.2018 0.9436
vn 0.4906 0.1016 -0.8654
vn 0.4905 0.1020 -0.8654
vn 0.0425 -0.0000 0.9991
vn 0.3060 0.1263 0.9436
vn 0.9916 0.1296 -0.0000
vn 0.9913 0.1315 -0.0000
vn 0.5506 0.3179 0.7719
vn 0.1140 -0.0658 0.9913
vn 0.3714 -0.2144 0.9034
vn 0.3060 -0.1263 0.9436
vn 0.0212 -0.0368 0.9991
vn 0.2623 -0.2018 0.9436
vn 0.5506 -0.3179 0.7719
vn -0.0000 -0.1316 0.9913
vn -0.0000 -0.4289 0.9034
vn 0.0436 -0.3281 0.9436
vn -0.0212 -0.0368 0.9991
vn -0.0436 -0.3281 0.9436
vn -0.0000 -0.6358 0.7719
vn -0.1140 -0.0658 0.9913
vn -0.3714 -0.2144 0.9034
vn -0.2623 -0.2018 0.9436
vn -0.0425 -0.0000 0.9991
vn -0.3060 -0.1263 0.9436
vn -0.5506 -0.3179 0.7719
vn -0.1140 0.0658 0.9913
vn -0.3714 0.2144 0.9034
vn -0.3060 0.1263 0.9436
vn -0.2623 0.2018 0.9436
vn -0.5506 0.3179 0.7719
vn -0.0043 -0.0000 -1.0000
vn -0.0325 0.0134 -0.9994
vn -0.0443 0.0256 -0.9987
vn -0.0117 0.0067 -0.9999
vn 0.0021 0.0037 -1.0000
vn -0.0000 0.0135 -0.9999
vn -0.0000 0.0512 -0.9987
vn 0.0046 0.0348 -0.9994
vn -0.0021 0.0037 -1.0000
vn -0.0046 0.0348 -0.9994
vn -0.5000 0.8660 -0.0000
vn -0.0117 -0.0067 -0.9999
vn -0.0443 -0.0256 -0.9987
vn -0.0325 -0.0134 -0.9994
vn -1.0000 -0.0000 -0.0000
vn -0.0711 -0.0410 -0.9966
vn -0.0279 -0.0214 -0.9994
vn -0.5556 0.8315 -0.0000
vn 0.5000 -0.8660 -0.0000
vn 0.5556 -0.8315 -0.0000
vn -1.0000 0.0053 0.0044
vn -0.9979 -0.0654 -0.0000
vn -0.0000 0.0821 -0.9966
vn 0.9239 0.3827 -0.0000
vn 0.8969 0.4423 -0.0000
vn -0.4423 0.8969 -0.0000
vn -0.6593 -0.7518 -0.0000
vn -0.6088 -0.7934 -0.0000
vn -0.0279 0.0214 -0.9994
vn -0.0711 0.0410 -0.9966
vn -0.7071 -0.7071 -0.0000
vn -0.0021 -0.0037 -1.0000
vn 0.6088 0.7934 -0.0000
vn 0.0021 -0.0037 -1.0000
vn 0.0046 -0.0348 -0.9994
vn -0.0000 -0.0512 -0.9987
vn -0.0000 -0.0135 -0.9999
vn 0.5002 0.0289 0.8654
vn -0.0000 -0.0821 -0.9966
vn -0.0046 -0.0348 -0.9994
vn 0.9659 0.2588 -0.0000
vn 0.9469 0.3214 -0.0000
vn 0.0711 -0.0410 -0.9966
vn 0.0279 -0.0214 -0.9994
vn 0.0443 -0.0256 -0.9987
vn 0.0325 -0.0134 -0.9994
vn 0.0279 0.0214 -0.9994
vn 0.0443 0.0256 -0.9987
vn 0.0117 0.0067 -0.9999
vn -0.1305 -0.9914 -0.0000
vn -0.9914 0.1305 -0.0000
vn -0.9979 0.0654 -0.0000
vn 1.0000 -0.0000 -0.0000
vn 0.6727 0.0886 -0.7346
vn 0.7071 0.7071 -0.0000
vn 0.6593 0.7518 -0.0000
vn 0.6729 0.0876 -0.7346
vn -0.9808 0.1951 -0.0000
vn 0.5173 0.0193 0.8556
vn 0.5173 0.0194 0.8556
vn 0.9808 0.1951 -0.0000
vn -0.9659 0.2588 -0.0000
vn 0.9914 0.1305 -0.0000
vn 0.4471 0.0911 -0.8898
vn 0.4471 0.0917 -0.8898
vn 0.8468 0.1105 -0.5203
vn 0.8466 0.1124 -0.5203
vn -0.5556 -0.8315 -0.0000
vn 0.9610 0.0749 0.2661
vn 0.9608 0.0763 0.2664
vn 0.9979 0.0654 -0.0000
vn 0.6486 0.0937 -0.7554
vn 0.7009 0.0933 -0.7071
vn 0.7304 0.1052 -0.6749
vn 0.8467 0.1115 -0.5203
vn 0.7934 0.6088 -0.0000
vn 0.7518 0.6593 -0.0000
vn 0.1305 0.9914 -0.0000
vn -0.0654 -0.9979 -0.0000
vn 0.6593 -0.7518 -0.0000
vn 0.8315 0.5556 -0.0000
vn 0.2588 0.9659 -0.0000
vn 0.1951 0.9808 -0.0000
vn 0.6088 -0.7934 -0.0000
vn 0.8660 0.5000 -0.0000
vn 0.0043 -0.0000 -1.0000
vn 0.0117 -0.0067 -0.9999
vn 0.0711 0.0410 -0.9966
vn 0.0325 0.0134 -0.9994
vn 0.0436 0.3281 0.9436
vn -0.0000 0.6358 0.7719
vn 0.4829 0.1335 -0.8654
vn 0.4828 0.1339 -0.8654
vn 0.9810 0.1942 -0.0000
vn 0.9806 0.1960 -0.0000
vn 0.4973 0.0611 0.8654
vn 0.4972 0.0615 0.8654
vn 0.9809 0.1943 -0.0000
vn 0.9806 0.1959 -0.0000
vn -0.0000 -0.0000 1.0000
vn 0.6655 0.1324 -0.7346
vn 0.6657 0.1315 -0.7346
vn 0.5231 0.0548 0.8505
vn 0.5231 0.0549 0.8505
vn 0.4440 0.1207 -0.8879
vn 0.4439 0.1214 -0.8878
vn 0.8378 0.1656 -0.5203
vn 0.8374 0.1676 -0.5203
vn 0.9509 0.1366 0.2777
vn 0.9506 0.1380 0.2780
vn 0.6393 0.1357 -0.7568
vn 0.6933 0.1389 -0.7071
vn 0.7204 0.1526 -0.6766
vn 0.8376 0.1666 -0.5203
vn 0.4922 0.0935 0.8654
vn 0.4921 0.0939 0.8654
vn 0.9661 0.2580 -0.0000
vn 0.9657 0.2596 -0.0000
vn 0.4389 0.1504 -0.8859
vn 0.4387 0.1510 -0.8858
vn 0.4732 0.1648 -0.8654
vn 0.4730 0.1652 -0.8654
vn 0.8252 0.2201 -0.5203
vn 0.8247 0.2220 -0.5203
vn 0.9662 0.2579 -0.0000
vn 0.9657 0.2597 -0.0000
vn 0.9367 0.1974 0.2892
vn 0.9363 0.1987 0.2894
vn 0.6274 0.1769 -0.7583
vn 0.6828 0.1840 -0.7071
vn 0.7073 0.1991 -0.6783
vn 0.8249 0.2210 -0.5203
vn 0.6554 0.1756 -0.7346
vn 0.6557 0.1747 -0.7346
vn 0.5266 0.0912 0.8452
vn 0.5266 0.0913 0.8452
vn 0.9472 0.3207 -0.0000
vn 0.9467 0.3222 -0.0000
vn 0.4614 0.1954 -0.8654
vn 0.4612 0.1958 -0.8654
vn 0.9472 0.3205 -0.0000
vn 0.9466 0.3223 -0.0000
vn 0.4851 0.1254 0.8654
vn 0.4850 0.1259 0.8654
vn 0.6425 0.2181 -0.7346
vn 0.6428 0.2172 -0.7346
vn 0.4849 0.1259 0.8654
vn 0.5278 0.1284 0.8396
vn 0.5278 0.1285 0.8396
vn 0.4318 0.1798 -0.8839
vn 0.4317 0.1804 -0.8838
vn 0.8090 0.2736 -0.5203
vn 0.8084 0.2754 -0.5203
vn 0.9185 0.2569 0.3005
vn 0.9181 0.2581 0.3008
vn 0.6129 0.2172 -0.7598
vn 0.6693 0.2282 -0.7071
vn 0.6912 0.2445 -0.6800
vn 0.8087 0.2745 -0.5203
vn 0.9242 0.3818 -0.0000
vn 0.9235 0.3836 -0.0000
vn 0.4758 0.1569 0.8654
vn 0.4757 0.1573 0.8654
vn 0.9242 0.3819 -0.0000
vn 0.9236 0.3834 -0.0000
vn 0.4476 0.2251 -0.8654
vn 0.4474 0.2255 -0.8654
vn 0.6269 0.2597 -0.7346
vn 0.6273 0.2588 -0.7346
vn 0.5265 0.1662 0.8338
vn 0.5265 0.1663 0.8337
vn 0.9236 0.3835 -0.0000
vn 0.4228 0.2090 -0.8818
vn 0.4226 0.2096 -0.8817
vn 0.7894 0.3259 -0.5203
vn 0.7886 0.3277 -0.5203
vn 0.8965 0.3148 0.3117
vn 0.8960 0.3160 0.3120
vn 0.5958 0.2563 -0.7612
vn 0.6529 0.2715 -0.7071
vn 0.6723 0.2888 -0.6816
vn 0.7890 0.3268 -0.5203
vn 0.4645 0.1877 0.8654
vn 0.4644 0.1881 0.8654
vn 0.8972 0.4415 -0.0000
vn 0.8965 0.4430 -0.0000
vn 0.4319 0.2539 -0.8654
vn 0.4317 0.2543 -0.8654
vn 0.8973 0.4414 -0.0000
vn 0.8964 0.4431 -0.0000
vn 0.6086 0.3001 -0.7346
vn 0.6090 0.2993 -0.7346
vn 0.5228 0.2045 0.8276
vn 0.5228 0.2046 0.8276
vn 0.4119 0.2379 -0.8796
vn 0.4117 0.2384 -0.8796
vn 0.7664 0.3768 -0.5203
vn 0.7655 0.3786 -0.5203
vn 0.8708 0.3709 0.3228
vn 0.8702 0.3720 0.3231
vn 0.5762 0.2941 -0.7626
vn 0.6337 0.3136 -0.7071
vn 0.6505 0.3316 -0.6833
vn 0.7659 0.3777 -0.5203
vn 0.4144 0.2816 -0.8654
vn 0.4141 0.2820 -0.8654
vn 0.8665 0.4992 -0.0000
vn 0.8655 0.5008 -0.0000
vn 0.4513 0.2177 0.8654
vn 0.4511 0.2181 0.8654
vn 0.8664 0.4993 -0.0000
vn 0.8656 0.5007 -0.0000
vn 0.5876 0.3393 -0.7346
vn 0.5881 0.3385 -0.7346
vn 0.5164 0.2431 0.8211
vn 0.5164 0.2432 0.8211
vn 0.5867 0.3581 -0.7263
vn 0.3988 0.2667 -0.8774
vn 0.7401 0.4261 -0.5203
vn 0.8415 0.4249 0.3338
vn 0.8408 0.4260 0.3340
vn 0.5543 0.3304 -0.7640
vn 0.6119 0.3544 -0.7071
vn 0.6261 0.3727 -0.6849
vn 0.7396 0.4270 -0.5203
vn 0.4361 0.2467 0.8654
vn 0.4358 0.2471 0.8654
vn 0.8319 0.5549 -0.0000
vn 0.8310 0.5563 -0.0000
vn 0.3951 0.3081 -0.8654
vn 0.3948 0.3085 -0.8654
vn 0.8320 0.5548 -0.0000
vn 0.8309 0.5564 -0.0000
vn 0.4359 0.2471 0.8654
vn 0.5642 0.3770 -0.7346
vn 0.5647 0.3762 -0.7346
vn 0.5074 0.2819 0.8143
vn 0.5074 0.2820 0.8143
vn 0.5635 0.3966 -0.7247
vn 0.3840 0.2944 -0.8751
vn 0.7106 0.4736 -0.5203
vn 0.8087 0.4767 0.3446
vn 0.8080 0.4777 0.3448
vn 0.5301 0.3651 -0.7653
vn 0.5874 0.3937 -0.7071
vn 0.5990 0.4122 -0.6865
vn 0.7101 0.4745 -0.5203
vn 0.3741 0.3333 -0.8654
vn 0.3738 0.3336 -0.8654
vn 0.7939 0.6080 -0.0000
vn 0.7928 0.6095 -0.0000
vn 0.4190 0.2747 0.8654
vn 0.4188 0.2751 0.8654
vn 0.7939 0.6081 -0.0000
vn 0.7928 0.6094 -0.0000
vn 0.5383 0.4131 -0.7346
vn 0.5389 0.4124 -0.7346
vn 0.4958 0.3206 0.8071
vn 0.4957 0.3208 0.8071
vn 0.7929 0.6094 -0.0000
vn 0.5378 0.4336 -0.7230
vn 0.3674 0.3213 -0.8728
vn 0.6781 0.5191 -0.5203
vn 0.7728 0.5259 0.3553
vn 0.7720 0.5269 0.3555
vn 0.4187 0.2751 0.8654
vn 0.5037 0.3981 -0.7667
vn 0.5604 0.4312 -0.7071
vn 0.5695 0.4496 -0.6881
vn 0.6775 0.5199 -0.5203
vn 0.7525 0.6586 -0.0000
vn 0.7512 0.6601 -0.0000
vn 0.4001 0.3015 0.8654
vn 0.3999 0.3019 0.8654
vn 0.7524 0.6587 -0.0000
vn 0.7513 0.6600 -0.0000
vn 0.3515 0.3570 -0.8654
vn 0.3512 0.3574 -0.8654
vn 0.5098 0.4689 -0.7213
vn 0.3489 0.3473 -0.8704
vn 0.6427 0.5623 -0.5203
vn 0.7338 0.5725 0.3658
vn 0.7330 0.5734 0.3660
vn 0.4753 0.4293 -0.7680
vn 0.5310 0.4670 -0.7071
vn 0.5377 0.4851 -0.6896
vn 0.6421 0.5631 -0.5203
vn 0.5102 0.4474 -0.7346
vn 0.5108 0.4467 -0.7346
vn 0.4813 0.3592 0.7995
vn 0.4813 0.3594 0.7995
vn 0.7077 0.7065 -0.0000
vn 0.7065 0.7077 -0.0000
vn 0.3274 0.3793 -0.8654
vn 0.3270 0.3796 -0.8654
vn 0.7078 0.7064 -0.0000
vn 0.7064 0.7078 -0.0000
vn 0.3796 0.3270 0.8654
vn 0.3793 0.3274 0.8654
vn 0.3796 0.3271 0.8654
vn 0.4798 0.4798 -0.7346
vn 0.4805 0.4792 -0.7346
vn 0.4641 0.3975 0.7916
vn 0.4640 0.3976 0.7915
vn 0.4792 0.5026 -0.7196
vn 0.3285 0.3723 -0.8680
vn 0.6045 0.6034 -0.5201
vn 0.6919 0.6162 0.3763
vn 0.6911 0.6170 0.3764
vn 0.4451 0.4584 -0.7693
vn 0.4993 0.5007 -0.7071
vn 0.5037 0.5182 -0.6911
vn 0.6039 0.6039 -0.5203
vn 0.3271 0.3796 -0.8654
vn 0.3795 0.3270 0.8654
vn 0.6601 0.7512 -0.0000
vn 0.6586 0.7525 -0.0000
vn 0.3574 0.3512 0.8654
vn 0.3570 0.3515 0.8654
vn 0.6600 0.7513 -0.0000
vn 0.6587 0.7524 -0.0000
vn 0.4431 0.5375 -0.7175
vn 0.3031 0.3974 -0.8662
vn 0.3019 0.3999 -0.8654
vn 0.3015 0.4001 -0.8654
vn 0.5610 0.6473 -0.5160
vn 0.6475 0.6568 0.3865
vn 0.6466 0.6575 0.3867
vn 0.4130 0.4854 -0.7706
vn 0.4655 0.5323 -0.7071
vn 0.4677 0.5491 -0.6926
vn 0.5631 0.6421 -0.5203
vn 0.3573 0.3512 0.8654
vn 0.4474 0.5102 -0.7346
vn 0.4481 0.5096 -0.7346
vn 0.4441 0.4352 0.7832
vn 0.4440 0.4354 0.7832
vn 0.6094 0.7929 -0.0000
vn 0.6081 0.7939 -0.0000
vn 0.2751 0.4188 -0.8654
vn 0.2747 0.4190 -0.8654
vn 0.6095 0.7928 -0.0000
vn 0.6080 0.7939 -0.0000
vn 0.3336 0.3738 0.8654
vn 0.3333 0.3741 0.8654
vn 0.6094 0.7928 -0.0000
vn 0.4131 0.5383 -0.7346
vn 0.4138 0.5378 -0.7346
vn 0.4212 0.4722 0.7744
vn 0.4211 0.4723 0.7743
vn 0.4077 0.5731 -0.7108
vn 0.5175 0.6917 -0.5037
vn 0.6006 0.6942 0.3966
vn 0.5998 0.6948 0.3968
vn 0.3794 0.5102 -0.7718
vn 0.4297 0.5616 -0.7071
vn 0.4299 0.5774 -0.6941
vn 0.5199 0.6775 -0.5203
vn 0.5564 0.8309 -0.0000
vn 0.5548 0.8320 -0.0000
vn 0.3085 0.3948 0.8654
vn 0.3081 0.3951 0.8654
vn 0.5563 0.8310 -0.0000
vn 0.5549 0.8319 -0.0000
vn 0.2471 0.4358 -0.8654
vn 0.2467 0.4361 -0.8654
vn 0.3770 0.5642 -0.7346
vn 0.3777 0.5637 -0.7346
vn 0.3956 0.5082 0.7650
vn 0.3954 0.5084 0.7650
vn 0.4773 0.7314 -0.4871
vn 0.4760 0.7326 -0.4866
vn 0.5516 0.7283 0.4066
vn 0.5507 0.7288 0.4068
vn 0.3443 0.5327 -0.7731
vn 0.3920 0.5885 -0.7071
vn 0.3903 0.6032 -0.6956
vn 0.4745 0.7101 -0.5203
vn 0.5007 0.8656 -0.0000
vn 0.4993 0.8664 -0.0000
vn 0.2181 0.4511 -0.8654
vn 0.2177 0.4513 -0.8654
vn 0.5008 0.8655 -0.0000
vn 0.4992 0.8665 -0.0000
vn 0.2820 0.4141 0.8654
vn 0.2816 0.4144 0.8654
vn 0.3393 0.5876 -0.7346
vn 0.3401 0.5872 -0.7346
vn 0.3671 0.5431 0.7552
vn 0.3669 0.5433 0.7551
vn 0.4339 0.7687 -0.4699
vn 0.4325 0.7698 -0.4694
vn 0.5007 0.7589 0.4165
vn 0.4998 0.7593 0.4166
vn 0.3079 0.5529 -0.7743
vn 0.3527 0.6129 -0.7071
vn 0.3492 0.6262 -0.6970
vn 0.4270 0.7396 -0.5203
vn 0.4431 0.8964 -0.0000
vn 0.4414 0.8973 -0.0000
vn 0.2543 0.4317 0.8654
vn 0.2539 0.4319 0.8654
vn 0.4430 0.8965 -0.0000
vn 0.4415 0.8972 -0.0000
vn 0.1881 0.4644 -0.8654
vn 0.1877 0.4645 -0.8654
vn 0.3877 0.8033 -0.4522
vn 0.3862 0.8043 -0.4516
vn 0.4481 0.7859 0.4262
vn 0.4472 0.7863 0.4263
vn 0.2703 0.5705 -0.7755
vn 0.3119 0.6346 -0.7071
vn 0.3068 0.6465 -0.6985
vn 0.3777 0.7659 -0.5203
vn 0.3001 0.6086 -0.7346
vn 0.3009 0.6082 -0.7346
vn 0.3358 0.5766 0.7448
vn 0.3356 0.5768 0.7447
vn 0.1573 0.4757 -0.8654
vn 0.1569 0.4758 -0.8654
vn 0.3836 0.9235 -0.0000
vn 0.3818 0.9242 -0.0000
vn 0.2255 0.4474 0.8654
vn 0.2251 0.4476 0.8654
vn 0.3835 0.9236 -0.0000
vn 0.3819 0.9242 -0.0000
vn 0.3834 0.9236 -0.0000
vn 0.2597 0.6269 -0.7346
vn 0.2605 0.6266 -0.7346
vn 0.3018 0.6086 0.7339
vn 0.3015 0.6088 0.7338
vn 0.3387 0.8349 -0.4339
vn 0.3371 0.8358 -0.4333
vn 0.3941 0.8092 0.4357
vn 0.3932 0.8096 0.4359
vn 0.2318 0.5856 -0.7767
vn 0.2697 0.6536 -0.7071
vn 0.2632 0.6640 -0.6999
vn 0.3268 0.7890 -0.5203
vn 0.1958 0.4612 0.8654
vn 0.1954 0.4614 0.8654
vn 0.3222 0.9467 -0.0000
vn 0.3207 0.9472 -0.0000
vn 0.1259 0.4850 -0.8654
vn 0.1254 0.4851 -0.8654
vn 0.3223 0.9466 -0.0000
vn 0.3205 0.9472 -0.0000
vn 0.2181 0.6425 -0.7346
vn 0.2190 0.6423 -0.7346
vn 0.2650 0.6388 0.7223
vn 0.2647 0.6390 0.7222
vn 0.1259 0.4849 -0.8654
vn 0.1255 0.4851 -0.8654
vn 0.2872 0.8633 -0.4151
vn 0.2855 0.8641 -0.4145
vn 0.3390 0.8288 0.4451
vn 0.3381 0.8291 0.4452
vn 0.1953 0.4614 0.8654
vn 0.1924 0.5982 -0.7779
vn 0.2264 0.6699 -0.7071
vn 0.2187 0.6785 -0.7012
vn 0.2745 0.8087 -0.5203
vn 0.1954 0.4613 0.8654
vn 0.1734 0.6901 -0.7026
vn 0.1524 0.6081 -0.7791
vn 0.0939 0.4921 -0.8654
vn 0.0935 0.4922 -0.8654
vn 0.2210 0.8249 -0.5203
vn 0.2597 0.9657 -0.0000
vn 0.2579 0.9662 -0.0000
vn 0.1652 0.4730 0.8654
vn 0.1648 0.4732 0.8654
vn 0.2596 0.9657 -0.0000
vn 0.2580 0.9661 -0.0000
vn 0.1648 0.4731 0.8654
vn 0.1756 0.6554 -0.7346
vn 0.1765 0.6552 -0.7346
vn 0.2257 0.6669 0.7101
vn 0.2253 0.6672 0.7100
vn 0.2333 0.8882 -0.3957
vn 0.2316 0.8890 -0.3951
vn 0.2830 0.8447 0.4544
vn 0.2821 0.8449 0.4545
vn 0.1821 0.6833 -0.7071
vn 0.1339 0.4828 0.8654
vn 0.1335 0.4829 0.8654
vn 0.1959 0.9806 -0.0000
vn 0.1943 0.9809 -0.0000
vn 0.0615 0.4972 -0.8654
vn 0.0611 0.4973 -0.8654
vn 0.1960 0.9806 -0.0000
vn 0.1942 0.9810 -0.0000
vn 0.1774 0.9096 -0.3758
vn 0.1756 0.9102 -0.3751
vn 0.2263 0.8567 0.4635
vn 0.2254 0.8569 0.4636
vn 0.1119 0.6154 -0.7802
vn 0.1370 0.6937 -0.7071
vn 0.1276 0.6987 -0.7040
vn 0.1666 0.8376 -0.5203
vn 0.1324 0.6655 -0.7346
vn 0.1332 0.6653 -0.7346
vn 0.1838 0.6929 0.6972
vn 0.1834 0.6931 0.6971
vn 0.0289 0.5002 -0.8654
vn 0.0284 0.5002 -0.8654
vn 0.1315 0.9913 -0.0000
vn 0.1296 0.9916 -0.0000
vn 0.1020 0.4905 0.8654
vn 0.1016 0.4906 0.8654
vn 0.1313 0.9913 -0.0000
vn 0.1297 0.9916 -0.0000
vn 0.0288 0.5002 -0.8654
vn 0.0886 0.6727 -0.7346
vn 0.0894 0.6726 -0.7346
vn 0.1394 0.7164 0.6836
vn 0.1390 0.7166 0.6835
vn 0.1197 0.9271 -0.3553
vn 0.1178 0.9275 -0.3547
vn 0.1692 0.8650 0.4724
vn 0.1684 0.8651 0.4726
vn 0.0712 0.6200 -0.7813
vn 0.0914 0.7012 -0.7071
vn 0.0813 0.7042 -0.7053
vn 0.1115 0.8467 -0.5203
vn 0.0697 0.4961 0.8654
vn 0.0693 0.4962 0.8654
vn 0.0662 0.9978 -0.0000
vn 0.0646 0.9979 -0.0000
vn -0.0039 0.5010 -0.8654
vn -0.0044 0.5010 -0.8654
vn 0.0664 0.9978 -0.0000
vn 0.0644 0.9979 -0.0000
vn 0.0697 0.4962 0.8654
vn 0.0444 0.6771 -0.7346
vn 0.0453 0.6770 -0.7346
vn 0.0928 0.7372 0.6693
vn 0.0923 0.7374 0.6692
vn 0.0604 0.9405 -0.3343
vn 0.0585 0.9409 -0.3337
vn 0.1121 0.8694 0.4812
vn 0.1112 0.8694 0.4814
vn 0.0303 0.6220 -0.7825
vn 0.0453 0.7057 -0.7071
vn 0.0349 0.7068 -0.7066
vn 0.0559 0.8522 -0.5203
vn -0.0367 0.4997 -0.8654
vn -0.0371 0.4996 -0.8654
vn 0.0010 1.0000 -0.0000
vn -0.0010 1.0000 -0.0000
vn 0.0371 0.4996 0.8654
vn 0.0367 0.4997 0.8654
vn 0.0008 1.0000 -0.0000
vn -0.0008 1.0000 -0.0000
vn 0.0371 0.4997 0.8654
vn -0.0000 0.6786 -0.7346
vn 0.0009 0.6786 -0.7346
vn 0.0440 0.7551 0.6542
vn 0.0435 0.7552 0.6540
vn -0.0002 0.9498 -0.3128
vn -0.0020 0.9500 -0.3121
vn 0.0550 0.8700 0.4899
vn 0.0542 0.8700 0.4900
vn -0.0105 0.6212 -0.7836
vn -0.0009 0.7071 -0.7071
vn -0.0115 0.7062 -0.7079
vn -0.0000 0.8540 -0.5203
vn -0.0693 0.4962 -0.8654
vn -0.0697 0.4961 -0.8654
vn -0.0644 0.9979 -0.0000
vn -0.0664 0.9978 -0.0000
vn 0.0044 0.5010 0.8654
vn 0.0039 0.5010 0.8654
vn -0.0646 0.9979 -0.0000
vn -0.0662 0.9978 -0.0000
vn 0.0044 0.5010 0.8655
vn 0.0039 0.5010 0.8655
vn -0.0435 0.6772 -0.7346
vn -0.0444 0.6771 -0.7346
vn -0.0068 0.7699 0.6382
vn -0.0073 0.7700 0.6380
vn -0.0616 0.9548 -0.2908
vn -0.0635 0.9549 -0.2901
vn -0.0016 0.8669 0.4985
vn -0.0024 0.8668 0.4986
vn -0.0511 0.6178 -0.7846
vn -0.0472 0.7055 -0.7071
vn -0.0577 0.7027 -0.7092
vn -0.0559 0.8522 -0.5203
vn -0.0284 0.5002 0.8654
vn -0.0289 0.5002 0.8654
vn -0.1297 0.9916 -0.0000
vn -0.1313 0.9913 -0.0000
vn -0.1016 0.4906 -0.8654
vn -0.1020 0.4905 -0.8654
vn -0.1296 0.9916 -0.0000
vn -0.1315 0.9913 -0.0000
vn -0.0284 0.5002 0.8655
vn -0.0288 0.5002 0.8655
vn -0.0288 0.5002 0.8654
vn -0.0877 0.6729 -0.7346
vn -0.0886 0.6727 -0.7346
vn -0.0593 0.7813 0.6213
vn -0.0599 0.7814 0.6211
vn -0.1236 0.9554 -0.2684
vn -0.1256 0.9553 -0.2677
vn -0.0576 0.8601 0.5068
vn -0.0583 0.8600 0.5070
vn -0.0913 0.6118 -0.7857
vn -0.0932 0.7009 -0.7071
vn -0.1034 0.6961 -0.7104
vn -0.1115 0.8467 -0.5203
vn -0.1335 0.4829 -0.8654
vn -0.1339 0.4828 -0.8654
vn -0.1942 0.9810 -0.0000
vn -0.1960 0.9806 -0.0000
vn -0.0611 0.4973 0.8654
vn -0.0615 0.4972 0.8654
vn -0.1943 0.9809 -0.0000
vn -0.1959 0.9806 -0.0000
vn -0.1315 0.6657 -0.7346
vn -0.1324 0.6655 -0.7346
vn -0.1134 0.7892 0.6036
vn -0.1141 0.7893 0.6034
vn -0.1859 0.9514 -0.2454
vn -0.1878 0.9512 -0.2447
vn -0.1127 0.8497 0.5151
vn -0.1134 0.8495 0.5152
vn -0.1309 0.6032 -0.7868
vn -0.1389 0.6933 -0.7071
vn -0.1486 0.6866 -0.7117
vn -0.1666 0.8376 -0.5203
vn -0.0610 0.4973 0.8655
vn -0.0615 0.4972 0.8655
vn -0.2579 0.9662 -0.0000
vn -0.2597 0.9657 -0.0000
vn -0.0934 0.4922 0.8654
vn -0.0939 0.4921 0.8654
vn -0.2580 0.9661 -0.0000
vn -0.2596 0.9657 -0.0000
vn -0.1648 0.4732 -0.8654
vn -0.1652 0.4730 -0.8654
vn -0.0935 0.4922 0.8654
vn -0.0939 0.4922 0.8654
vn -0.1748 0.6557 -0.7346
vn -0.1756 0.6554 -0.7346
vn -0.1689 0.7934 0.5849
vn -0.1696 0.7934 0.5846
vn -0.2481 0.9429 -0.2221
vn -0.2500 0.9426 -0.2214
vn -0.1667 0.8357 0.5232
vn -0.1674 0.8355 0.5233
vn -0.1698 0.5921 -0.7878
vn -0.1839 0.6828 -0.7071
vn -0.1929 0.6742 -0.7129
vn -0.2210 0.8249 -0.5203
vn -0.0934 0.4922 0.8655
vn -0.0939 0.4921 0.8655
vn -0.3207 0.9472 -0.0000
vn -0.3222 0.9467 -0.0000
vn -0.1954 0.4614 -0.8654
vn -0.1958 0.4612 -0.8654
vn -0.3205 0.9472 -0.0000
vn -0.3223 0.9466 -0.0000
vn -0.1254 0.4851 0.8654
vn -0.1259 0.4850 0.8654
vn -0.2173 0.6428 -0.7346
vn -0.2181 0.6425 -0.7346
vn -0.1259 0.4849 0.8654
vn -0.2254 0.7936 0.5652
vn -0.2262 0.7936 0.5649
vn -0.3097 0.9299 -0.1984
vn -0.3116 0.9294 -0.1977
vn -0.2194 0.8184 0.5312
vn -0.2200 0.8181 0.5313
vn -0.2078 0.5784 -0.7888
vn -0.2282 0.6693 -0.7071
vn -0.2363 0.6590 -0.7141
vn -0.2745 0.8087 -0.5203
vn -0.1953 0.4614 -0.8654
vn -0.1254 0.4850 0.8655
vn -0.1259 0.4849 0.8655
vn -0.3705 0.9123 -0.1743
vn -0.3724 0.9117 -0.1736
vn -0.3818 0.9242 -0.0000
vn -0.3836 0.9235 -0.0000
vn -0.2705 0.7977 0.5390
vn -0.2711 0.7974 0.5391
vn -0.1569 0.4758 0.8654
vn -0.1573 0.4757 0.8654
vn -0.2448 0.5624 -0.7898
vn -0.2715 0.6529 -0.7071
vn -0.3819 0.9242 -0.0000
vn -0.3834 0.9236 -0.0000
vn -0.2785 0.6409 -0.7153
vn -0.2251 0.4476 -0.8654
vn -0.2255 0.4474 -0.8654
vn -0.3247 0.7906 -0.5192
vn -0.1569 0.4758 0.8655
vn -0.1573 0.4756 0.8655
vn -0.2589 0.6272 -0.7346
vn -0.2597 0.6269 -0.7346
vn -0.2826 0.7897 0.5445
vn -0.2835 0.7896 0.5442
vn -0.1877 0.4645 0.8654
vn -0.1881 0.4644 0.8654
vn -0.4415 0.8972 -0.0000
vn -0.4430 0.8965 -0.0000
vn -0.2539 0.4319 -0.8654
vn -0.2543 0.4317 -0.8654
vn -0.4414 0.8973 -0.0000
vn -0.4431 0.8964 -0.0000
vn -0.4301 0.8902 -0.1499
vn -0.4319 0.8895 -0.1492
vn -0.3199 0.7738 0.5467
vn -0.3204 0.7735 0.5468
vn -0.2805 0.5439 -0.7908
vn -0.3136 0.6338 -0.7071
vn -0.3193 0.6202 -0.7165
vn -0.3742 0.7705 -0.5161
vn -0.3215 0.7889 -0.5237
vn -0.3445 0.7109 -0.6131
vn -0.1877 0.4645 0.8655
vn -0.1881 0.4643 0.8655
vn -0.2994 0.6090 -0.7346
vn -0.3001 0.6086 -0.7346
vn -0.3403 0.7816 0.5227
vn -0.3412 0.7815 0.5224
vn -0.1877 0.4646 0.8654
vn -0.4993 0.8664 -0.0000
vn -0.5007 0.8656 -0.0000
vn -0.2816 0.4144 -0.8654
vn -0.2820 0.4141 -0.8654
vn -0.4992 0.8665 -0.0000
vn -0.5008 0.8655 -0.0000
vn -0.2177 0.4513 0.8654
vn -0.2181 0.4511 0.8654
vn -0.2177 0.4512 0.8655
vn -0.2181 0.4510 0.8655
vn -0.3385 0.5881 -0.7346
vn -0.3393 0.5876 -0.7346
vn -0.4657 0.8467 0.2575
vn -0.3990 0.7690 0.4995
vn -0.4881 0.8637 -0.1253
vn -0.4898 0.8629 -0.1245
vn -0.3673 0.7469 0.5542
vn -0.3678 0.7466 0.5543
vn -0.3149 0.5233 -0.7918
vn -0.3544 0.6119 -0.7071
vn -0.3587 0.5969 -0.7176
vn -0.4247 0.7466 -0.5120
vn -0.3915 0.6896 -0.6093
vn -0.5548 0.8320 -0.0000
vn -0.5564 0.8309 -0.0000
vn -0.2467 0.4361 0.8654
vn -0.2471 0.4358 0.8654
vn -0.5549 0.8319 -0.0000
vn -0.5563 0.8310 -0.0000
vn -0.3081 0.3951 -0.8654
vn -0.3085 0.3948 -0.8654
vn -0.2467 0.4360 0.8655
vn -0.2471 0.4358 0.8655
vn -0.2471 0.4359 0.8654
vn -0.3763 0.5647 -0.7346
vn -0.3770 0.5642 -0.7346
vn -0.5223 0.8170 0.2443
vn -0.4565 0.7520 0.4755
vn -0.5441 0.8330 -0.1004
vn -0.5458 0.8320 -0.0996
vn -0.4126 0.7172 0.5617
vn -0.4131 0.7168 0.5617
vn -0.3478 0.5005 -0.7928
vn -0.3936 0.5874 -0.7071
vn -0.3963 0.5712 -0.7188
vn -0.4737 0.7195 -0.5078
vn -0.4371 0.6652 -0.6053
vn -0.6081 0.7939 -0.0000
vn -0.6094 0.7928 -0.0000
vn -0.3333 0.3741 -0.8654
vn -0.3336 0.3738 -0.8654
vn -0.6080 0.7939 -0.0000
vn -0.6095 0.7928 -0.0000
vn -0.2747 0.4190 0.8654
vn -0.2751 0.4188 0.8654
vn -0.4124 0.5388 -0.7346
vn -0.4131 0.5383 -0.7346
vn -0.2751 0.4187 0.8654
vn -0.5770 0.7835 0.2307
vn -0.5134 0.7304 0.4504
vn -0.5979 0.7981 -0.0753
vn -0.5994 0.7969 -0.0745
vn -0.4556 0.6847 0.5689
vn -0.4560 0.6843 0.5690
vn -0.3791 0.4756 -0.7937
vn -0.4312 0.5604 -0.7071
vn -0.4322 0.5431 -0.7199
vn -0.5210 0.6891 -0.5036
vn -0.4812 0.6378 -0.6014
vn -0.2747 0.4190 0.8655
vn -0.2751 0.4187 0.8655
vn -0.3570 0.3515 -0.8654
vn -0.3574 0.3512 -0.8654
vn -0.6586 0.7525 -0.0000
vn -0.6601 0.7512 -0.0000
vn -0.3015 0.4001 0.8654
vn -0.3019 0.3999 0.8654
vn -0.6587 0.7524 -0.0000
vn -0.6600 0.7513 -0.0000
vn -0.4468 0.5107 -0.7346
vn -0.4474 0.5102 -0.7346
vn -0.6295 0.7462 0.2166
vn -0.5692 0.7043 0.4242
vn -0.6489 0.7592 -0.0501
vn -0.6504 0.7580 -0.0493
vn -0.4961 0.6496 0.5761
vn -0.4965 0.6493 0.5762
vn -0.4087 0.4489 -0.7947
vn -0.4669 0.5310 -0.7071
vn -0.4661 0.5127 -0.7211
vn -0.5664 0.6557 -0.4993
vn -0.5236 0.6075 -0.5973
vn -0.3015 0.4001 0.8655
vn -0.3019 0.3998 0.8655
vn -0.7064 0.7078 -0.0000
vn -0.7078 0.7064 -0.0000
vn -0.5641 0.5743 -0.5932
vn -0.6095 0.6192 -0.4950
vn -0.3270 0.3796 0.8654
vn -0.3274 0.3793 0.8654
vn -0.7065 0.7077 -0.0000
vn -0.7077 0.7065 -0.0000
vn -0.3793 0.3274 -0.8654
vn -0.3796 0.3270 -0.8654
vn -0.3270 0.3795 0.8655
vn -0.3274 0.3792 0.8655
vn -0.3271 0.3796 0.8654
vn -0.4792 0.4804 -0.7346
vn -0.4798 0.4798 -0.7346
vn -0.6795 0.7053 0.2021
vn -0.6234 0.6737 0.3969
vn -0.6972 0.7164 -0.0250
vn -0.6986 0.7151 -0.0242
vn -0.5341 0.6121 0.5832
vn -0.5344 0.6117 0.5833
vn -0.4363 0.4203 -0.7956
vn -0.5006 0.4994 -0.7071
vn -0.4978 0.4803 -0.7222
vn -0.7513 0.6600 -0.0000
vn -0.7524 0.6587 -0.0000
vn -0.3999 0.3019 -0.8654
vn -0.4001 0.3015 -0.8654
vn -0.7512 0.6601 -0.0000
vn -0.7525 0.6586 -0.0000
vn -0.3512 0.3574 0.8654
vn -0.3515 0.3570 0.8654
vn -0.3511 0.3573 0.8655
vn -0.3515 0.3570 0.8655
vn -0.3515 0.3571 0.8654
vn -0.5096 0.4480 -0.7346
vn -0.5102 0.4474 -0.7346
vn -0.3512 0.3573 0.8654
vn -0.7268 0.6609 0.1872
vn -0.6756 0.6385 0.3685
vn -0.7468 0.6650 -0.0063
vn -0.7483 0.6633 -0.0059
vn -0.5712 0.5673 0.5932
vn -0.5717 0.5667 0.5933
vn -0.4620 0.3900 -0.7965
vn -0.5322 0.4655 -0.7071
vn -0.5274 0.4459 -0.7232
vn -0.6504 0.5799 -0.4906
vn -0.6025 0.5385 -0.5891
vn -0.4188 0.2751 -0.8654
vn -0.4190 0.2747 -0.8654
vn -0.7928 0.6095 -0.0000
vn -0.7939 0.6080 -0.0000
vn -0.3738 0.3336 0.8654
vn -0.3741 0.3333 0.8654
vn -0.7928 0.6094 -0.0000
vn -0.7939 0.6081 -0.0000
vn -0.5378 0.4137 -0.7346
vn -0.5383 0.4131 -0.7346
vn -0.7710 0.6132 0.1718
vn -0.7255 0.5990 0.3390
vn -0.4187 0.2751 -0.8654
vn -0.7929 0.6094 -0.0000
vn -0.6017 0.5184 0.6077
vn -0.6020 0.5177 0.6079
vn -0.4856 0.3581 -0.7975
vn -0.5615 0.4297 -0.7071
vn -0.5546 0.4097 -0.7243
vn -0.6887 0.5379 -0.4861
vn -0.6387 0.5001 -0.5848
vn -0.3738 0.3336 0.8655
vn -0.3741 0.3333 0.8655
vn -0.3948 0.3085 0.8654
vn -0.3951 0.3081 0.8654
vn -0.8310 0.5563 -0.0000
vn -0.8319 0.5549 -0.0000
vn -0.4358 0.2471 -0.8654
vn -0.4361 0.2467 -0.8654
vn -0.8309 0.5564 -0.0000
vn -0.8320 0.5548 -0.0000
vn -0.5637 0.3777 -0.7345
vn -0.5642 0.3770 -0.7345
vn -0.8119 0.5625 0.1560
vn -0.7724 0.5552 0.3085
vn -0.6235 0.4711 0.6240
vn -0.6237 0.4705 0.6242
vn -0.5070 0.3249 -0.7983
vn -0.5884 0.3921 -0.7071
vn -0.5793 0.3718 -0.7254
vn -0.7243 0.4934 -0.4816
vn -0.6724 0.4592 -0.5806
vn -0.3948 0.3084 0.8655
vn -0.3951 0.3081 0.8655
vn -0.4511 0.2181 -0.8654
vn -0.4513 0.2177 -0.8654
vn -0.8655 0.5008 -0.0000
vn -0.8665 0.4992 -0.0000
vn -0.6418 0.4233 0.6394
vn -0.6421 0.4227 0.6396
vn -0.4141 0.2820 0.8654
vn -0.4144 0.2816 0.8654
vn -0.5262 0.2904 -0.7992
vn -0.6128 0.3528 -0.7071
vn -0.8656 0.5007 -0.0000
vn -0.8664 0.4993 -0.0000
vn -0.6014 0.3325 -0.7264
vn -0.7570 0.4466 -0.4770
vn -0.7034 0.4161 -0.5762
vn -0.4141 0.2820 0.8655
vn -0.4144 0.2816 0.8655
vn -0.4142 0.2820 0.8654
vn -0.5872 0.3400 -0.7346
vn -0.5876 0.3393 -0.7346
vn -0.8494 0.5089 0.1398
vn -0.8160 0.5073 0.2770
vn -0.4317 0.2543 0.8654
vn -0.4319 0.2539 0.8654
vn -0.8965 0.4430 -0.0000
vn -0.8972 0.4415 -0.0000
vn -0.4644 0.1881 -0.8654
vn -0.4645 0.1877 -0.8654
vn -0.8964 0.4431 -0.0000
vn -0.8973 0.4414 -0.0000
vn -0.6082 0.3009 -0.7346
vn -0.6086 0.3001 -0.7346
vn -0.8831 0.4527 0.1233
vn -0.8559 0.4557 0.2445
vn -0.6568 0.3751 0.6542
vn -0.6569 0.3745 0.6543
vn -0.5430 0.2548 -0.8001
vn -0.6346 0.3119 -0.7071
vn -0.4373 0.1897 -0.8791
vn -0.7867 0.3975 -0.4724
vn -0.7664 0.3767 -0.5203
vn -0.7317 0.3709 -0.5718
vn -0.4317 0.2543 0.8655
vn -0.4319 0.2539 0.8655
vn -0.9236 0.3835 -0.0000
vn -0.9242 0.3819 -0.0000
vn -0.4757 0.1573 -0.8654
vn -0.4758 0.1569 -0.8654
vn -0.9235 0.3836 -0.0000
vn -0.9242 0.3818 -0.0000
vn -0.4474 0.2255 0.8654
vn -0.4476 0.2251 0.8654
vn -0.9236 0.3834 -0.0000
vn -0.4474 0.2255 0.8655
vn -0.4476 0.2251 0.8655
vn -0.6266 0.2604 -0.7346
vn -0.6269 0.2597 -0.7346
vn -0.9129 0.3942 0.1064
vn -0.8916 0.4006 0.2112
vn -0.6684 0.3268 0.6682
vn -0.6685 0.3263 0.6683
vn -0.5575 0.2183 -0.8010
vn -0.6536 0.2698 -0.7071
vn -0.4464 0.1596 -0.8805
vn -0.8132 0.3465 -0.4677
vn -0.7894 0.3258 -0.5203
vn -0.7571 0.3238 -0.5674
vn -0.9466 0.3223 -0.0000
vn -0.9472 0.3205 -0.0000
vn -0.4612 0.1958 0.8654
vn -0.4614 0.1954 0.8654
vn -0.9467 0.3222 -0.0000
vn -0.9472 0.3207 -0.0000
vn -0.4850 0.1259 -0.8654
vn -0.4851 0.1254 -0.8654
vn -0.4612 0.1958 0.8655
vn -0.4613 0.1953 0.8655
vn -0.4849 0.1259 -0.8654
vn -0.6423 0.2189 -0.7346
vn -0.6425 0.2181 -0.7346
vn -0.9385 0.3336 0.0892
vn -0.9227 0.3424 0.1772
vn -0.6766 0.2787 0.6815
vn -0.6767 0.2782 0.6817
vn -0.5695 0.1809 -0.8018
vn -0.6699 0.2264 -0.7071
vn -0.4535 0.1292 -0.8818
vn -0.8363 0.2937 -0.4629
vn -0.8090 0.2735 -0.5203
vn -0.7795 0.2749 -0.5629
vn -0.6533 0.2706 -0.7071
vn -0.6696 0.2273 -0.7071
vn -0.9657 0.2596 -0.0000
vn -0.9661 0.2580 -0.0000
vn -0.4921 0.0939 -0.8654
vn -0.4922 0.0935 -0.8654
vn -0.9657 0.2597 -0.0000
vn -0.9662 0.2579 -0.0000
vn -0.4730 0.1652 0.8654
vn -0.4732 0.1648 0.8654
vn -0.6552 0.1764 -0.7346
vn -0.6554 0.1756 -0.7346
vn -0.4731 0.1648 0.8654
vn -0.9598 0.2712 0.0717
vn -0.9489 0.2815 0.1425
vn -0.6817 0.2309 0.6942
vn -0.6818 0.2304 0.6943
vn -0.5790 0.1429 -0.8027
vn -0.6832 0.1821 -0.7071
vn -0.4586 0.0985 -0.8832
vn -0.8561 0.2394 -0.4581
vn -0.8252 0.2200 -0.5203
vn -0.7987 0.2245 -0.5583
vn -0.6830 0.1830 -0.7071
vn -0.4730 0.1652 0.8655
vn -0.4731 0.1648 0.8655
vn -0.4972 0.0615 -0.8654
vn -0.4973 0.0611 -0.8654
vn -0.9806 0.1960 -0.0000
vn -0.9810 0.1942 -0.0000
vn -0.4828 0.1339 0.8654
vn -0.4829 0.1335 0.8654
vn -0.9806 0.1959 -0.0000
vn -0.9809 0.1943 -0.0000
vn -0.4828 0.1339 0.8655
vn -0.4829 0.1335 0.8655
vn -0.6654 0.1332 -0.7346
vn -0.6655 0.1324 -0.7346
vn -0.9768 0.2074 0.0541
vn -0.9699 0.2184 0.1073
vn -0.6837 0.1837 0.7063
vn -0.6837 0.1833 0.7064
vn -0.5861 0.1045 -0.8035
vn -0.6937 0.1371 -0.7071
vn -0.4616 0.0677 -0.8845
vn -0.8723 0.1837 -0.4532
vn -0.8378 0.1655 -0.5203
vn -0.8146 0.1728 -0.5536
vn -0.6935 0.1379 -0.7071
vn -0.4905 0.1020 0.8654
vn -0.4906 0.1016 0.8654
vn -0.9913 0.1313 -0.0000
vn -0.9916 0.1297 -0.0000
vn -0.5002 0.0288 -0.8654
vn -0.5002 0.0284 -0.8654
vn -0.9913 0.1315 -0.0000
vn -0.9916 0.1296 -0.0000
vn -0.5002 0.0289 -0.8654
vn -0.6726 0.0894 -0.7346
vn -0.6727 0.0886 -0.7346
vn -0.9891 0.1425 0.0363
vn -0.9855 0.1535 0.0716
vn -0.6826 0.1373 0.7178
vn -0.6826 0.1368 0.7179
vn -0.5906 0.0657 -0.8043
vn -0.7012 0.0914 -0.7071
vn -0.4625 0.0369 -0.8858
vn -0.8849 0.1269 -0.4482
vn -0.8468 0.1104 -0.5203
vn -0.8272 0.1199 -0.5489
vn -0.7011 0.0923 -0.7071
vn -0.4905 0.1020 0.8655
vn -0.4906 0.1016 0.8655
vn -0.5010 -0.0039 -0.8654
vn -0.5010 -0.0044 -0.8654
vn -0.9978 0.0664 -0.0000
vn -0.9979 0.0644 -0.0000
vn -0.6770 0.0452 -0.7345
vn -0.6771 0.0444 -0.7345
vn -0.4961 0.0697 0.8654
vn -0.4962 0.0693 0.8654
vn -0.9969 0.0769 0.0183
vn -0.9955 0.0875 0.0357
vn -0.9978 0.0662 -0.0000
vn -0.9979 0.0646 -0.0000
vn -0.6787 0.0917 0.7287
vn -0.6786 0.0913 0.7288
vn -0.5925 0.0269 -0.8051
vn -0.7057 0.0454 -0.7071
vn -0.4615 0.0063 -0.8871
vn -0.8937 0.0693 -0.4432
vn -0.8523 0.0548 -0.5203
vn -0.8364 0.0661 -0.5442
vn -0.7056 0.0462 -0.7071
vn -0.4961 0.0697 0.8655
vn -0.4962 0.0693 0.8655
vn -0.4962 0.0697 0.8654
vn -0.4996 0.0371 0.8654
vn -0.4997 0.0367 0.8654
vn -1.0000 0.0008 -0.0000
vn -1.0000 -0.0008 -0.0000
vn -0.4997 -0.0367 -0.8654
vn -0.4996 -0.0371 -0.8654
vn -1.0000 0.0010 -0.0000
vn -1.0000 -0.0010 -0.0000
vn -0.4996 0.0371 0.8655
vn -0.4996 0.0367 0.8655
vn -0.4997 0.0371 0.8654
vn -0.6784 0.0222 -0.7343
vn -1.0000 0.0057 0.0046
vn -0.6720 0.0473 0.7391
vn -0.6719 0.0469 0.7392
vn -0.5919 -0.0120 -0.8059
vn -0.7071 -0.0009 -0.7071
vn -0.4585 -0.0240 -0.8884
vn -0.8988 0.0111 -0.4382
vn -0.8540 -0.0011 -0.5203
vn -0.8420 0.0117 -0.5394
vn -0.7071 -0.0000 -0.7071
vn -0.4962 -0.0693 -0.8654
vn -0.4961 -0.0697 -0.8654
vn -0.9979 -0.0644 -0.0000
vn -0.9978 -0.0664 -0.0000
vn -0.5010 0.0044 0.8654
vn -0.5010 0.0039 0.8654
vn -0.9979 -0.0646 -0.0000
vn -0.9978 -0.0662 -0.0000
vn -0.5010 0.0044 0.8655
vn -0.5010 0.0039 0.8655
vn -0.6626 0.0040 0.7490
vn -0.6625 0.0037 0.7490
vn -0.5888 -0.0507 -0.8067
vn -0.7055 -0.0471 -0.7071
vn -0.4535 -0.0538 -0.8896
vn -0.9001 -0.0475 -0.4330
vn -0.8521 -0.0569 -0.5203
vn -0.8441 -0.0433 -0.5345
vn -0.7056 -0.0462 -0.7071
vn -0.5002 -0.0284 0.8654
vn -0.5002 -0.0288 0.8654
vn -0.9916 -0.1297 -0.0000
vn -0.9913 -0.1313 -0.0000
vn -0.4906 -0.1016 -0.8654
vn -0.4905 -0.1020 -0.8654
vn -0.9916 -0.1296 -0.0000
vn -0.9913 -0.1315 -0.0000
vn -0.5002 -0.0289 0.8654
vn -0.6507 -0.0378 0.7584
vn -0.6506 -0.0381 0.7584
vn -0.5831 -0.0890 -0.8075
vn -0.7009 -0.0932 -0.7071
vn -0.4466 -0.0832 -0.8908
vn -0.8976 -0.1063 -0.4279
vn -0.8466 -0.1125 -0.5203
vn -0.8425 -0.0984 -0.5296
vn -0.7011 -0.0923 -0.7071
vn -0.5002 -0.0284 0.8655
vn -0.5002 -0.0288 0.8655
vn -0.9809 -0.1943 -0.0000
vn -0.9806 -0.1959 -0.0000
vn -0.4829 -0.1335 -0.8654
vn -0.4828 -0.1339 -0.8654
vn -0.9810 -0.1942 -0.0000
vn -0.9806 -0.1960 -0.0000
vn -0.4973 -0.0611 0.8654
vn -0.4972 -0.0615 0.8654
vn -0.6365 -0.0781 0.7673
vn -0.6364 -0.0784 0.7674
vn -0.5750 -0.1267 -0.8083
vn -0.6933 -0.1388 -0.7071
vn -0.4379 -0.1118 -0.8921
vn -0.8912 -0.1649 -0.4226
vn -0.8374 -0.1677 -0.5203
vn -0.8374 -0.1535 -0.5246
vn -0.6935 -0.1379 -0.7071
vn -0.4973 -0.0611 0.8655
vn -0.4972 -0.0615 0.8655
vn -0.9662 -0.2579 -0.0000
vn -0.9657 -0.2597 -0.0000
vn -0.4922 -0.0935 0.8654
vn -0.4921 -0.0939 0.8654
vn -0.9661 -0.2580 -0.0000
vn -0.9657 -0.2596 -0.0000
vn -0.4732 -0.1648 -0.8654
vn -0.4730 -0.1652 -0.8654
vn -0.4922 -0.0934 0.8655
vn -0.4921 -0.0939 0.8655
vn -0.4731 -0.1648 -0.8654
vn -0.4922 -0.0939 0.8654
vn -0.4922 -0.0934 0.8654
vn -0.6200 -0.1169 0.7759
vn -0.6199 -0.1171 0.7759
vn -0.5645 -0.1639 -0.8090
vn -0.6828 -0.1839 -0.7071
vn -0.4273 -0.1397 -0.8932
vn -0.8810 -0.2231 -0.4173
vn -0.8246 -0.2221 -0.5203
vn -0.8286 -0.2084 -0.5195
vn -0.6830 -0.1830 -0.7071
vn -0.9472 -0.3207 -0.0000
vn -0.9467 -0.3222 -0.0000
vn -0.4614 -0.1954 -0.8654
vn -0.4612 -0.1958 -0.8654
vn -0.9472 -0.3205 -0.0000
vn -0.9466 -0.3223 -0.0000
vn -0.4850 -0.1254 0.8655
vn -0.4849 -0.1259 0.8655
vn -0.4614 -0.1953 -0.8654
vn -0.4851 -0.1254 0.8654
vn -0.4850 -0.1259 0.8654
vn -0.4849 -0.1259 0.8654
vn -0.6014 -0.1538 0.7840
vn -0.6013 -0.1541 0.7840
vn -0.5516 -0.2001 -0.8098
vn -0.6693 -0.2281 -0.7071
vn -0.4150 -0.1667 -0.8944
vn -0.8669 -0.2807 -0.4120
vn -0.8083 -0.2755 -0.5203
vn -0.8163 -0.2628 -0.5144
vn -0.6696 -0.2273 -0.7071
vn -0.9242 -0.3818 -0.0000
vn -0.9235 -0.3836 -0.0000
vn -0.4758 -0.1569 0.8654
vn -0.4757 -0.1573 0.8654
vn -0.9242 -0.3819 -0.0000
vn -0.9236 -0.3834 -0.0000
vn -0.4476 -0.2251 -0.8654
vn -0.4474 -0.2255 -0.8654
vn -0.5809 -0.1890 0.7917
vn -0.5808 -0.1892 0.7918
vn -0.9236 -0.3835 -0.0000
vn -0.5363 -0.2354 -0.8105
vn -0.6529 -0.2714 -0.7071
vn -0.4011 -0.1927 -0.8956
vn -0.8491 -0.3374 -0.4066
vn -0.7886 -0.3278 -0.5203
vn -0.8003 -0.3164 -0.5093
vn -0.6533 -0.2706 -0.7071
vn -0.4758 -0.1569 0.8655
vn -0.4756 -0.1573 0.8655
vn -0.4645 -0.1877 0.8654
vn -0.4644 -0.1881 0.8654
vn -0.8972 -0.4415 -0.0000
vn -0.8965 -0.4430 -0.0000
vn -0.4319 -0.2539 -0.8654
vn -0.4317 -0.2543 -0.8654
vn -0.8973 -0.4414 -0.0000
vn -0.8964 -0.4431 -0.0000
vn -0.5586 -0.2223 0.7991
vn -0.5585 -0.2225 0.7991
vn -0.5188 -0.2696 -0.8113
vn -0.6338 -0.3135 -0.7071
vn -0.3855 -0.2175 -0.8967
vn -0.8275 -0.3929 -0.4011
vn -0.7655 -0.3787 -0.5203
vn -0.7808 -0.3691 -0.5041
vn -0.6342 -0.3127 -0.7071
vn -0.4645 -0.1877 0.8655
vn -0.4643 -0.1881 0.8655
vn -0.4646 -0.1877 0.8654
vn -0.4144 -0.2816 -0.8654
vn -0.4141 -0.2820 -0.8654
vn -0.8665 -0.4992 -0.0000
vn -0.8655 -0.5008 -0.0000
vn -0.4513 -0.2177 0.8654
vn -0.4511 -0.2181 0.8654
vn -0.8664 -0.4993 -0.0000
vn -0.8656 -0.5007 -0.0000
vn -0.4512 -0.2177 0.8655
vn -0.4510 -0.2181 0.8655
vn -0.5347 -0.2536 0.8061
vn -0.5346 -0.2538 0.8061
vn -0.4992 -0.3025 -0.8120
vn -0.6119 -0.3543 -0.7071
vn -0.3685 -0.2412 -0.8978
vn -0.8023 -0.4471 -0.3956
vn -0.7391 -0.4279 -0.5203
vn -0.7578 -0.4206 -0.4988
vn -0.6124 -0.3536 -0.7071
vn -0.4361 -0.2467 0.8654
vn -0.4358 -0.2471 0.8654
vn -0.8319 -0.5549 -0.0000
vn -0.8310 -0.5563 -0.0000
vn -0.3951 -0.3081 -0.8654
vn -0.3948 -0.3085 -0.8654
vn -0.8320 -0.5548 -0.0000
vn -0.8309 -0.5564 -0.0000
vn -0.4360 -0.2467 0.8655
vn -0.4358 -0.2471 0.8655
vn -0.4359 -0.2471 0.8654
vn -0.5093 -0.2829 0.8128
vn -0.5091 -0.2830 0.8128
vn -0.4775 -0.3339 -0.8127
vn -0.5875 -0.3936 -0.7071
vn -0.3500 -0.2636 -0.8989
vn -0.7735 -0.4996 -0.3900
vn -0.7095 -0.4754 -0.5203
vn -0.8214 -0.5128 -0.2495
vn -0.5879 -0.3928 -0.7071
vn -0.5873 -0.3938 -0.7071
vn -0.4190 -0.2747 0.8654
vn -0.4188 -0.2751 0.8654
vn -0.7939 -0.6081 -0.0000
vn -0.7929 -0.6094 -0.0000
vn -0.3741 -0.3333 -0.8654
vn -0.3738 -0.3336 -0.8654
vn -0.7939 -0.6080 -0.0000
vn -0.7928 -0.6095 -0.0000
vn -0.4187 -0.2751 0.8654
vn -0.7928 -0.6094 -0.0000
vn -0.4190 -0.2747 0.8655
vn -0.4187 -0.2751 0.8655
vn -0.4825 -0.3100 0.8192
vn -0.4824 -0.3102 0.8192
vn -0.4538 -0.3639 -0.8134
vn -0.5605 -0.4311 -0.7071
vn -0.3302 -0.2846 -0.9000
vn -0.7412 -0.5503 -0.3844
vn -0.6769 -0.5207 -0.5203
vn -0.7889 -0.5667 -0.2376
vn -0.5610 -0.4305 -0.7071
vn -0.5603 -0.4314 -0.7071
vn -0.3515 -0.3570 -0.8654
vn -0.3512 -0.3574 -0.8654
vn -0.7525 -0.6586 -0.0000
vn -0.7512 -0.6601 -0.0000
vn -0.4001 -0.3015 0.8654
vn -0.3999 -0.3019 0.8654
vn -0.7524 -0.6587 -0.0000
vn -0.7513 -0.6600 -0.0000
vn -0.4001 -0.3015 0.8655
vn -0.3998 -0.3019 0.8655
vn -0.3512 -0.3573 -0.8654
vn -0.4546 -0.3351 0.8253
vn -0.4544 -0.3352 0.8253
vn -0.4283 -0.3922 -0.8141
vn -0.5311 -0.4669 -0.7071
vn -0.3091 -0.3042 -0.9010
vn -0.7057 -0.5988 -0.3787
vn -0.6414 -0.5639 -0.5203
vn -0.7527 -0.6185 -0.2256
vn -0.5316 -0.4662 -0.7071
vn -0.5309 -0.4671 -0.7071
vn -0.3796 -0.3270 0.8654
vn -0.3793 -0.3274 0.8654
vn -0.7077 -0.7065 -0.0000
vn -0.7065 -0.7077 -0.0000
vn -0.3274 -0.3793 -0.8654
vn -0.3270 -0.3796 -0.8654
vn -0.7078 -0.7064 -0.0000
vn -0.7064 -0.7078 -0.0000
vn -0.3796 -0.3271 0.8654
vn -0.3271 -0.3796 -0.8654
vn -0.4256 -0.3580 0.8311
vn -0.4254 -0.3581 0.8311
vn -0.4010 -0.4187 -0.8148
vn -0.4994 -0.5006 -0.7071
vn -0.2870 -0.3223 -0.9021
vn -0.6669 -0.6451 -0.3730
vn -0.6031 -0.6046 -0.5203
vn -0.7131 -0.6678 -0.2135
vn -0.5000 -0.5000 -0.7071
vn -0.4992 -0.5008 -0.7071
vn -0.3795 -0.3270 0.8655
vn -0.3792 -0.3274 0.8655
vn -0.3274 -0.3792 -0.8654
vn -0.3270 -0.3795 -0.8654
vn -0.6601 -0.7512 -0.0000
vn -0.6586 -0.7525 -0.0000
vn -0.3574 -0.3512 0.8654
vn -0.3571 -0.3515 0.8654
vn -0.6600 -0.7513 -0.0000
vn -0.6587 -0.7524 -0.0000
vn -0.3019 -0.3999 -0.8654
vn -0.3015 -0.4001 -0.8654
vn -0.3570 -0.3515 0.8654
vn -0.3573 -0.3512 0.8654
vn -0.3957 -0.3788 0.8366
vn -0.3955 -0.3789 0.8367
vn -0.3721 -0.4433 -0.8155
vn -0.4656 -0.5322 -0.7071
vn -0.2638 -0.3388 -0.9031
vn -0.6250 -0.6888 -0.3672
vn -0.5623 -0.6428 -0.5203
vn -0.6700 -0.7145 -0.2013
vn -0.4662 -0.5316 -0.7071
vn -0.4654 -0.5324 -0.7071
vn -0.3573 -0.3511 0.8655
vn -0.3570 -0.3515 0.8655
vn -0.3019 -0.3998 -0.8654
vn -0.3336 -0.3738 0.8654
vn -0.3333 -0.3741 0.8654
vn -0.3417 -0.4660 -0.8162
vn -0.4298 -0.5615 -0.7071
vn -0.6094 -0.7928 -0.0000
vn -0.6081 -0.7939 -0.0000
vn -0.2397 -0.3536 -0.9041
vn -0.2751 -0.4188 -0.8654
vn -0.2747 -0.4190 -0.8654
vn -0.5803 -0.7298 -0.3614
vn -0.5190 -0.6782 -0.5203
vn -0.6095 -0.7928 -0.0000
vn -0.6080 -0.7939 -0.0000
vn -0.6239 -0.7583 -0.1890
vn -0.4305 -0.5610 -0.7071
vn -0.4296 -0.5617 -0.7071
vn -0.6094 -0.7929 -0.0000
vn -0.3336 -0.3738 0.8655
vn -0.3333 -0.3741 0.8655
vn -0.2751 -0.4187 -0.8654
vn -0.3650 -0.3973 0.8420
vn -0.3649 -0.3974 0.8420
vn -0.2471 -0.4358 -0.8654
vn -0.2467 -0.4361 -0.8654
vn -0.5564 -0.8309 -0.0000
vn -0.5548 -0.8320 -0.0000
vn -0.3085 -0.3948 0.8654
vn -0.3081 -0.3951 0.8654
vn -0.5563 -0.8310 -0.0000
vn -0.5549 -0.8319 -0.0000
vn -0.3084 -0.3948 0.8655
vn -0.3081 -0.3951 0.8655
vn -0.2467 -0.4360 -0.8654
vn -0.2471 -0.4359 -0.8654
vn -0.3338 -0.4137 0.8470
vn -0.3337 -0.4137 0.8470
vn -0.3100 -0.4865 -0.8168
vn -0.3921 -0.5884 -0.7071
vn -0.2148 -0.3668 -0.9051
vn -0.5329 -0.7678 -0.3556
vn -0.4736 -0.7107 -0.5203
vn -0.5748 -0.7990 -0.1766
vn -0.3928 -0.5879 -0.7071
vn -0.3919 -0.5886 -0.7071
vn -0.2181 -0.4511 -0.8654
vn -0.2177 -0.4513 -0.8654
vn -0.5008 -0.8655 -0.0000
vn -0.4992 -0.8665 -0.0000
vn -0.2820 -0.4141 0.8654
vn -0.2816 -0.4144 0.8654
vn -0.5007 -0.8656 -0.0000
vn -0.4993 -0.8664 -0.0000
vn -0.2820 -0.4142 0.8654
vn -0.3020 -0.4279 0.8519
vn -0.3019 -0.4279 0.8519
vn -0.2770 -0.5050 -0.8175
vn -0.3528 -0.6128 -0.7071
vn -0.1893 -0.3783 -0.9061
vn -0.4830 -0.8028 -0.3497
vn -0.4261 -0.7401 -0.5203
vn -0.5229 -0.8364 -0.1642
vn -0.3536 -0.6124 -0.7071
vn -0.3526 -0.6129 -0.7071
vn -0.2820 -0.4141 0.8655
vn -0.2816 -0.4144 0.8655
vn -0.2181 -0.4511 -0.8655
vn -0.2177 -0.4512 -0.8655
vn -0.2543 -0.4317 0.8654
vn -0.2539 -0.4319 0.8654
vn -0.4430 -0.8965 -0.0000
vn -0.4415 -0.8972 -0.0000
vn -0.1881 -0.4644 -0.8654
vn -0.1877 -0.4646 -0.8654
vn -0.4431 -0.8964 -0.0000
vn -0.4414 -0.8973 -0.0000
vn -0.1877 -0.4645 -0.8654
vn -0.2700 -0.4399 0.8565
vn -0.2699 -0.4399 0.8565
vn -0.2429 -0.5212 -0.8181
vn -0.3120 -0.6346 -0.7071
vn -0.1631 -0.3880 -0.9071
vn -0.4307 -0.8345 -0.3438
vn -0.3768 -0.7664 -0.5203
vn -0.4685 -0.8703 -0.1516
vn -0.3127 -0.6342 -0.7071
vn -0.3117 -0.6347 -0.7071
vn -0.2543 -0.4317 0.8655
vn -0.2539 -0.4319 0.8655
vn -0.1881 -0.4643 -0.8655
vn -0.1877 -0.4645 -0.8655
vn -0.1366 -0.3959 -0.9081
vn -0.2079 -0.5353 -0.8187
vn -0.1573 -0.4757 -0.8654
vn -0.1569 -0.4758 -0.8654
vn -0.3764 -0.8627 -0.3378
vn -0.3258 -0.7894 -0.5203
vn -0.3836 -0.9235 -0.0000
vn -0.3818 -0.9242 -0.0000
vn -0.4119 -0.9006 -0.1390
vn -0.2255 -0.4474 0.8654
vn -0.2251 -0.4476 0.8654
vn -0.2706 -0.6533 -0.7071
vn -0.2696 -0.6537 -0.7071
vn -0.3834 -0.9236 -0.0000
vn -0.3819 -0.9242 -0.0000
vn -0.2255 -0.4474 0.8655
vn -0.2251 -0.4476 0.8655
vn -0.1573 -0.4757 -0.8655
vn -0.1569 -0.4758 -0.8655
vn -0.2376 -0.4498 0.8609
vn -0.2375 -0.4499 0.8609
vn -0.2697 -0.6540 -0.7068
vn -0.1958 -0.4612 0.8654
vn -0.1954 -0.4614 0.8654
vn -0.3222 -0.9467 -0.0000
vn -0.3207 -0.9472 -0.0000
vn -0.1259 -0.4850 -0.8654
vn -0.1254 -0.4851 -0.8654
vn -0.3223 -0.9466 -0.0000
vn -0.3205 -0.9472 -0.0000
vn -0.1953 -0.4614 0.8654
vn -0.1958 -0.4612 0.8655
vn -0.1953 -0.4613 0.8655
vn -0.1259 -0.4849 -0.8655
vn -0.1254 -0.4850 -0.8655
vn -0.1259 -0.4849 -0.8654
vn -0.2010 -0.4610 0.8643
vn -0.2007 -0.4612 0.8643
vn -0.1703 -0.5523 -0.8161
vn -0.2225 -0.6802 -0.6985
vn -0.1097 -0.4021 -0.9090
vn -0.3202 -0.8874 -0.3318
vn -0.2735 -0.8090 -0.5203
vn -0.3533 -0.9270 -0.1263
vn -0.2273 -0.6696 -0.7071
vn -0.2262 -0.6699 -0.7071
vn -0.0939 -0.4921 -0.8654
vn -0.0935 -0.4922 -0.8654
vn -0.2597 -0.9657 -0.0000
vn -0.2579 -0.9662 -0.0000
vn -0.1652 -0.4730 0.8654
vn -0.1648 -0.4732 0.8654
vn -0.2596 -0.9657 -0.0000
vn -0.2580 -0.9661 -0.0000
vn -0.0934 -0.4922 -0.8654
vn -0.0939 -0.4922 -0.8654
vn -0.1648 -0.4731 0.8654
vn -0.1341 -0.5755 -0.8067
vn -0.1785 -0.7172 -0.6736
vn -0.0825 -0.4064 -0.9099
vn -0.2623 -0.9083 -0.3257
vn -0.2200 -0.8252 -0.5203
vn -0.2929 -0.9494 -0.1136
vn -0.1830 -0.6830 -0.7071
vn -0.1819 -0.6833 -0.7071
vn -0.1652 -0.4730 0.8655
vn -0.1648 -0.4731 0.8655
vn -0.0939 -0.4921 -0.8655
vn -0.0934 -0.4922 -0.8655
vn -0.1339 -0.4828 0.8654
vn -0.1335 -0.4829 0.8654
vn -0.1959 -0.9806 -0.0000
vn -0.1943 -0.9809 -0.0000
vn -0.0615 -0.4972 -0.8654
vn -0.0611 -0.4973 -0.8654
vn -0.1960 -0.9806 -0.0000
vn -0.1942 -0.9810 -0.0000
vn -0.1007 -0.6009 -0.7930
vn -0.1393 -0.7575 -0.6378
vn -0.0553 -0.4090 -0.9109
vn -0.2031 -0.9255 -0.3197
vn -0.1656 -0.8378 -0.5203
vn -0.2310 -0.9677 -0.1008
vn -0.1379 -0.6935 -0.7071
vn -0.1369 -0.6937 -0.7071
vn -0.1339 -0.4828 0.8655
vn -0.1335 -0.4829 0.8655
vn -0.0615 -0.4972 -0.8655
vn -0.0611 -0.4973 -0.8655
vn -0.0281 -0.4098 -0.9118
vn -0.0648 -0.6254 -0.7776
vn -0.0289 -0.5002 -0.8654
vn -0.0284 -0.5002 -0.8654
vn -0.1427 -0.9388 -0.3136
vn -0.1104 -0.8468 -0.5203
vn -0.1315 -0.9913 -0.0000
vn -0.1296 -0.9916 -0.0000
vn -0.1680 -0.9819 -0.0880
vn -0.1020 -0.4905 0.8654
vn -0.1016 -0.4906 0.8654
vn -0.0923 -0.7011 -0.7071
vn -0.0912 -0.7012 -0.7071
vn -0.1313 -0.9913 -0.0000
vn -0.1297 -0.9916 -0.0000
vn -0.1020 -0.4905 0.8655
vn -0.1016 -0.4906 0.8655
vn -0.0288 -0.5002 -0.8655
vn -0.0284 -0.5002 -0.8655
vn -0.0288 -0.5002 -0.8654
vn -0.0958 -0.7962 -0.5974
vn -0.0664 -0.9978 -0.0000
vn -0.0644 -0.9979 -0.0000
vn -0.0697 -0.4961 0.8654
vn -0.0693 -0.4962 0.8654
vn -0.0662 -0.9978 -0.0000
vn -0.0646 -0.9979 -0.0000
vn 0.0039 -0.5010 -0.8654
vn 0.0044 -0.5010 -0.8654
vn -0.0697 -0.4962 0.8654
vn -0.0494 -0.8316 -0.5531
vn -0.0480 -0.8326 -0.5518
vn -0.0011 -0.4087 -0.9126
vn -0.0002 -0.4087 -0.9127
vn -0.0815 -0.9481 -0.3074
vn -0.0548 -0.8522 -0.5203
vn -0.1041 -0.9917 -0.0751
vn -0.0462 -0.7056 -0.7071
vn -0.0451 -0.7057 -0.7071
vn -0.0697 -0.4961 0.8655
vn -0.0693 -0.4962 0.8655
vn 0.0039 -0.5010 -0.8655
vn 0.0044 -0.5010 -0.8655
vn -0.0008 -1.0000 -0.0000
vn 0.0008 -1.0000 -0.0000
vn 0.0367 -0.4997 -0.8654
vn 0.0371 -0.4996 -0.8654
vn -0.0010 -1.0000 -0.0000
vn 0.0010 -1.0000 -0.0000
vn -0.0371 -0.4996 0.8654
vn -0.0367 -0.4997 0.8654
vn -0.0371 -0.4996 0.8655
vn -0.0367 -0.4996 0.8655
vn 0.0367 -0.4996 -0.8655
vn 0.0371 -0.4996 -0.8655
vn -0.0371 -0.4997 0.8654
vn 0.0371 -0.4997 -0.8654
vn 0.0308 -0.5018 -0.8644
vn 0.0313 -0.5019 -0.8644
vn -0.0125 -0.9999 -0.0109
vn -0.0113 -0.9999 -0.0115
vn 0.0023 -0.8648 -0.5021
vn 0.0039 -0.8657 -0.5006
vn 0.0257 -0.4060 -0.9135
vn 0.0265 -0.4059 -0.9136
vn -0.0197 -0.9533 -0.3013
vn 0.0010 -0.8540 -0.5203
vn -0.0396 -0.9973 -0.0621
vn 0.0021 -0.7065 -0.7077
vn 0.0011 -0.7071 -0.7071
vn 0.0644 -0.9979 -0.0000
vn 0.0664 -0.9978 -0.0000
vn -0.0044 -0.5010 0.8654
vn -0.0039 -0.5010 0.8654
vn 0.0646 -0.9979 -0.0000
vn 0.0662 -0.9978 -0.0000
vn 0.0693 -0.4962 -0.8654
vn 0.0697 -0.4961 -0.8654
vn -0.0044 -0.5010 0.8655
vn -0.0039 -0.5010 0.8655
vn 0.0693 -0.4962 -0.8655
vn 0.0697 -0.4961 -0.8655
vn 0.0697 -0.4962 -0.8654
vn 0.0576 -0.5050 -0.8612
vn 0.0585 -0.5051 -0.8611
vn 0.0416 -0.9982 -0.0442
vn 0.0437 -0.9980 -0.0455
vn 0.0580 -0.8935 -0.4453
vn 0.0596 -0.8942 -0.4436
vn 0.0521 -0.4015 -0.9144
vn 0.0529 -0.4013 -0.9144
vn 0.0425 -0.9545 -0.2951
vn 0.0569 -0.8521 -0.5203
vn 0.0252 -0.9985 -0.0492
vn 0.0502 -0.7030 -0.7094
vn 0.0473 -0.7055 -0.7071
vn 0.0040 -0.7097 -0.7045
vn 0.0556 -0.7812 -0.6218
vn 0.1297 -0.9916 -0.0000
vn 0.1313 -0.9913 -0.0000
vn 0.1016 -0.4906 -0.8654
vn 0.1020 -0.4905 -0.8654
vn 0.1296 -0.9916 -0.0000
vn 0.1315 -0.9913 -0.0000
vn 0.0284 -0.5002 0.8654
vn 0.0289 -0.5002 0.8654
vn 0.0284 -0.5002 0.8655
vn 0.0288 -0.5002 0.8655
vn 0.1016 -0.4906 -0.8655
vn 0.1020 -0.4905 -0.8655
vn 0.0288 -0.5002 0.8654
vn 0.0911 -0.5082 -0.8564
vn 0.0920 -0.5083 -0.8563
vn 0.1085 -0.9901 -0.0889
vn 0.1105 -0.9898 -0.0903
vn 0.1169 -0.9165 -0.3826
vn 0.1186 -0.9171 -0.3807
vn 0.0780 -0.3953 -0.9152
vn 0.0789 -0.3950 -0.9153
vn 0.1047 -0.9516 -0.2889
vn 0.1125 -0.8466 -0.5203
vn 0.0899 -0.9953 -0.0362
vn 0.0960 -0.6960 -0.7116
vn 0.0934 -0.7009 -0.7071
vn 0.1065 -0.7739 -0.6243
vn 0.1942 -0.9810 -0.0000
vn 0.1960 -0.9806 -0.0000
vn 0.0611 -0.4973 0.8655
vn 0.0615 -0.4972 0.8655
vn 0.1943 -0.9809 -0.0000
vn 0.1959 -0.9806 -0.0000
vn 0.1335 -0.4829 -0.8655
vn 0.1339 -0.4828 -0.8655
vn 0.0611 -0.4973 0.8654
vn 0.0615 -0.4972 0.8654
vn 0.1335 -0.4829 -0.8654
vn 0.1339 -0.4828 -0.8654
vn 0.1253 -0.5094 -0.8513
vn 0.1263 -0.5094 -0.8512
vn 0.1742 -0.9757 -0.1332
vn 0.1762 -0.9751 -0.1345
vn 0.1783 -0.9325 -0.3141
vn 0.1801 -0.9328 -0.3121
vn 0.1034 -0.3874 -0.9161
vn 0.1042 -0.3872 -0.9161
vn 0.1668 -0.9446 -0.2826
vn 0.1676 -0.8374 -0.5203
vn 0.1544 -0.9877 -0.0232
vn 0.1411 -0.6860 -0.7138
vn 0.1390 -0.6933 -0.7071
vn 0.1567 -0.7632 -0.6268
vn 0.2580 -0.9661 -0.0000
vn 0.2596 -0.9657 -0.0000
vn 0.1648 -0.4732 -0.8654
vn 0.1652 -0.4730 -0.8654
vn 0.2579 -0.9662 -0.0000
vn 0.2597 -0.9657 -0.0000
vn 0.0935 -0.4922 0.8654
vn 0.0939 -0.4921 0.8654
vn 0.0939 -0.4922 0.8654
vn 0.1648 -0.4731 -0.8654
vn 0.1601 -0.5085 -0.8460
vn 0.1611 -0.5085 -0.8459
vn 0.2380 -0.9551 -0.1766
vn 0.2399 -0.9543 -0.1780
vn 0.2411 -0.9403 -0.2403
vn 0.2429 -0.9404 -0.2382
vn 0.1281 -0.3780 -0.9169
vn 0.1288 -0.3777 -0.9169
vn 0.2200 -0.8252 -0.5203
vn 0.2220 -0.8246 -0.5203
vn 0.2181 -0.9759 -0.0102
vn 0.2202 -0.9754 -0.0097
vn 0.1853 -0.6731 -0.7159
vn 0.1841 -0.6827 -0.7071
vn 0.2060 -0.7494 -0.6293
vn 0.0934 -0.4922 0.8655
vn 0.0939 -0.4921 0.8655
vn 0.1647 -0.4731 -0.8655
vn 0.1652 -0.4730 -0.8655
vn 0.0934 -0.4922 0.8654
vn 0.1954 -0.5054 -0.8404
vn 0.1964 -0.5053 -0.8403
vn 0.3205 -0.9472 -0.0000
vn 0.3223 -0.9466 -0.0000
vn 0.2992 -0.9287 -0.2191
vn 0.3011 -0.9278 -0.2204
vn 0.1254 -0.4851 0.8654
vn 0.1259 -0.4850 0.8654
vn 0.3207 -0.9472 -0.0000
vn 0.3222 -0.9467 -0.0000
vn 0.1954 -0.4614 -0.8654
vn 0.1958 -0.4612 -0.8654
vn 0.3040 -0.9388 -0.1621
vn 0.3057 -0.9386 -0.1599
vn 0.1520 -0.3670 -0.9177
vn 0.1527 -0.3666 -0.9178
vn 0.1953 -0.4614 -0.8654
vn 0.2735 -0.8090 -0.5203
vn 0.2755 -0.8084 -0.5203
vn 0.2810 -0.9597 0.0028
vn 0.2830 -0.9591 0.0033
vn 0.2284 -0.6575 -0.7180
vn 0.2283 -0.6692 -0.7071
vn 0.2542 -0.7324 -0.6317
vn 0.1254 -0.4850 0.8655
vn 0.1259 -0.4849 0.8655
vn 0.1953 -0.4613 -0.8655
vn 0.1958 -0.4612 -0.8655
vn 0.1259 -0.4849 0.8654
vn 0.3819 -0.9242 -0.0000
vn 0.3834 -0.9236 -0.0000
vn 0.2251 -0.4476 -0.8654
vn 0.2255 -0.4474 -0.8654
vn 0.3818 -0.9242 -0.0000
vn 0.3836 -0.9235 -0.0000
vn 0.1569 -0.4758 0.8654
vn 0.1573 -0.4757 0.8654
vn 0.2311 -0.5001 -0.8346
vn 0.2320 -0.4999 -0.8344
vn 0.3574 -0.8969 -0.2603
vn 0.3592 -0.8958 -0.2616
vn 0.3835 -0.9236 -0.0000
vn 0.3657 -0.9272 -0.0815
vn 0.3673 -0.9267 -0.0794
vn 0.1751 -0.3545 -0.9185
vn 0.1758 -0.3541 -0.9185
vn 0.3258 -0.7894 -0.5203
vn 0.3278 -0.7886 -0.5203
vn 0.3426 -0.9393 0.0159
vn 0.3446 -0.9386 0.0163
vn 0.2702 -0.6391 -0.7201
vn 0.2716 -0.6529 -0.7071
vn 0.3010 -0.7123 -0.6341
vn 0.1569 -0.4758 0.8655
vn 0.1573 -0.4756 0.8655
vn 0.2251 -0.4476 -0.8655
vn 0.2255 -0.4474 -0.8655
vn 0.4414 -0.8973 -0.0000
vn 0.4431 -0.8964 -0.0000
vn 0.1877 -0.4646 0.8654
vn 0.1881 -0.4644 0.8654
vn 0.4415 -0.8972 -0.0000
vn 0.4430 -0.8965 -0.0000
vn 0.2539 -0.4319 -0.8654
vn 0.2543 -0.4317 -0.8654
vn 0.1877 -0.4645 0.8654
vn 0.4416 -0.8972 -0.0000
vn 0.2669 -0.4924 -0.8284
vn 0.2679 -0.4922 -0.8282
vn 0.4121 -0.8603 -0.3002
vn 0.4138 -0.8590 -0.3015
vn 0.4334 -0.9010 -0.0205
vn 0.4353 -0.9001 -0.0195
vn 0.2014 -0.3397 -0.9187
vn 0.2021 -0.3393 -0.9187
vn 0.3768 -0.7664 -0.5203
vn 0.3786 -0.7655 -0.5203
vn 0.4027 -0.9149 0.0289
vn 0.4046 -0.9140 0.0293
vn 0.3107 -0.6180 -0.7222
vn 0.3137 -0.6337 -0.7071
vn 0.3462 -0.6893 -0.6364
vn 0.1877 -0.4645 0.8655
vn 0.1881 -0.4643 0.8655
vn 0.2539 -0.4319 -0.8655
vn 0.2543 -0.4317 -0.8655
vn 0.2177 -0.4513 0.8654
vn 0.2181 -0.4511 0.8654
vn 0.4993 -0.8664 -0.0000
vn 0.5007 -0.8656 -0.0000
vn 0.2277 -0.3253 -0.9178
vn 0.2281 -0.3251 -0.9178
vn 0.2816 -0.4144 -0.8654
vn 0.2820 -0.4141 -0.8654
vn 0.4261 -0.7401 -0.5203
vn 0.4279 -0.7391 -0.5203
vn 0.4992 -0.8665 -0.0000
vn 0.5008 -0.8655 -0.0000
vn 0.4610 -0.8864 0.0419
vn 0.4628 -0.8855 0.0423
vn 0.3496 -0.5945 -0.7242
vn 0.3545 -0.6118 -0.7071
vn 0.3898 -0.6634 -0.6387
vn 0.2176 -0.4512 0.8655
vn 0.2181 -0.4510 0.8655
vn 0.2816 -0.4144 -0.8655
vn 0.2820 -0.4141 -0.8655
vn 0.2820 -0.4142 -0.8654
vn 0.3028 -0.4824 -0.8219
vn 0.3038 -0.4821 -0.8217
vn 0.4628 -0.8192 -0.3386
vn 0.4644 -0.8178 -0.3398
vn 0.5548 -0.8320 -0.0000
vn 0.5564 -0.8309 -0.0000
vn 0.2467 -0.4361 0.8654
vn 0.2471 -0.4358 0.8654
vn 0.5549 -0.8319 -0.0000
vn 0.5563 -0.8310 -0.0000
vn 0.3081 -0.3951 -0.8654
vn 0.3085 -0.3948 -0.8654
vn 0.2467 -0.4360 0.8655
vn 0.2471 -0.4358 0.8655
vn 0.3081 -0.3951 -0.8655
vn 0.3084 -0.3948 -0.8655
vn 0.2471 -0.4359 0.8654
vn 0.3387 -0.4700 -0.8151
vn 0.3397 -0.4696 -0.8149
vn 0.5093 -0.7744 -0.3753
vn 0.5107 -0.7729 -0.3765
vn 0.2500 -0.3122 -0.9165
vn 0.2505 -0.3120 -0.9165
vn 0.4736 -0.7107 -0.5203
vn 0.4753 -0.7095 -0.5203
vn 0.5172 -0.8541 0.0548
vn 0.5189 -0.8531 0.0552
vn 0.3867 -0.5685 -0.7261
vn 0.3937 -0.5873 -0.7071
vn 0.4315 -0.6348 -0.6410
vn 0.6081 -0.7939 -0.0000
vn 0.6094 -0.7928 -0.0000
vn 0.3333 -0.3741 -0.8654
vn 0.3336 -0.3738 -0.8654
vn 0.6080 -0.7939 -0.0000
vn 0.6095 -0.7928 -0.0000
vn 0.2747 -0.4190 0.8654
vn 0.2751 -0.4188 0.8654
vn 0.2751 -0.4187 0.8654
vn 0.4782 -0.6084 -0.6333
vn 0.3753 -0.4546 -0.8077
vn 0.5513 -0.7264 -0.4104
vn 0.2716 -0.2977 -0.9152
vn 0.2720 -0.2974 -0.9152
vn 0.5191 -0.6782 -0.5203
vn 0.5207 -0.6769 -0.5203
vn 0.5711 -0.8181 0.0678
vn 0.5727 -0.8170 0.0682
vn 0.4219 -0.5402 -0.7281
vn 0.4313 -0.5603 -0.7071
vn 0.4711 -0.6036 -0.6432
vn 0.2747 -0.4190 0.8655
vn 0.2751 -0.4187 0.8655
vn 0.3333 -0.3741 -0.8655
vn 0.3336 -0.3738 -0.8655
vn 0.6586 -0.7525 -0.0000
vn 0.6601 -0.7512 -0.0000
vn 0.3015 -0.4001 0.8654
vn 0.3019 -0.3999 0.8654
vn 0.6587 -0.7524 -0.0000
vn 0.6600 -0.7513 -0.0000
vn 0.3570 -0.3515 -0.8654
vn 0.3573 -0.3512 -0.8654
vn 0.5125 -0.5698 -0.6424
vn 0.4106 -0.4372 -0.8002
vn 0.5887 -0.6757 -0.4437
vn 0.3574 -0.3512 -0.8654
vn 0.2924 -0.2816 -0.9139
vn 0.2928 -0.2813 -0.9139
vn 0.5623 -0.6428 -0.5203
vn 0.5639 -0.6414 -0.5203
vn 0.6223 -0.7786 0.0807
vn 0.6238 -0.7773 0.0811
vn 0.4551 -0.5098 -0.7300
vn 0.4670 -0.5309 -0.7071
vn 0.5085 -0.5700 -0.6455
vn 0.3015 -0.4001 0.8655
vn 0.3019 -0.3998 0.8655
vn 0.3570 -0.3515 -0.8655
vn 0.3573 -0.3511 -0.8655
vn 0.3571 -0.3515 -0.8654
vn 0.3793 -0.3274 -0.8654
vn 0.3796 -0.3270 -0.8654
vn 0.7064 -0.7078 -0.0000
vn 0.7078 -0.7064 -0.0000
vn 0.3270 -0.3796 0.8654
vn 0.3274 -0.3793 0.8654
vn 0.7065 -0.7077 -0.0000
vn 0.7077 -0.7065 -0.0000
vn 0.3271 -0.3796 0.8654
vn 0.3270 -0.3795 0.8655
vn 0.3274 -0.3792 0.8655
vn 0.3792 -0.3274 -0.8655
vn 0.3795 -0.3270 -0.8655
vn 0.3796 -0.3271 -0.8654
vn 0.5441 -0.5297 -0.6507
vn 0.4453 -0.4173 -0.7922
vn 0.6214 -0.6229 -0.4753
vn 0.3123 -0.2641 -0.9125
vn 0.3126 -0.2638 -0.9125
vn 0.6031 -0.6046 -0.5203
vn 0.6046 -0.6032 -0.5203
vn 0.6708 -0.7357 0.0935
vn 0.6722 -0.7344 0.0939
vn 0.4862 -0.4774 -0.7319
vn 0.5007 -0.4993 -0.7071
vn 0.5435 -0.5341 -0.6476
vn 0.3512 -0.3574 0.8654
vn 0.3515 -0.3570 0.8654
vn 0.7513 -0.6600 -0.0000
vn 0.7524 -0.6587 -0.0000
vn 0.3999 -0.3019 -0.8654
vn 0.4001 -0.3015 -0.8654
vn 0.7512 -0.6601 -0.0000
vn 0.7525 -0.6586 -0.0000
vn 0.3515 -0.3571 0.8654
vn 0.3512 -0.3573 0.8654
vn 0.5729 -0.4883 -0.6583
vn 0.4794 -0.3948 -0.7838
vn 0.6493 -0.5685 -0.5052
vn 0.3311 -0.2453 -0.9111
vn 0.3315 -0.2449 -0.9111
vn 0.6414 -0.5639 -0.5203
vn 0.6427 -0.5623 -0.5203
vn 0.7162 -0.6898 0.1064
vn 0.7175 -0.6884 0.1067
vn 0.5150 -0.4432 -0.7337
vn 0.5323 -0.4654 -0.7071
vn 0.5760 -0.4960 -0.6498
vn 0.3511 -0.3573 0.8655
vn 0.3515 -0.3570 0.8655
vn 0.3998 -0.3019 -0.8655
vn 0.4001 -0.3015 -0.8655
vn 0.4188 -0.2751 -0.8654
vn 0.4190 -0.2747 -0.8654
vn 0.7928 -0.6095 -0.0000
vn 0.7939 -0.6080 -0.0000
vn 0.3738 -0.3336 0.8654
vn 0.3741 -0.3333 0.8654
vn 0.7928 -0.6094 -0.0000
vn 0.7939 -0.6081 -0.0000
vn 0.7929 -0.6094 -0.0000
vn 0.4187 -0.2751 -0.8654
vn 0.5992 -0.4458 -0.6651
vn 0.5126 -0.3698 -0.7749
vn 0.6726 -0.5130 -0.5333
vn 0.3489 -0.2251 -0.9097
vn 0.3492 -0.2247 -0.9097
vn 0.6769 -0.5207 -0.5203
vn 0.6781 -0.5191 -0.5203
vn 0.7583 -0.6409 0.1191
vn 0.7595 -0.6395 0.1195
vn 0.5414 -0.4072 -0.7356
vn 0.5616 -0.4296 -0.7071
vn 0.6059 -0.4560 -0.6519
vn 0.3738 -0.3336 0.8655
vn 0.3741 -0.3333 0.8655
vn 0.4187 -0.2751 -0.8655
vn 0.4190 -0.2747 -0.8655
vn 0.8309 -0.5564 -0.0000
vn 0.8320 -0.5548 -0.0000
vn 0.3948 -0.3085 0.8654
vn 0.3951 -0.3081 0.8654
vn 0.8310 -0.5563 -0.0000
vn 0.8319 -0.5549 -0.0000
vn 0.3654 -0.2037 -0.9083
vn 0.3657 -0.2033 -0.9082
vn 0.4358 -0.2471 -0.8654
vn 0.4361 -0.2467 -0.8654
vn 0.7095 -0.4753 -0.5203
vn 0.7106 -0.4736 -0.5203
vn 0.7970 -0.5894 0.1318
vn 0.7981 -0.5879 0.1322
vn 0.5654 -0.3697 -0.7374
vn 0.5885 -0.3920 -0.7071
vn 0.6330 -0.4143 -0.6540
vn 0.3948 -0.3084 0.8655
vn 0.3951 -0.3081 0.8655
vn 0.4358 -0.2471 -0.8655
vn 0.4360 -0.2467 -0.8655
vn 0.4359 -0.2471 -0.8654
vn 0.8310 -0.5562 -0.0000
vn 0.6227 -0.4023 -0.6711
vn 0.5447 -0.3424 -0.7656
vn 0.6912 -0.4570 -0.5598
vn 0.8655 -0.5008 -0.0000
vn 0.8665 -0.4992 -0.0000
vn 0.4141 -0.2820 0.8654
vn 0.4144 -0.2816 0.8654
vn 0.8656 -0.5007 -0.0000
vn 0.8664 -0.4993 -0.0000
vn 0.4511 -0.2181 -0.8654
vn 0.4513 -0.2177 -0.8654
vn 0.6436 -0.3579 -0.6765
vn 0.5756 -0.3124 -0.7557
vn 0.7054 -0.4008 -0.5847
vn 0.3807 -0.1811 -0.9068
vn 0.3810 -0.1807 -0.9068
vn 0.7391 -0.4279 -0.5203
vn 0.7401 -0.4261 -0.5203
vn 0.8321 -0.5355 0.1445
vn 0.8330 -0.5339 0.1448
vn 0.5867 -0.3308 -0.7391
vn 0.6129 -0.3526 -0.7071
vn 0.6573 -0.3710 -0.6560
vn 0.4141 -0.2820 0.8655
vn 0.4144 -0.2816 0.8655
vn 0.4510 -0.2181 -0.8655
vn 0.4512 -0.2177 -0.8655
vn 0.4142 -0.2820 0.8654
vn 0.8965 -0.4430 -0.0000
vn 0.8972 -0.4415 -0.0000
vn 0.4644 -0.1881 -0.8654
vn 0.4645 -0.1877 -0.8654
vn 0.8964 -0.4431 -0.0000
vn 0.8973 -0.4414 -0.0000
vn 0.4317 -0.2543 0.8654
vn 0.4319 -0.2539 0.8654
vn 0.4317 -0.2543 0.8655
vn 0.4319 -0.2539 0.8655
vn 0.4643 -0.1881 -0.8655
vn 0.4645 -0.1877 -0.8655
vn 0.4646 -0.1877 -0.8654
vn 0.8965 -0.4431 -0.0000
vn 0.6620 -0.3129 -0.6811
vn 0.6051 -0.2799 -0.7453
vn 0.7152 -0.3448 -0.6080
vn 0.3946 -0.1574 -0.9053
vn 0.3949 -0.1569 -0.9052
vn 0.7655 -0.3786 -0.5203
vn 0.7664 -0.3768 -0.5203
vn 0.8634 -0.4794 0.1570
vn 0.8642 -0.4779 0.1574
vn 0.6055 -0.2908 -0.7409
vn 0.6346 -0.3118 -0.7071
vn 0.6787 -0.3262 -0.6580
vn 0.9235 -0.3836 -0.0000
vn 0.9242 -0.3818 -0.0000
vn 0.4474 -0.2255 0.8654
vn 0.4476 -0.2251 0.8654
vn 0.9236 -0.3834 -0.0000
vn 0.9242 -0.3819 -0.0000
vn 0.4757 -0.1573 -0.8654
vn 0.4758 -0.1569 -0.8654
vn 0.4474 -0.2255 0.8655
vn 0.4476 -0.2251 0.8655
vn 0.4756 -0.1573 -0.8655
vn 0.4758 -0.1569 -0.8655
vn 0.6751 -0.2701 -0.6865
vn 0.6273 -0.2511 -0.7372
vn 0.7208 -0.2894 -0.6298
vn 0.4071 -0.1327 -0.9037
vn 0.4073 -0.1322 -0.9037
vn 0.7886 -0.3278 -0.5203
vn 0.7894 -0.3259 -0.5203
vn 0.8909 -0.4215 0.1695
vn 0.8915 -0.4199 0.1699
vn 0.6215 -0.2497 -0.7426
vn 0.6537 -0.2696 -0.7071
vn 0.6970 -0.2803 -0.6600
vn 0.9467 -0.3222 -0.0000
vn 0.9472 -0.3207 -0.0000
vn 0.4850 -0.1259 -0.8654
vn 0.4851 -0.1254 -0.8654
vn 0.9466 -0.3223 -0.0000
vn 0.9472 -0.3205 -0.0000
vn 0.4612 -0.1958 0.8655
vn 0.4613 -0.1953 0.8655
vn 0.4849 -0.1259 -0.8655
vn 0.4850 -0.1254 -0.8655
vn 0.4612 -0.1958 0.8654
vn 0.4614 -0.1954 0.8654
vn 0.4849 -0.1259 -0.8654
vn 0.6830 -0.2263 -0.6945
vn 0.6425 -0.2181 -0.7346
vn 0.7225 -0.2349 -0.6503
vn 0.4180 -0.1070 -0.9021
vn 0.4182 -0.1065 -0.9021
vn 0.8084 -0.2755 -0.5203
vn 0.8090 -0.2736 -0.5203
vn 0.9143 -0.3619 0.1819
vn 0.9148 -0.3604 0.1823
vn 0.6348 -0.2077 -0.7443
vn 0.6699 -0.2263 -0.7071
vn 0.7123 -0.2334 -0.6620
vn 0.9657 -0.2597 -0.0000
vn 0.9662 -0.2579 -0.0000
vn 0.4730 -0.1652 0.8654
vn 0.4732 -0.1648 0.8654
vn 0.9657 -0.2596 -0.0000
vn 0.9661 -0.2580 -0.0000
vn 0.4921 -0.0939 -0.8654
vn 0.4922 -0.0935 -0.8654
vn 0.4922 -0.0939 -0.8654
vn 0.4731 -0.1648 0.8654
vn 0.4922 -0.0934 -0.8654
vn 0.6880 -0.1783 -0.7035
vn 0.6554 -0.1756 -0.7345
vn 0.7204 -0.1815 -0.6694
vn 0.4274 -0.0805 -0.9005
vn 0.4276 -0.0799 -0.9004
vn 0.8246 -0.2220 -0.5203
vn 0.8252 -0.2201 -0.5203
vn 0.9336 -0.3011 0.1943
vn 0.9340 -0.2995 0.1946
vn 0.6452 -0.1652 -0.7459
vn 0.6833 -0.1820 -0.7071
vn 0.7244 -0.1858 -0.6639
vn 0.4730 -0.1652 0.8655
vn 0.4731 -0.1648 0.8655
vn 0.4921 -0.0939 -0.8655
vn 0.4922 -0.0934 -0.8655
vn 0.9806 -0.1959 -0.0000
vn 0.9809 -0.1943 -0.0000
vn 0.4972 -0.0615 -0.8654
vn 0.4973 -0.0611 -0.8654
vn 0.6900 -0.1308 -0.7119
vn 0.6655 -0.1324 -0.7345
vn 0.9806 -0.1960 -0.0000
vn 0.9810 -0.1942 -0.0000
vn 0.7148 -0.1296 -0.6873
vn 0.4828 -0.1339 0.8654
vn 0.4829 -0.1335 0.8654
vn 0.4351 -0.0532 -0.8988
vn 0.4353 -0.0526 -0.8988
vn 0.8374 -0.1676 -0.5203
vn 0.8378 -0.1656 -0.5203
vn 0.9487 -0.2393 0.2065
vn 0.9491 -0.2377 0.2068
vn 0.6529 -0.1221 -0.7475
vn 0.6937 -0.1369 -0.7071
vn 0.7334 -0.1375 -0.6658
vn 0.9810 -0.1941 -0.0000
vn 0.4828 -0.1339 0.8655
vn 0.4829 -0.1335 0.8655
vn 0.4972 -0.0615 -0.8655
vn 0.4973 -0.0611 -0.8655
vn 0.9913 -0.1315 -0.0000
vn 0.9916 -0.1296 -0.0000
vn 0.4905 -0.1020 0.8654
vn 0.4906 -0.1016 0.8654
vn 0.9913 -0.1313 -0.0000
vn 0.9916 -0.1297 -0.0000
vn 0.5002 -0.0288 -0.8654
vn 0.5002 -0.0284 -0.8654
vn 0.5002 -0.0289 -0.8654
vn 0.6890 -0.0837 -0.7199
vn 0.6728 -0.0886 -0.7345
vn 0.7058 -0.0793 -0.7040
vn 0.4411 -0.0252 -0.8971
vn 0.4412 -0.0246 -0.8971
vn 0.8466 -0.1125 -0.5203
vn 0.8468 -0.1105 -0.5203
vn 0.9597 -0.1767 0.2186
vn 0.9599 -0.1751 0.2189
vn 0.6577 -0.0788 -0.7492
vn 0.7012 -0.0913 -0.7071
vn 0.7392 -0.0889 -0.6676
vn 0.4905 -0.1020 0.8655
vn 0.4906 -0.1016 0.8655
vn 0.5002 -0.0288 -0.8655
vn 0.5002 -0.0284 -0.8655
vn 0.9978 -0.0662 -0.0000
vn 0.9979 -0.0646 -0.0000
vn 0.5010 0.0039 -0.8654
vn 0.5010 0.0044 -0.8654
vn 0.5010 0.0040 -0.8654
vn 0.5010 0.0045 -0.8654
vn 0.9978 -0.0663 -0.0000
vn 0.9979 -0.0644 -0.0000
vn 0.4961 -0.0697 0.8654
vn 0.4962 -0.0693 0.8654
vn 0.4961 -0.0698 0.8654
vn 0.4962 -0.0694 0.8654
vn 0.4454 0.0033 -0.8953
vn 0.4454 0.0039 -0.8953
vn 0.8521 -0.0569 -0.5203
vn 0.8522 -0.0549 -0.5203
vn 0.9664 -0.1137 0.2307
vn 0.9665 -0.1122 0.2310
vn 0.6596 -0.0353 -0.7507
vn 0.7057 -0.0452 -0.7071
vn 0.7417 -0.0401 -0.6695
vn 0.4962 -0.0692 0.8654
vn 0.5010 0.0043 -0.8654
vn 0.4962 -0.0697 0.8654
vn 0.6851 -0.0375 -0.7275
vn 0.6771 -0.0444 -0.7346
vn 0.6937 -0.0309 -0.7196
vn 0.8467 -0.1115 -0.5203
vn 0.8522 -0.0559 -0.5203
vn 0.8376 -0.1666 -0.5203
vn 0.8249 -0.2210 -0.5203
vn 0.8087 -0.2745 -0.5203
vn 0.7890 -0.3268 -0.5203
vn 0.7659 -0.3777 -0.5203
vn 0.7396 -0.4270 -0.5203
vn 0.7101 -0.4745 -0.5203
vn 0.6775 -0.5199 -0.5203
vn 0.6421 -0.5631 -0.5203
vn 0.6039 -0.6039 -0.5203
vn 0.5631 -0.6421 -0.5203
vn 0.5199 -0.6775 -0.5203
vn 0.4745 -0.7101 -0.5203
vn 0.4270 -0.7396 -0.5203
vn 0.3777 -0.7659 -0.5203
vn 0.3268 -0.7890 -0.5203
vn 0.2745 -0.8087 -0.5203
vn 0.2210 -0.8249 -0.5203
vn 0.1666 -0.8376 -0.5203
vn 0.1115 -0.8467 -0.5203
vn 0.0559 -0.8522 -0.5203
vn -0.6935 0.1380 -0.7071
vn -0.6342 0.3127 -0.7071
vn -0.6124 0.3536 -0.7071
vn -0.5879 0.3928 -0.7071
vn -0.5610 0.4305 -0.7071
vn -0.5316 0.4662 -0.7071
vn -0.5000 0.5000 -0.7071
vn -0.4662 0.5316 -0.7071
vn -0.4305 0.5610 -0.7071
vn -0.3928 0.5879 -0.7071
vn -0.3536 0.6124 -0.7071
vn -0.3127 0.6342 -0.7071
s 1
f 222//1 223//2 414//3 413//4
f 3000//5 3001//6 92//6 91//5
f 11679//7 11680//7 11686//7
f 223//8 224//9 415//10 414//11
f 2146//12 2147//13 64//13 63//12
f 11686//7 11680//7 11685//7
f 224//14 225//15 416//16 415//17
f 2755//18 2756//19 83//19 82//18
f 11680//7 11681//7 11685//7
f 225//20 226//21 417//22 416//23
f 1780//24 1781//25 52//25 51//24
f 11681//7 11682//7 11684//7
f 226//1 227//2 418//3 417//4
f 1291//26 1292//27 35//27 34//26
f 11685//7 11681//7 11684//7
f 227//8 228//9 419//10 418//11
f 2390//28 2391//29 72//29 71//28
f 11682//7 3940//30 11683//7
f 228//14 229//31 420//16 419//17
f 2998//32 2999//33 90//33 89//32
f 11683//7 11684//7 11682//7
f 229//20 230//21 421//22 420//23
f 1778//34 1779//35 50//35 49//34
f 11686//7 11687//7 11679//7
f 230//36 231//2 422//3 421//4
f 245//37 127//38 318//39 246//39
f 11687//7 11688//7 11678//7
f 231//8 232//9 423//10 422//11
f 127//38 128//40 319//41 318//39
f 11688//7 11689//7 11677//7
f 232//14 233//31 424//16 423//17
f 128//42 129//43 320//44 319//45
f 11689//7 11690//7 11664//7
f 233//20 234//21 425//22 424//23
f 129//20 130//21 321//22 320//23
f 11690//7 11691//7 11663//7
f 234//36 235//2 426//3 425//4
f 130//1 131//46 322//3 321//4
f 11662//7 11691//7 11692//7
f 235//8 236//9 427//10 426//11
f 131//8 132//9 323//10 322//11
f 11692//7 11693//7 11661//7
f 236//14 237//31 428//16 427//17
f 132//47 133//15 324//16 323//17
f 11693//7 11694//7 244//7
f 237//20 238//21 429//22 428//23
f 133//20 134//21 325//22 324//23
f 11694//7 11695//7 244//7
f 238//48 239//49 430//50 429//51
f 134//1 135//46 326//3 325//4
f 11695//7 11696//7 244//7
f 239//52 240//53 431//54 430//55
f 135//8 136//9 327//10 326//11
f 11696//7 11697//7 244//7
f 240//56 241//57 432//58 431//59
f 136//47 137//15 328//16 327//17
f 11697//7 11698//7 244//7
f 241//60 242//61 433//62 432//63
f 137//20 138//21 329//22 328//23
f 11698//7 11699//7 244//7
f 242//61 243//64 434//65 433//62
f 138//1 139//46 330//3 329//4
f 11699//7 11700//7 244//7
f 243//64 244//66 435//67 434//65
f 139//8 140//9 331//10 330//11
f 11700//7 11701//7 244//7
f 11637//7 11641//7 11625//7
f 140//47 141//15 332//16 331//17
f 11701//7 11702//7 244//7
f 141//20 142//21 333//22 332//23
f 11702//7 11703//7 244//7
f 142//1 143//46 334//3 333//4
f 11703//7 11704//7 244//7
f 143//8 144//9 335//10 334//11
f 11704//7 11705//7 244//7
f 144//47 145//15 336//16 335//17
f 11705//7 11706//7 244//7
f 145//20 146//21 337//22 336//23
f 11706//7 11707//7 244//7
f 146//1 147//46 338//3 337//4
f 11707//7 11708//7 244//7
f 147//8 148//9 339//10 338//11
f 11708//7 11709//7 244//7
f 148//47 149//15 340//16 339//17
f 11709//7 11710//7 244//7
f 149//20 150//21 341//22 340//23
f 11710//7 11711//7 244//7
f 150//1 151//46 342//3 341//4
f 244//7 11620//7 11621//7
f 151//8 152//9 343//10 342//11
f 11691//7 11662//7 11663//7
f 152//47 153//15 344//16 343//17
f 11692//7 11661//7 11662//7
f 153//20 154//21 345//22 344//23
f 11676//7 11666//7 11667//7
f 154//1 155//46 346//3 345//4
f 11677//7 11665//7 11666//7
f 155//8 156//9 347//10 346//11
f 11663//7 11664//7 11690//7
f 156//47 157//15 348//16 347//17
f 11664//7 11665//7 11689//7
f 157//20 158//21 349//22 348//23
f 11659//7 11660//7 8904//7
f 158//1 159//46 350//3 349//4
f 11660//7 11661//7 8904//7
f 159//8 160//9 351//10 350//11
f 11657//7 11658//7 8904//7
f 160//47 161//15 352//16 351//17
f 11658//7 11659//7 8904//7
f 161//20 162//21 353//22 352//23
f 11655//7 11656//7 8904//7
f 162//1 163//46 354//3 353//4
f 11656//7 11657//7 8904//7
f 163//8 164//9 355//10 354//11
f 11653//7 11654//7 8904//7
f 164//47 165//15 356//16 355//17
f 11654//7 11655//7 8904//7
f 165//20 166//21 357//22 356//23
f 11651//7 11652//7 8904//7
f 166//1 167//46 358//3 357//4
f 11652//7 11653//7 8904//7
f 167//8 168//9 359//10 358//11
f 11649//7 11650//7 8904//7
f 168//47 169//15 360//16 359//17
f 11650//7 11651//7 8904//7
f 169//20 170//21 361//22 360//23
f 11647//7 11648//7 8904//7
f 170//1 171//46 362//3 361//4
f 11648//7 11649//7 8904//7
f 171//8 172//9 363//10 362//11
f 11645//7 11646//7 8904//7
f 172//47 173//15 364//16 363//17
f 11646//7 11647//7 8904//7
f 173//20 174//21 365//22 364//23
f 11643//30 11644//7 8904//7
f 174//1 175//46 366//3 365//4
f 11644//7 11645//7 8904//7
f 175//8 176//9 367//10 366//11
f 11641//7 11642//30 8904//7
f 176//47 177//15 368//16 367//17
f 244//7 11621//7 11625//7
f 177//20 178//21 369//22 368//23
f 11621//7 11622//7 11623//7
f 178//1 179//46 370//3 369//4
f 11623//7 11624//7 11621//7
f 179//8 180//9 371//10 370//11
f 11624//7 11625//7 11621//7
f 180//47 181//15 372//16 371//17
f 11625//7 11626//7 11627//7
f 181//20 182//21 373//22 372//23
f 11627//7 11628//7 11629//7
f 182//36 183//2 374//3 373//4
f 11629//7 11630//7 11633//7
f 183//8 184//9 375//10 374//11
f 11630//7 11631//7 11633//7
f 184//68 185//31 376//16 375//17
f 11631//7 11632//7 11633//7
f 185//20 186//21 377//22 376//23
f 11633//7 11634//7 11635//7
f 186//36 187//69 378//3 377//4
f 11635//7 11636//7 11633//7
f 187//8 188//9 379//10 378//11
f 11636//7 11637//7 11633//7
f 188//68 189//31 380//16 379//17
f 11637//7 11638//7 11641//7
f 189//20 190//21 381//22 380//23
f 11638//7 11639//7 11641//7
f 190//36 191//69 382//3 381//4
f 11639//7 11640//7 11641//7
f 191//8 192//9 383//10 382//11
f 11641//7 8904//7 244//7
f 192//68 193//31 384//16 383//17
f 11661//7 11693//7 8904//7
f 193//20 194//21 385//22 384//23
f 11641//7 244//7 11625//7
f 194//36 195//69 386//3 385//4
f 11625//7 11627//7 11629//7
f 195//8 196//9 387//10 386//11
f 8904//7 11693//7 244//7
f 196//68 197//31 388//16 387//17
f 11625//7 11629//7 11633//7
f 197//20 198//21 389//22 388//23
f 11633//7 11637//7 11625//7
f 198//36 199//69 390//3 389//4
f 1535//70 1536//71 43//71 42//70
f 199//8 200//9 391//10 390//11
f 804//72 805//73 20//73 19//72
f 200//68 201//31 392//16 391//17
f 2879//74 2998//32 89//32 88//74
f 201//20 202//21 393//22 392//23
f 803//75 804//72 19//72 18//75
f 202//36 203//69 394//3 393//4
f 9500//76 2632//77 77//77 95//76
f 203//8 204//9 395//10 394//11
f 2268//78 2269//79 68//79 67//78
f 204//68 205//31 396//16 395//17
f 1168//80 1169//81 30//81 29//80
f 205//20 206//21 397//22 396//23
f 2878//82 10917//83 96//84 87//82
f 206//36 207//69 398//3 397//4
f 683//85 802//86 17//86 16//85
f 207//8 208//9 399//10 398//11
f 2022//87 2023//88 58//88 57//87
f 208//68 209//31 400//16 399//17
f 802//86 803//75 18//75 17//86
f 209//20 210//21 401//22 400//23
f 1048//89 1049//90 28//90 27//89
f 11667//7 11668//7 11675//7
f 210//36 211//69 402//3 401//4
f 2876//91 2877//92 86//92 85//91
f 11668//7 11669//7 11674//7
f 211//8 212//9 403//10 402//11
f 1413//93 1414//94 39//94 38//93
f 11669//7 11670//7 11673//7
f 212//68 213//95 404//16 403//17
f 1046//96 1047//97 26//97 25//96
f 11670//7 11671//7 11672//7
f 213//20 214//21 405//22 404//23
f 2512//98 2513//99 76//99 75//98
f 11669//7 11673//7 11674//7
f 214//36 215//2 406//3 405//4
f 1415//100 1534//101 41//101 40//100
f 11671//7 5357//102 11672//7
f 215//8 216//9 407//10 406//11
f 2266//103 2267//104 66//104 65//103
f 11672//7 11673//7 11670//7
f 216//14 217//15 408//16 407//17
f 927//105 3120//106 93//106 24//105
f 11674//7 11675//7 11668//7
f 217//20 218//21 409//22 408//23
f 2757//107 2876//91 85//91 84//107
f 11675//7 11676//7 11667//7
f 218//1 219//2 410//3 409//4
f 1900//108 1901//109 54//109 53//108
f 11666//7 11676//7 11677//7
f 219//8 220//9 411//10 410//11
f 1902//110 1903//111 56//111 55//110
f 11677//7 11678//7 11688//7
f 220//14 221//15 412//16 411//17
f 1293//112 1412//113 37//113 36//112
f 11665//7 11677//7 11689//7
f 221//20 222//21 413//22 412//23
f 2510//114 2511//115 74//115 73//114
f 11678//7 11679//7 11687//7
f 375//17 376//16 498//116 497//117
f 291//118 281//119 104//120 105//121
f 376//23 377//22 499//122 498//123
f 282//124 292//125 109//126 111//127
f 377//4 378//3 500//128 499//129
f 283//130 110//131 109//126 292//125
f 378//11 379//10 501//132 500//133
f 107//134 111//127 109//126 110//131
f 379//17 380//16 502//116 501//117
f 283//130 284//135 115//136 117//137
f 380//23 381//22 503//122 502//123
f 285//138 116//139 115//136 284//135
f 381//4 382//3 504//128 503//129
f 113//140 117//137 115//136 116//139
f 382//11 383//10 505//132 504//133
f 285//138 286//141 121//142 123//143
f 383//17 384//16 506//116 505//117
f 287//144 122//145 121//142 286//141
f 384//23 385//22 507//122 506//123
f 119//146 123//143 121//142 122//145
f 385//4 386//3 508//128 507//129
f 287//144 288//147 249//148 251//149
f 386//11 387//10 509//132 508//133
f 289//150 250//151 249//148 288//147
f 387//17 388//16 510//116 509//117
f 125//152 251//149 249//148 250//151
f 388//23 389//22 511//122 510//123
f 289//150 290//153 256//154 258//155
f 389//4 390//3 512//128 511//129
f 291//118 257//156 256//154 290//153
f 390//11 391//10 513//132 512//133
f 254//157 258//155 256//154 257//156
f 391//17 392//16 514//116 513//117
f 308//158 268//159 269//160 317//161
f 392//23 393//22 515//122 514//123
f 316//162 306//163 272//164 271//165
f 393//4 394//3 516//128 515//129
f 307//166 273//167 272//164 306//163
f 394//11 395//10 517//132 516//133
f 303//168 307//168 267//168 270//168
f 395//17 396//16 518//116 517//117
f 301//12 310//12 259//12 262//12
f 396//23 397//22 519//122 518//123
f 308//158 309//169 265//170 263//171
f 397//4 398//3 520//128 519//129
f 270//172 268//172 308//172 302//172
f 398//11 399//10 521//132 520//133
f 266//173 263//171 265//170 264//174
f 399//17 400//16 522//116 521//117
f 266//12 264//12 310//12 301//12
f 400//23 401//22 523//122 522//123
f 302//172 308//172 263//172 266//172
f 1171//168 1290//175 33//175 32//168
f 401//4 402//3 524//128 523//129
f 102//86 278//86 304//86 274//86
f 10917//83 2879//74 88//74 96//84
f 402//11 403//10 525//132 524//133
f 119//12 275//12 301//12 262//12
f 2633//176 2634//177 79//177 78//176
f 403//17 404//16 526//116 525//117
f 296//86 304//86 278//86 107//86
f 5953//178 1659//179 48//179 94//172
f 404//23 405//22 527//122 526//123
f 274//180 271//165 272//164 273//167
f 438//181 439//182 8//182 7//181
f 405//4 406//3 528//128 527//129
f 300//176 276//176 119//176 262//176
f 1169//81 1170//183 31//183 30//81
f 406//11 407//10 529//132 528//133
f 254//168 279//168 303//168 270//168
f 2025//184 2144//185 61//185 60//184
f 407//17 408//16 530//116 529//117
f 307//166 317//161 269//160 267//186
f 2877//92 2878//82 87//82 86//92
f 408//23 409//22 531//122 530//123
f 270//187 267//186 269//160 268//159
f 2023//88 2024//188 59//188 58//88
f 409//4 410//3 532//128 531//129
f 310//189 264//174 265//170 309//169
f 682//190 683//85 16//85 15//190
f 410//11 411//10 533//132 532//133
f 312//191 260//192 261//193 311//194
f 1412//113 1413//93 38//93 37//113
f 411//17 412//16 534//116 533//195
f 262//196 259//197 261//193 260//192
f 1903//111 2022//87 57//87 56//111
f 412//23 413//22 535//122 534//123
f 304//86 316//86 271//86 274//86
f 436//198 437//199 6//199 5//198
f 413//4 414//3 536//128 535//129
f 100//200 97//201 99//202 98//203
f 1049//90 1168//80 29//80 28//90
f 414//11 415//10 537//132 536//133
f 300//176 312//176 97//176 100//176
f 1292//27 1293//112 36//112 35//27
f 415//17 416//16 538//116 537//195
f 316//162 298//204 297//205 315//206
f 2269//79 2388//207 69//207 68//79
f 416//23 417//22 539//122 538//123
f 262//176 260//176 312//176 300//176
f 1901//109 1902//110 55//110 54//109
f 417//4 418//3 540//128 539//129
f 119//12 122//12 287//12 275//12
f 1657//208 1658//209 47//209 46//208
f 418//11 419//10 541//132 540//133
f 113//176 116//176 285//176 276//176
f 1290//175 1291//26 34//26 33//175
f 419//17 420//16 542//116 541//195
f 107//210 110//210 283//210 277//210
f 2267//104 2268//78 67//78 66//104
f 420//23 421//22 543//122 542//123
f 303//168 279//168 102//168 274//168
f 437//199 438//181 7//181 6//199
f 421//4 422//3 544//128 543//129
f 246//39 318//39 440//211 247//211
f 680//212 681//213 14//213 13//212
f 422//11 423//10 545//132 544//133
f 318//39 319//41 441//214 440//211
f 1656//215 1657//208 46//208 45//215
f 423//17 424//16 546//116 545//117
f 319//45 320//44 442//216 441//217
f 1170//183 1171//168 32//168 31//183
f 424//23 425//22 547//122 546//123
f 320//23 321//22 443//122 442//123
f 2147//13 2266//103 65//103 64//13
f 425//4 426//3 548//128 547//129
f 321//4 322//3 444//128 443//129
f 248//218 436//198 5//198 4//218
f 426//11 427//10 549//132 548//133
f 322//11 323//10 445//132 444//133
f 1536//71 1537//219 44//219 43//71
f 427//17 428//16 550//116 549//117
f 323//17 324//16 446//116 445//195
f 247//220 248//218 4//218 3//220
f 428//23 429//22 551//122 550//123
f 324//23 325//22 447//122 446//123
f 1047//97 1048//89 27//89 26//97
f 429//51 430//50 552//221 551//222
f 325//4 326//3 448//128 447//129
f 2513//99 9500//76 95//76 76//99
f 430//55 431//54 553//223 552//224
f 326//11 327//10 449//132 448//133
f 2145//225 2146//12 63//12 62//225
f 431//59 432//58 554//226 553//227
f 327//17 328//16 450//116 449//195
f 246//228 247//220 3//220 2//228
f 432//63 433//62 555//229 554//230
f 328//23 329//22 451//122 450//123
f 1534//101 1535//70 42//70 41//101
f 433//62 434//65 556//231 555//229
f 329//4 330//3 452//128 451//129
f 2511//115 2512//98 75//98 74//115
f 434//65 435//67 557//232 556//231
f 330//11 331//10 453//132 452//133
f 681//213 682//190 15//190 14//213
f 331//17 332//16 454//116 453//195
f 2144//185 2145//225 62//225 61//185
f 332//23 333//22 455//122 454//123
f 1781//25 1900//108 53//108 52//25
f 333//4 334//3 456//128 455//129
f 3001//6 245//210 1//210 92//6
f 334//11 335//10 457//132 456//133
f 560//233 561//234 12//234 11//233
f 335//17 336//16 458//116 457//195
f 1537//219 1656//215 45//215 44//219
f 336//23 337//22 459//122 458//123
f 1414//94 1415//100 40//100 39//94
f 337//4 338//3 460//128 459//129
f 926//235 927//105 24//105 23//235
f 338//11 339//10 461//132 460//133
f 2391//29 2510//114 73//114 72//29
f 339//17 340//16 462//116 461//195
f 2756//19 2757//107 84//107 83//19
f 340//23 341//22 463//122 462//123
f 561//234 680//212 13//212 12//234
f 341//4 342//3 464//128 463//129
f 1779//35 1780//24 51//24 50//35
f 342//11 343//10 465//132 464//133
f 245//210 246//228 2//228 1//210
f 343//17 344//16 466//116 465//195
f 3120//106 1046//96 25//96 93//106
f 344//23 345//22 467//122 466//123
f 2389//236 2390//28 71//28 70//236
f 345//4 346//3 468//128 467//129
f 2754//237 2755//18 82//18 81//237
f 346//11 347//10 469//132 468//133
f 559//238 560//233 11//233 10//238
f 347//17 348//16 470//116 469//195
f 1659//179 1778//34 49//34 48//179
f 348//23 349//22 471//122 470//123
f 924//239 925//240 22//240 21//239
f 349//4 350//3 472//128 471//129
f 2388//207 2389//236 70//236 69//207
f 350//11 351//10 473//132 472//133
f 925//240 926//235 23//235 22//240
f 351//17 352//16 474//116 473//195
f 2634//177 2635//241 80//241 79//177
f 352//23 353//22 475//122 474//123
f 439//182 558//242 9//242 8//182
f 353//4 354//3 476//128 475//129
f 1658//209 5953//178 94//172 47//209
f 354//11 355//10 477//132 476//133
f 2024//188 2025//184 60//184 59//188
f 355//17 356//16 478//116 477//195
f 558//242 559//238 10//238 9//242
f 356//23 357//22 479//122 478//123
f 2999//33 3000//5 91//5 90//33
f 357//4 358//3 480//128 479//129
f 805//73 924//239 21//239 20//73
f 358//11 359//10 481//132 480//133
f 2632//77 2633//176 78//176 77//77
f 359//17 360//16 482//116 481//195
f 279//168 291//168 105//168 102//168
f 360//23 361//22 483//122 482//123
f 276//176 285//176 123//176 119//176
f 361//4 362//3 484//128 483//129
f 275//12 287//12 251//12 125//12
f 362//11 363//10 485//132 484//133
f 278//86 282//86 111//86 107//86
f 363//17 364//16 486//116 485//195
f 277//210 283//210 117//210 113//210
f 364//23 365//22 487//122 486//123
f 310//189 311//194 261//193 259//197
f 365//4 366//3 488//128 487//129
f 314//243 98//203 99//202 313//244
f 366//11 367//10 489//132 488//133
f 296//245 299//246 297//205 298//204
f 367//17 368//16 490//116 489//195
f 305//210 296//210 107//210 277//210
f 368//23 369//22 491//122 490//123
f 100//176 113//176 276//176 300//176
f 369//4 370//3 492//128 491//129
f 274//168 273//168 307//168 303//168
f 370//11 371//10 493//132 492//133
f 312//191 313//244 99//202 97//201
f 371//17 372//16 494//116 493//195
f 280//172 254//172 270//172 302//172
f 372//23 373//22 495//122 494//123
f 314//243 315//206 297//205 299//246
f 373//4 374//3 496//128 495//129
f 282//124 103//247 104//120 281//119
f 374//11 375//10 497//132 496//133
f 102//248 105//121 104//120 103//247
f 102//86 103//86 282//86 278//86
f 523//129 524//128 646//249 645//250
f 316//162 17//7 18//7
f 280//172 302//172 266//172 125//172
f 524//133 525//132 647//251 646//252
f 316//162 16//7 17//7
f 254//168 257//168 291//168 279//168
f 525//117 526//116 648//253 647//254
f 316//162 15//7 16//7
f 289//172 258//172 254//172 280//172
f 526//123 527//122 649//255 648//256
f 316//162 14//7 15//7
f 289//172 280//172 125//172 250//172
f 527//129 528//128 650//249 649//250
f 316//162 13//7 14//7
f 295//257 126//257 124//257 120//257
f 528//133 529//132 651//251 650//252
f 315//206 13//7 316//162
f 106//257 101//257 282//124 281//119
f 529//117 530//116 652//253 651//254
f 315//206 11//7 12//7
f 112//257 114//257 284//135 283//130
f 530//123 531//122 653//255 652//256
f 315//206 10//7 11//7
f 118//257 120//257 286//141 285//138
f 531//129 532//128 654//249 653//250
f 315//206 9//7 10//7
f 124//257 126//257 288//147 287//144
f 532//133 533//132 655//251 654//252
f 315//206 8//7 9//7
f 252//257 255//257 290//153 289//150
f 533//195 534//116 656//253 655//254
f 315//206 7//7 8//7
f 255//257 253//257 291//118 290//153
f 534//123 535//122 657//255 656//256
f 315//206 6//7 7//7
f 101//257 108//257 292//125 282//124
f 535//129 536//128 658//249 657//250
f 315//206 5//7 6//7
f 253//257 106//257 281//119 291//118
f 536//133 537//132 659//251 658//252
f 108//257 112//257 283//130 292//125
f 537//195 538//116 660//253 659//254
f 314//243 3//7 4//7
f 114//257 118//257 285//138 284//135
f 538//123 539//122 661//255 660//256
f 314//243 2//7 3//7
f 120//257 124//257 287//144 286//141
f 539//129 540//128 662//249 661//250
f 314//243 1//7 2//7
f 126//257 252//257 289//150 288//147
f 540//133 541//132 663//251 662//252
f 314//243 92//7 1//7
f 294//257 106//257 253//257 255//257
f 541//195 542//116 664//253 663//254
f 314//243 91//7 92//7
f 114//257 295//257 120//257 118//257
f 542//123 543//122 665//255 664//256
f 315//206 12//7 13//7
f 108//257 101//257 106//257 294//257
f 543//129 544//128 666//249 665//250
f 247//211 440//211 562//258 248//258
f 293//257 294//257 255//257 252//257
f 544//133 545//132 667//251 666//252
f 440//211 441//214 563//259 562//258
f 112//257 108//257 294//257 293//257
f 545//117 546//116 668//253 667//254
f 441//217 442//216 564//260 563//261
f 293//257 252//257 126//257 295//257
f 546//123 547//122 669//255 668//256
f 442//123 443//122 565//255 564//256
f 112//257 293//257 295//257 114//257
f 547//129 548//128 670//249 669//250
f 443//129 444//128 566//249 565//250
f 296//86 298//86 316//86 304//86
f 548//133 549//132 671//251 670//252
f 444//133 445//132 567//251 566//252
f 314//210 299//210 296//210 305//210
f 549//117 550//116 672//253 671//254
f 445//195 446//116 568//253 567//254
f 314//210 305//210 100//210 98//210
f 550//123 551//122 673//255 672//256
f 446//123 447//122 569//255 568//256
f 305//210 277//210 113//210 100//210
f 551//222 552//221 674//262 673//263
f 447//129 448//128 570//249 569//250
f 314//243 89//7 90//7
f 552//224 553//223 675//264 674//265
f 448//133 449//132 571//251 570//252
f 313//244 89//7 314//243
f 553//227 554//226 676//266 675//267
f 449//195 450//116 572//253 571//254
f 313//244 96//7 88//7
f 554//230 555//229 677//268 676//269
f 450//123 451//122 573//255 572//256
f 313//244 87//7 96//7
f 555//229 556//231 678//270 677//268
f 451//129 452//128 574//249 573//250
f 313//244 86//7 87//7
f 556//231 557//232 679//271 678//270
f 452//133 453//132 575//251 574//252
f 313//244 85//7 86//7
f 453//195 454//116 576//253 575//254
f 313//244 84//7 85//7
f 454//123 455//122 577//255 576//256
f 313//244 83//7 84//7
f 455//129 456//128 578//249 577//250
f 313//244 82//7 83//7
f 456//133 457//132 579//251 578//252
f 312//191 82//7 313//244
f 457//195 458//116 580//253 579//254
f 312//191 80//7 81//7
f 458//123 459//122 581//255 580//256
f 312//191 79//7 80//7
f 459//129 460//128 582//249 581//250
f 312//191 78//7 79//7
f 460//133 461//132 583//251 582//252
f 312//191 77//7 78//7
f 461//195 462//116 584//253 583//254
f 312//191 95//7 77//7
f 462//123 463//122 585//255 584//256
f 312//191 76//7 95//7
f 463//129 464//128 586//249 585//250
f 312//191 75//7 76//7
f 464//133 465//132 587//251 586//252
f 311//194 75//7 312//191
f 465//195 466//116 588//253 587//254
f 311//194 73//7 74//7
f 466//123 467//122 589//255 588//256
f 311//194 72//7 73//7
f 467//129 468//128 590//249 589//250
f 311//194 71//7 72//7
f 468//133 469//132 591//251 590//252
f 311//194 70//7 71//7
f 469//195 470//116 592//253 591//254
f 311//194 69//7 70//7
f 470//123 471//122 593//255 592//256
f 311//194 68//7 69//7
f 471//129 472//128 594//249 593//250
f 311//194 67//7 68//7
f 472//133 473//132 595//251 594//252
f 310//189 67//7 311//194
f 473//195 474//116 596//253 595//254
f 310//189 65//7 66//7
f 474//123 475//122 597//255 596//256
f 310//189 64//7 65//7
f 475//129 476//128 598//249 597//250
f 310//189 63//7 64//7
f 476//133 477//132 599//251 598//252
f 310//189 62//7 63//7
f 477//195 478//116 600//253 599//254
f 310//189 61//7 62//7
f 478//123 479//122 601//255 600//256
f 310//189 60//7 61//7
f 479//129 480//128 602//249 601//250
f 310//189 59//7 60//7
f 480//133 481//132 603//251 602//252
f 309//169 59//7 310//189
f 481//195 482//116 604//253 603//254
f 309//169 57//7 58//7
f 482//123 483//122 605//255 604//256
f 309//169 56//7 57//7
f 483//129 484//128 606//249 605//250
f 309//169 55//7 56//7
f 484//133 485//132 607//251 606//252
f 309//169 54//7 55//7
f 485//195 486//116 608//253 607//254
f 309//169 53//7 54//7
f 486//123 487//122 609//255 608//256
f 309//169 52//7 53//7
f 487//129 488//128 610//249 609//250
f 309//169 51//7 52//7
f 488//133 489//132 611//251 610//252
f 308//158 51//7 309//169
f 489//195 490//116 612//253 611//254
f 308//158 49//7 50//7
f 490//123 491//122 613//255 612//256
f 308//158 48//7 49//7
f 491//129 492//128 614//249 613//250
f 308//158 94//7 48//7
f 492//133 493//132 615//251 614//252
f 308//158 47//7 94//7
f 493//195 494//116 616//253 615//254
f 308//158 46//7 47//7
f 494//123 495//122 617//255 616//256
f 308//158 45//7 46//7
f 495//129 496//128 618//249 617//250
f 308//158 44//7 45//7
f 496//133 497//132 619//251 618//252
f 317//161 44//7 308//158
f 497//117 498//116 620//253 619//254
f 317//161 42//7 43//7
f 498//123 499//122 621//255 620//256
f 317//161 41//7 42//7
f 499//129 500//128 622//249 621//250
f 317//161 40//7 41//7
f 500//133 501//132 623//251 622//252
f 317//161 39//7 40//7
f 501//117 502//116 624//253 623//254
f 317//161 38//7 39//7
f 502//123 503//122 625//255 624//256
f 317//161 37//7 38//7
f 503//129 504//128 626//249 625//250
f 317//161 36//7 37//7
f 504//133 505//132 627//251 626//252
f 317//161 307//166 34//7
f 505//117 506//116 628//253 627//254
f 35//7 317//161 34//7
f 506//123 507//122 629//255 628//256
f 307//166 33//7 34//7
f 507//129 508//128 630//249 629//250
f 307//166 32//7 33//7
f 508//133 509//132 631//251 630//252
f 307//166 31//7 32//7
f 509//117 510//116 632//253 631//254
f 307//166 30//7 31//7
f 510//123 511//122 633//255 632//256
f 307//166 29//7 30//7
f 511//129 512//128 634//249 633//250
f 307//166 28//7 29//7
f 512//133 513//132 635//251 634//252
f 306//163 28//7 307//166
f 513//117 514//116 636//253 635//254
f 306//163 26//7 27//7
f 514//123 515//122 637//255 636//256
f 306//163 25//7 26//7
f 515//129 516//128 638//249 637//250
f 306//163 93//7 25//7
f 516//133 517//132 639//251 638//252
f 306//163 24//7 93//7
f 517//117 518//116 640//253 639//254
f 306//163 23//7 24//7
f 518//123 519//122 641//255 640//256
f 306//163 22//7 23//7
f 519//129 520//128 642//249 641//250
f 306//163 316//162 22//7
f 520//133 521//132 643//251 642//252
f 315//206 314//243 4//7
f 521//117 522//116 644//253 643//254
f 316//162 19//7 20//7
f 522//123 523//122 645//255 644//256
f 316//162 18//7 19//7
f 671//254 672//253 794//272 793//273
f 567//254 568//253 690//272 689//273
f 672//256 673//255 795//274 794//275
f 568//256 569//255 691//274 690//275
f 673//263 674//262 796//276 795//277
f 569//250 570//249 692//278 691//279
f 674//265 675//264 797//280 796//281
f 570//252 571//251 693//282 692//283
f 675//267 676//266 798//284 797//285
f 571//254 572//253 694//272 693//273
f 676//269 677//268 799//286 798//287
f 572//256 573//255 695//274 694//275
f 677//268 678//270 800//288 799//286
f 573//250 574//249 696//278 695//279
f 678//270 679//271 801//289 800//288
f 574//252 575//251 697//282 696//283
f 575//254 576//253 698//272 697//273
f 576//256 577//255 699//274 698//275
f 577//250 578//249 700//278 699//279
f 578//252 579//251 701//282 700//283
f 579//254 580//253 702//272 701//273
f 580//256 581//255 703//274 702//275
f 581//250 582//249 704//278 703//279
f 582//252 583//251 705//282 704//283
f 583//254 584//253 706//272 705//273
f 584//256 585//255 707//274 706//275
f 585//250 586//249 708//278 707//279
f 586//252 587//251 709//282 708//283
f 587//254 588//253 710//272 709//273
f 588//256 589//255 711//274 710//275
f 589//250 590//249 712//278 711//279
f 590//252 591//251 713//282 712//283
f 591//254 592//253 714//272 713//273
f 592//256 593//255 715//274 714//275
f 593//250 594//249 716//278 715//279
f 594//252 595//251 717//282 716//283
f 595//254 596//253 718//272 717//273
f 596//256 597//255 719//274 718//275
f 597//250 598//249 720//278 719//279
f 598//252 599//251 721//282 720//283
f 599//254 600//253 722//272 721//273
f 600//256 601//255 723//274 722//275
f 601//250 602//249 724//278 723//279
f 602//252 603//251 725//282 724//283
f 603//254 604//253 726//272 725//273
f 604//256 605//255 727//274 726//275
f 605//250 606//249 728//278 727//279
f 606//252 607//251 729//282 728//283
f 607//254 608//253 730//272 729//273
f 608//256 609//255 731//274 730//275
f 609//250 610//249 732//278 731//279
f 610//252 611//251 733//282 732//283
f 611//254 612//253 734//272 733//273
f 612//256 613//255 735//274 734//275
f 613//250 614//249 736//278 735//279
f 614//252 615//251 737//282 736//283
f 615//254 616//253 738//272 737//273
f 616//256 617//255 739//274 738//275
f 617//250 618//249 740//278 739//279
f 618//252 619//251 741//282 740//283
f 619//254 620//253 742//272 741//273
f 620//256 621//255 743//274 742//275
f 621//250 622//249 744//278 743//279
f 622//252 623//251 745//282 744//283
f 623//254 624//253 746//272 745//273
f 624//256 625//255 747//274 746//275
f 625//250 626//249 748//278 747//279
f 626//252 627//251 749//282 748//283
f 627//254 628//253 750//272 749//273
f 628//256 629//255 751//274 750//275
f 629//250 630//249 752//278 751//279
f 630//252 631//251 753//282 752//283
f 631//254 632//253 754//272 753//273
f 632//256 633//255 755//274 754//275
f 633//250 634//249 756//278 755//279
f 634//252 635//251 757//282 756//283
f 635//254 636//253 758//272 757//273
f 636//256 637//255 759//274 758//275
f 637//250 638//249 760//278 759//279
f 638//252 639//251 761//282 760//283
f 639//254 640//253 762//272 761//273
f 640//256 641//255 763//274 762//275
f 641//250 642//249 764//278 763//279
f 642//252 643//251 765//282 764//283
f 643//254 644//253 766//272 765//273
f 644//256 645//255 767//274 766//275
f 5//7 315//206 4//7
f 645//250 646//249 768//278 767//279
f 313//244 88//7 89//7
f 646//252 647//251 769//282 768//283
f 312//191 81//7 82//7
f 647//254 648//253 770//272 769//273
f 311//194 74//7 75//7
f 648//256 649//255 771//274 770//275
f 310//189 66//7 67//7
f 649//250 650//249 772//278 771//279
f 309//169 58//7 59//7
f 650//252 651//251 773//282 772//283
f 308//158 50//7 51//7
f 651//254 652//253 774//272 773//273
f 317//161 43//7 44//7
f 652//256 653//255 775//274 774//275
f 36//7 317//161 35//7
f 653//250 654//249 776//278 775//279
f 306//163 27//7 28//7
f 654//252 655//251 777//282 776//283
f 316//162 20//7 21//7
f 655//254 656//253 778//272 777//273
f 316//162 21//7 22//7
f 656//256 657//255 779//274 778//275
f 657//250 658//249 780//278 779//279
f 658//252 659//251 781//282 780//283
f 659//254 660//253 782//272 781//273
f 660//256 661//255 783//274 782//275
f 661//250 662//249 784//278 783//279
f 662//252 663//251 785//282 784//283
f 663//254 664//253 786//272 785//273
f 664//256 665//255 787//274 786//275
f 665//250 666//249 788//278 787//279
f 248//258 562//258 684//290 436//290
f 666//252 667//251 789//282 788//283
f 562//258 563//259 685//291 684//290
f 667//254 668//253 790//272 789//273
f 563//261 564//260 686//292 685//293
f 668//256 669//255 791//274 790//275
f 564//256 565//255 687//274 686//275
f 669//250 670//249 792//278 791//279
f 565//250 566//249 688//278 687//279
f 670//252 671//251 793//282 792//283
f 566//252 567//251 689//282 688//283
f 754//275 755//274 877//294 876//295
f 755//279 756//278 878//296 877//297
f 756//283 757//282 879//298 878//299
f 757//273 758//272 880//300 879//301
f 758//275 759//274 881//294 880//295
f 759//279 760//278 882//296 881//297
f 760//283 761//282 883//298 882//299
f 761//273 762//272 884//300 883//301
f 762//275 763//274 885//294 884//295
f 763//279 764//278 886//296 885//297
f 764//283 765//282 887//298 886//299
f 765//273 766//272 888//300 887//301
f 766//275 767//274 889//294 888//295
f 767//279 768//278 890//296 889//297
f 768//283 769//282 891//298 890//299
f 769//273 770//272 892//300 891//301
f 770//275 771//274 893//294 892//295
f 771//279 772//278 894//296 893//297
f 772//283 773//282 895//298 894//299
f 773//273 774//272 896//300 895//301
f 774//275 775//274 897//294 896//295
f 775//279 776//278 898//296 897//297
f 776//283 777//282 899//298 898//299
f 777//273 778//272 900//300 899//301
f 778//275 779//274 901//294 900//295
f 779//279 780//278 902//296 901//297
f 780//283 781//282 903//298 902//299
f 781//273 782//272 904//300 903//301
f 782//275 783//274 905//294 904//295
f 783//279 784//278 906//296 905//297
f 784//283 785//282 907//298 906//299
f 785//273 786//272 908//300 907//301
f 786//275 787//274 909//294 908//295
f 787//279 788//278 910//296 909//297
f 436//290 684//290 806//302 437//302
f 788//283 789//282 911//298 910//299
f 684//290 685//291 807//303 806//302
f 789//273 790//272 912//300 911//304
f 685//293 686//292 808//305 807//306
f 790//275 791//274 913//294 912//295
f 686//275 687//274 809//294 808//295
f 791//279 792//278 914//296 913//297
f 687//279 688//278 810//296 809//297
f 792//283 793//282 915//298 914//299
f 688//283 689//282 811//298 810//299
f 793//273 794//272 916//300 915//301
f 689//273 690//272 812//300 811//304
f 794//275 795//274 917//294 916//295
f 690//275 691//274 813//294 812//295
f 795//277 796//276 918//307 917//308
f 691//279 692//278 814//296 813//297
f 796//281 797//280 919//309 918//310
f 692//283 693//282 815//298 814//299
f 797//285 798//284 920//311 919//312
f 693//273 694//272 816//300 815//301
f 798//287 799//286 921//313 920//314
f 694//275 695//274 817//294 816//295
f 799//286 800//288 922//315 921//313
f 695//279 696//278 818//296 817//297
f 800//288 801//289 923//316 922//315
f 696//283 697//282 819//298 818//299
f 697//273 698//272 820//300 819//301
f 698//275 699//274 821//294 820//295
f 699//279 700//278 822//296 821//297
f 700//283 701//282 823//298 822//299
f 701//273 702//272 824//300 823//301
f 702//275 703//274 825//294 824//295
f 703//279 704//278 826//296 825//297
f 704//283 705//282 827//298 826//299
f 705//273 706//272 828//300 827//304
f 706//275 707//274 829//294 828//295
f 707//279 708//278 830//296 829//297
f 708//283 709//282 831//298 830//299
f 709//273 710//272 832//300 831//304
f 710//275 711//274 833//294 832//295
f 711//279 712//278 834//296 833//297
f 712//283 713//282 835//298 834//299
f 713//273 714//272 836//300 835//301
f 714//275 715//274 837//294 836//295
f 715//279 716//278 838//296 837//297
f 716//283 717//282 839//298 838//299
f 717//273 718//272 840//300 839//301
f 718//275 719//274 841//294 840//295
f 719//279 720//278 842//296 841//297
f 720//283 721//282 843//298 842//299
f 721//273 722//272 844//300 843//301
f 722//275 723//274 845//294 844//295
f 723//279 724//278 846//296 845//297
f 724//283 725//282 847//298 846//299
f 725//273 726//272 848//300 847//301
f 726//275 727//274 849//294 848//295
f 727//279 728//278 850//296 849//297
f 728//283 729//282 851//298 850//299
f 729//273 730//272 852//300 851//304
f 730//275 731//274 853//294 852//295
f 731//279 732//278 854//296 853//297
f 732//283 733//282 855//298 854//299
f 733//273 734//272 856//300 855//301
f 734//275 735//274 857//294 856//295
f 735//279 736//278 858//296 857//297
f 736//283 737//282 859//298 858//299
f 737//273 738//272 860//300 859//301
f 738//275 739//274 861//294 860//295
f 739//279 740//278 862//296 861//297
f 740//283 741//282 863//298 862//299
f 741//273 742//272 864//300 863//304
f 742//275 743//274 865//294 864//295
f 743//279 744//278 866//296 865//297
f 744//283 745//282 867//298 866//299
f 745//273 746//272 868//300 867//301
f 746//275 747//274 869//294 868//295
f 747//279 748//278 870//296 869//297
f 748//283 749//282 871//298 870//299
f 749//273 750//272 872//300 871//301
f 750//275 751//274 873//294 872//295
f 751//279 752//278 874//296 873//297
f 752//283 753//282 875//298 874//299
f 753//273 754//272 876//300 875//301
f 902//299 903//298 1025//317 1024//318
f 903//301 904//300 1026//319 1025//320
f 904//295 905//294 1027//321 1026//322
f 905//297 906//296 1028//323 1027//324
f 906//299 907//298 1029//317 1028//318
f 907//301 908//300 1030//319 1029//320
f 908//295 909//294 1031//321 1030//322
f 909//297 910//296 1032//323 1031//324
f 437//302 806//302 928//325 438//325
f 910//299 911//298 1033//317 1032//318
f 806//302 807//303 929//326 928//325
f 911//304 912//300 1034//319 1033//320
f 807//306 808//305 930//327 929//328
f 912//295 913//294 1035//321 1034//322
f 808//295 809//294 931//321 930//322
f 913//297 914//296 1036//323 1035//324
f 809//297 810//296 932//323 931//324
f 914//299 915//298 1037//317 1036//318
f 810//299 811//298 933//317 932//318
f 915//301 916//300 1038//319 1037//320
f 811//304 812//300 934//319 933//320
f 916//295 917//294 1039//321 1038//322
f 812//295 813//294 935//321 934//329
f 917//308 918//307 1040//330 1039//331
f 813//297 814//296 936//323 935//324
f 918//310 919//309 1041//332 1040//333
f 814//299 815//298 937//317 936//318
f 919//312 920//311 1042//334 1041//335
f 815//301 816//300 938//319 937//320
f 920//314 921//313 1043//336 1042//337
f 816//295 817//294 939//321 938//322
f 921//313 922//315 1044//338 1043//336
f 817//297 818//296 940//323 939//324
f 922//315 923//316 1045//339 1044//338
f 818//299 819//298 941//317 940//318
f 819//301 820//300 942//319 941//320
f 820//295 821//294 943//321 942//322
f 821//297 822//296 944//323 943//324
f 822//299 823//298 945//317 944//318
f 823//301 824//300 946//319 945//320
f 824//295 825//294 947//321 946//322
f 825//297 826//296 948//323 947//324
f 826//299 827//298 949//317 948//318
f 827//304 828//300 950//319 949//320
f 828//295 829//294 951//321 950//329
f 829//297 830//296 952//323 951//324
f 830//299 831//298 953//317 952//318
f 831//304 832//300 954//319 953//320
f 832//295 833//294 955//321 954//322
f 833//297 834//296 956//323 955//324
f 834//299 835//298 957//317 956//318
f 835//301 836//300 958//319 957//320
f 836//295 837//294 959//321 958//322
f 837//297 838//296 960//323 959//324
f 838//299 839//298 961//317 960//318
f 839//301 840//300 962//319 961//320
f 840//295 841//294 963//321 962//322
f 841//297 842//296 964//323 963//324
f 842//299 843//298 965//317 964//318
f 843//301 844//300 966//319 965//320
f 844//295 845//294 967//321 966//329
f 845//297 846//296 968//323 967//324
f 846//299 847//298 969//317 968//318
f 847//301 848//300 970//319 969//320
f 848//295 849//294 971//321 970//322
f 849//297 850//296 972//323 971//324
f 850//299 851//298 973//317 972//318
f 851//304 852//300 974//319 973//320
f 852//295 853//294 975//321 974//322
f 853//297 854//296 976//323 975//324
f 854//299 855//298 977//317 976//318
f 855//301 856//300 978//319 977//320
f 856//295 857//294 979//321 978//322
f 857//297 858//296 980//323 979//324
f 858//299 859//298 981//317 980//318
f 859//301 860//300 982//319 981//320
f 860//295 861//294 983//321 982//322
f 861//297 862//296 984//323 983//324
f 862//299 863//298 985//317 984//318
f 863//304 864//300 986//319 985//320
f 864//295 865//294 987//321 986//322
f 865//297 866//296 988//323 987//324
f 866//299 867//298 989//317 988//318
f 867//301 868//300 990//319 989//320
f 868//295 869//294 991//321 990//322
f 869//297 870//296 992//323 991//324
f 870//299 871//298 993//317 992//318
f 871//301 872//300 994//319 993//320
f 872//295 873//294 995//321 994//322
f 873//297 874//296 996//323 995//324
f 874//299 875//298 997//317 996//318
f 875//301 876//300 998//319 997//320
f 876//295 877//294 999//321 998//322
f 877//297 878//296 1000//323 999//324
f 878//299 879//298 1001//317 1000//318
f 879//301 880//300 1002//319 1001//320
f 880//295 881//294 1003//321 1002//322
f 881//297 882//296 1004//323 1003//324
f 882//299 883//298 1005//317 1004//318
f 883//301 884//300 1006//319 1005//320
f 884//295 885//294 1007//321 1006//322
f 885//297 886//296 1008//323 1007//324
f 886//299 887//298 1009//317 1008//318
f 887//301 888//300 1010//319 1009//320
f 888//295 889//294 1011//321 1010//322
f 889//297 890//296 1012//323 1011//324
f 890//299 891//298 1013//317 1012//318
f 891//301 892//300 1014//319 1013//320
f 892//295 893//294 1015//321 1014//322
f 893//297 894//296 1016//323 1015//324
f 894//299 895//298 1017//317 1016//318
f 895//301 896//300 1018//319 1017//320
f 896//295 897//294 1019//321 1018//322
f 897//297 898//296 1020//323 1019//324
f 898//299 899//298 1021//317 1020//318
f 899//301 900//300 1022//319 1021//320
f 900//295 901//294 1023//321 1022//322
f 901//297 902//296 1024//323 1023//324
f 945//320 946//319 1068//340 1067//341
f 946//322 947//321 1069//342 1068//343
f 947//324 948//323 1070//344 1069//345
f 948//318 949//317 1071//346 1070//347
f 949//320 950//319 1072//340 1071//341
f 950//329 951//321 1073//342 1072//343
f 951//324 952//323 1074//344 1073//345
f 952//318 953//317 1075//346 1074//347
f 953//320 954//319 1076//340 1075//341
f 954//322 955//321 1077//342 1076//343
f 955//324 956//323 1078//344 1077//345
f 956//318 957//317 1079//346 1078//347
f 957//320 958//319 1080//340 1079//341
f 958//322 959//321 1081//342 1080//343
f 959//324 960//323 1082//344 1081//345
f 960//318 961//317 1083//346 1082//347
f 961//320 962//319 1084//340 1083//341
f 962//322 963//321 1085//342 1084//343
f 963//324 964//323 1086//344 1085//345
f 964//318 965//317 1087//346 1086//347
f 965//320 966//319 1088//340 1087//341
f 966//329 967//321 1089//342 1088//343
f 967//324 968//323 1090//344 1089//345
f 968//318 969//317 1091//346 1090//347
f 969//320 970//319 1092//340 1091//341
f 970//322 971//321 1093//342 1092//343
f 971//324 972//323 1094//344 1093//345
f 972//318 973//317 1095//346 1094//347
f 973//320 974//319 1096//340 1095//341
f 974//322 975//321 1097//342 1096//343
f 975//324 976//323 1098//344 1097//345
f 976//318 977//317 1099//346 1098//347
f 977//320 978//319 1100//340 1099//341
f 978//322 979//321 1101//342 1100//343
f 979//324 980//323 1102//344 1101//345
f 980//318 981//317 1103//346 1102//347
f 981//320 982//319 1104//340 1103//341
f 982//322 983//321 1105//342 1104//343
f 983//324 984//323 1106//344 1105//345
f 984//318 985//317 1107//346 1106//347
f 985//320 986//319 1108//340 1107//341
f 986//322 987//321 1109//342 1108//343
f 987//324 988//323 1110//344 1109//345
f 988//318 989//317 1111//346 1110//347
f 989//320 990//319 1112//340 1111//341
f 990//322 991//321 1113//342 1112//343
f 991//324 992//323 1114//344 1113//345
f 992//318 993//317 1115//346 1114//347
f 993//320 994//319 1116//340 1115//341
f 994//322 995//321 1117//342 1116//343
f 995//324 996//323 1118//344 1117//345
f 996//318 997//317 1119//346 1118//347
f 997//320 998//319 1120//340 1119//341
f 998//322 999//321 1121//342 1120//343
f 999//324 1000//323 1122//344 1121//345
f 1000//318 1001//317 1123//346 1122//347
f 1001//320 1002//319 1124//340 1123//341
f 1002//322 1003//321 1125//342 1124//343
f 1003//324 1004//323 1126//344 1125//345
f 1004//318 1005//317 1127//346 1126//347
f 1005//320 1006//319 1128//340 1127//341
f 1006//322 1007//321 1129//342 1128//343
f 1007//324 1008//323 1130//344 1129//345
f 1008//318 1009//317 1131//346 1130//347
f 1009//320 1010//319 1132//340 1131//341
f 1010//322 1011//321 1133//342 1132//343
f 1011//324 1012//323 1134//344 1133//345
f 1012//318 1013//317 1135//346 1134//347
f 1013//320 1014//319 1136//340 1135//341
f 1014//322 1015//321 1137//342 1136//343
f 1015//324 1016//323 1138//344 1137//345
f 1016//318 1017//317 1139//346 1138//347
f 1017//320 1018//319 1140//340 1139//341
f 1018//322 1019//321 1141//342 1140//343
f 1019//324 1020//323 1142//344 1141//345
f 1020//318 1021//317 1143//346 1142//347
f 1021//320 1022//319 1144//340 1143//341
f 1022//322 1023//321 1145//342 1144//343
f 1023//324 1024//323 1146//344 1145//345
f 1024//318 1025//317 1147//346 1146//347
f 1025//320 1026//319 1148//340 1147//341
f 1026//322 1027//321 1149//342 1148//343
f 1027//324 1028//323 1150//344 1149//345
f 1028//318 1029//317 1151//346 1150//347
f 1029//320 1030//319 1152//340 1151//341
f 1030//322 1031//321 1153//342 1152//343
f 1031//324 1032//323 1154//344 1153//345
f 438//325 928//325 1050//348 439//348
f 1032//318 1033//317 1155//346 1154//347
f 928//325 929//326 1051//349 1050//348
f 1033//320 1034//319 1156//340 1155//341
f 929//328 930//327 1052//350 1051//351
f 1034//322 1035//321 1157//342 1156//343
f 930//322 931//321 1053//342 1052//343
f 1035//324 1036//323 1158//344 1157//345
f 931//324 932//323 1054//344 1053//345
f 1036//318 1037//317 1159//346 1158//347
f 932//318 933//317 1055//346 1054//347
f 1037//320 1038//319 1160//340 1159//341
f 933//320 934//319 1056//340 1055//341
f 1038//322 1039//321 1161//342 1160//343
f 934//329 935//321 1057//342 1056//343
f 1039//331 1040//330 1162//352 1161//353
f 935//324 936//323 1058//344 1057//345
f 1040//333 1041//332 1163//354 1162//355
f 936//318 937//317 1059//346 1058//347
f 1041//335 1042//334 1164//356 1163//357
f 937//320 938//319 1060//340 1059//341
f 1042//337 1043//336 1165//358 1164//359
f 938//322 939//321 1061//342 1060//343
f 1043//336 1044//338 1166//360 1165//358
f 939//324 940//323 1062//344 1061//345
f 1044//338 1045//339 1167//361 1166//360
f 940//318 941//317 1063//346 1062//347
f 941//320 942//319 1064//340 1063//341
f 942//322 943//321 1065//342 1064//343
f 943//324 944//323 1066//344 1065//345
f 944//318 945//317 1067//346 1066//347
f 1085//345 1086//344 1208//362 1207//363
f 1086//347 1087//346 1209//364 1208//365
f 1087//341 1088//340 1210//366 1209//367
f 1088//343 1089//342 1211//368 1210//369
f 1089//345 1090//344 1212//362 1211//363
f 1090//347 1091//346 1213//364 1212//365
f 1091//341 1092//340 1214//366 1213//367
f 1092//343 1093//342 1215//368 1214//369
f 1093//345 1094//344 1216//362 1215//363
f 1094//347 1095//346 1217//364 1216//365
f 1095//341 1096//340 1218//366 1217//367
f 1096//343 1097//342 1219//368 1218//369
f 1097//345 1098//344 1220//362 1219//363
f 1098//347 1099//346 1221//364 1220//365
f 1099//341 1100//340 1222//366 1221//367
f 1100//343 1101//342 1223//368 1222//369
f 1101//345 1102//344 1224//362 1223//363
f 1102//347 1103//346 1225//364 1224//365
f 1103//341 1104//340 1226//366 1225//367
f 1104//343 1105//342 1227//368 1226//369
f 1105//345 1106//344 1228//362 1227//363
f 1106//347 1107//346 1229//364 1228//365
f 1107//341 1108//340 1230//366 1229//367
f 1108//343 1109//342 1231//368 1230//369
f 1109//345 1110//344 1232//362 1231//363
f 1110//347 1111//346 1233//364 1232//365
f 1111//341 1112//340 1234//366 1233//367
f 1112//343 1113//342 1235//368 1234//369
f 1113//345 1114//344 1236//362 1235//363
f 1114//347 1115//346 1237//364 1236//365
f 1115//341 1116//340 1238//366 1237//367
f 1116//343 1117//342 1239//368 1238//369
f 1117//345 1118//344 1240//362 1239//363
f 1118//347 1119//346 1241//364 1240//365
f 1119//341 1120//340 1242//366 1241//367
f 1120//343 1121//342 1243//368 1242//369
f 1121//345 1122//344 1244//362 1243//363
f 1122//347 1123//346 1245//364 1244//365
f 1123//341 1124//340 1246//366 1245//367
f 1124//343 1125//342 1247//368 1246//369
f 1125//345 1126//344 1248//362 1247//363
f 1126//347 1127//346 1249//364 1248//365
f 1127//341 1128//340 1250//366 1249//367
f 1128//343 1129//342 1251//368 1250//369
f 1129//345 1130//344 1252//362 1251//363
f 1130//347 1131//346 1253//364 1252//365
f 1131//341 1132//340 1254//366 1253//367
f 1132//343 1133//342 1255//368 1254//369
f 1133//345 1134//344 1256//362 1255//363
f 1134//347 1135//346 1257//364 1256//365
f 1135//341 1136//340 1258//366 1257//367
f 1136//343 1137//342 1259//368 1258//369
f 1137//345 1138//344 1260//362 1259//363
f 1138//347 1139//346 1261//364 1260//365
f 1139//341 1140//340 1262//366 1261//367
f 1140//343 1141//342 1263//368 1262//369
f 1141//345 1142//344 1264//362 1263//363
f 1142//347 1143//346 1265//364 1264//365
f 1143//341 1144//340 1266//366 1265//367
f 1144//343 1145//342 1267//368 1266//369
f 1145//345 1146//344 1268//362 1267//363
f 1146//347 1147//346 1269//364 1268//365
f 1147//341 1148//340 1270//366 1269//367
f 1148//343 1149//342 1271//368 1270//369
f 1149//345 1150//344 1272//362 1271//363
f 1150//347 1151//346 1273//364 1272//365
f 1151//341 1152//340 1274//366 1273//367
f 1152//343 1153//342 1275//368 1274//369
f 1153//345 1154//344 1276//362 1275//363
f 439//348 1050//348 1172//370 558//370
f 1154//347 1155//346 1277//364 1276//365
f 1050//348 1051//349 1173//371 1172//370
f 1155//341 1156//340 1278//366 1277//367
f 1051//351 1052//350 1174//372 1173//373
f 1156//343 1157//342 1279//368 1278//369
f 1052//343 1053//342 1175//368 1174//369
f 1157//345 1158//344 1280//362 1279//363
f 1053//345 1054//344 1176//362 1175//363
f 1158//347 1159//346 1281//364 1280//365
f 1054//347 1055//346 1177//364 1176//365
f 1159//341 1160//340 1282//366 1281//367
f 1055//341 1056//340 1178//366 1177//367
f 1160//343 1161//342 1283//368 1282//369
f 1056//343 1057//342 1179//368 1178//369
f 1161//353 1162//352 1284//374 1283//375
f 1057//345 1058//344 1180//362 1179//363
f 1162//355 1163//354 1285//376 1284//374
f 1058//347 1059//346 1181//364 1180//365
f 1163//357 1164//356 1286//377 1285//378
f 1059//341 1060//340 1182//366 1181//367
f 1164//359 1165//358 1287//379 1286//380
f 1060//343 1061//342 1183//368 1182//369
f 1165//358 1166//360 1288//381 1287//379
f 1061//345 1062//344 1184//362 1183//363
f 1166//360 1167//361 1289//382 1288//381
f 1062//347 1063//346 1185//364 1184//365
f 1063//341 1064//340 1186//366 1185//367
f 1064//343 1065//342 1187//368 1186//369
f 1065//345 1066//344 1188//362 1187//363
f 1066//347 1067//346 1189//364 1188//365
f 1067//341 1068//340 1190//366 1189//367
f 1068//343 1069//342 1191//368 1190//369
f 1069//345 1070//344 1192//362 1191//363
f 1070//347 1071//346 1193//364 1192//365
f 1071//341 1072//340 1194//366 1193//367
f 1072//343 1073//342 1195//368 1194//369
f 1073//345 1074//344 1196//362 1195//363
f 1074//347 1075//346 1197//364 1196//365
f 1075//341 1076//340 1198//366 1197//367
f 1076//343 1077//342 1199//368 1198//369
f 1077//345 1078//344 1200//362 1199//363
f 1078//347 1079//346 1201//364 1200//365
f 1079//341 1080//340 1202//366 1201//367
f 1080//343 1081//342 1203//368 1202//369
f 1081//345 1082//344 1204//362 1203//363
f 1082//347 1083//346 1205//364 1204//365
f 1083//341 1084//340 1206//366 1205//367
f 1084//343 1085//342 1207//368 1206//369
f 1233//367 1234//366 1356//383 1355//384
f 1234//369 1235//368 1357//385 1356//386
f 1235//363 1236//362 1358//387 1357//388
f 1236//365 1237//364 1359//389 1358//390
f 1237//367 1238//366 1360//383 1359//384
f 1238//369 1239//368 1361//385 1360//386
f 1239//363 1240//362 1362//387 1361//388
f 1240//365 1241//364 1363//389 1362//390
f 1241//367 1242//366 1364//383 1363//384
f 1242//369 1243//368 1365//385 1364//386
f 1243//363 1244//362 1366//387 1365//388
f 1244//365 1245//364 1367//389 1366//390
f 1245//367 1246//366 1368//383 1367//384
f 1246//369 1247//368 1369//385 1368//386
f 1247//363 1248//362 1370//387 1369//388
f 1248//365 1249//364 1371//389 1370//390
f 1249//367 1250//366 1372//383 1371//384
f 1250//369 1251//368 1373//385 1372//386
f 1251//363 1252//362 1374//387 1373//388
f 1252//365 1253//364 1375//389 1374//390
f 1253//367 1254//366 1376//383 1375//384
f 1254//369 1255//368 1377//385 1376//386
f 1255//363 1256//362 1378//387 1377//388
f 1256//365 1257//364 1379//389 1378//390
f 1257//367 1258//366 1380//383 1379//384
f 1258//369 1259//368 1381//385 1380//386
f 1259//363 1260//362 1382//387 1381//388
f 1260//365 1261//364 1383//389 1382//390
f 1261//367 1262//366 1384//383 1383//391
f 1262//369 1263//368 1385//385 1384//386
f 1263//363 1264//362 1386//387 1385//388
f 1264//365 1265//364 1387//389 1386//390
f 1265//367 1266//366 1388//383 1387//384
f 1266//369 1267//368 1389//385 1388//386
f 1267//363 1268//362 1390//387 1389//388
f 1268//365 1269//364 1391//389 1390//390
f 1269//367 1270//366 1392//383 1391//384
f 1270//369 1271//368 1393//385 1392//386
f 1271//363 1272//362 1394//387 1393//388
f 1272//365 1273//364 1395//389 1394//390
f 1273//367 1274//366 1396//383 1395//384
f 1274//369 1275//368 1397//385 1396//386
f 1275//363 1276//362 1398//387 1397//388
f 558//370 1172//370 1294//392 559//392
f 1276//365 1277//364 1399//389 1398//390
f 1172//370 1173//371 1295//393 1294//392
f 1277//367 1278//366 1400//383 1399//384
f 1173//373 1174//372 1296//394 1295//395
f 1278//369 1279//368 1401//385 1400//386
f 1174//369 1175//368 1297//385 1296//386
f 1279//363 1280//362 1402//387 1401//388
f 1175//363 1176//362 1298//387 1297//388
f 1280//365 1281//364 1403//389 1402//390
f 1176//365 1177//364 1299//389 1298//390
f 1281//367 1282//366 1404//383 1403//384
f 1177//367 1178//366 1300//383 1299//384
f 1282//369 1283//368 1405//385 1404//386
f 1178//369 1179//368 1301//385 1300//386
f 1283//375 1284//374 1406//396 1405//397
f 1179//363 1180//362 1302//387 1301//388
f 1284//374 1285//376 1407//398 1406//396
f 1180//365 1181//364 1303//389 1302//390
f 1285//378 1286//377 1408//399 1407//400
f 1181//367 1182//366 1304//383 1303//384
f 1286//380 1287//379 1409//401 1408//402
f 1182//369 1183//368 1305//385 1304//386
f 1287//379 1288//381 1410//403 1409//401
f 1183//363 1184//362 1306//387 1305//388
f 1288//381 1289//382 1411//404 1410//403
f 1184//365 1185//364 1307//389 1306//390
f 1185//367 1186//366 1308//383 1307//384
f 1186//369 1187//368 1309//385 1308//386
f 1187//363 1188//362 1310//387 1309//388
f 1188//365 1189//364 1311//389 1310//390
f 1189//367 1190//366 1312//383 1311//384
f 1190//369 1191//368 1313//385 1312//386
f 1191//363 1192//362 1314//387 1313//388
f 1192//365 1193//364 1315//389 1314//390
f 1193//367 1194//366 1316//383 1315//384
f 1194//369 1195//368 1317//385 1316//386
f 1195//363 1196//362 1318//387 1317//388
f 1196//365 1197//364 1319//389 1318//390
f 1197//367 1198//366 1320//383 1319//384
f 1198//369 1199//368 1321//385 1320//386
f 1199//363 1200//362 1322//387 1321//388
f 1200//365 1201//364 1323//389 1322//390
f 1201//367 1202//366 1324//383 1323//384
f 1202//369 1203//368 1325//385 1324//386
f 1203//363 1204//362 1326//387 1325//388
f 1204//365 1205//364 1327//389 1326//390
f 1205//367 1206//366 1328//383 1327//384
f 1206//369 1207//368 1329//385 1328//386
f 1207//363 1208//362 1330//387 1329//388
f 1208//365 1209//364 1331//389 1330//390
f 1209//367 1210//366 1332//383 1331//384
f 1210//369 1211//368 1333//385 1332//386
f 1211//363 1212//362 1334//387 1333//388
f 1212//365 1213//364 1335//389 1334//390
f 1213//367 1214//366 1336//383 1335//384
f 1214//369 1215//368 1337//385 1336//386
f 1215//363 1216//362 1338//387 1337//388
f 1216//365 1217//364 1339//389 1338//390
f 1217//367 1218//366 1340//383 1339//384
f 1218//369 1219//368 1341//385 1340//386
f 1219//363 1220//362 1342//387 1341//388
f 1220//365 1221//364 1343//389 1342//390
f 1221//367 1222//366 1344//383 1343//384
f 1222//369 1223//368 1345//385 1344//386
f 1223//363 1224//362 1346//387 1345//388
f 1224//365 1225//364 1347//389 1346//390
f 1225//367 1226//366 1348//383 1347//384
f 1226//369 1227//368 1349//385 1348//386
f 1227//363 1228//362 1350//387 1349//388
f 1228//365 1229//364 1351//389 1350//390
f 1229//367 1230//366 1352//383 1351//384
f 1230//369 1231//368 1353//385 1352//386
f 1231//363 1232//362 1354//387 1353//388
f 1232//365 1233//364 1355//389 1354//390
f 1381//388 1382//387 1504//405 1503//406
f 1382//390 1383//389 1505//407 1504//408
f 1383//391 1384//383 1506//409 1505//410
f 1384//386 1385//385 1507//411 1506//412
f 1385//388 1386//387 1508//405 1507//406
f 1386//390 1387//389 1509//407 1508//408
f 1387//384 1388//383 1510//409 1509//410
f 1388//386 1389//385 1511//411 1510//412
f 1389//388 1390//387 1512//405 1511//406
f 1390//390 1391//389 1513//407 1512//408
f 1391//384 1392//383 1514//409 1513//410
f 1392//386 1393//385 1515//411 1514//412
f 1393//388 1394//387 1516//405 1515//406
f 1394//390 1395//389 1517//407 1516//408
f 1395//384 1396//383 1518//409 1517//410
f 1396//386 1397//385 1519//411 1518//412
f 1397//388 1398//387 1520//405 1519//406
f 559//392 1294//392 1416//413 560//413
f 1398//390 1399//389 1521//407 1520//408
f 1294//392 1295//393 1417//414 1416//413
f 1399//384 1400//383 1522//409 1521//410
f 1295//395 1296//394 1418//415 1417//416
f 1400//386 1401//385 1523//411 1522//412
f 1296//386 1297//385 1419//411 1418//417
f 1401//388 1402//387 1524//405 1523//406
f 1297//388 1298//387 1420//405 1419//406
f 1402//390 1403//389 1525//407 1524//408
f 1298//390 1299//389 1421//407 1420//408
f 1403//384 1404//383 1526//409 1525//410
f 1299//384 1300//383 1422//409 1421//410
f 1404//386 1405//385 1527//411 1526//412
f 1300//386 1301//385 1423//411 1422//417
f 1405//397 1406//396 1528//418 1527//419
f 1301//388 1302//387 1424//405 1423//406
f 1406//396 1407//398 1529//420 1528//418
f 1302//390 1303//389 1425//407 1424//408
f 1407//400 1408//399 1530//421 1529//422
f 1303//384 1304//383 1426//409 1425//423
f 1408//402 1409//401 1531//424 1530//425
f 1304//386 1305//385 1427//411 1426//417
f 1409//401 1410//403 1532//426 1531//424
f 1305//388 1306//387 1428//405 1427//406
f 1410//403 1411//404 1533//427 1532//426
f 1306//390 1307//389 1429//407 1428//408
f 1307//384 1308//383 1430//409 1429//410
f 1308//386 1309//385 1431//411 1430//417
f 1309//388 1310//387 1432//405 1431//406
f 1310//390 1311//389 1433//407 1432//408
f 1311//384 1312//383 1434//409 1433//410
f 1312//386 1313//385 1435//411 1434//417
f 1313//388 1314//387 1436//405 1435//406
f 1314//390 1315//389 1437//407 1436//408
f 1315//384 1316//383 1438//409 1437//410
f 1316//386 1317//385 1439//411 1438//417
f 1317//388 1318//387 1440//405 1439//406
f 1318//390 1319//389 1441//407 1440//408
f 1319//384 1320//383 1442//409 1441//410
f 1320//386 1321//385 1443//411 1442//417
f 1321//388 1322//387 1444//405 1443//406
f 1322//390 1323//389 1445//407 1444//408
f 1323//384 1324//383 1446//409 1445//410
f 1324//386 1325//385 1447//411 1446//417
f 1325//388 1326//387 1448//405 1447//406
f 1326//390 1327//389 1449//407 1448//408
f 1327//384 1328//383 1450//409 1449//410
f 1328//386 1329//385 1451//411 1450//417
f 1329//388 1330//387 1452//405 1451//406
f 1330//390 1331//389 1453//407 1452//408
f 1331//384 1332//383 1454//409 1453//410
f 1332//386 1333//385 1455//411 1454//412
f 1333//388 1334//387 1456//405 1455//406
f 1334//390 1335//389 1457//407 1456//408
f 1335//384 1336//383 1458//409 1457//410
f 1336//386 1337//385 1459//411 1458//412
f 1337//388 1338//387 1460//405 1459//406
f 1338//390 1339//389 1461//407 1460//408
f 1339//384 1340//383 1462//409 1461//410
f 1340//386 1341//385 1463//411 1462//412
f 1341//388 1342//387 1464//405 1463//406
f 1342//390 1343//389 1465//407 1464//408
f 1343//384 1344//383 1466//409 1465//410
f 1344//386 1345//385 1467//411 1466//412
f 1345//388 1346//387 1468//405 1467//406
f 1346//390 1347//389 1469//407 1468//408
f 1347//384 1348//383 1470//409 1469//410
f 1348//386 1349//385 1471//411 1470//412
f 1349//388 1350//387 1472//405 1471//406
f 1350//390 1351//389 1473//407 1472//408
f 1351//384 1352//383 1474//409 1473//423
f 1352//386 1353//385 1475//411 1474//412
f 1353//388 1354//387 1476//405 1475//406
f 1354//390 1355//389 1477//407 1476//408
f 1355//384 1356//383 1478//409 1477//410
f 1356//386 1357//385 1479//411 1478//412
f 1357//388 1358//387 1480//405 1479//406
f 1358//390 1359//389 1481//407 1480//408
f 1359//384 1360//383 1482//409 1481//410
f 1360//386 1361//385 1483//411 1482//412
f 1361//388 1362//387 1484//405 1483//406
f 1362//390 1363//389 1485//407 1484//408
f 1363//384 1364//383 1486//409 1485//410
f 1364//386 1365//385 1487//411 1486//412
f 1365//388 1366//387 1488//405 1487//406
f 1366//390 1367//389 1489//407 1488//408
f 1367//384 1368//383 1490//409 1489//410
f 1368//386 1369//385 1491//411 1490//412
f 1369//388 1370//387 1492//405 1491//406
f 1370//390 1371//389 1493//407 1492//408
f 1371//384 1372//383 1494//409 1493//410
f 1372//386 1373//385 1495//411 1494//412
f 1373//388 1374//387 1496//405 1495//406
f 1374//390 1375//389 1497//407 1496//408
f 1375//384 1376//383 1498//409 1497//410
f 1376//386 1377//385 1499//411 1498//412
f 1377//388 1378//387 1500//405 1499//406
f 1378//390 1379//389 1501//407 1500//408
f 1379//384 1380//383 1502//409 1501//410
f 1380//386 1381//385 1503//411 1502//412
f 1424//408 1425//407 1547//428 1546//429
f 1425//423 1426//409 1548//430 1547//431
f 1426//417 1427//411 1549//432 1548//433
f 1427//406 1428//405 1550//434 1549//435
f 1428//408 1429//407 1551//428 1550//429
f 1429//410 1430//409 1552//430 1551//431
f 1430//417 1431//411 1553//432 1552//433
f 1431//406 1432//405 1554//434 1553//435
f 1432//408 1433//407 1555//428 1554//429
f 1433//410 1434//409 1556//430 1555//431
f 1434//417 1435//411 1557//432 1556//433
f 1435//406 1436//405 1558//434 1557//435
f 1436//408 1437//407 1559//428 1558//429
f 1437//410 1438//409 1560//430 1559//431
f 1438//417 1439//411 1561//432 1560//433
f 1439//406 1440//405 1562//434 1561//435
f 1440//408 1441//407 1563//428 1562//429
f 1441//410 1442//409 1564//430 1563//431
f 1442//417 1443//411 1565//432 1564//433
f 1443//406 1444//405 1566//434 1565//435
f 1444//408 1445//407 1567//428 1566//429
f 1445//410 1446//409 1568//430 1567//431
f 1446//417 1447//411 1569//432 1568//433
f 1447//406 1448//405 1570//434 1569//435
f 1448//408 1449//407 1571//428 1570//429
f 1449//410 1450//409 1572//430 1571//431
f 1450//417 1451//411 1573//432 1572//433
f 1451//406 1452//405 1574//434 1573//435
f 1452//408 1453//407 1575//428 1574//429
f 1453//410 1454//409 1576//430 1575//431
f 1502//412 1503//411 1625//432 1624//433
f 1454//412 1455//411 1577//432 1576//433
f 1503//406 1504//405 1626//434 1625//435
f 1455//406 1456//405 1578//434 1577//435
f 1504//408 1505//407 1627//428 1626//429
f 1456//408 1457//407 1579//428 1578//429
f 1505//410 1506//409 1628//430 1627//431
f 1457//410 1458//409 1580//430 1579//431
f 1506//412 1507//411 1629//432 1628//433
f 1458//412 1459//411 1581//432 1580//433
f 1507//406 1508//405 1630//434 1629//435
f 1459//406 1460//405 1582//434 1581//435
f 1508//408 1509//407 1631//428 1630//429
f 1460//408 1461//407 1583//428 1582//429
f 1509//410 1510//409 1632//430 1631//431
f 1461//410 1462//409 1584//430 1583//431
f 1510//412 1511//411 1633//432 1632//433
f 1462//412 1463//411 1585//432 1584//433
f 1511//406 1512//405 1634//434 1633//435
f 1463//406 1464//405 1586//434 1585//435
f 1512//408 1513//407 1635//428 1634//429
f 1464//408 1465//407 1587//428 1586//429
f 1513//410 1514//409 1636//430 1635//431
f 1465//410 1466//409 1588//430 1587//431
f 1514//412 1515//411 1637//432 1636//433
f 1466//412 1467//411 1589//432 1588//433
f 1515//406 1516//405 1638//434 1637//435
f 1467//406 1468//405 1590//434 1589//435
f 1516//408 1517//407 1639//428 1638//429
f 1468//408 1469//407 1591//428 1590//429
f 1517//410 1518//409 1640//430 1639//431
f 1469//410 1470//409 1592//430 1591//431
f 1518//412 1519//411 1641//432 1640//433
f 1470//412 1471//411 1593//432 1592//433
f 1519//406 1520//405 1642//434 1641//435
f 1471//406 1472//405 1594//434 1593//435
f 1520//408 1521//407 1643//428 1642//429
f 1472//408 1473//407 1595//428 1594//429
f 1521//410 1522//409 1644//430 1643//431
f 1473//423 1474//409 1596//430 1595//431
f 1522//412 1523//411 1645//432 1644//433
f 1474//412 1475//411 1597//432 1596//433
f 1523//406 1524//405 1646//434 1645//435
f 1475//406 1476//405 1598//434 1597//435
f 1524//408 1525//407 1647//428 1646//429
f 1476//408 1477//407 1599//428 1598//429
f 1525//410 1526//409 1648//430 1647//431
f 1477//410 1478//409 1600//430 1599//431
f 1526//412 1527//411 1649//432 1648//433
f 1478//412 1479//411 1601//432 1600//433
f 1527//419 1528//418 1650//436 1649//437
f 1479//406 1480//405 1602//434 1601//435
f 1528//418 1529//420 1651//438 1650//436
f 1480//408 1481//407 1603//428 1602//429
f 1529//422 1530//421 1652//439 1651//440
f 1481//410 1482//409 1604//430 1603//431
f 1530//425 1531//424 1653//441 1652//442
f 1482//412 1483//411 1605//432 1604//433
f 1531//424 1532//426 1654//443 1653//441
f 1483//406 1484//405 1606//434 1605//435
f 1532//426 1533//427 1655//444 1654//443
f 1484//408 1485//407 1607//428 1606//429
f 1485//410 1486//409 1608//430 1607//431
f 1486//412 1487//411 1609//432 1608//433
f 1487//406 1488//405 1610//434 1609//435
f 1488//408 1489//407 1611//428 1610//429
f 1489//410 1490//409 1612//430 1611//431
f 1490//412 1491//411 1613//432 1612//433
f 1491//406 1492//405 1614//434 1613//435
f 1492//408 1493//407 1615//428 1614//429
f 1493//410 1494//409 1616//430 1615//431
f 1494//412 1495//411 1617//432 1616//433
f 1495//406 1496//405 1618//434 1617//435
f 1496//408 1497//407 1619//428 1618//429
f 1497//410 1498//409 1620//430 1619//431
f 1498//412 1499//411 1621//432 1620//433
f 1499//406 1500//405 1622//434 1621//435
f 1500//408 1501//407 1623//428 1622//429
f 1501//410 1502//409 1624//430 1623//431
f 560//413 1416//413 1538//445 561//445
f 1416//413 1417//414 1539//446 1538//445
f 1417//416 1418//415 1540//447 1539//448
f 1418//417 1419//411 1541//432 1540//433
f 1419//406 1420//405 1542//434 1541//435
f 1420//408 1421//407 1543//428 1542//429
f 1421//410 1422//409 1544//430 1543//431
f 1422//417 1423//411 1545//432 1544//433
f 1423//406 1424//405 1546//434 1545//435
f 1620//433 1621//432 1743//449 1742//450
f 1621//435 1622//434 1744//451 1743//452
f 1622//429 1623//428 1745//453 1744//454
f 1623//431 1624//430 1746//455 1745//456
f 1624//433 1625//432 1747//449 1746//450
f 1625//435 1626//434 1748//451 1747//452
f 1626//429 1627//428 1749//453 1748//454
f 1627//431 1628//430 1750//457 1749//456
f 1628//433 1629//432 1751//449 1750//450
f 1629//435 1630//434 1752//451 1751//452
f 1630//429 1631//428 1753//453 1752//454
f 1631//431 1632//430 1754//455 1753//456
f 1632//433 1633//432 1755//449 1754//450
f 1633//435 1634//434 1756//451 1755//452
f 1634//429 1635//428 1757//453 1756//454
f 1635//431 1636//430 1758//455 1757//456
f 1636//433 1637//432 1759//449 1758//450
f 1637//435 1638//434 1760//451 1759//452
f 1638//429 1639//428 1761//453 1760//454
f 1639//431 1640//430 1762//455 1761//456
f 1640//433 1641//432 1763//449 1762//450
f 1641//435 1642//434 1764//451 1763//452
f 561//445 1538//445 1660//458 680//458
f 1642//429 1643//428 1765//453 1764//454
f 1538//445 1539//446 1661//459 1660//458
f 1643//431 1644//430 1766//455 1765//456
f 1539//448 1540//447 1662//460 1661//461
f 1644//433 1645//432 1767//449 1766//450
f 1540//433 1541//432 1663//449 1662//450
f 1645//435 1646//434 1768//451 1767//452
f 1541//435 1542//434 1664//451 1663//452
f 1646//429 1647//428 1769//453 1768//454
f 1542//429 1543//428 1665//453 1664//454
f 1647//431 1648//430 1770//455 1769//456
f 1543//431 1544//430 1666//455 1665//456
f 1648//433 1649//432 1771//449 1770//450
f 1544//433 1545//432 1667//449 1666//450
f 1649//437 1650//436 1772//462 1771//463
f 1545//435 1546//434 1668//451 1667//452
f 1650//436 1651//438 1773//464 1772//462
f 1546//429 1547//428 1669//453 1668//454
f 1651//440 1652//439 1774//465 1773//466
f 1547//431 1548//430 1670//455 1669//456
f 1652//442 1653//441 1775//467 1774//468
f 1548//433 1549//432 1671//449 1670//450
f 1653//441 1654//443 1776//469 1775//467
f 1549//435 1550//434 1672//451 1671//452
f 1654//443 1655//444 1777//470 1776//469
f 1550//429 1551//428 1673//453 1672//454
f 1551//431 1552//430 1674//455 1673//456
f 1552//433 1553//432 1675//449 1674//450
f 1553//435 1554//434 1676//451 1675//471
f 1554//429 1555//428 1677//453 1676//454
f 1555//431 1556//430 1678//455 1677//456
f 1556//433 1557//432 1679//449 1678//450
f 1557//435 1558//434 1680//451 1679//452
f 1558//429 1559//428 1681//453 1680//454
f 1559//431 1560//430 1682//455 1681//456
f 1560//433 1561//432 1683//449 1682//450
f 1561//435 1562//434 1684//451 1683//452
f 1562//429 1563//428 1685//453 1684//454
f 1563//431 1564//430 1686//455 1685//456
f 1564//433 1565//432 1687//449 1686//450
f 1565//435 1566//434 1688//451 1687//452
f 1566//429 1567//428 1689//453 1688//454
f 1567//431 1568//430 1690//455 1689//456
f 1568//433 1569//432 1691//449 1690//450
f 1569//435 1570//434 1692//451 1691//452
f 1570//429 1571//428 1693//453 1692//454
f 1571//431 1572//430 1694//455 1693//456
f 1572//433 1573//432 1695//449 1694//450
f 1573//435 1574//434 1696//451 1695//452
f 1574//429 1575//428 1697//453 1696//454
f 1575//431 1576//430 1698//455 1697//456
f 1576//433 1577//432 1699//449 1698//450
f 1577//435 1578//434 1700//451 1699//452
f 1578//429 1579//428 1701//453 1700//454
f 1579//431 1580//430 1702//455 1701//456
f 1580//433 1581//432 1703//449 1702//450
f 1581//435 1582//434 1704//451 1703//452
f 1582//429 1583//428 1705//453 1704//454
f 1583//431 1584//430 1706//455 1705//456
f 1584//433 1585//432 1707//449 1706//450
f 1585//435 1586//434 1708//451 1707//452
f 1586//429 1587//428 1709//453 1708//454
f 1587//431 1588//430 1710//455 1709//456
f 1588//433 1589//432 1711//449 1710//450
f 1589//435 1590//434 1712//451 1711//452
f 1590//429 1591//428 1713//453 1712//454
f 1591//431 1592//430 1714//455 1713//456
f 1592//433 1593//432 1715//449 1714//450
f 1593//435 1594//434 1716//451 1715//452
f 1594//429 1595//428 1717//453 1716//454
f 1595//431 1596//430 1718//472 1717//456
f 1596//433 1597//432 1719//449 1718//450
f 1597//435 1598//434 1720//451 1719//452
f 1598//429 1599//428 1721//453 1720//454
f 1599//431 1600//430 1722//455 1721//456
f 1600//433 1601//432 1723//449 1722//450
f 1601//435 1602//434 1724//451 1723//452
f 1602//429 1603//428 1725//453 1724//454
f 1603//431 1604//430 1726//455 1725//456
f 1604//433 1605//432 1727//449 1726//450
f 1605//435 1606//434 1728//451 1727//452
f 1606//429 1607//428 1729//453 1728//454
f 1607//431 1608//430 1730//455 1729//456
f 1608//433 1609//432 1731//449 1730//450
f 1609//435 1610//434 1732//451 1731//452
f 1610//429 1611//428 1733//453 1732//454
f 1611//431 1612//430 1734//455 1733//456
f 1612//433 1613//432 1735//449 1734//450
f 1613//435 1614//434 1736//451 1735//452
f 1614//429 1615//428 1737//453 1736//454
f 1615//431 1616//430 1738//455 1737//456
f 1616//433 1617//432 1739//449 1738//450
f 1617//435 1618//434 1740//451 1739//452
f 1618//429 1619//428 1741//453 1740//454
f 1619//431 1620//430 1742//455 1741//456
f 1768//454 1769//453 1891//473 1890//474
f 1664//454 1665//453 1787//473 1786//474
f 1769//456 1770//455 1892//475 1891//476
f 1665//456 1666//455 1788//475 1787//476
f 1770//450 1771//449 1893//477 1892//478
f 1666//450 1667//449 1789//477 1788//478
f 1771//463 1772//462 1894//479 1893//480
f 1667//452 1668//451 1790//481 1789//482
f 1772//462 1773//464 1895//483 1894//479
f 1668//454 1669//453 1791//473 1790//474
f 1773//466 1774//465 1896//484 1895//485
f 1669//456 1670//455 1792//475 1791//476
f 1774//468 1775//467 1897//486 1896//487
f 1670//450 1671//449 1793//477 1792//478
f 1775//467 1776//469 1898//488 1897//486
f 1671//452 1672//451 1794//481 1793//482
f 1776//469 1777//470 1899//489 1898//488
f 1672//454 1673//453 1795//473 1794//474
f 1673//456 1674//455 1796//475 1795//476
f 1674//450 1675//449 1797//477 1796//478
f 1675//471 1676//451 1798//481 1797//482
f 1676//454 1677//453 1799//473 1798//474
f 1677//456 1678//455 1800//475 1799//476
f 1678//450 1679//449 1801//477 1800//478
f 1679//452 1680//451 1802//481 1801//482
f 1680//454 1681//453 1803//473 1802//474
f 1681//456 1682//455 1804//475 1803//476
f 1682//450 1683//449 1805//477 1804//478
f 1683//452 1684//451 1806//481 1805//482
f 1684//454 1685//453 1807//473 1806//474
f 1685//456 1686//455 1808//475 1807//476
f 1686//450 1687//449 1809//477 1808//478
f 1687//452 1688//451 1810//481 1809//482
f 1688//454 1689//453 1811//473 1810//474
f 1689//456 1690//455 1812//475 1811//476
f 1690//450 1691//449 1813//477 1812//478
f 1691//452 1692//451 1814//481 1813//482
f 1692//454 1693//453 1815//473 1814//474
f 1693//456 1694//455 1816//475 1815//476
f 1694//450 1695//449 1817//477 1816//478
f 1695//452 1696//451 1818//481 1817//482
f 1696//454 1697//453 1819//473 1818//474
f 1697//456 1698//455 1820//475 1819//476
f 1698//450 1699//449 1821//477 1820//478
f 1699//452 1700//451 1822//481 1821//482
f 1700//454 1701//453 1823//473 1822//474
f 1701//456 1702//455 1824//475 1823//476
f 1702//450 1703//449 1825//477 1824//478
f 1703//452 1704//451 1826//481 1825//482
f 1704//454 1705//453 1827//473 1826//474
f 1705//456 1706//455 1828//475 1827//476
f 1706//450 1707//449 1829//477 1828//478
f 1707//452 1708//451 1830//481 1829//482
f 1708//454 1709//453 1831//473 1830//474
f 1709//456 1710//455 1832//475 1831//476
f 1710//450 1711//449 1833//477 1832//478
f 1711//452 1712//451 1834//481 1833//482
f 1712//454 1713//453 1835//473 1834//474
f 1713//456 1714//455 1836//475 1835//476
f 1714//450 1715//449 1837//477 1836//478
f 1715//452 1716//451 1838//481 1837//482
f 1716//454 1717//453 1839//473 1838//474
f 1717//456 1718//472 1840//490 1839//476
f 1718//450 1719//449 1841//477 1840//478
f 1719//452 1720//451 1842//481 1841//482
f 1720//454 1721//453 1843//473 1842//474
f 1721//456 1722//455 1844//475 1843//476
f 1722//450 1723//449 1845//477 1844//478
f 1723//452 1724//451 1846//481 1845//482
f 1724//454 1725//453 1847//473 1846//474
f 1725//456 1726//455 1848//475 1847//476
f 1726//450 1727//449 1849//477 1848//478
f 1727//452 1728//451 1850//481 1849//482
f 1728//454 1729//453 1851//473 1850//474
f 1729//456 1730//455 1852//475 1851//476
f 1730//450 1731//449 1853//477 1852//478
f 1731//452 1732//451 1854//481 1853//482
f 1732//454 1733//453 1855//473 1854//474
f 1733//456 1734//455 1856//475 1855//476
f 1734//450 1735//449 1857//477 1856//478
f 1735//452 1736//451 1858//481 1857//482
f 1736//454 1737//453 1859//473 1858//474
f 1737//456 1738//455 1860//475 1859//476
f 1738//450 1739//449 1861//477 1860//478
f 1739//452 1740//451 1862//481 1861//482
f 1740//454 1741//453 1863//473 1862//474
f 1741//456 1742//455 1864//475 1863//476
f 1742//450 1743//449 1865//477 1864//478
f 1743//452 1744//451 1866//481 1865//482
f 1744//454 1745//453 1867//473 1866//474
f 1745//456 1746//455 1868//475 1867//476
f 1746//450 1747//449 1869//477 1868//478
f 1747//452 1748//451 1870//481 1869//482
f 1748//454 1749//453 1871//473 1870//474
f 1749//456 1750//457 1872//475 1871//476
f 1750//450 1751//449 1873//477 1872//478
f 1751//452 1752//451 1874//481 1873//482
f 1752//454 1753//453 1875//473 1874//474
f 1753//456 1754//455 1876//475 1875//476
f 1754//450 1755//449 1877//477 1876//478
f 1755//452 1756//451 1878//481 1877//482
f 1756//454 1757//453 1879//473 1878//474
f 1757//456 1758//455 1880//475 1879//476
f 1758//450 1759//449 1881//477 1880//478
f 1759//452 1760//451 1882//481 1881//482
f 1760//454 1761//453 1883//473 1882//474
f 1761//456 1762//455 1884//475 1883//476
f 1762//450 1763//449 1885//477 1884//478
f 1763//452 1764//451 1886//481 1885//482
f 680//458 1660//458 1782//491 681//491
f 1764//454 1765//453 1887//473 1886//474
f 1660//458 1661//459 1783//492 1782//491
f 1765//456 1766//455 1888//475 1887//476
f 1661//461 1662//460 1784//493 1783//494
f 1766//450 1767//449 1889//477 1888//478
f 1662//450 1663//449 1785//477 1784//478
f 1767//452 1768//451 1890//481 1889//482
f 1663//452 1664//451 1786//481 1785//482
f 1812//478 1813//477 1935//495 1934//496
f 1813//482 1814//481 1936//497 1935//498
f 1814//474 1815//473 1937//499 1936//500
f 1815//476 1816//475 1938//501 1937//502
f 1816//478 1817//477 1939//495 1938//496
f 1817//482 1818//481 1940//497 1939//498
f 1818//474 1819//473 1941//499 1940//500
f 1819//476 1820//475 1942//501 1941//502
f 1820//478 1821//477 1943//495 1942//496
f 1821//482 1822//481 1944//497 1943//498
f 1822//474 1823//473 1945//499 1944//500
f 1823//476 1824//475 1946//501 1945//502
f 1824//478 1825//477 1947//495 1946//496
f 1825//482 1826//481 1948//497 1947//498
f 1826//474 1827//473 1949//499 1948//500
f 1827//476 1828//475 1950//501 1949//502
f 1828//478 1829//477 1951//495 1950//496
f 1829//482 1830//481 1952//497 1951//498
f 1830//474 1831//473 1953//499 1952//500
f 1831//476 1832//475 1954//501 1953//502
f 1832//478 1833//477 1955//495 1954//496
f 1833//482 1834//481 1956//497 1955//498
f 1834//474 1835//473 1957//499 1956//500
f 1835//476 1836//475 1958//501 1957//502
f 1836//478 1837//477 1959//503 1958//496
f 1837//482 1838//481 1960//497 1959//498
f 1838//474 1839//473 1961//499 1960//500
f 1839//476 1840//490 1962//501 1961//502
f 1840//478 1841//477 1963//503 1962//496
f 1841//482 1842//481 1964//497 1963//498
f 1842//474 1843//473 1965//499 1964//500
f 1843//476 1844//475 1966//501 1965//502
f 1844//478 1845//477 1967//503 1966//496
f 1845//482 1846//481 1968//497 1967//498
f 1846//474 1847//473 1969//499 1968//500
f 1847//476 1848//475 1970//501 1969//502
f 1848//478 1849//477 1971//503 1970//496
f 1849//482 1850//481 1972//497 1971//498
f 1850//474 1851//473 1973//499 1972//500
f 1851//476 1852//475 1974//501 1973//502
f 1852//478 1853//477 1975//503 1974//496
f 1853//482 1854//481 1976//497 1975//498
f 1854//474 1855//473 1977//499 1976//500
f 1855//476 1856//475 1978//501 1977//502
f 1856//478 1857//477 1979//503 1978//496
f 1857//482 1858//481 1980//497 1979//498
f 1858//474 1859//473 1981//499 1980//500
f 1859//476 1860//475 1982//501 1981//502
f 1860//478 1861//477 1983//503 1982//496
f 1861//482 1862//481 1984//497 1983//498
f 1862//474 1863//473 1985//499 1984//500
f 1863//476 1864//475 1986//501 1985//502
f 1864//478 1865//477 1987//503 1986//496
f 1865//482 1866//481 1988//497 1987//498
f 1866//474 1867//473 1989//499 1988//500
f 1867//476 1868//475 1990//501 1989//502
f 1868//478 1869//477 1991//503 1990//496
f 1869//482 1870//481 1992//497 1991//498
f 1870//474 1871//473 1993//499 1992//500
f 1871//476 1872//475 1994//501 1993//502
f 1872//478 1873//477 1995//503 1994//496
f 1873//482 1874//481 1996//497 1995//498
f 1874//474 1875//473 1997//499 1996//500
f 1875//476 1876//475 1998//501 1997//502
f 1876//478 1877//477 1999//503 1998//496
f 1877//482 1878//481 2000//497 1999//498
f 1878//474 1879//473 2001//499 2000//500
f 1879//476 1880//475 2002//501 2001//502
f 1880//478 1881//477 2003//503 2002//496
f 1881//482 1882//481 2004//497 2003//498
f 1882//474 1883//473 2005//499 2004//500
f 1883//476 1884//475 2006//501 2005//502
f 1884//478 1885//477 2007//503 2006//496
f 1885//482 1886//481 2008//497 2007//498
f 681//491 1782//491 1904//504 682//504
f 1886//474 1887//473 2009//499 2008//500
f 1782//491 1783//492 1905//505 1904//504
f 1887//476 1888//475 2010//501 2009//502
f 1783//494 1784//493 1906//506 1905//507
f 1888//478 1889//477 2011//503 2010//496
f 1784//478 1785//477 1907//503 1906//496
f 1889//482 1890//481 2012//497 2011//498
f 1785//482 1786//481 1908//497 1907//498
f 1890//474 1891//473 2013//499 2012//500
f 1786//474 1787//473 1909//499 1908//500
f 1891//476 1892//475 2014//501 2013//502
f 1787//476 1788//475 1910//501 1909//502
f 1892//478 1893//477 2015//503 2014//496
f 1788//478 1789//477 1911//503 1910//496
f 1893//480 1894//479 2016//508 2015//498
f 1789//482 1790//481 1912//497 1911//498
f 1894//479 1895//483 2017//509 2016//508
f 1790//474 1791//473 1913//499 1912//500
f 1895//485 1896//484 2018//510 2017//511
f 1791//476 1792//475 1914//501 1913//502
f 1896//487 1897//486 2019//512 2018//513
f 1792//478 1793//477 1915//503 1914//496
f 1897//486 1898//488 2020//514 2019//512
f 1793//482 1794//481 1916//497 1915//498
f 1898//488 1899//489 2021//515 2020//514
f 1794//474 1795//473 1917//499 1916//500
f 1795//476 1796//475 1918//501 1917//502
f 1796//478 1797//477 1919//495 1918//496
f 1797//482 1798//481 1920//497 1919//498
f 1798//474 1799//473 1921//499 1920//500
f 1799//476 1800//475 1922//501 1921//502
f 1800//478 1801//477 1923//495 1922//496
f 1801//482 1802//481 1924//497 1923//498
f 1802//474 1803//473 1925//499 1924//500
f 1803//476 1804//475 1926//501 1925//502
f 1804//478 1805//477 1927//495 1926//496
f 1805//482 1806//481 1928//497 1927//498
f 1806//474 1807//473 1929//499 1928//500
f 1807//476 1808//475 1930//501 1929//502
f 1808//478 1809//477 1931//495 1930//496
f 1809//482 1810//481 1932//497 1931//498
f 1810//474 1811//473 1933//499 1932//500
f 1811//476 1812//475 1934//501 1933//502
f 1960//500 1961//499 2083//516 2082//517
f 1961//502 1962//501 2084//518 2083//519
f 1962//496 1963//503 2085//520 2084//521
f 1963//498 1964//497 2086//522 2085//523
f 1964//500 1965//499 2087//516 2086//517
f 1965//502 1966//501 2088//518 2087//519
f 1966//496 1967//503 2089//520 2088//521
f 1967//498 1968//497 2090//522 2089//523
f 1968//500 1969//499 2091//516 2090//517
f 1969//502 1970//501 2092//518 2091//519
f 1970//496 1971//503 2093//520 2092//521
f 1971//498 1972//497 2094//522 2093//523
f 1972//500 1973//499 2095//516 2094//517
f 1973//502 1974//501 2096//518 2095//519
f 1974//496 1975//503 2097//520 2096//521
f 1975//498 1976//497 2098//522 2097//523
f 1976//500 1977//499 2099//516 2098//517
f 1977//502 1978//501 2100//518 2099//519
f 1978//496 1979//503 2101//520 2100//521
f 1979//498 1980//497 2102//522 2101//523
f 1980//500 1981//499 2103//516 2102//517
f 1981//502 1982//501 2104//518 2103//519
f 1982//496 1983//503 2105//520 2104//521
f 1983//498 1984//497 2106//522 2105//523
f 1984//500 1985//499 2107//516 2106//517
f 1985//502 1986//501 2108//518 2107//519
f 1986//496 1987//503 2109//520 2108//521
f 1987//498 1988//497 2110//522 2109//523
f 1988//500 1989//499 2111//516 2110//517
f 1989//502 1990//501 2112//518 2111//519
f 1990//496 1991//503 2113//520 2112//521
f 1991//498 1992//497 2114//522 2113//523
f 1992//500 1993//499 2115//516 2114//517
f 1993//502 1994//501 2116//518 2115//519
f 1994//496 1995//503 2117//520 2116//521
f 1995//498 1996//497 2118//522 2117//523
f 1996//500 1997//499 2119//516 2118//517
f 1997//502 1998//501 2120//518 2119//519
f 1998//496 1999//503 2121//520 2120//521
f 1999//498 2000//497 2122//522 2121//523
f 2000//500 2001//499 2123//516 2122//517
f 2001//502 2002//501 2124//518 2123//519
f 2002//496 2003//503 2125//520 2124//521
f 2003//498 2004//497 2126//522 2125//523
f 2004//500 2005//499 2127//516 2126//517
f 2005//502 2006//501 2128//518 2127//519
f 2006//496 2007//503 2129//520 2128//521
f 2007//498 2008//497 2130//522 2129//523
f 682//504 1904//504 2026//524 683//524
f 2008//500 2009//499 2131//516 2130//517
f 1904//504 1905//505 2027//525 2026//524
f 2009//502 2010//501 2132//518 2131//519
f 1905//507 1906//506 2028//526 2027//527
f 2010//496 2011//503 2133//520 2132//521
f 1906//496 1907//503 2029//520 2028//521
f 2011//498 2012//497 2134//522 2133//523
f 1907//498 1908//497 2030//522 2029//523
f 2012//500 2013//499 2135//516 2134//517
f 1908//500 1909//499 2031//516 2030//517
f 2013//502 2014//501 2136//518 2135//519
f 1909//502 1910//501 2032//518 2031//519
f 2014//496 2015//503 2137//520 2136//521
f 1910//496 1911//503 2033//520 2032//521
f 2015//498 2016//508 2138//522 2137//523
f 1911//498 1912//497 2034//522 2033//523
f 2016//508 2017//509 2139//528 2138//529
f 1912//500 1913//499 2035//516 2034//517
f 2017//511 2018//510 2140//530 2139//531
f 1913//502 1914//501 2036//518 2035//519
f 2018//513 2019//512 2141//532 2140//533
f 1914//496 1915//503 2037//520 2036//521
f 2019//512 2020//514 2142//534 2141//532
f 1915//498 1916//497 2038//522 2037//523
f 2020//514 2021//515 2143//535 2142//534
f 1916//500 1917//499 2039//516 2038//517
f 1917//502 1918//501 2040//518 2039//519
f 1918//496 1919//495 2041//520 2040//521
f 1919//498 1920//497 2042//522 2041//523
f 1920//500 1921//499 2043//516 2042//517
f 1921//502 1922//501 2044//518 2043//519
f 1922//496 1923//495 2045//520 2044//521
f 1923//498 1924//497 2046//522 2045//523
f 1924//500 1925//499 2047//516 2046//517
f 1925//502 1926//501 2048//518 2047//519
f 1926//496 1927//495 2049//520 2048//521
f 1927//498 1928//497 2050//522 2049//523
f 1928//500 1929//499 2051//516 2050//517
f 1929//502 1930//501 2052//518 2051//519
f 1930//496 1931//495 2053//520 2052//521
f 1931//498 1932//497 2054//522 2053//523
f 1932//500 1933//499 2055//516 2054//517
f 1933//502 1934//501 2056//518 2055//519
f 1934//496 1935//495 2057//520 2056//521
f 1935//498 1936//497 2058//522 2057//523
f 1936//500 1937//499 2059//516 2058//517
f 1937//502 1938//501 2060//518 2059//519
f 1938//496 1939//495 2061//520 2060//521
f 1939//498 1940//497 2062//522 2061//523
f 1940//500 1941//499 2063//516 2062//517
f 1941//502 1942//501 2064//518 2063//519
f 1942//496 1943//495 2065//520 2064//521
f 1943//498 1944//497 2066//522 2065//523
f 1944//500 1945//499 2067//516 2066//517
f 1945//502 1946//501 2068//518 2067//519
f 1946//496 1947//495 2069//520 2068//521
f 1947//498 1948//497 2070//522 2069//523
f 1948//500 1949//499 2071//516 2070//517
f 1949//502 1950//501 2072//518 2071//519
f 1950//496 1951//495 2073//520 2072//521
f 1951//498 1952//497 2074//522 2073//523
f 1952//500 1953//499 2075//516 2074//517
f 1953//502 1954//501 2076//518 2075//519
f 1954//496 1955//495 2077//520 2076//521
f 1955//498 1956//497 2078//522 2077//523
f 1956//500 1957//499 2079//516 2078//517
f 1957//502 1958//501 2080//518 2079//519
f 1958//496 1959//503 2081//520 2080//521
f 1959//498 1960//497 2082//522 2081//523
f 2108//521 2109//520 2231//536 2230//537
f 2109//523 2110//522 2232//538 2231//539
f 2110//517 2111//516 2233//540 2232//541
f 2111//519 2112//518 2234//542 2233//543
f 2112//521 2113//520 2235//536 2234//537
f 2113//523 2114//522 2236//538 2235//539
f 2114//517 2115//516 2237//540 2236//541
f 2115//519 2116//518 2238//542 2237//543
f 2116//521 2117//520 2239//536 2238//537
f 2117//523 2118//522 2240//538 2239//539
f 2118//517 2119//516 2241//540 2240//541
f 2119//519 2120//518 2242//542 2241//543
f 2120//521 2121//520 2243//536 2242//537
f 2121//523 2122//522 2244//538 2243//539
f 2122//517 2123//516 2245//540 2244//541
f 2123//519 2124//518 2246//542 2245//543
f 2124//521 2125//520 2247//536 2246//537
f 2125//523 2126//522 2248//538 2247//539
f 2126//517 2127//516 2249//540 2248//541
f 2127//519 2128//518 2250//542 2249//543
f 2128//521 2129//520 2251//536 2250//537
f 2129//523 2130//522 2252//538 2251//539
f 683//524 2026//524 2148//544 802//544
f 2130//517 2131//516 2253//540 2252//541
f 2026//524 2027//525 2149//545 2148//544
f 2131//519 2132//518 2254//542 2253//543
f 2027//527 2028//526 2150//546 2149//547
f 2132//521 2133//520 2255//536 2254//537
f 2028//521 2029//520 2151//536 2150//537
f 2133//523 2134//522 2256//538 2255//539
f 2029//523 2030//522 2152//538 2151//539
f 2134//517 2135//516 2257//540 2256//541
f 2030//517 2031//516 2153//540 2152//541
f 2135//519 2136//518 2258//542 2257//543
f 2031//519 2032//518 2154//542 2153//543
f 2136//521 2137//520 2259//536 2258//537
f 2032//521 2033//520 2155//536 2154//537
f 2137//523 2138//522 2260//538 2259//539
f 2033//523 2034//522 2156//538 2155//539
f 2138//529 2139//528 2261//548 2260//549
f 2034//517 2035//516 2157//540 2156//541
f 2139//531 2140//530 2262//550 2261//551
f 2035//519 2036//518 2158//542 2157//543
f 2140//533 2141//532 2263//552 2262//553
f 2036//521 2037//520 2159//536 2158//537
f 2141//532 2142//534 2264//554 2263//552
f 2037//523 2038//522 2160//538 2159//539
f 2142//534 2143//535 2265//555 2264//554
f 2038//517 2039//516 2161//540 2160//541
f 2039//519 2040//518 2162//542 2161//543
f 2040//521 2041//520 2163//536 2162//537
f 2041//523 2042//522 2164//538 2163//539
f 2042//517 2043//516 2165//540 2164//541
f 2043//519 2044//518 2166//542 2165//543
f 2044//521 2045//520 2167//536 2166//537
f 2045//523 2046//522 2168//538 2167//539
f 2046//517 2047//516 2169//540 2168//541
f 2047//519 2048//518 2170//542 2169//543
f 2048//521 2049//520 2171//536 2170//537
f 2049//523 2050//522 2172//538 2171//539
f 2050//517 2051//516 2173//540 2172//541
f 2051//519 2052//518 2174//542 2173//543
f 2052//521 2053//520 2175//536 2174//537
f 2053//523 2054//522 2176//538 2175//539
f 2054//517 2055//516 2177//540 2176//541
f 2055//519 2056//518 2178//542 2177//543
f 2056//521 2057//520 2179//536 2178//537
f 2057//523 2058//522 2180//538 2179//539
f 2058//517 2059//516 2181//540 2180//541
f 2059//519 2060//518 2182//542 2181//543
f 2060//521 2061//520 2183//536 2182//537
f 2061//523 2062//522 2184//538 2183//539
f 2062//517 2063//516 2185//540 2184//541
f 2063//519 2064//518 2186//542 2185//543
f 2064//521 2065//520 2187//536 2186//537
f 2065//523 2066//522 2188//538 2187//539
f 2066//517 2067//516 2189//540 2188//541
f 2067//519 2068//518 2190//542 2189//543
f 2068//521 2069//520 2191//536 2190//537
f 2069//523 2070//522 2192//538 2191//539
f 2070//517 2071//516 2193//540 2192//541
f 2071//519 2072//518 2194//542 2193//543
f 2072//521 2073//520 2195//536 2194//537
f 2073//523 2074//522 2196//538 2195//539
f 2074//517 2075//516 2197//540 2196//541
f 2075//519 2076//518 2198//542 2197//543
f 2076//521 2077//520 2199//536 2198//537
f 2077//523 2078//522 2200//538 2199//539
f 2078//517 2079//516 2201//540 2200//541
f 2079//519 2080//518 2202//542 2201//543
f 2080//521 2081//520 2203//536 2202//537
f 2081//523 2082//522 2204//538 2203//539
f 2082//517 2083//516 2205//540 2204//541
f 2083//519 2084//518 2206//542 2205//543
f 2084//521 2085//520 2207//536 2206//537
f 2085//523 2086//522 2208//538 2207//539
f 2086//517 2087//516 2209//540 2208//541
f 2087//519 2088//518 2210//542 2209//543
f 2088//521 2089//520 2211//536 2210//537
f 2089//523 2090//522 2212//538 2211//539
f 2090//517 2091//516 2213//540 2212//541
f 2091//519 2092//518 2214//542 2213//543
f 2092//521 2093//520 2215//536 2214//537
f 2093//523 2094//522 2216//538 2215//539
f 2094//517 2095//516 2217//540 2216//541
f 2095//519 2096//518 2218//542 2217//543
f 2096//521 2097//520 2219//536 2218//537
f 2097//523 2098//522 2220//538 2219//539
f 2098//517 2099//516 2221//540 2220//541
f 2099//519 2100//518 2222//542 2221//543
f 2100//521 2101//520 2223//536 2222//537
f 2101//523 2102//522 2224//538 2223//539
f 2102//517 2103//516 2225//540 2224//541
f 2103//519 2104//518 2226//542 2225//543
f 2104//521 2105//520 2227//536 2226//537
f 2105//523 2106//522 2228//538 2227//539
f 2106//517 2107//516 2229//540 2228//541
f 2107//519 2108//518 2230//542 2229//543
f 2256//541 2257//540 2379//556 2378//557
f 2152//541 2153//540 2275//556 2274//557
f 2257//543 2258//542 2380//558 2379//559
f 2153//543 2154//542 2276//558 2275//559
f 2258//537 2259//536 2381//560 2380//561
f 2154//537 2155//536 2277//560 2276//561
f 2259//539 2260//538 2382//562 2381//563
f 2155//539 2156//538 2278//562 2277//563
f 2260//549 2261//548 2383//564 2382//565
f 2156//541 2157//540 2279//556 2278//557
f 2261//551 2262//550 2384//566 2383//567
f 2157//543 2158//542 2280//558 2279//559
f 2262//553 2263//552 2385//568 2384//569
f 2158//537 2159//536 2281//560 2280//561
f 2263//552 2264//554 2386//570 2385//568
f 2159//539 2160//538 2282//562 2281//563
f 2264//554 2265//555 2387//571 2386//570
f 2160//541 2161//540 2283//556 2282//557
f 2161//543 2162//542 2284//558 2283//559
f 2162//537 2163//536 2285//560 2284//561
f 2163//539 2164//538 2286//562 2285//563
f 2164//541 2165//540 2287//556 2286//557
f 2165//543 2166//542 2288//558 2287//559
f 2166//537 2167//536 2289//560 2288//561
f 2167//539 2168//538 2290//562 2289//563
f 2168//541 2169//540 2291//556 2290//557
f 2169//543 2170//542 2292//558 2291//559
f 2170//537 2171//536 2293//560 2292//561
f 2171//539 2172//538 2294//562 2293//563
f 2172//541 2173//540 2295//556 2294//557
f 2173//543 2174//542 2296//558 2295//559
f 2174//537 2175//536 2297//560 2296//561
f 2175//539 2176//538 2298//562 2297//563
f 2176//541 2177//540 2299//556 2298//557
f 2177//543 2178//542 2300//558 2299//559
f 2178//537 2179//536 2301//560 2300//561
f 2179//539 2180//538 2302//562 2301//563
f 2180//541 2181//540 2303//556 2302//557
f 2181//543 2182//542 2304//558 2303//559
f 2182//537 2183//536 2305//560 2304//561
f 2183//539 2184//538 2306//562 2305//563
f 2184//541 2185//540 2307//556 2306//557
f 2185//543 2186//542 2308//558 2307//559
f 2186//537 2187//536 2309//560 2308//561
f 2187//539 2188//538 2310//562 2309//563
f 2188//541 2189//540 2311//556 2310//557
f 2189//543 2190//542 2312//558 2311//559
f 2190//537 2191//536 2313//560 2312//561
f 2191//539 2192//538 2314//562 2313//563
f 2192//541 2193//540 2315//556 2314//557
f 2193//543 2194//542 2316//558 2315//559
f 2194//537 2195//536 2317//560 2316//561
f 2195//539 2196//538 2318//562 2317//563
f 2196//541 2197//540 2319//556 2318//557
f 2197//543 2198//542 2320//558 2319//559
f 2198//537 2199//536 2321//560 2320//561
f 2199//539 2200//538 2322//562 2321//563
f 2200//541 2201//540 2323//556 2322//557
f 2201//543 2202//542 2324//558 2323//559
f 2202//537 2203//536 2325//560 2324//561
f 2203//539 2204//538 2326//562 2325//563
f 2204//541 2205//540 2327//556 2326//557
f 2205//543 2206//542 2328//558 2327//559
f 2206//537 2207//536 2329//560 2328//561
f 2207//539 2208//538 2330//562 2329//563
f 2208//541 2209//540 2331//556 2330//557
f 2209//543 2210//542 2332//558 2331//559
f 2210//537 2211//536 2333//560 2332//561
f 2211//539 2212//538 2334//562 2333//563
f 2212//541 2213//540 2335//556 2334//557
f 2213//543 2214//542 2336//558 2335//559
f 2214//537 2215//536 2337//560 2336//561
f 2215//539 2216//538 2338//562 2337//563
f 2216//541 2217//540 2339//556 2338//557
f 2217//543 2218//542 2340//558 2339//559
f 2218//537 2219//536 2341//560 2340//561
f 2219//539 2220//538 2342//562 2341//563
f 2220//541 2221//540 2343//556 2342//557
f 2221//543 2222//542 2344//558 2343//559
f 2222//537 2223//536 2345//560 2344//561
f 2223//539 2224//538 2346//562 2345//563
f 2224//541 2225//540 2347//556 2346//557
f 2225//543 2226//542 2348//558 2347//559
f 2226//537 2227//536 2349//560 2348//561
f 2227//539 2228//538 2350//562 2349//563
f 2228//541 2229//540 2351//556 2350//557
f 2229//543 2230//542 2352//558 2351//559
f 2230//537 2231//536 2353//560 2352//561
f 2231//539 2232//538 2354//562 2353//563
f 2232//541 2233//540 2355//556 2354//557
f 2233//543 2234//542 2356//558 2355//559
f 2234//537 2235//536 2357//560 2356//561
f 2235//539 2236//538 2358//562 2357//563
f 2236//541 2237//540 2359//556 2358//557
f 2237//543 2238//542 2360//558 2359//559
f 2238//537 2239//536 2361//560 2360//561
f 2239//539 2240//538 2362//562 2361//563
f 2240//541 2241//540 2363//556 2362//557
f 2241//543 2242//542 2364//558 2363//559
f 2242//537 2243//536 2365//560 2364//561
f 2243//539 2244//538 2366//562 2365//563
f 2244//541 2245//540 2367//556 2366//557
f 2245//543 2246//542 2368//558 2367//559
f 2246//537 2247//536 2369//560 2368//561
f 2247//539 2248//538 2370//562 2369//563
f 2248//541 2249//540 2371//556 2370//557
f 2249//543 2250//542 2372//558 2371//559
f 2250//537 2251//536 2373//560 2372//561
f 2251//539 2252//538 2374//562 2373//563
f 802//544 2148//544 2270//572 803//572
f 2252//541 2253//540 2375//556 2374//557
f 2148//544 2149//545 2271//573 2270//572
f 2253//543 2254//542 2376//558 2375//559
f 2149//547 2150//546 2272//574 2271//575
f 2254//537 2255//536 2377//560 2376//561
f 2150//537 2151//536 2273//560 2272//561
f 2255//539 2256//538 2378//562 2377//563
f 2151//539 2152//538 2274//562 2273//563
f 2333//563 2334//562 2456//576 2455//577
f 2334//557 2335//556 2457//578 2456//579
f 2335//559 2336//558 2458//580 2457//581
f 2336//561 2337//560 2459//582 2458//583
f 2337//563 2338//562 2460//576 2459//577
f 2338//557 2339//556 2461//578 2460//579
f 2339//559 2340//558 2462//580 2461//581
f 2340//561 2341//560 2463//582 2462//583
f 2341//563 2342//562 2464//576 2463//577
f 2342//557 2343//556 2465//578 2464//579
f 2343//559 2344//558 2466//580 2465//581
f 2344//561 2345//560 2467//584 2466//583
f 2345//563 2346//562 2468//576 2467//577
f 2346//557 2347//556 2469//578 2468//579
f 2347//559 2348//558 2470//580 2469//581
f 2348//561 2349//560 2471//584 2470//583
f 2349//563 2350//562 2472//576 2471//577
f 2350//557 2351//556 2473//578 2472//579
f 2351//559 2352//558 2474//580 2473//581
f 2352//561 2353//560 2475//584 2474//583
f 2353//563 2354//562 2476//576 2475//577
f 2354//557 2355//556 2477//578 2476//579
f 2355//559 2356//558 2478//580 2477//581
f 2356//561 2357//560 2479//584 2478//583
f 2357//563 2358//562 2480//576 2479//577
f 2358//557 2359//556 2481//578 2480//579
f 2359//559 2360//558 2482//580 2481//581
f 2360//561 2361//560 2483//584 2482//583
f 2361//563 2362//562 2484//576 2483//577
f 2362//557 2363//556 2485//578 2484//579
f 2363//559 2364//558 2486//580 2485//581
f 2364//561 2365//560 2487//584 2486//583
f 2365//563 2366//562 2488//576 2487//577
f 2366//557 2367//556 2489//578 2488//579
f 2367//559 2368//558 2490//580 2489//581
f 2368//561 2369//560 2491//584 2490//583
f 2369//563 2370//562 2492//576 2491//577
f 2370//557 2371//556 2493//578 2492//579
f 2371//559 2372//558 2494//580 2493//581
f 2372//561 2373//560 2495//584 2494//583
f 2373//563 2374//562 2496//576 2495//577
f 803//572 2270//572 2392//585 804//585
f 2374//557 2375//556 2497//578 2496//579
f 2270//572 2271//573 2393//586 2392//585
f 2375//559 2376//558 2498//580 2497//581
f 2271//575 2272//574 2394//587 2393//588
f 2376//561 2377//560 2499//584 2498//583
f 2272//561 2273//560 2395//584 2394//583
f 2377//563 2378//562 2500//576 2499//577
f 2273//563 2274//562 2396//576 2395//577
f 2378//557 2379//556 2501//578 2500//579
f 2274//557 2275//556 2397//578 2396//579
f 2379//559 2380//558 2502//580 2501//581
f 2275//559 2276//558 2398//580 2397//581
f 2380//561 2381//560 2503//584 2502//583
f 2276//561 2277//560 2399//584 2398//583
f 2381//563 2382//562 2504//576 2503//577
f 2277//563 2278//562 2400//576 2399//577
f 2382//565 2383//564 2505//589 2504//590
f 2278//557 2279//556 2401//578 2400//579
f 2383//567 2384//566 2506//591 2505//592
f 2279//559 2280//558 2402//580 2401//581
f 2384//569 2385//568 2507//593 2506//594
f 2280//561 2281//560 2403//584 2402//583
f 2385//568 2386//570 2508//595 2507//593
f 2281//563 2282//562 2404//576 2403//577
f 2386//570 2387//571 2509//596 2508//595
f 2282//557 2283//556 2405//578 2404//579
f 2283//559 2284//558 2406//580 2405//581
f 2284//561 2285//560 2407//584 2406//583
f 2285//563 2286//562 2408//576 2407//577
f 2286//557 2287//556 2409//578 2408//579
f 2287//559 2288//558 2410//580 2409//581
f 2288//561 2289//560 2411//584 2410//583
f 2289//563 2290//562 2412//576 2411//577
f 2290//557 2291//556 2413//578 2412//579
f 2291//559 2292//558 2414//580 2413//581
f 2292//561 2293//560 2415//584 2414//583
f 2293//563 2294//562 2416//576 2415//577
f 2294//557 2295//556 2417//578 2416//579
f 2295//559 2296//558 2418//580 2417//581
f 2296//561 2297//560 2419//584 2418//583
f 2297//563 2298//562 2420//576 2419//577
f 2298//557 2299//556 2421//578 2420//579
f 2299//559 2300//558 2422//580 2421//581
f 2300//561 2301//560 2423//584 2422//583
f 2301//563 2302//562 2424//576 2423//577
f 2302//557 2303//556 2425//578 2424//579
f 2303//559 2304//558 2426//580 2425//581
f 2304//561 2305//560 2427//584 2426//583
f 2305//563 2306//562 2428//576 2427//577
f 2306//557 2307//556 2429//578 2428//579
f 2307//559 2308//558 2430//580 2429//581
f 2308//561 2309//560 2431//584 2430//583
f 2309//563 2310//562 2432//576 2431//577
f 2310//557 2311//556 2433//578 2432//579
f 2311//559 2312//558 2434//580 2433//581
f 2312//561 2313//560 2435//584 2434//583
f 2313//563 2314//562 2436//576 2435//577
f 2314//557 2315//556 2437//578 2436//579
f 2315//559 2316//558 2438//580 2437//581
f 2316//561 2317//560 2439//584 2438//583
f 2317//563 2318//562 2440//576 2439//577
f 2318//557 2319//556 2441//578 2440//579
f 2319//559 2320//558 2442//580 2441//581
f 2320//561 2321//560 2443//584 2442//583
f 2321//563 2322//562 2444//576 2443//577
f 2322//557 2323//556 2445//578 2444//579
f 2323//559 2324//558 2446//580 2445//581
f 2324//561 2325//560 2447//582 2446//583
f 2325//563 2326//562 2448//576 2447//577
f 2326//557 2327//556 2449//578 2448//579
f 2327//559 2328//558 2450//580 2449//581
f 2328//561 2329//560 2451//582 2450//583
f 2329//563 2330//562 2452//576 2451//577
f 2330//557 2331//556 2453//578 2452//579
f 2331//559 2332//558 2454//580 2453//581
f 2332//561 2333//560 2455//582 2454//583
f 2481//581 2482//580 2604//597 2603//598
f 2482//583 2483//584 2605//599 2604//600
f 2483//577 2484//576 2606//601 2605//602
f 2484//579 2485//578 2607//603 2606//604
f 2485//581 2486//580 2608//597 2607//598
f 2486//583 2487//584 2609//599 2608//600
f 2487//577 2488//576 2610//601 2609//602
f 2488//579 2489//578 2611//603 2610//604
f 2489//581 2490//580 2612//597 2611//598
f 2490//583 2491//584 2613//599 2612//600
f 2491//577 2492//576 2614//601 2613//602
f 2492//579 2493//578 2615//603 2614//604
f 2493//581 2494//580 2616//597 2615//598
f 2494//583 2495//584 2617//599 2616//600
f 2495//577 2496//576 2618//601 2617//602
f 804//585 2392//585 2514//605 805//605
f 2496//579 2497//578 2619//603 2618//604
f 2392//585 2393//586 2515//606 2514//605
f 2497//581 2498//580 2620//597 2619//598
f 2393//588 2394//587 2516//607 2515//608
f 2498//583 2499//584 2621//599 2620//600
f 2394//583 2395//584 2517//599 2516//600
f 2499//577 2500//576 2622//601 2621//602
f 2395//577 2396//576 2518//609 2517//610
f 2500//579 2501//578 2623//603 2622//604
f 2396//579 2397//578 2519//603 2518//604
f 2501//581 2502//580 2624//597 2623//598
f 2397//581 2398//580 2520//597 2519//598
f 2502//583 2503//584 2625//599 2624//600
f 2398//583 2399//584 2521//599 2520//600
f 2503//577 2504//576 2626//601 2625//602
f 2399//577 2400//576 2522//609 2521//610
f 2504//590 2505//589 2627//611 2626//612
f 2400//579 2401//578 2523//603 2522//604
f 2505//592 2506//591 2628//613 2627//614
f 2401//581 2402//580 2524//597 2523//615
f 2506//594 2507//593 2629//616 2628//617
f 2402//583 2403//584 2525//599 2524//600
f 2507//593 2508//595 2630//618 2629//616
f 2403//577 2404//576 2526//601 2525//602
f 2508//595 2509//596 2631//619 2630//618
f 2404//579 2405//578 2527//603 2526//604
f 2405//581 2406//580 2528//597 2527//615
f 2406//583 2407//584 2529//599 2528//600
f 2407//577 2408//576 2530//601 2529//602
f 2408//579 2409//578 2531//603 2530//604
f 2409//581 2410//580 2532//597 2531//598
f 2410//583 2411//584 2533//599 2532//600
f 2411//577 2412//576 2534//601 2533//602
f 2412//579 2413//578 2535//603 2534//604
f 2413//581 2414//580 2536//597 2535//598
f 2414//583 2415//584 2537//599 2536//600
f 2415//577 2416//576 2538//601 2537//602
f 2416//579 2417//578 2539//603 2538//604
f 2417//581 2418//580 2540//597 2539//615
f 2418//583 2419//584 2541//599 2540//600
f 2419//577 2420//576 2542//601 2541//602
f 2420//579 2421//578 2543//603 2542//604
f 2421//581 2422//580 2544//597 2543//598
f 2422//583 2423//584 2545//599 2544//600
f 2423//577 2424//576 2546//601 2545//602
f 2424//579 2425//578 2547//603 2546//604
f 2425//581 2426//580 2548//597 2547//598
f 2426//583 2427//584 2549//599 2548//600
f 2427//577 2428//576 2550//601 2549//602
f 2428//579 2429//578 2551//603 2550//604
f 2429//581 2430//580 2552//597 2551//598
f 2430//583 2431//584 2553//599 2552//600
f 2431//577 2432//576 2554//601 2553//602
f 2432//579 2433//578 2555//603 2554//604
f 2433//581 2434//580 2556//597 2555//598
f 2434//583 2435//584 2557//599 2556//600
f 2435//577 2436//576 2558//601 2557//602
f 2436//579 2437//578 2559//603 2558//604
f 2437//581 2438//580 2560//597 2559//598
f 2438//583 2439//584 2561//599 2560//600
f 2439//577 2440//576 2562//601 2561//602
f 2440//579 2441//578 2563//603 2562//604
f 2441//581 2442//580 2564//597 2563//598
f 2442//583 2443//584 2565//599 2564//600
f 2443//577 2444//576 2566//601 2565//602
f 2444//579 2445//578 2567//603 2566//604
f 2445//581 2446//580 2568//597 2567//598
f 2446//583 2447//582 2569//599 2568//600
f 2447//577 2448//576 2570//601 2569//602
f 2448//579 2449//578 2571//603 2570//604
f 2449//581 2450//580 2572//597 2571//620
f 2450//583 2451//582 2573//599 2572//600
f 2451//577 2452//576 2574//601 2573//602
f 2452//579 2453//578 2575//603 2574//604
f 2453//581 2454//580 2576//597 2575//598
f 2454//583 2455//582 2577//599 2576//600
f 2455//577 2456//576 2578//601 2577//602
f 2456//579 2457//578 2579//603 2578//604
f 2457//581 2458//580 2580//597 2579//598
f 2458//583 2459//582 2581//599 2580//600
f 2459//577 2460//576 2582//601 2581//602
f 2460//579 2461//578 2583//603 2582//604
f 2461//581 2462//580 2584//597 2583//598
f 2462//583 2463//582 2585//599 2584//600
f 2463//577 2464//576 2586//601 2585//602
f 2464//579 2465//578 2587//603 2586//604
f 2465//581 2466//580 2588//597 2587//598
f 2466//583 2467//584 2589//599 2588//600
f 2467//577 2468//576 2590//601 2589//602
f 2468//579 2469//578 2591//603 2590//604
f 2469//581 2470//580 2592//597 2591//598
f 2470//583 2471//584 2593//599 2592//600
f 2471//577 2472//576 2594//601 2593//602
f 2472//579 2473//578 2595//603 2594//604
f 2473//581 2474//580 2596//597 2595//598
f 2474//583 2475//584 2597//599 2596//600
f 2475//577 2476//576 2598//601 2597//602
f 2476//579 2477//578 2599//603 2598//604
f 2477//581 2478//580 2600//597 2599//598
f 2478//583 2479//584 2601//599 2600//600
f 2479//577 2480//576 2602//601 2601//602
f 2480//579 2481//578 2603//603 2602//604
f 2629//616 2630//618 2752//621 2751//622
f 2525//602 2526//601 2648//623 2647//624
f 2630//618 2631//619 2753//625 2752//621
f 2526//604 2527//603 2649//626 2648//627
f 2527//615 2528//597 2650//628 2649//629
f 2528//600 2529//599 2651//630 2650//631
f 2529//602 2530//601 2652//623 2651//624
f 2530//604 2531//603 2653//626 2652//627
f 2531//598 2532//597 2654//628 2653//629
f 2532//600 2533//599 2655//630 2654//631
f 2533//602 2534//601 2656//623 2655//624
f 2534//604 2535//603 2657//626 2656//627
f 2535//598 2536//597 2658//628 2657//629
f 2536//600 2537//599 2659//630 2658//631
f 2537//602 2538//601 2660//623 2659//624
f 2538//604 2539//603 2661//626 2660//627
f 2539//615 2540//597 2662//628 2661//629
f 2540//600 2541//599 2663//630 2662//631
f 2541//602 2542//601 2664//623 2663//624
f 2542//604 2543//603 2665//626 2664//627
f 2543//598 2544//597 2666//628 2665//629
f 2544//600 2545//599 2667//630 2666//631
f 2545//602 2546//601 2668//623 2667//624
f 2546//604 2547//603 2669//626 2668//627
f 2547//598 2548//597 2670//628 2669//629
f 2548//600 2549//599 2671//630 2670//631
f 2549//602 2550//601 2672//623 2671//624
f 2550//604 2551//603 2673//626 2672//627
f 2551//598 2552//597 2674//628 2673//629
f 2552//600 2553//599 2675//630 2674//631
f 2553//602 2554//601 2676//623 2675//624
f 2554//604 2555//603 2677//626 2676//627
f 2555//598 2556//597 2678//628 2677//629
f 2556//600 2557//599 2679//630 2678//631
f 2557//602 2558//601 2680//623 2679//624
f 2558//604 2559//603 2681//626 2680//627
f 2559//598 2560//597 2682//628 2681//629
f 2560//600 2561//599 2683//630 2682//631
f 2561//602 2562//601 2684//623 2683//624
f 2562//604 2563//603 2685//626 2684//627
f 2563//598 2564//597 2686//628 2685//629
f 2564//600 2565//599 2687//630 2686//631
f 2565//602 2566//601 2688//623 2687//624
f 2566//604 2567//603 2689//626 2688//627
f 2567//598 2568//597 2690//628 2689//629
f 2568//600 2569//599 2691//630 2690//631
f 2569//602 2570//601 2692//623 2691//624
f 2570//604 2571//603 2693//626 2692//627
f 2571//620 2572//597 2694//628 2693//632
f 2572//600 2573//599 2695//630 2694//631
f 2573//602 2574//601 2696//623 2695//624
f 2574//604 2575//603 2697//626 2696//627
f 2575//598 2576//597 2698//628 2697//629
f 2576//600 2577//599 2699//630 2698//631
f 2577//602 2578//601 2700//623 2699//624
f 2578//604 2579//603 2701//626 2700//627
f 2579//598 2580//597 2702//628 2701//629
f 2580//600 2581//599 2703//630 2702//631
f 2581//602 2582//601 2704//623 2703//624
f 2582//604 2583//603 2705//626 2704//627
f 2583//598 2584//597 2706//628 2705//629
f 2584//600 2585//599 2707//630 2706//631
f 2585//602 2586//601 2708//623 2707//624
f 2586//604 2587//603 2709//626 2708//627
f 2587//598 2588//597 2710//628 2709//629
f 2588//600 2589//599 2711//630 2710//631
f 2589//602 2590//601 2712//623 2711//624
f 2590//604 2591//603 2713//626 2712//627
f 2591//598 2592//597 2714//628 2713//629
f 2592//600 2593//599 2715//630 2714//631
f 2593//602 2594//601 2716//623 2715//624
f 2594//604 2595//603 2717//626 2716//627
f 2595//598 2596//597 2718//628 2717//629
f 2596//600 2597//599 2719//630 2718//631
f 2597//602 2598//601 2720//623 2719//624
f 2598//604 2599//603 2721//626 2720//627
f 2599//598 2600//597 2722//628 2721//629
f 2600//600 2601//599 2723//630 2722//631
f 2601//602 2602//601 2724//623 2723//624
f 2602//604 2603//603 2725//626 2724//627
f 2603//598 2604//597 2726//628 2725//629
f 2604//600 2605//599 2727//630 2726//631
f 2605//602 2606//601 2728//623 2727//624
f 2606//604 2607//603 2729//626 2728//627
f 2607//598 2608//597 2730//628 2729//629
f 2608//600 2609//599 2731//630 2730//631
f 2609//602 2610//601 2732//623 2731//624
f 2610//604 2611//603 2733//626 2732//627
f 2611//598 2612//597 2734//628 2733//629
f 2612//600 2613//599 2735//630 2734//631
f 2613//602 2614//601 2736//623 2735//624
f 2614//604 2615//603 2737//626 2736//627
f 2615//598 2616//597 2738//628 2737//629
f 2616//600 2617//599 2739//630 2738//631
f 2617//602 2618//601 2740//623 2739//624
f 805//605 2514//605 2636//633 924//633
f 2618//604 2619//603 2741//626 2740//627
f 2514//605 2515//606 2637//634 2636//633
f 2619//598 2620//597 2742//628 2741//629
f 2515//608 2516//607 2638//635 2637//636
f 2620//600 2621//599 2743//630 2742//631
f 2516//600 2517//599 2639//630 2638//631
f 2621//602 2622//601 2744//623 2743//624
f 2517//610 2518//609 2640//623 2639//624
f 2622//604 2623//603 2745//626 2744//627
f 2518//604 2519//603 2641//626 2640//627
f 2623//598 2624//597 2746//628 2745//629
f 2519//598 2520//597 2642//628 2641//629
f 2624//600 2625//599 2747//630 2746//631
f 2520//600 2521//599 2643//630 2642//631
f 2625//602 2626//601 2748//623 2747//624
f 2521//610 2522//609 2644//623 2643//624
f 2626//612 2627//611 2749//637 2748//638
f 2522//604 2523//603 2645//626 2644//627
f 2627//614 2628//613 2750//639 2749//640
f 2523//615 2524//597 2646//628 2645//629
f 2628//617 2629//616 2751//622 2750//641
f 2524//600 2525//599 2647//630 2646//631
f 2673//629 2674//628 2796//642 2795//643
f 2738//631 2739//630 2861//644 2860//645
f 2674//631 2675//630 2797//644 2796//645
f 2739//624 2740//623 2862//646 2861//647
f 2675//624 2676//623 2798//646 2797//647
f 2740//627 2741//626 2863//648 2862//649
f 2676//627 2677//626 2799//648 2798//649
f 2741//629 2742//628 2864//642 2863//643
f 2677//629 2678//628 2800//642 2799//643
f 2742//631 2743//630 2865//644 2864//645
f 2678//631 2679//630 2801//644 2800//645
f 2743//624 2744//623 2866//646 2865//647
f 2679//624 2680//623 2802//646 2801//647
f 2744//627 2745//626 2867//648 2866//649
f 2680//627 2681//626 2803//648 2802//649
f 2745//629 2746//628 2868//642 2867//643
f 2681//629 2682//628 2804//642 2803//643
f 2746//631 2747//630 2869//644 2868//645
f 2682//631 2683//630 2805//644 2804//645
f 2747//624 2748//623 2870//646 2869//647
f 2683//624 2684//623 2806//646 2805//647
f 2748//638 2749//637 2871//650 2870//651
f 2684//627 2685//626 2807//648 2806//649
f 2749//640 2750//639 2872//652 2871//653
f 2685//629 2686//628 2808//642 2807//643
f 2750//641 2751//622 2873//654 2872//655
f 2751//622 2752//621 2874//656 2873//654
f 2752//621 2753//625 2875//657 2874//656
f 2686//631 2687//630 2809//644 2808//645
f 2687//624 2688//623 2810//646 2809//647
f 2688//627 2689//626 2811//648 2810//649
f 2689//629 2690//628 2812//642 2811//643
f 2690//631 2691//630 2813//644 2812//645
f 2691//624 2692//623 2814//646 2813//647
f 2692//627 2693//626 2815//648 2814//649
f 2693//632 2694//628 2816//642 2815//643
f 2694//631 2695//630 2817//644 2816//645
f 2695//624 2696//623 2818//646 2817//647
f 2696//627 2697//626 2819//648 2818//649
f 2697//629 2698//628 2820//642 2819//643
f 2698//631 2699//630 2821//644 2820//645
f 2699//624 2700//623 2822//646 2821//647
f 924//633 2636//633 2758//658 925//658
f 2700//627 2701//626 2823//648 2822//649
f 2636//633 2637//634 2759//659 2758//658
f 2701//629 2702//628 2824//642 2823//643
f 2637//636 2638//635 2760//660 2759//661
f 2702//631 2703//630 2825//644 2824//645
f 2638//631 2639//630 2761//644 2760//645
f 2703//624 2704//623 2826//646 2825//647
f 2639//624 2640//623 2762//646 2761//647
f 2704//627 2705//626 2827//648 2826//649
f 2640//627 2641//626 2763//648 2762//649
f 2705//629 2706//628 2828//642 2827//643
f 2641//629 2642//628 2764//642 2763//643
f 2706//631 2707//630 2829//644 2828//645
f 2642//631 2643//630 2765//644 2764//645
f 2707//624 2708//623 2830//646 2829//647
f 2643//624 2644//623 2766//646 2765//647
f 2708//627 2709//626 2831//648 2830//649
f 2644//627 2645//626 2767//648 2766//649
f 2709//629 2710//628 2832//642 2831//643
f 2645//629 2646//628 2768//642 2767//643
f 2710//631 2711//630 2833//644 2832//645
f 2646//631 2647//630 2769//644 2768//645
f 2711//624 2712//623 2834//646 2833//647
f 2647//624 2648//623 2770//646 2769//647
f 2712//627 2713//626 2835//648 2834//649
f 2648//627 2649//626 2771//648 2770//649
f 2713//629 2714//628 2836//642 2835//643
f 2649//629 2650//628 2772//642 2771//643
f 2714//631 2715//630 2837//644 2836//645
f 2650//631 2651//630 2773//644 2772//645
f 2715//624 2716//623 2838//646 2837//647
f 2651//624 2652//623 2774//646 2773//647
f 2716//627 2717//626 2839//648 2838//649
f 2652//627 2653//626 2775//648 2774//649
f 2717//629 2718//628 2840//642 2839//643
f 2653//629 2654//628 2776//642 2775//643
f 2718//631 2719//630 2841//644 2840//645
f 2654//631 2655//630 2777//644 2776//645
f 2719//624 2720//623 2842//646 2841//647
f 2655//624 2656//623 2778//646 2777//647
f 2720//627 2721//626 2843//648 2842//649
f 2656//627 2657//626 2779//648 2778//649
f 2721//629 2722//628 2844//642 2843//643
f 2657//629 2658//628 2780//642 2779//643
f 2722//631 2723//630 2845//644 2844//645
f 2658//631 2659//630 2781//644 2780//645
f 2723//624 2724//623 2846//646 2845//647
f 2659//624 2660//623 2782//646 2781//647
f 2724//627 2725//626 2847//648 2846//649
f 2660//627 2661//626 2783//648 2782//649
f 2725//629 2726//628 2848//642 2847//643
f 2661//629 2662//628 2784//642 2783//643
f 2726//631 2727//630 2849//644 2848//645
f 2662//631 2663//630 2785//644 2784//645
f 2727//624 2728//623 2850//646 2849//647
f 2663//624 2664//623 2786//646 2785//647
f 2728//627 2729//626 2851//648 2850//649
f 2664//627 2665//626 2787//648 2786//649
f 2729//629 2730//628 2852//642 2851//643
f 2665//629 2666//628 2788//642 2787//643
f 2730//631 2731//630 2853//644 2852//645
f 2666//631 2667//630 2789//644 2788//645
f 2731//624 2732//623 2854//646 2853//647
f 2667//624 2668//623 2790//646 2789//647
f 2732//627 2733//626 2855//648 2854//649
f 2668//627 2669//626 2791//648 2790//649
f 2733//629 2734//628 2856//642 2855//643
f 2669//629 2670//628 2792//642 2791//643
f 2734//631 2735//630 2857//644 2856//645
f 2670//631 2671//630 2793//644 2792//645
f 2735//624 2736//623 2858//646 2857//647
f 2671//624 2672//623 2794//646 2793//647
f 2736//627 2737//626 2859//648 2858//649
f 2672//627 2673//626 2795//648 2794//649
f 2737//629 2738//628 2860//642 2859//643
f 2781//647 2782//646 2904//662 2903//663
f 2782//649 2783//648 2905//664 2904//665
f 2783//643 2784//642 2906//666 2905//667
f 2784//645 2785//644 2907//668 2906//669
f 2785//647 2786//646 2908//662 2907//663
f 2786//649 2787//648 2909//664 2908//665
f 2787//643 2788//642 2910//666 2909//667
f 2788//645 2789//644 2911//668 2910//669
f 2789//647 2790//646 2912//662 2911//663
f 2790//649 2791//648 2913//664 2912//665
f 2791//643 2792//642 2914//666 2913//667
f 2792//645 2793//644 2915//668 2914//669
f 2793//647 2794//646 2916//662 2915//663
f 2794//649 2795//648 2917//664 2916//665
f 2795//643 2796//642 2918//666 2917//667
f 2796//645 2797//644 2919//668 2918//669
f 2797//647 2798//646 2920//662 2919//663
f 2798//649 2799//648 2921//664 2920//665
f 2799//643 2800//642 2922//666 2921//667
f 2800//645 2801//644 2923//668 2922//669
f 2801//647 2802//646 2924//662 2923//663
f 2802//649 2803//648 2925//664 2924//665
f 2803//643 2804//642 2926//666 2925//667
f 2804//645 2805//644 2927//668 2926//669
f 2805//647 2806//646 2928//662 2927//663
f 2806//649 2807//648 2929//664 2928//665
f 2807//643 2808//642 2930//666 2929//667
f 2808//645 2809//644 2931//668 2930//669
f 2809//647 2810//646 2932//662 2931//663
f 2810//649 2811//648 2933//664 2932//665
f 2811//643 2812//642 2934//666 2933//667
f 2812//645 2813//644 2935//668 2934//669
f 2813//647 2814//646 2936//662 2935//663
f 2814//649 2815//648 2937//664 2936//665
f 2815//643 2816//642 2938//666 2937//667
f 2816//645 2817//644 2939//668 2938//669
f 2817//647 2818//646 2940//670 2939//663
f 2818//649 2819//648 2941//664 2940//665
f 2819//643 2820//642 2942//666 2941//667
f 2820//645 2821//644 2943//668 2942//669
f 2821//647 2822//646 2944//670 2943//663
f 2822//649 2823//648 2945//664 2944//665
f 2823//643 2824//642 2946//666 2945//667
f 2824//645 2825//644 2947//668 2946//669
f 2825//647 2826//646 2948//670 2947//663
f 2826//649 2827//648 2949//664 2948//665
f 2827//643 2828//642 2950//666 2949//667
f 2828//645 2829//644 2951//668 2950//669
f 2829//647 2830//646 2952//670 2951//663
f 2830//649 2831//648 2953//664 2952//665
f 2831//643 2832//642 2954//666 2953//667
f 2832//645 2833//644 2955//668 2954//669
f 2833//647 2834//646 2956//670 2955//663
f 2834//649 2835//648 2957//664 2956//665
f 2835//643 2836//642 2958//666 2957//667
f 2836//645 2837//644 2959//668 2958//669
f 2837//647 2838//646 2960//670 2959//663
f 2838//649 2839//648 2961//664 2960//665
f 2839//643 2840//642 2962//666 2961//667
f 2840//645 2841//644 2963//668 2962//669
f 2841//647 2842//646 2964//670 2963//663
f 2842//649 2843//648 2965//664 2964//665
f 2843//643 2844//642 2966//666 2965//667
f 2844//645 2845//644 2967//668 2966//669
f 2845//647 2846//646 2968//670 2967//663
f 2846//649 2847//648 2969//664 2968//665
f 2847//643 2848//642 2970//666 2969//667
f 2848//645 2849//644 2971//668 2970//669
f 2849//647 2850//646 2972//670 2971//663
f 2850//649 2851//648 2973//664 2972//665
f 2851//643 2852//642 2974//666 2973//667
f 2852//645 2853//644 2975//668 2974//669
f 2853//647 2854//646 2976//670 2975//663
f 2854//649 2855//648 2977//664 2976//665
f 2855//643 2856//642 2978//666 2977//667
f 2856//645 2857//644 2979//668 2978//669
f 2857//647 2858//646 2980//670 2979//663
f 2858//649 2859//648 2981//664 2980//665
f 2859//643 2860//642 2982//666 2981//667
f 2860//645 2861//644 2983//668 2982//669
f 2861//647 2862//646 2984//662 2983//663
f 925//658 2758//658 2880//671 926//671
f 2862//649 2863//648 2985//664 2984//665
f 2758//658 2759//659 2881//672 2880//671
f 2863//643 2864//642 2986//666 2985//667
f 2759//661 2760//660 2882//673 2881//674
f 2864//645 2865//644 2987//668 2986//669
f 2760//645 2761//644 2883//668 2882//669
f 2865//647 2866//646 2988//662 2987//663
f 2761//647 2762//646 2884//662 2883//663
f 2866//649 2867//648 2989//664 2988//665
f 2762//649 2763//648 2885//664 2884//665
f 2867//643 2868//642 2990//666 2989//667
f 2763//643 2764//642 2886//666 2885//667
f 2868//645 2869//644 2991//668 2990//669
f 2764//645 2765//644 2887//668 2886//669
f 2869//647 2870//646 2992//670 2991//663
f 2765//647 2766//646 2888//662 2887//663
f 2870//651 2871//650 2993//675 2992//676
f 2766//649 2767//648 2889//664 2888//665
f 2871//653 2872//652 2994//677 2993//678
f 2767//643 2768//642 2890//666 2889//667
f 2872//655 2873//654 2995//679 2994//680
f 2768//645 2769//644 2891//668 2890//669
f 2873//654 2874//656 2996//681 2995//679
f 2769//647 2770//646 2892//662 2891//663
f 2874//656 2875//657 2997//682 2996//681
f 2770//649 2771//648 2893//664 2892//665
f 2771//643 2772//642 2894//666 2893//667
f 2772//645 2773//644 2895//668 2894//669
f 2773//647 2774//646 2896//662 2895//663
f 2774//649 2775//648 2897//664 2896//665
f 2775//643 2776//642 2898//666 2897//667
f 2776//645 2777//644 2899//668 2898//669
f 2777//647 2778//646 2900//662 2899//663
f 2778//649 2779//648 2901//664 2900//665
f 2779//643 2780//642 2902//666 2901//667
f 2780//645 2781//644 2903//668 2902//669
f 2929//667 2930//666 3052//683 3051//684
f 2930//669 2931//668 3053//685 3052//686
f 2931//663 2932//662 3054//687 3053//688
f 2932//665 2933//664 3055//689 3054//690
f 2933//667 2934//666 3056//683 3055//684
f 2934//669 2935//668 3057//685 3056//686
f 2935//663 2936//662 3058//687 3057//688
f 2936//665 2937//664 3059//689 3058//690
f 2937//667 2938//666 3060//683 3059//684
f 2938//669 2939//668 3061//685 3060//686
f 2939//663 2940//670 3062//687 3061//688
f 2940//665 2941//664 3063//689 3062//690
f 2941//667 2942//666 3064//683 3063//684
f 2942//669 2943//668 3065//685 3064//686
f 2943//663 2944//670 3066//687 3065//688
f 2944//665 2945//664 3067//689 3066//690
f 2945//667 2946//666 3068//683 3067//684
f 2946//669 2947//668 3069//685 3068//686
f 2947//663 2948//670 3070//687 3069//688
f 2948//665 2949//664 3071//689 3070//690
f 2949//667 2950//666 3072//683 3071//684
f 2950//669 2951//668 3073//685 3072//686
f 2951//663 2952//670 3074//687 3073//688
f 2952//665 2953//664 3075//689 3074//690
f 2953//667 2954//666 3076//683 3075//684
f 2954//669 2955//668 3077//685 3076//686
f 2955//663 2956//670 3078//687 3077//688
f 2956//665 2957//664 3079//689 3078//690
f 2957//667 2958//666 3080//683 3079//684
f 2958//669 2959//668 3081//685 3080//686
f 2959//663 2960//670 3082//687 3081//688
f 2960//665 2961//664 3083//689 3082//690
f 2961//667 2962//666 3084//683 3083//684
f 2962//669 2963//668 3085//685 3084//686
f 2963//663 2964//670 3086//687 3085//688
f 2964//665 2965//664 3087//689 3086//690
f 2965//667 2966//666 3088//683 3087//684
f 2966//669 2967//668 3089//685 3088//686
f 2967//663 2968//670 3090//687 3089//688
f 2968//665 2969//664 3091//689 3090//690
f 2969//667 2970//666 3092//691 3091//684
f 2970//669 2971//668 3093//685 3092//686
f 2971//663 2972//670 3094//687 3093//688
f 2972//665 2973//664 3095//689 3094//690
f 2973//667 2974//666 3096//683 3095//684
f 2974//669 2975//668 3097//685 3096//686
f 2975//663 2976//670 3098//687 3097//688
f 2976//665 2977//664 3099//689 3098//690
f 2977//667 2978//666 3100//683 3099//684
f 2978//669 2979//668 3101//685 3100//686
f 2979//663 2980//670 3102//687 3101//688
f 2980//665 2981//664 3103//689 3102//690
f 2981//667 2982//666 3104//683 3103//684
f 2982//669 2983//668 3105//685 3104//686
f 2983//663 2984//662 3106//687 3105//688
f 926//671 2880//671 3002//692 927//692
f 2984//665 2985//664 3107//689 3106//690
f 2880//671 2881//672 3003//693 3002//692
f 2985//667 2986//666 3108//683 3107//684
f 2881//674 2882//673 3004//694 3003//695
f 2986//669 2987//668 3109//685 3108//686
f 2882//669 2883//668 3005//685 3004//686
f 2987//663 2988//662 3110//687 3109//688
f 2883//663 2884//662 3006//687 3005//688
f 2988//665 2989//664 3111//689 3110//690
f 2884//665 2885//664 3007//689 3006//690
f 2989//667 2990//666 3112//683 3111//684
f 2885//667 2886//666 3008//683 3007//684
f 2990//669 2991//668 3113//685 3112//686
f 2886//669 2887//668 3009//685 3008//686
f 2991//663 2992//670 3114//687 3113//688
f 2887//663 2888//662 3010//687 3009//688
f 2992//676 2993//675 3115//696 3114//697
f 2888//665 2889//664 3011//689 3010//690
f 2993//678 2994//677 3116//698 3115//699
f 2889//667 2890//666 3012//683 3011//684
f 2994//680 2995//679 3117//700 3116//701
f 2890//669 2891//668 3013//685 3012//686
f 2995//679 2996//681 3118//702 3117//700
f 2891//663 2892//662 3014//687 3013//688
f 2996//681 2997//682 3119//703 3118//702
f 2892//665 2893//664 3015//689 3014//690
f 2893//667 2894//666 3016//683 3015//684
f 2894//669 2895//668 3017//685 3016//686
f 2895//663 2896//662 3018//687 3017//688
f 2896//665 2897//664 3019//689 3018//690
f 2897//667 2898//666 3020//683 3019//684
f 2898//669 2899//668 3021//685 3020//686
f 2899//663 2900//662 3022//687 3021//688
f 2900//665 2901//664 3023//689 3022//690
f 2901//667 2902//666 3024//683 3023//684
f 2902//669 2903//668 3025//685 3024//686
f 2903//663 2904//662 3026//687 3025//688
f 2904//665 2905//664 3027//689 3026//690
f 2905//667 2906//666 3028//683 3027//684
f 2906//669 2907//668 3029//685 3028//686
f 2907//663 2908//662 3030//687 3029//688
f 2908//665 2909//664 3031//689 3030//690
f 2909//667 2910//666 3032//683 3031//684
f 2910//669 2911//668 3033//685 3032//686
f 2911//663 2912//662 3034//687 3033//688
f 2912//665 2913//664 3035//689 3034//690
f 2913//667 2914//666 3036//683 3035//684
f 2914//669 2915//668 3037//685 3036//686
f 2915//663 2916//662 3038//687 3037//688
f 2916//665 2917//664 3039//689 3038//690
f 2917//667 2918//666 3040//683 3039//684
f 2918//669 2919//668 3041//685 3040//686
f 2919//663 2920//662 3042//687 3041//688
f 2920//665 2921//664 3043//689 3042//690
f 2921//667 2922//666 3044//683 3043//684
f 2922//669 2923//668 3045//685 3044//686
f 2923//663 2924//662 3046//687 3045//688
f 2924//665 2925//664 3047//689 3046//690
f 2925//667 2926//666 3048//683 3047//684
f 2926//669 2927//668 3049//685 3048//686
f 2927//663 2928//662 3050//687 3049//688
f 2928//665 2929//664 3051//689 3050//690
f 3077//688 3078//687 3196//704 3195//705
f 3078//690 3079//689 3197//706 3196//707
f 3079//684 3080//683 3198//708 3197//709
f 3080//686 3081//685 3199//710 3198//711
f 3081//688 3082//687 3200//704 3199//705
f 3082//690 3083//689 3201//706 3200//707
f 3083//684 3084//683 3202//708 3201//709
f 3084//686 3085//685 3203//710 3202//711
f 3085//688 3086//687 3204//704 3203//705
f 3086//690 3087//689 3205//706 3204//707
f 3087//684 3088//683 3206//708 3205//709
f 3088//686 3089//685 3207//710 3206//711
f 3089//688 3090//687 3208//704 3207//705
f 3090//690 3091//689 3209//706 3208//707
f 3091//684 3092//691 3210//712 3209//709
f 3092//686 3093//685 3211//710 3210//711
f 3093//688 3094//687 3212//704 3211//705
f 3094//690 3095//689 3213//706 3212//707
f 3095//684 3096//683 3214//708 3213//709
f 3096//686 3097//685 3215//710 3214//711
f 3097//688 3098//687 3216//704 3215//705
f 3098//690 3099//689 3217//706 3216//707
f 3099//684 3100//683 3218//708 3217//709
f 3100//686 3101//685 3219//710 3218//711
f 3101//688 3102//687 3220//704 3219//705
f 3102//690 3103//689 3221//706 3220//707
f 3103//684 3104//683 3222//708 3221//709
f 3104//686 3105//685 3223//710 3222//711
f 3105//688 3106//687 3224//704 3223//705
f 927//692 3002//692 3120//713
f 3106//690 3107//689 3225//706 3224//707
f 3002//692 3003//693 3121//714 3120//713
f 3107//684 3108//683 3226//708 3225//709
f 3003//695 3004//694 3122//715 3121//716
f 3108//686 3109//685 3227//710 3226//711
f 3004//686 3005//685 3123//710 3122//711
f 3109//688 3110//687 3228//704 3227//705
f 3005//688 3006//687 3124//704 3123//705
f 3110//690 3111//689 3229//706 3228//707
f 3006//690 3007//689 3125//706 3124//707
f 3111//684 3112//683 3230//708 3229//709
f 3007//684 3008//683 3126//708 3125//709
f 3112//686 3113//685 3231//710 3230//711
f 3008//686 3009//685 3127//710 3126//711
f 3113//688 3114//687 3232//704 3231//705
f 3009//688 3010//687 3128//704 3127//705
f 3114//697 3115//696 3233//717 3232//718
f 3010//690 3011//689 3129//706 3128//707
f 3115//699 3116//698 3234//719 3233//720
f 3011//684 3012//683 3130//708 3129//709
f 3116//701 3117//700 3235//721 3234//722
f 3012//686 3013//685 3131//710 3130//711
f 3117//700 3118//702 3236//723 3235//721
f 3013//688 3014//687 3132//704 3131//705
f 3118//702 3119//703 3237//724 3236//723
f 3014//690 3015//689 3133//706 3132//707
f 3015//684 3016//683 3134//708 3133//709
f 314//243 90//7 91//7
f 3016//686 3017//685 3135//710 3134//711
f 301//12 275//12 125//12 266//12
f 3017//688 3018//687 3136//704 3135//705
f 2635//241 2754//237 81//237 80//241
f 3018//690 3019//689 3137//706 3136//707
f 3019//684 3020//683 3138//708 3137//709
f 3020//686 3021//685 3139//710 3138//711
f 3021//688 3022//687 3140//704 3139//705
f 3022//690 3023//689 3141//706 3140//707
f 3023//684 3024//683 3142//708 3141//709
f 3024//686 3025//685 3143//710 3142//711
f 3025//688 3026//687 3144//704 3143//705
f 3026//690 3027//689 3145//706 3144//707
f 3027//684 3028//683 3146//708 3145//709
f 3028//686 3029//685 3147//710 3146//711
f 3029//688 3030//687 3148//704 3147//705
f 3030//690 3031//689 3149//706 3148//707
f 3031//684 3032//683 3150//708 3149//709
f 3032//686 3033//685 3151//710 3150//711
f 3033//688 3034//687 3152//704 3151//705
f 3034//690 3035//689 3153//706 3152//707
f 3035//684 3036//683 3154//708 3153//709
f 3036//686 3037//685 3155//710 3154//711
f 3037//688 3038//687 3156//704 3155//705
f 3038//690 3039//689 3157//706 3156//707
f 3039//684 3040//683 3158//708 3157//709
f 3040//686 3041//685 3159//710 3158//711
f 3041//688 3042//687 3160//704 3159//705
f 3042//690 3043//689 3161//706 3160//707
f 3043//684 3044//683 3162//708 3161//709
f 3044//686 3045//685 3163//710 3162//711
f 3045//688 3046//687 3164//704 3163//705
f 3046//690 3047//689 3165//706 3164//707
f 3047//684 3048//683 3166//708 3165//709
f 3048//686 3049//685 3167//710 3166//711
f 3049//688 3050//687 3168//704 3167//705
f 3050//690 3051//689 3169//706 3168//707
f 3051//684 3052//683 3170//708 3169//709
f 3052//686 3053//685 3171//710 3170//711
f 3053//688 3054//687 3172//704 3171//705
f 3054//690 3055//689 3173//706 3172//707
f 3055//684 3056//683 3174//708 3173//709
f 3056//686 3057//685 3175//710 3174//711
f 3057//688 3058//687 3176//704 3175//705
f 3058//690 3059//689 3177//706 3176//707
f 3059//684 3060//683 3178//708 3177//709
f 3060//686 3061//685 3179//710 3178//711
f 3061//688 3062//687 3180//704 3179//705
f 3062//690 3063//689 3181//706 3180//707
f 3063//684 3064//683 3182//708 3181//709
f 3064//686 3065//685 3183//710 3182//711
f 3065//688 3066//687 3184//704 3183//705
f 3066//690 3067//689 3185//706 3184//707
f 3067//684 3068//683 3186//708 3185//709
f 3068//686 3069//685 3187//710 3186//711
f 3069//688 3070//687 3188//704 3187//705
f 3070//690 3071//689 3189//706 3188//707
f 3071//684 3072//683 3190//708 3189//709
f 3072//686 3073//685 3191//710 3190//711
f 3073//688 3074//687 3192//704 3191//705
f 3074//690 3075//689 3193//706 3192//707
f 3075//684 3076//683 3194//708 3193//709
f 3076//686 3077//685 3195//710 3194//711
f 3147//705 3148//704 3265//725 3264//726
f 3148//707 3149//706 3266//727 3265//728
f 3149//709 3150//708 3267//729 3266//730
f 3150//711 3151//710 3268//731 3267//732
f 3151//705 3152//704 3269//725 3268//726
f 3152//707 3153//706 3270//727 3269//728
f 3153//709 3154//708 3271//729 3270//730
f 3154//711 3155//710 3272//731 3271//732
f 3155//705 3156//704 3273//725 3272//726
f 3156//707 3157//706 3274//727 3273//728
f 3157//709 3158//708 3275//729 3274//730
f 3158//711 3159//710 3276//731 3275//732
f 3159//705 3160//704 3277//725 3276//726
f 3160//707 3161//706 3278//727 3277//728
f 3161//709 3162//708 3279//729 3278//730
f 3162//711 3163//710 3280//731 3279//732
f 3163//705 3164//704 3281//725 3280//726
f 3164//707 3165//706 3282//727 3281//728
f 3165//709 3166//708 3283//729 3282//730
f 3166//711 3167//710 3284//731 3283//732
f 3167//705 3168//704 3285//725 3284//726
f 3168//707 3169//706 3286//727 3285//728
f 3169//709 3170//708 3287//729 3286//730
f 3170//711 3171//710 3288//731 3287//732
f 3171//705 3172//704 3289//725 3288//726
f 3172//707 3173//706 3290//727 3289//728
f 3173//709 3174//708 3291//729 3290//730
f 3174//711 3175//710 3292//731 3291//732
f 3175//705 3176//704 3293//725 3292//726
f 3176//707 3177//706 3294//727 3293//728
f 3177//709 3178//708 3295//733 3294//734
f 3178//711 3179//710 3296//731 3295//732
f 3179//705 3180//704 3297//725 3296//726
f 3180//707 3181//706 3298//727 3297//728
f 3181//709 3182//708 3299//729 3298//730
f 3182//711 3183//710 3300//731 3299//732
f 3183//705 3184//704 3301//725 3300//726
f 3184//707 3185//706 3302//727 3301//728
f 3185//709 3186//708 3303//729 3302//730
f 3186//711 3187//710 3304//731 3303//732
f 3187//705 3188//704 3305//725 3304//726
f 3188//707 3189//706 3306//727 3305//728
f 3189//709 3190//708 3307//729 3306//730
f 3190//711 3191//710 3308//731 3307//732
f 3191//705 3192//704 3309//725 3308//726
f 3192//707 3193//706 3310//727 3309//728
f 3193//709 3194//708 3311//729 3310//730
f 3194//711 3195//710 3312//731 3311//732
f 3195//705 3196//704 3313//725 3312//726
f 3196//707 3197//706 3314//727 3313//728
f 3197//709 3198//708 3315//729 3314//730
f 3198//711 3199//710 3316//731 3315//732
f 3199//705 3200//704 3317//725 3316//726
f 3200//707 3201//706 3318//727 3317//728
f 3201//709 3202//708 3319//729 3318//730
f 3202//711 3203//710 3320//731 3319//732
f 3203//705 3204//704 3321//725 3320//726
f 3204//707 3205//706 3322//727 3321//728
f 3205//709 3206//708 3323//729 3322//730
f 3206//711 3207//710 3324//731 3323//732
f 3207//705 3208//704 3325//725 3324//726
f 3208//707 3209//706 3326//727 3325//728
f 3209//709 3210//712 3327//729 3326//730
f 3210//711 3211//710 3328//731 3327//732
f 3211//705 3212//704 3329//725 3328//726
f 3212//707 3213//706 3330//727 3329//728
f 3213//709 3214//708 3331//729 3330//730
f 3214//711 3215//710 3332//731 3331//732
f 3215//705 3216//704 3333//725 3332//726
f 3216//707 3217//706 3334//727 3333//728
f 3217//709 3218//708 3335//729 3334//730
f 3218//711 3219//710 3336//731 3335//732
f 3219//705 3220//704 3337//725 3336//726
f 3220//707 3221//706 3338//727 3337//728
f 3221//709 3222//708 3339//729 3338//730
f 3222//711 3223//710 3340//731 3339//732
f 3223//705 3224//704 3341//725 3340//726
f 3224//707 3225//706 3342//727 3341//728
f 3120//713 3121//714 3238//735 1046//736
f 3225//709 3226//708 3343//729 3342//730
f 3121//716 3122//715 3239//737 3238//738
f 3226//711 3227//710 3344//731 3343//732
f 3122//711 3123//710 3240//731 3239//732
f 3227//705 3228//704 3345//725 3344//726
f 3123//705 3124//704 3241//725 3240//726
f 3228//707 3229//706 3346//727 3345//728
f 3124//707 3125//706 3242//727 3241//728
f 3229//709 3230//708 3347//729 3346//730
f 3125//709 3126//708 3243//729 3242//730
f 3230//711 3231//710 3348//731 3347//732
f 3126//711 3127//710 3244//731 3243//732
f 3231//705 3232//704 3349//725 3348//726
f 3127//705 3128//704 3245//725 3244//726
f 3232//718 3233//717 3350//739 3349//740
f 3128//707 3129//706 3246//727 3245//728
f 3233//720 3234//719 3351//741 3350//742
f 3129//709 3130//708 3247//729 3246//730
f 3234//722 3235//721 3352//743 3351//744
f 3130//711 3131//710 3248//731 3247//732
f 3235//721 3236//723 3353//745 3352//743
f 3131//705 3132//704 3249//725 3248//726
f 3236//723 3237//724 3354//746 3353//745
f 3132//707 3133//706 3250//727 3249//728
f 3133//709 3134//708 3251//729 3250//730
f 3134//711 3135//710 3252//731 3251//732
f 3135//705 3136//704 3253//725 3252//726
f 3136//707 3137//706 3254//727 3253//728
f 3137//709 3138//708 3255//729 3254//730
f 3138//711 3139//710 3256//731 3255//732
f 3139//705 3140//704 3257//725 3256//726
f 3140//707 3141//706 3258//727 3257//728
f 3141//709 3142//708 3259//729 3258//730
f 3142//711 3143//710 3260//731 3259//732
f 3143//705 3144//704 3261//725 3260//726
f 3144//707 3145//706 3262//727 3261//728
f 3145//709 3146//708 3263//729 3262//730
f 3146//711 3147//710 3264//731 3263//732
f 3290//730 3291//729 3408//747 3407//748
f 3291//732 3292//731 3409//749 3408//750
f 3292//726 3293//725 3410//751 3409//752
f 3293//728 3294//727 3411//753 3410//754
f 3294//734 3295//733 3412//755 3411//756
f 3295//732 3296//731 3413//749 3412//750
f 3296//726 3297//725 3414//751 3413//752
f 3297//728 3298//727 3415//753 3414//754
f 3298//730 3299//729 3416//747 3415//757
f 3299//732 3300//731 3417//749 3416//750
f 3300//726 3301//725 3418//751 3417//752
f 3301//728 3302//727 3419//753 3418//754
f 3302//730 3303//729 3420//747 3419//757
f 3303//732 3304//731 3421//749 3420//750
f 3304//726 3305//725 3422//751 3421//752
f 3305//728 3306//727 3423//753 3422//754
f 3306//730 3307//729 3424//747 3423//757
f 3307//732 3308//731 3425//749 3424//750
f 3308//726 3309//725 3426//751 3425//752
f 3309//728 3310//727 3427//753 3426//754
f 3310//730 3311//729 3428//747 3427//757
f 3311//732 3312//731 3429//749 3428//750
f 3312//726 3313//725 3430//751 3429//752
f 3313//728 3314//727 3431//753 3430//754
f 3314//730 3315//729 3432//747 3431//757
f 3315//732 3316//731 3433//749 3432//750
f 3316//726 3317//725 3434//751 3433//752
f 3317//728 3318//727 3435//753 3434//754
f 3318//730 3319//729 3436//747 3435//757
f 3319//732 3320//731 3437//749 3436//750
f 3320//726 3321//725 3438//751 3437//752
f 3321//728 3322//727 3439//753 3438//754
f 3322//730 3323//729 3440//747 3439//757
f 3323//732 3324//731 3441//749 3440//750
f 3324//726 3325//725 3442//751 3441//752
f 3325//728 3326//727 3443//753 3442//754
f 3326//730 3327//729 3444//747 3443//748
f 3327//732 3328//731 3445//749 3444//750
f 3328//726 3329//725 3446//751 3445//752
f 3329//728 3330//727 3447//753 3446//754
f 3330//730 3331//729 3448//747 3447//748
f 3331//732 3332//731 3449//749 3448//750
f 3332//726 3333//725 3450//751 3449//752
f 3333//728 3334//727 3451//753 3450//754
f 3334//730 3335//729 3452//747 3451//748
f 3335//732 3336//731 3453//749 3452//750
f 3336//726 3337//725 3454//751 3453//752
f 3337//728 3338//727 3455//753 3454//754
f 3338//730 3339//729 3456//747 3455//748
f 3339//732 3340//731 3457//749 3456//750
f 3340//726 3341//725 3458//751 3457//752
f 3341//728 3342//727 3459//753 3458//754
f 1046//736 3238//735 3355//758 1047//759
f 3342//730 3343//729 3460//747 3459//757
f 3238//738 3239//737 3356//760 3355//761
f 3343//732 3344//731 3461//749 3460//750
f 3239//732 3240//731 3357//749 3356//750
f 3344//726 3345//725 3462//751 3461//752
f 3240//726 3241//725 3358//751 3357//752
f 3345//728 3346//727 3463//753 3462//754
f 3241//728 3242//727 3359//753 3358//754
f 3346//730 3347//729 3464//747 3463//757
f 3242//730 3243//729 3360//747 3359//748
f 3347//732 3348//731 3465//749 3464//750
f 3243//732 3244//731 3361//749 3360//750
f 3348//726 3349//725 3466//751 3465//752
f 3244//726 3245//725 3362//751 3361//752
f 3349//740 3350//739 3467//762 3466//763
f 3245//728 3246//727 3363//753 3362//754
f 3350//742 3351//741 3468//764 3467//765
f 3246//730 3247//729 3364//747 3363//757
f 3351//744 3352//743 3469//766 3468//767
f 3247//732 3248//731 3365//749 3364//750
f 3352//743 3353//745 3470//768 3469//766
f 3248//726 3249//725 3366//751 3365//752
f 3353//745 3354//746 3471//769 3470//768
f 3249//728 3250//727 3367//753 3366//754
f 3250//730 3251//729 3368//747 3367//748
f 3251//732 3252//731 3369//749 3368//750
f 3252//726 3253//725 3370//751 3369//752
f 3253//728 3254//727 3371//753 3370//754
f 3254//730 3255//729 3372//747 3371//748
f 3255//732 3256//731 3373//749 3372//750
f 3256//726 3257//725 3374//751 3373//752
f 3257//728 3258//727 3375//753 3374//754
f 3258//730 3259//729 3376//747 3375//748
f 3259//732 3260//731 3377//749 3376//750
f 3260//726 3261//725 3378//751 3377//752
f 3261//728 3262//727 3379//753 3378//754
f 3262//730 3263//729 3380//747 3379//757
f 3263//732 3264//731 3381//749 3380//750
f 3264//726 3265//725 3382//751 3381//752
f 3265//728 3266//727 3383//753 3382//754
f 3266//730 3267//729 3384//747 3383//748
f 3267//732 3268//731 3385//749 3384//750
f 3268//726 3269//725 3386//751 3385//752
f 3269//728 3270//727 3387//753 3386//754
f 3270//730 3271//729 3388//747 3387//748
f 3271//732 3272//731 3389//749 3388//750
f 3272//726 3273//725 3390//751 3389//752
f 3273//728 3274//727 3391//753 3390//754
f 3274//730 3275//729 3392//747 3391//748
f 3275//732 3276//731 3393//749 3392//750
f 3276//726 3277//725 3394//751 3393//752
f 3277//728 3278//727 3395//753 3394//754
f 3278//730 3279//729 3396//747 3395//757
f 3279//732 3280//731 3397//749 3396//750
f 3280//726 3281//725 3398//751 3397//752
f 3281//728 3282//727 3399//753 3398//754
f 3282//730 3283//729 3400//747 3399//748
f 3283//732 3284//731 3401//749 3400//750
f 3284//726 3285//725 3402//751 3401//752
f 3285//728 3286//727 3403//753 3402//754
f 3286//730 3287//729 3404//747 3403//748
f 3287//732 3288//731 3405//749 3404//750
f 3288//726 3289//725 3406//751 3405//752
f 3289//728 3290//727 3407//753 3406//754
f 3433//752 3434//751 3551//770 3550//771
f 3434//754 3435//753 3552//772 3551//773
f 3435//757 3436//747 3553//774 3552//775
f 3436//750 3437//749 3554//776 3553//777
f 3437//752 3438//751 3555//770 3554//771
f 3438//754 3439//753 3556//772 3555//773
f 3439//757 3440//747 3557//774 3556//775
f 3440//750 3441//749 3558//776 3557//777
f 3441//752 3442//751 3559//770 3558//771
f 3442//754 3443//753 3560//772 3559//773
f 3443//748 3444//747 3561//774 3560//775
f 3444//750 3445//749 3562//776 3561//777
f 3445//752 3446//751 3563//770 3562//771
f 3446//754 3447//753 3564//772 3563//773
f 3447//748 3448//747 3565//774 3564//775
f 3448//750 3449//749 3566//776 3565//777
f 3449//752 3450//751 3567//770 3566//771
f 3450//754 3451//753 3568//772 3567//773
f 3451//748 3452//747 3569//774 3568//775
f 3452//750 3453//749 3570//776 3569//777
f 3453//752 3454//751 3571//770 3570//771
f 3454//754 3455//753 3572//772 3571//773
f 3455//748 3456//747 3573//774 3572//775
f 3456//750 3457//749 3574//776 3573//777
f 3457//752 3458//751 3575//770 3574//771
f 3458//754 3459//753 3576//772 3575//773
f 1047//759 3355//758 3472//778 1048//779
f 3459//757 3460//747 3577//774 3576//775
f 3355//761 3356//760 3473//780 3472//781
f 3460//750 3461//749 3578//776 3577//777
f 3356//750 3357//749 3474//776 3473//777
f 3461//752 3462//751 3579//770 3578//771
f 3357//752 3358//751 3475//770 3474//771
f 3462//754 3463//753 3580//772 3579//773
f 3358//754 3359//753 3476//772 3475//773
f 3463//757 3464//747 3581//774 3580//775
f 3359//748 3360//747 3477//774 3476//775
f 3464//750 3465//749 3582//776 3581//777
f 3360//750 3361//749 3478//776 3477//777
f 3465//752 3466//751 3583//770 3582//771
f 3361//752 3362//751 3479//770 3478//771
f 3466//763 3467//762 3584//782 3583//783
f 3362//754 3363//753 3480//772 3479//773
f 3467//765 3468//764 3585//784 3584//785
f 3363//757 3364//747 3481//774 3480//775
f 3468//767 3469//766 3586//786 3585//787
f 3364//750 3365//749 3482//776 3481//777
f 3469//766 3470//768 3587//788 3586//786
f 3365//752 3366//751 3483//770 3482//771
f 3470//768 3471//769 3588//789 3587//788
f 3366//754 3367//753 3484//772 3483//773
f 3367//748 3368//747 3485//774 3484//775
f 3368//750 3369//749 3486//776 3485//777
f 3369//752 3370//751 3487//770 3486//771
f 3370//754 3371//753 3488//772 3487//773
f 3371//748 3372//747 3489//774 3488//775
f 3372//750 3373//749 3490//776 3489//777
f 3373//752 3374//751 3491//770 3490//771
f 3374//754 3375//753 3492//772 3491//773
f 3375//748 3376//747 3493//774 3492//775
f 3376//750 3377//749 3494//776 3493//777
f 3377//752 3378//751 3495//770 3494//771
f 3378//754 3379//753 3496//772 3495//773
f 3379//757 3380//747 3497//774 3496//775
f 3380//750 3381//749 3498//776 3497//777
f 3381//752 3382//751 3499//770 3498//771
f 3382//754 3383//753 3500//772 3499//773
f 3383//748 3384//747 3501//774 3500//775
f 3384//750 3385//749 3502//776 3501//777
f 3385//752 3386//751 3503//770 3502//771
f 3386//754 3387//753 3504//772 3503//773
f 3387//748 3388//747 3505//774 3504//775
f 3388//750 3389//749 3506//776 3505//777
f 3389//752 3390//751 3507//770 3506//771
f 3390//754 3391//753 3508//772 3507//773
f 3391//748 3392//747 3509//774 3508//775
f 3392//750 3393//749 3510//776 3509//777
f 3393//752 3394//751 3511//770 3510//771
f 3394//754 3395//753 3512//772 3511//773
f 3395//757 3396//747 3513//774 3512//775
f 3396//750 3397//749 3514//776 3513//777
f 3397//752 3398//751 3515//770 3514//771
f 3398//754 3399//753 3516//772 3515//773
f 3399//748 3400//747 3517//774 3516//775
f 3400//750 3401//749 3518//776 3517//777
f 3401//752 3402//751 3519//770 3518//771
f 3402//754 3403//753 3520//772 3519//773
f 3403//748 3404//747 3521//774 3520//775
f 3404//750 3405//749 3522//776 3521//777
f 3405//752 3406//751 3523//770 3522//771
f 3406//754 3407//753 3524//772 3523//773
f 3407//748 3408//747 3525//774 3524//775
f 3408//750 3409//749 3526//776 3525//777
f 3409//752 3410//751 3527//770 3526//771
f 3410//754 3411//753 3528//772 3527//773
f 3411//756 3412//755 3529//790 3528//791
f 3412//750 3413//749 3530//776 3529//777
f 3413//752 3414//751 3531//770 3530//771
f 3414//754 3415//753 3532//772 3531//773
f 3415//757 3416//747 3533//774 3532//775
f 3416//750 3417//749 3534//776 3533//777
f 3417//752 3418//751 3535//770 3534//771
f 3418//754 3419//753 3536//772 3535//773
f 3419//757 3420//747 3537//774 3536//775
f 3420//750 3421//749 3538//776 3537//777
f 3421//752 3422//751 3539//770 3538//771
f 3422//754 3423//753 3540//772 3539//773
f 3423//757 3424//747 3541//774 3540//775
f 3424//750 3425//749 3542//776 3541//777
f 3425//752 3426//751 3543//770 3542//771
f 3426//754 3427//753 3544//772 3543//773
f 3427//757 3428//747 3545//774 3544//775
f 3428//750 3429//749 3546//776 3545//777
f 3429//752 3430//751 3547//770 3546//771
f 3430//754 3431//753 3548//772 3547//773
f 3431//757 3432//747 3549//774 3548//775
f 3432//750 3433//749 3550//776 3549//777
f 3531//773 3532//772 3649//792 3648//793
f 3532//775 3533//774 3650//794 3649//795
f 3533//777 3534//776 3651//796 3650//797
f 3534//771 3535//770 3652//798 3651//799
f 3535//773 3536//772 3653//792 3652//793
f 3536//775 3537//774 3654//800 3653//795
f 3537//777 3538//776 3655//796 3654//797
f 3538//771 3539//770 3656//798 3655//799
f 3539//773 3540//772 3657//792 3656//793
f 3540//775 3541//774 3658//800 3657//795
f 3541//777 3542//776 3659//796 3658//797
f 3542//771 3543//770 3660//798 3659//799
f 3543//773 3544//772 3661//792 3660//793
f 3544//775 3545//774 3662//800 3661//795
f 3545//777 3546//776 3663//796 3662//797
f 3546//771 3547//770 3664//798 3663//799
f 3547//773 3548//772 3665//792 3664//793
f 3548//775 3549//774 3666//800 3665//795
f 3549//777 3550//776 3667//796 3666//797
f 3550//771 3551//770 3668//798 3667//799
f 3551//773 3552//772 3669//792 3668//793
f 3552//775 3553//774 3670//800 3669//795
f 3553//777 3554//776 3671//796 3670//797
f 3554//771 3555//770 3672//798 3671//799
f 3555//773 3556//772 3673//792 3672//793
f 3556//775 3557//774 3674//800 3673//795
f 3557//777 3558//776 3675//796 3674//797
f 3558//771 3559//770 3676//798 3675//799
f 3559//773 3560//772 3677//792 3676//793
f 3560//775 3561//774 3678//800 3677//801
f 3561//777 3562//776 3679//796 3678//797
f 3562//771 3563//770 3680//798 3679//799
f 3563//773 3564//772 3681//792 3680//793
f 3564//775 3565//774 3682//800 3681//795
f 3565//777 3566//776 3683//796 3682//797
f 3566//771 3567//770 3684//798 3683//799
f 3567//773 3568//772 3685//792 3684//793
f 3568//775 3569//774 3686//800 3685//795
f 3569//777 3570//776 3687//796 3686//797
f 3570//771 3571//770 3688//798 3687//799
f 3571//773 3572//772 3689//792 3688//793
f 3572//775 3573//774 3690//800 3689//795
f 3573//777 3574//776 3691//796 3690//797
f 3574//771 3575//770 3692//798 3691//799
f 3575//773 3576//772 3693//792 3692//793
f 1048//779 3472//778 3589//802 1049//803
f 3576//775 3577//774 3694//794 3693//795
f 3472//781 3473//780 3590//804 3589//805
f 3577//777 3578//776 3695//796 3694//797
f 3473//777 3474//776 3591//796 3590//797
f 3578//771 3579//770 3696//798 3695//799
f 3474//771 3475//770 3592//798 3591//799
f 3579//773 3580//772 3697//792 3696//793
f 3475//773 3476//772 3593//792 3592//793
f 3580//775 3581//774 3698//800 3697//795
f 3476//775 3477//774 3594//800 3593//795
f 3581//777 3582//776 3699//796 3698//797
f 3477//777 3478//776 3595//796 3594//797
f 3582//771 3583//770 3700//798 3699//799
f 3478//771 3479//770 3596//798 3595//799
f 3583//783 3584//782 3701//806 3700//807
f 3479//773 3480//772 3597//792 3596//793
f 3584//785 3585//784 3702//808 3701//809
f 3480//775 3481//774 3598//800 3597//795
f 3585//787 3586//786 3703//810 3702//811
f 3481//777 3482//776 3599//796 3598//797
f 3586//786 3587//788 3704//812 3703//810
f 3482//771 3483//770 3600//798 3599//799
f 3587//788 3588//789 3705//813 3704//812
f 3483//773 3484//772 3601//792 3600//793
f 3484//775 3485//774 3602//800 3601//795
f 3485//777 3486//776 3603//796 3602//797
f 3486//771 3487//770 3604//798 3603//799
f 3487//773 3488//772 3605//792 3604//793
f 3488//775 3489//774 3606//800 3605//795
f 3489//777 3490//776 3607//796 3606//797
f 3490//771 3491//770 3608//798 3607//799
f 3491//773 3492//772 3609//792 3608//793
f 3492//775 3493//774 3610//800 3609//795
f 3493//777 3494//776 3611//796 3610//797
f 3494//771 3495//770 3612//798 3611//799
f 3495//773 3496//772 3613//792 3612//793
f 3496//775 3497//774 3614//800 3613//795
f 3497//777 3498//776 3615//796 3614//797
f 3498//771 3499//770 3616//798 3615//799
f 3499//773 3500//772 3617//792 3616//793
f 3500//775 3501//774 3618//800 3617//795
f 3501//777 3502//776 3619//796 3618//797
f 3502//771 3503//770 3620//798 3619//799
f 3503//773 3504//772 3621//792 3620//793
f 3504//775 3505//774 3622//800 3621//795
f 3505//777 3506//776 3623//796 3622//797
f 3506//771 3507//770 3624//798 3623//799
f 3507//773 3508//772 3625//792 3624//793
f 3508//775 3509//774 3626//800 3625//795
f 3509//777 3510//776 3627//796 3626//797
f 3510//771 3511//770 3628//798 3627//799
f 3511//773 3512//772 3629//792 3628//793
f 3512//775 3513//774 3630//800 3629//795
f 3513//777 3514//776 3631//796 3630//797
f 3514//771 3515//770 3632//798 3631//799
f 3515//773 3516//772 3633//792 3632//793
f 3516//775 3517//774 3634//800 3633//795
f 3517//777 3518//776 3635//796 3634//797
f 3518//771 3519//770 3636//798 3635//799
f 3519//773 3520//772 3637//792 3636//793
f 3520//775 3521//774 3638//800 3637//795
f 3521//777 3522//776 3639//796 3638//797
f 3522//771 3523//770 3640//798 3639//799
f 3523//773 3524//772 3641//792 3640//793
f 3524//775 3525//774 3642//800 3641//795
f 3525//777 3526//776 3643//796 3642//797
f 3526//771 3527//770 3644//798 3643//799
f 3527//773 3528//772 3645//792 3644//793
f 3528//791 3529//790 3646//814 3645//815
f 3529//777 3530//776 3647//796 3646//797
f 3530//771 3531//770 3648//798 3647//799
f 3674//797 3675//796 3792//816 3791//817
f 3675//799 3676//798 3793//818 3792//819
f 3676//793 3677//792 3794//820 3793//821
f 3677//801 3678//800 3795//822 3794//823
f 3678//797 3679//796 3796//816 3795//817
f 3679//799 3680//798 3797//818 3796//819
f 3680//793 3681//792 3798//820 3797//821
f 3681//795 3682//800 3799//822 3798//823
f 3682//797 3683//796 3800//816 3799//817
f 3683//799 3684//798 3801//818 3800//819
f 3684//793 3685//792 3802//820 3801//821
f 3685//795 3686//800 3803//822 3802//823
f 3686//797 3687//796 3804//816 3803//817
f 3687//799 3688//798 3805//818 3804//819
f 3688//793 3689//792 3806//820 3805//821
f 3689//795 3690//800 3807//822 3806//823
f 3690//797 3691//796 3808//816 3807//817
f 3691//799 3692//798 3809//818 3808//819
f 3692//793 3693//792 3810//820 3809//821
f 1049//803 3589//802 3706//824 1168//825
f 3693//795 3694//794 3811//822 3810//826
f 3589//805 3590//804 3707//827 3706//828
f 3694//797 3695//796 3812//816 3811//817
f 3590//797 3591//796 3708//816 3707//817
f 3695//799 3696//798 3813//818 3812//819
f 3591//799 3592//798 3709//818 3708//819
f 3696//793 3697//792 3814//820 3813//821
f 3592//793 3593//792 3710//820 3709//821
f 3697//795 3698//800 3815//822 3814//823
f 3593//795 3594//800 3711//822 3710//823
f 3698//797 3699//796 3816//816 3815//817
f 3594//797 3595//796 3712//816 3711//817
f 3699//799 3700//798 3817//818 3816//819
f 3595//799 3596//798 3713//818 3712//819
f 3700//807 3701//806 3818//829 3817//830
f 3596//793 3597//792 3714//820 3713//821
f 3701//809 3702//808 3819//831 3818//832
f 3597//795 3598//800 3715//822 3714//823
f 3702//811 3703//810 3820//833 3819//834
f 3598//797 3599//796 3716//816 3715//817
f 3703//810 3704//812 3821//835 3820//833
f 3599//799 3600//798 3717//818 3716//819
f 3704//812 3705//813 3822//836 3821//835
f 3600//793 3601//792 3718//820 3717//821
f 3601//795 3602//800 3719//822 3718//823
f 3602//797 3603//796 3720//816 3719//817
f 3603//799 3604//798 3721//818 3720//819
f 3604//793 3605//792 3722//820 3721//821
f 3605//795 3606//800 3723//822 3722//823
f 3606//797 3607//796 3724//816 3723//817
f 3607//799 3608//798 3725//818 3724//819
f 3608//793 3609//792 3726//820 3725//821
f 3609//795 3610//800 3727//822 3726//823
f 3610//797 3611//796 3728//816 3727//817
f 3611//799 3612//798 3729//818 3728//819
f 3612//793 3613//792 3730//820 3729//821
f 3613//795 3614//800 3731//822 3730//823
f 3614//797 3615//796 3732//816 3731//817
f 3615//799 3616//798 3733//818 3732//819
f 3616//793 3617//792 3734//820 3733//821
f 3617//795 3618//800 3735//822 3734//823
f 3618//797 3619//796 3736//816 3735//817
f 3619//799 3620//798 3737//818 3736//819
f 3620//793 3621//792 3738//820 3737//821
f 3621//795 3622//800 3739//822 3738//823
f 3622//797 3623//796 3740//816 3739//817
f 3623//799 3624//798 3741//818 3740//819
f 3624//793 3625//792 3742//820 3741//821
f 3625//795 3626//800 3743//822 3742//823
f 3626//797 3627//796 3744//816 3743//817
f 3627//799 3628//798 3745//818 3744//819
f 3628//793 3629//792 3746//820 3745//821
f 3629//795 3630//800 3747//822 3746//823
f 3630//797 3631//796 3748//816 3747//817
f 3631//799 3632//798 3749//818 3748//819
f 3632//793 3633//792 3750//820 3749//821
f 3633//795 3634//800 3751//822 3750//823
f 3634//797 3635//796 3752//816 3751//817
f 3635//799 3636//798 3753//818 3752//819
f 3636//793 3637//792 3754//820 3753//821
f 3637//795 3638//800 3755//822 3754//823
f 3638//797 3639//796 3756//816 3755//817
f 3639//799 3640//798 3757//818 3756//819
f 3640//793 3641//792 3758//820 3757//821
f 3641//795 3642//800 3759//822 3758//823
f 3642//797 3643//796 3760//816 3759//817
f 3643//799 3644//798 3761//837 3760//819
f 3644//793 3645//792 3762//820 3761//821
f 3645//815 3646//814 3763//838 3762//839
f 3646//797 3647//796 3764//816 3763//817
f 3647//799 3648//798 3765//818 3764//819
f 3648//793 3649//792 3766//820 3765//821
f 3649//795 3650//794 3767//822 3766//823
f 3650//797 3651//796 3768//816 3767//817
f 3651//799 3652//798 3769//818 3768//819
f 3652//793 3653//792 3770//820 3769//821
f 3653//795 3654//800 3771//822 3770//823
f 3654//797 3655//796 3772//816 3771//817
f 3655//799 3656//798 3773//818 3772//819
f 3656//793 3657//792 3774//820 3773//821
f 3657//795 3658//800 3775//822 3774//823
f 3658//797 3659//796 3776//816 3775//817
f 3659//799 3660//798 3777//818 3776//819
f 3660//793 3661//792 3778//820 3777//821
f 3661//795 3662//800 3779//822 3778//823
f 3662//797 3663//796 3780//816 3779//817
f 3663//799 3664//798 3781//818 3780//819
f 3664//793 3665//792 3782//820 3781//821
f 3665//795 3666//800 3783//822 3782//823
f 3666//797 3667//796 3784//816 3783//817
f 3667//799 3668//798 3785//818 3784//819
f 3668//793 3669//792 3786//820 3785//821
f 3669//795 3670//800 3787//822 3786//823
f 3670//797 3671//796 3788//816 3787//817
f 3671//799 3672//798 3789//818 3788//819
f 3672//793 3673//792 3790//820 3789//821
f 3673//795 3674//800 3791//822 3790//823
f 3817//830 3818//829 3935//840 3934//841
f 3713//821 3714//820 3831//842 3830//843
f 3818//832 3819//831 3936//844 3935//845
f 3714//823 3715//822 3832//846 3831//847
f 3819//834 3820//833 3937//848 3936//849
f 3715//817 3716//816 3833//850 3832//851
f 3820//833 3821//835 3938//852 3937//848
f 3716//819 3717//818 3834//853 3833//854
f 3821//835 3822//836 3939//855 3938//852
f 3717//821 3718//820 3835//842 3834//843
f 3718//823 3719//822 3836//846 3835//847
f 3719//817 3720//816 3837//850 3836//851
f 3720//819 3721//818 3838//853 3837//854
f 3721//821 3722//820 3839//842 3838//843
f 3722//823 3723//822 3840//846 3839//847
f 3723//817 3724//816 3841//850 3840//851
f 3724//819 3725//818 3842//853 3841//854
f 3725//821 3726//820 3843//842 3842//843
f 3726//823 3727//822 3844//846 3843//847
f 3727//817 3728//816 3845//850 3844//851
f 3728//819 3729//818 3846//853 3845//854
f 3729//821 3730//820 3847//842 3846//843
f 3730//823 3731//822 3848//846 3847//847
f 3731//817 3732//816 3849//850 3848//851
f 3732//819 3733//818 3850//853 3849//854
f 3733//821 3734//820 3851//842 3850//843
f 3734//823 3735//822 3852//846 3851//847
f 3735//817 3736//816 3853//850 3852//851
f 3736//819 3737//818 3854//853 3853//854
f 3737//821 3738//820 3855//842 3854//843
f 3738//823 3739//822 3856//846 3855//847
f 3739//817 3740//816 3857//850 3856//851
f 3740//819 3741//818 3858//853 3857//854
f 3741//821 3742//820 3859//842 3858//843
f 3742//823 3743//822 3860//846 3859//847
f 3743//817 3744//816 3861//850 3860//851
f 3744//819 3745//818 3862//853 3861//854
f 3745//821 3746//820 3863//842 3862//843
f 3746//823 3747//822 3864//846 3863//847
f 3747//817 3748//816 3865//850 3864//851
f 3748//819 3749//818 3866//853 3865//854
f 3749//821 3750//820 3867//842 3866//843
f 3750//823 3751//822 3868//846 3867//847
f 3751//817 3752//816 3869//850 3868//851
f 3752//819 3753//818 3870//853 3869//854
f 3753//821 3754//820 3871//842 3870//843
f 3754//823 3755//822 3872//846 3871//847
f 3755//817 3756//816 3873//850 3872//851
f 3756//819 3757//818 3874//853 3873//854
f 3757//821 3758//820 3875//842 3874//843
f 3758//823 3759//822 3876//846 3875//847
f 3759//817 3760//816 3877//850 3876//851
f 3760//819 3761//837 3878//853 3877//854
f 3761//821 3762//820 3879//842 3878//843
f 3762//839 3763//838 3880//856 3879//857
f 3763//817 3764//816 3881//850 3880//851
f 3764//819 3765//818 3882//853 3881//854
f 3765//821 3766//820 3883//842 3882//843
f 3766//823 3767//822 3884//846 3883//847
f 3767//817 3768//816 3885//850 3884//851
f 3768//819 3769//818 3886//853 3885//854
f 3769//821 3770//820 3887//842 3886//843
f 3770//823 3771//822 3888//846 3887//847
f 3771//817 3772//816 3889//850 3888//851
f 3772//819 3773//818 3890//853 3889//854
f 3773//821 3774//820 3891//842 3890//843
f 3774//823 3775//822 3892//846 3891//847
f 3775//817 3776//816 3893//850 3892//851
f 3776//819 3777//818 3894//853 3893//854
f 3777//821 3778//820 3895//842 3894//843
f 3778//823 3779//822 3896//846 3895//847
f 3779//817 3780//816 3897//850 3896//851
f 3780//819 3781//818 3898//853 3897//854
f 3781//821 3782//820 3899//842 3898//843
f 3782//823 3783//822 3900//846 3899//847
f 3783//817 3784//816 3901//850 3900//851
f 3784//819 3785//818 3902//853 3901//854
f 3785//821 3786//820 3903//842 3902//843
f 3786//823 3787//822 3904//846 3903//847
f 3787//817 3788//816 3905//850 3904//851
f 3788//819 3789//818 3906//853 3905//854
f 3789//821 3790//820 3907//842 3906//843
f 3790//823 3791//822 3908//846 3907//847
f 3791//817 3792//816 3909//850 3908//851
f 3792//819 3793//818 3910//853 3909//854
f 3793//821 3794//820 3911//842 3910//843
f 3794//823 3795//822 3912//846 3911//847
f 3795//817 3796//816 3913//850 3912//851
f 3796//819 3797//818 3914//853 3913//854
f 3797//821 3798//820 3915//842 3914//843
f 3798//823 3799//822 3916//846 3915//847
f 3799//817 3800//816 3917//850 3916//851
f 3800//819 3801//818 3918//853 3917//854
f 3801//821 3802//820 3919//842 3918//843
f 3802//823 3803//822 3920//846 3919//847
f 3803//817 3804//816 3921//850 3920//851
f 3804//819 3805//818 3922//853 3921//854
f 3805//821 3806//820 3923//842 3922//843
f 3806//823 3807//822 3924//846 3923//847
f 3807//817 3808//816 3925//850 3924//851
f 3808//819 3809//818 3926//853 3925//854
f 3809//821 3810//820 3927//842 3926//843
f 1168//825 3706//824 3823//858 1169//859
f 3810//826 3811//822 3928//846 3927//847
f 3706//828 3707//827 3824//860 3823//861
f 3811//817 3812//816 3929//850 3928//851
f 3707//817 3708//816 3825//850 3824//851
f 3812//819 3813//818 3930//853 3929//854
f 3708//819 3709//818 3826//853 3825//854
f 3813//821 3814//820 3931//842 3930//843
f 3709//821 3710//820 3827//842 3826//843
f 3814//823 3815//822 3932//846 3931//847
f 3710//823 3711//822 3828//846 3827//847
f 3815//817 3816//816 3933//850 3932//851
f 3711//817 3712//816 3829//850 3828//851
f 3816//819 3817//818 3934//853 3933//854
f 3712//819 3713//818 3830//853 3829//854
f 3927//847 3928//846 4046//862 4045//863
f 3928//851 3929//850 4047//864 4046//865
f 3929//854 3930//853 4048//866 4047//867
f 3930//843 3931//842 4049//868 4048//869
f 3931//847 3932//846 4050//862 4049//863
f 3932//851 3933//850 4051//864 4050//865
f 3933//854 3934//853 4052//866 4051//867
f 3934//841 3935//840 4053//870 4052//871
f 3935//845 3936//844 4054//872 4053//873
f 3936//849 3937//848 4055//874 4054//875
f 3937//848 3938//852 4056//876 4055//874
f 3938//852 3939//855 4057//877 4056//876
f 3939//855 3940//878 4058//879 4057//877
f 3836//851 3837//850 3955//864 3954//865
f 3837//854 3838//853 3956//866 3955//867
f 3838//843 3839//842 3957//868 3956//869
f 3839//847 3840//846 3958//862 3957//863
f 3840//851 3841//850 3959//864 3958//865
f 3841//854 3842//853 3960//866 3959//867
f 3842//843 3843//842 3961//868 3960//869
f 3843//847 3844//846 3962//862 3961//863
f 3844//851 3845//850 3963//864 3962//865
f 3845//854 3846//853 3964//866 3963//867
f 3846//843 3847//842 3965//868 3964//869
f 3847//847 3848//846 3966//862 3965//863
f 3848//851 3849//850 3967//864 3966//865
f 3849//854 3850//853 3968//866 3967//867
f 3850//843 3851//842 3969//868 3968//869
f 3851//847 3852//846 3970//862 3969//863
f 3852//851 3853//850 3971//864 3970//865
f 3853//854 3854//853 3972//866 3971//867
f 3854//843 3855//842 3973//868 3972//869
f 3855//847 3856//846 3974//862 3973//863
f 3856//851 3857//850 3975//864 3974//865
f 3857//854 3858//853 3976//866 3975//867
f 3858//843 3859//842 3977//868 3976//869
f 3859//847 3860//846 3978//862 3977//863
f 3860//851 3861//850 3979//864 3978//865
f 3861//854 3862//853 3980//866 3979//867
f 3862//843 3863//842 3981//868 3980//869
f 3863//847 3864//846 3982//862 3981//863
f 3864//851 3865//850 3983//864 3982//865
f 3865//854 3866//853 3984//866 3983//867
f 3866//843 3867//842 3985//868 3984//869
f 3867//847 3868//846 3986//862 3985//863
f 3868//851 3869//850 3987//864 3986//865
f 3869//854 3870//853 3988//866 3987//867
f 3870//843 3871//842 3989//868 3988//869
f 3871//847 3872//846 3990//862 3989//863
f 3872//851 3873//850 3991//864 3990//865
f 3873//854 3874//853 3992//866 3991//867
f 3874//843 3875//842 3993//868 3992//869
f 3875//847 3876//846 3994//862 3993//863
f 3876//851 3877//850 3995//864 3994//865
f 3877//854 3878//853 3996//866 3995//867
f 3878//843 3879//842 3997//868 3996//869
f 3879//857 3880//856 3998//880 3997//881
f 3880//851 3881//850 3999//864 3998//865
f 3881//854 3882//853 4000//866 3999//867
f 3882//843 3883//842 4001//868 4000//869
f 3883//847 3884//846 4002//862 4001//863
f 3884//851 3885//850 4003//864 4002//865
f 3885//854 3886//853 4004//866 4003//867
f 3886//843 3887//842 4005//868 4004//869
f 3887//847 3888//846 4006//862 4005//863
f 3888//851 3889//850 4007//864 4006//865
f 3889//854 3890//853 4008//866 4007//867
f 3890//843 3891//842 4009//868 4008//869
f 3891//847 3892//846 4010//862 4009//863
f 3892//851 3893//850 4011//864 4010//865
f 1169//859 3823//858 3941//882 1170//883
f 3893//854 3894//853 4012//866 4011//867
f 3823//861 3824//860 3942//884 3941//885
f 3894//843 3895//842 4013//868 4012//869
f 3824//851 3825//850 3943//864 3942//865
f 3895//847 3896//846 4014//862 4013//863
f 3825//854 3826//853 3944//866 3943//867
f 3896//851 3897//850 4015//864 4014//865
f 3826//843 3827//842 3945//868 3944//869
f 3897//854 3898//853 4016//866 4015//867
f 3827//847 3828//846 3946//862 3945//863
f 3898//843 3899//842 4017//868 4016//869
f 3828//851 3829//850 3947//864 3946//865
f 3899//847 3900//846 4018//862 4017//863
f 3829//854 3830//853 3948//866 3947//867
f 3900//851 3901//850 4019//864 4018//865
f 3830//843 3831//842 3949//868 3948//869
f 3901//854 3902//853 4020//866 4019//867
f 3831//847 3832//846 3950//862 3949//863
f 3902//843 3903//842 4021//868 4020//869
f 3832//851 3833//850 3951//864 3950//865
f 3903//847 3904//846 4022//862 4021//863
f 3833//854 3834//853 3952//866 3951//867
f 3904//851 3905//850 4023//864 4022//865
f 3834//843 3835//842 3953//868 3952//869
f 3905//854 3906//853 4024//866 4023//867
f 3835//847 3836//846 3954//862 3953//863
f 3906//843 3907//842 4025//868 4024//869
f 3907//847 3908//846 4026//862 4025//863
f 3908//851 3909//850 4027//864 4026//865
f 3909//854 3910//853 4028//866 4027//867
f 3910//843 3911//842 4029//868 4028//869
f 3911//847 3912//846 4030//886 4029//863
f 3912//851 3913//850 4031//864 4030//865
f 3913//854 3914//853 4032//866 4031//867
f 3914//843 3915//842 4033//868 4032//869
f 3915//847 3916//846 4034//862 4033//863
f 3916//851 3917//850 4035//864 4034//865
f 3917//854 3918//853 4036//866 4035//867
f 3918//843 3919//842 4037//868 4036//869
f 3919//847 3920//846 4038//862 4037//863
f 3920//851 3921//850 4039//864 4038//865
f 3921//854 3922//853 4040//866 4039//867
f 3922//843 3923//842 4041//868 4040//869
f 3923//847 3924//846 4042//862 4041//863
f 3924//851 3925//850 4043//864 4042//865
f 3925//854 3926//853 4044//866 4043//867
f 3926//843 3927//842 4045//868 4044//869
f 3966//865 3967//864 4085//887 4084//888
f 3967//867 3968//866 4086//889 4085//890
f 3968//869 3969//868 4087//891 4086//892
f 3969//863 3970//862 4088//893 4087//894
f 3970//865 3971//864 4089//887 4088//888
f 3971//867 3972//866 4090//889 4089//890
f 3972//869 3973//868 4091//891 4090//892
f 3973//863 3974//862 4092//893 4091//894
f 3974//865 3975//864 4093//887 4092//888
f 3975//867 3976//866 4094//889 4093//890
f 3976//869 3977//868 4095//891 4094//892
f 3977//863 3978//862 4096//893 4095//894
f 3978//865 3979//864 4097//887 4096//888
f 3979//867 3980//866 4098//889 4097//890
f 3980//869 3981//868 4099//891 4098//892
f 3981//863 3982//862 4100//893 4099//894
f 3982//865 3983//864 4101//887 4100//888
f 3983//867 3984//866 4102//889 4101//890
f 3984//869 3985//868 4103//891 4102//892
f 3985//863 3986//862 4104//893 4103//894
f 3986//865 3987//864 4105//887 4104//888
f 3987//867 3988//866 4106//889 4105//890
f 3988//869 3989//868 4107//891 4106//892
f 3989//863 3990//862 4108//893 4107//894
f 3990//865 3991//864 4109//887 4108//888
f 3991//867 3992//866 4110//889 4109//890
f 3992//869 3993//868 4111//891 4110//892
f 3993//863 3994//862 4112//893 4111//894
f 3994//865 3995//864 4113//887 4112//888
f 3995//867 3996//866 4114//889 4113//890
f 3996//869 3997//868 4115//891 4114//892
f 3997//881 3998//880 4116//895 4115//896
f 3998//865 3999//864 4117//887 4116//888
f 3999//867 4000//866 4118//889 4117//890
f 4000//869 4001//868 4119//891 4118//892
f 4001//863 4002//862 4120//893 4119//894
f 4002//865 4003//864 4121//887 4120//888
f 4003//867 4004//866 4122//889 4121//890
f 4004//869 4005//868 4123//891 4122//892
f 4005//863 4006//862 4124//893 4123//894
f 4006//865 4007//864 4125//887 4124//888
f 4007//867 4008//866 4126//889 4125//890
f 4008//869 4009//868 4127//891 4126//892
f 4009//863 4010//862 4128//893 4127//894
f 4010//865 4011//864 4129//887 4128//888
f 4011//867 4012//866 4130//889 4129//890
f 4012//869 4013//868 4131//891 4130//892
f 4013//863 4014//862 4132//893 4131//894
f 4014//865 4015//864 4133//887 4132//888
f 4015//867 4016//866 4134//889 4133//890
f 4016//869 4017//868 4135//891 4134//892
f 4017//863 4018//862 4136//893 4135//894
f 4018//865 4019//864 4137//887 4136//888
f 4019//867 4020//866 4138//889 4137//890
f 4020//869 4021//868 4139//891 4138//892
f 4021//863 4022//862 4140//893 4139//894
f 4022//865 4023//864 4141//887 4140//888
f 4023//867 4024//866 4142//889 4141//890
f 4024//869 4025//868 4143//891 4142//892
f 4025//863 4026//862 4144//893 4143//894
f 4026//865 4027//864 4145//887 4144//888
f 4027//867 4028//866 4146//889 4145//890
f 4028//869 4029//868 4147//891 4146//892
f 4029//863 4030//886 4148//893 4147//894
f 4030//865 4031//864 4149//887 4148//888
f 4031//867 4032//866 4150//889 4149//890
f 4032//869 4033//868 4151//891 4150//892
f 4033//863 4034//862 4152//893 4151//894
f 4034//865 4035//864 4153//887 4152//888
f 4035//867 4036//866 4154//889 4153//890
f 4036//869 4037//868 4155//891 4154//892
f 4037//863 4038//862 4156//893 4155//894
f 4038//865 4039//864 4157//887 4156//888
f 4039//867 4040//866 4158//889 4157//890
f 4040//869 4041//868 4159//891 4158//892
f 4041//863 4042//862 4160//893 4159//894
f 4042//865 4043//864 4161//887 4160//888
f 4043//867 4044//866 4162//889 4161//890
f 4044//869 4045//868 4163//891 4162//892
f 1170//883 3941//882 4059//897 1171//898
f 4045//863 4046//862 4164//893 4163//894
f 3941//885 3942//884 4060//899 4059//900
f 4046//865 4047//864 4165//887 4164//888
f 3942//865 3943//864 4061//887 4060//899
f 4047//867 4048//866 4166//889 4165//890
f 3943//867 3944//866 4062//889 4061//890
f 4048//869 4049//868 4167//891 4166//892
f 3944//869 3945//868 4063//891 4062//892
f 4049//863 4050//862 4168//893 4167//894
f 3945//863 3946//862 4064//893 4063//894
f 4050//865 4051//864 4169//887 4168//888
f 3946//865 3947//864 4065//887 4064//888
f 4051//867 4052//866 4170//889 4169//890
f 3947//867 3948//866 4066//889 4065//890
f 4052//871 4053//870 4171//901 4170//902
f 3948//869 3949//868 4067//891 4066//892
f 4053//873 4054//872 4172//903 4171//904
f 3949//863 3950//862 4068//893 4067//894
f 4054//875 4055//874 4173//905 4172//906
f 3950//865 3951//864 4069//887 4068//888
f 4055//874 4056//876 4174//907 4173//905
f 3951//867 3952//866 4070//889 4069//890
f 4056//876 4057//877 4175//908 4174//907
f 3952//869 3953//868 4071//891 4070//892
f 4057//877 4058//879 4176//909 4175//908
f 3953//863 3954//862 4072//893 4071//894
f 3954//865 3955//864 4073//887 4072//888
f 3955//867 3956//866 4074//889 4073//890
f 3956//869 3957//868 4075//891 4074//892
f 3957//863 3958//862 4076//893 4075//894
f 3958//865 3959//864 4077//887 4076//888
f 3959//867 3960//866 4078//889 4077//890
f 3960//869 3961//868 4079//891 4078//892
f 3961//863 3962//862 4080//893 4079//894
f 3962//865 3963//864 4081//887 4080//888
f 3963//867 3964//866 4082//889 4081//890
f 3964//869 3965//868 4083//891 4082//892
f 3965//863 3966//862 4084//893 4083//894
f 4110//892 4111//891 4229//910 4228//911
f 4111//894 4112//893 4230//912 4229//913
f 4112//888 4113//887 4231//914 4230//915
f 4113//890 4114//889 4232//916 4231//917
f 4114//892 4115//891 4233//910 4232//911
f 4115//896 4116//895 4234//918 4233//919
f 4116//888 4117//887 4235//914 4234//915
f 4117//890 4118//889 4236//916 4235//917
f 4118//892 4119//891 4237//910 4236//911
f 4119//894 4120//893 4238//912 4237//913
f 4120//888 4121//887 4239//914 4238//915
f 4121//890 4122//889 4240//916 4239//917
f 4122//892 4123//891 4241//910 4240//911
f 4123//894 4124//893 4242//912 4241//913
f 4124//888 4125//887 4243//914 4242//915
f 4125//890 4126//889 4244//916 4243//917
f 4126//892 4127//891 4245//910 4244//911
f 4127//894 4128//893 4246//912 4245//913
f 4128//888 4129//887 4247//914 4246//915
f 4129//890 4130//889 4248//916 4247//917
f 4130//892 4131//891 4249//910 4248//911
f 4131//894 4132//893 4250//912 4249//913
f 4132//888 4133//887 4251//914 4250//915
f 4133//890 4134//889 4252//916 4251//917
f 4134//892 4135//891 4253//910 4252//911
f 4135//894 4136//893 4254//912 4253//913
f 4136//888 4137//887 4255//914 4254//915
f 4137//890 4138//889 4256//916 4255//917
f 4138//892 4139//891 4257//910 4256//911
f 4139//894 4140//893 4258//912 4257//913
f 4140//888 4141//887 4259//914 4258//915
f 4141//890 4142//889 4260//916 4259//917
f 4142//892 4143//891 4261//910 4260//911
f 4143//894 4144//893 4262//912 4261//913
f 4144//888 4145//887 4263//914 4262//915
f 4145//890 4146//889 4264//916 4263//917
f 4146//892 4147//891 4265//910 4264//911
f 4147//894 4148//893 4266//912 4265//920
f 4148//888 4149//887 4267//914 4266//915
f 4149//890 4150//889 4268//916 4267//917
f 4150//892 4151//891 4269//910 4268//911
f 4151//894 4152//893 4270//912 4269//913
f 4152//888 4153//887 4271//914 4270//915
f 4153//890 4154//889 4272//916 4271//917
f 4154//892 4155//891 4273//910 4272//911
f 4155//894 4156//893 4274//912 4273//913
f 4156//888 4157//887 4275//914 4274//915
f 4157//890 4158//889 4276//916 4275//917
f 4158//892 4159//891 4277//910 4276//911
f 4159//894 4160//893 4278//912 4277//913
f 4160//888 4161//887 4279//914 4278//915
f 4161//890 4162//889 4280//916 4279//917
f 4162//892 4163//891 4281//910 4280//911
f 1171//898 4059//897 4177//921 1290//922
f 4163//894 4164//893 4282//912 4281//913
f 4059//900 4060//899 4178//923 4177//924
f 4164//888 4165//887 4283//914 4282//915
f 4060//899 4061//887 4179//914 4178//923
f 4165//890 4166//889 4284//916 4283//917
f 4061//890 4062//889 4180//916 4179//917
f 4166//892 4167//891 4285//910 4284//911
f 4062//892 4063//891 4181//910 4180//911
f 4167//894 4168//893 4286//912 4285//913
f 4063//894 4064//893 4182//912 4181//913
f 4168//888 4169//887 4287//914 4286//915
f 4064//888 4065//887 4183//914 4182//915
f 4169//890 4170//889 4288//916 4287//917
f 4065//890 4066//889 4184//916 4183//917
f 4170//902 4171//901 4289//925 4288//926
f 4066//892 4067//891 4185//910 4184//911
f 4171//904 4172//903 4290//927 4289//928
f 4067//894 4068//893 4186//912 4185//913
f 4172//906 4173//905 4291//929 4290//930
f 4068//888 4069//887 4187//914 4186//915
f 4173//905 4174//907 4292//931 4291//929
f 4069//890 4070//889 4188//916 4187//917
f 4174//907 4175//908 4293//932 4292//931
f 4070//892 4071//891 4189//910 4188//911
f 4175//908 4176//909 4294//933 4293//932
f 4071//894 4072//893 4190//912 4189//913
f 4072//888 4073//887 4191//914 4190//915
f 4073//890 4074//889 4192//916 4191//917
f 4074//892 4075//891 4193//910 4192//911
f 4075//894 4076//893 4194//912 4193//913
f 4076//888 4077//887 4195//914 4194//915
f 4077//890 4078//889 4196//916 4195//917
f 4078//892 4079//891 4197//910 4196//911
f 4079//894 4080//893 4198//912 4197//913
f 4080//888 4081//887 4199//914 4198//915
f 4081//890 4082//889 4200//916 4199//917
f 4082//892 4083//891 4201//910 4200//911
f 4083//894 4084//893 4202//912 4201//913
f 4084//888 4085//887 4203//914 4202//915
f 4085//890 4086//889 4204//916 4203//917
f 4086//892 4087//891 4205//910 4204//911
f 4087//894 4088//893 4206//912 4205//913
f 4088//888 4089//887 4207//914 4206//915
f 4089//890 4090//889 4208//916 4207//917
f 4090//892 4091//891 4209//910 4208//911
f 4091//894 4092//893 4210//912 4209//913
f 4092//888 4093//887 4211//914 4210//915
f 4093//890 4094//889 4212//916 4211//917
f 4094//892 4095//891 4213//910 4212//911
f 4095//894 4096//893 4214//912 4213//913
f 4096//888 4097//887 4215//914 4214//915
f 4097//890 4098//889 4216//916 4215//917
f 4098//892 4099//891 4217//910 4216//911
f 4099//894 4100//893 4218//912 4217//913
f 4100//888 4101//887 4219//914 4218//915
f 4101//890 4102//889 4220//916 4219//917
f 4102//892 4103//891 4221//910 4220//911
f 4103//894 4104//893 4222//912 4221//913
f 4104//888 4105//887 4223//914 4222//915
f 4105//890 4106//889 4224//916 4223//917
f 4106//892 4107//891 4225//910 4224//911
f 4107//894 4108//893 4226//912 4225//913
f 4108//888 4109//887 4227//914 4226//915
f 4109//890 4110//889 4228//916 4227//917
f 4254//915 4255//914 4373//934 4372//935
f 4255//917 4256//916 4374//936 4373//937
f 4256//911 4257//910 4375//938 4374//939
f 4257//913 4258//912 4376//940 4375//941
f 4258//915 4259//914 4377//934 4376//935
f 4259//917 4260//916 4378//936 4377//937
f 4260//911 4261//910 4379//938 4378//939
f 4261//913 4262//912 4380//940 4379//941
f 4262//915 4263//914 4381//934 4380//935
f 4263//917 4264//916 4382//936 4381//937
f 4264//911 4265//910 4383//938 4382//939
f 4265//920 4266//912 4384//940 4383//941
f 4266//915 4267//914 4385//934 4384//935
f 4267//917 4268//916 4386//936 4385//937
f 4268//911 4269//910 4387//938 4386//939
f 4269//913 4270//912 4388//940 4387//941
f 4270//915 4271//914 4389//934 4388//935
f 4271//917 4272//916 4390//936 4389//937
f 4272//911 4273//910 4391//938 4390//939
f 4273//913 4274//912 4392//940 4391//941
f 4274//915 4275//914 4393//934 4392//935
f 4275//917 4276//916 4394//936 4393//937
f 4276//911 4277//910 4395//938 4394//939
f 4277//913 4278//912 4396//940 4395//941
f 4278//915 4279//914 4397//934 4396//935
f 4279//917 4280//916 4398//936 4397//937
f 4280//911 4281//910 4399//938 4398//939
f 1290//922 4177//921 4295//942 1291//943
f 4281//913 4282//912 4400//940 4399//944
f 4177//924 4178//923 4296//945 4295//946
f 4282//915 4283//914 4401//934 4400//935
f 4178//923 4179//914 4297//934 4296//945
f 4283//917 4284//916 4402//936 4401//937
f 4179//917 4180//916 4298//936 4297//937
f 4284//911 4285//910 4403//938 4402//939
f 4180//911 4181//910 4299//938 4298//939
f 4285//913 4286//912 4404//940 4403//941
f 4181//913 4182//912 4300//940 4299//941
f 4286//915 4287//914 4405//934 4404//935
f 4182//915 4183//914 4301//934 4300//935
f 4287//917 4288//916 4406//936 4405//937
f 4183//917 4184//916 4302//936 4301//937
f 4288//926 4289//925 4407//947 4406//948
f 4184//911 4185//910 4303//938 4302//939
f 4289//928 4290//927 4408//949 4407//950
f 4185//913 4186//912 4304//940 4303//941
f 4290//930 4291//929 4409//951 4408//952
f 4186//915 4187//914 4305//934 4304//935
f 4291//929 4292//931 4410//953 4409//951
f 4187//917 4188//916 4306//936 4305//937
f 4292//931 4293//932 4411//954 4410//953
f 4188//911 4189//910 4307//938 4306//939
f 4293//932 4294//933 4412//955 4411//954
f 4189//913 4190//912 4308//940 4307//941
f 4190//915 4191//914 4309//934 4308//935
f 4191//917 4192//916 4310//936 4309//937
f 4192//911 4193//910 4311//938 4310//939
f 4193//913 4194//912 4312//940 4311//941
f 4194//915 4195//914 4313//934 4312//935
f 4195//917 4196//916 4314//936 4313//937
f 4196//911 4197//910 4315//938 4314//939
f 4197//913 4198//912 4316//940 4315//941
f 4198//915 4199//914 4317//934 4316//935
f 4199//917 4200//916 4318//936 4317//937
f 4200//911 4201//910 4319//938 4318//939
f 4201//913 4202//912 4320//940 4319//941
f 4202//915 4203//914 4321//934 4320//935
f 4203//917 4204//916 4322//936 4321//937
f 4204//911 4205//910 4323//938 4322//939
f 4205//913 4206//912 4324//940 4323//941
f 4206//915 4207//914 4325//934 4324//935
f 4207//917 4208//916 4326//936 4325//937
f 4208//911 4209//910 4327//938 4326//939
f 4209//913 4210//912 4328//940 4327//941
f 4210//915 4211//914 4329//934 4328//935
f 4211//917 4212//916 4330//936 4329//937
f 4212//911 4213//910 4331//938 4330//939
f 4213//913 4214//912 4332//940 4331//941
f 4214//915 4215//914 4333//934 4332//935
f 4215//917 4216//916 4334//936 4333//937
f 4216//911 4217//910 4335//938 4334//939
f 4217//913 4218//912 4336//940 4335//941
f 4218//915 4219//914 4337//934 4336//935
f 4219//917 4220//916 4338//936 4337//937
f 4220//911 4221//910 4339//938 4338//939
f 4221//913 4222//912 4340//940 4339//941
f 4222//915 4223//914 4341//934 4340//935
f 4223//917 4224//916 4342//936 4341//937
f 4224//911 4225//910 4343//938 4342//939
f 4225//913 4226//912 4344//940 4343//941
f 4226//915 4227//914 4345//934 4344//935
f 4227//917 4228//916 4346//936 4345//937
f 4228//911 4229//910 4347//938 4346//939
f 4229//913 4230//912 4348//940 4347//941
f 4230//915 4231//914 4349//934 4348//935
f 4231//917 4232//916 4350//936 4349//937
f 4232//911 4233//910 4351//938 4350//939
f 4233//919 4234//918 4352//956 4351//957
f 4234//915 4235//914 4353//934 4352//935
f 4235//917 4236//916 4354//936 4353//937
f 4236//911 4237//910 4355//938 4354//939
f 4237//913 4238//912 4356//940 4355//941
f 4238//915 4239//914 4357//934 4356//935
f 4239//917 4240//916 4358//936 4357//937
f 4240//911 4241//910 4359//938 4358//939
f 4241//913 4242//912 4360//940 4359//941
f 4242//915 4243//914 4361//934 4360//935
f 4243//917 4244//916 4362//936 4361//937
f 4244//911 4245//910 4363//938 4362//939
f 4245//913 4246//912 4364//940 4363//941
f 4246//915 4247//914 4365//934 4364//935
f 4247//917 4248//916 4366//936 4365//937
f 4248//911 4249//910 4367//938 4366//939
f 4249//913 4250//912 4368//940 4367//941
f 4250//915 4251//914 4369//934 4368//935
f 4251//917 4252//916 4370//936 4369//937
f 4252//911 4253//910 4371//938 4370//939
f 4253//913 4254//912 4372//940 4371//941
f 4385//937 4386//936 4504//958 4503//959
f 4386//939 4387//938 4505//960 4504//961
f 4387//941 4388//940 4506//962 4505//963
f 4388//935 4389//934 4507//964 4506//965
f 4389//937 4390//936 4508//958 4507//959
f 4390//939 4391//938 4509//960 4508//961
f 4391//941 4392//940 4510//962 4509//963
f 4392//935 4393//934 4511//964 4510//965
f 4393//937 4394//936 4512//958 4511//959
f 4394//939 4395//938 4513//960 4512//961
f 4395//941 4396//940 4514//962 4513//963
f 4396//935 4397//934 4515//964 4514//965
f 4397//937 4398//936 4516//958 4515//959
f 4398//939 4399//938 4517//960 4516//961
f 1291//943 4295//942 4413//966 1292//967
f 4399//944 4400//940 4518//962 4517//963
f 4295//946 4296//945 4414//968 4413//969
f 4400//935 4401//934 4519//964 4518//965
f 4296//945 4297//934 4415//964 4414//968
f 4401//937 4402//936 4520//958 4519//959
f 4297//937 4298//936 4416//958 4415//959
f 4402//939 4403//938 4521//960 4520//961
f 4298//939 4299//938 4417//960 4416//961
f 4403//941 4404//940 4522//962 4521//963
f 4299//941 4300//940 4418//962 4417//963
f 4404//935 4405//934 4523//964 4522//965
f 4300//935 4301//934 4419//964 4418//965
f 4405//937 4406//936 4524//958 4523//959
f 4301//937 4302//936 4420//958 4419//959
f 4406//948 4407//947 4525//970 4524//971
f 4302//939 4303//938 4421//960 4420//961
f 4407//950 4408//949 4526//972 4525//973
f 4303//941 4304//940 4422//962 4421//963
f 4408//952 4409//951 4527//974 4526//975
f 4304//935 4305//934 4423//964 4422//965
f 4409//951 4410//953 4528//976 4527//974
f 4305//937 4306//936 4424//958 4423//959
f 4410//953 4411//954 4529//977 4528//976
f 4306//939 4307//938 4425//960 4424//961
f 4411//954 4412//955 4530//978 4529//977
f 4307//941 4308//940 4426//962 4425//963
f 4308//935 4309//934 4427//964 4426//965
f 4309//937 4310//936 4428//958 4427//959
f 4310//939 4311//938 4429//960 4428//961
f 4311//941 4312//940 4430//962 4429//963
f 4312//935 4313//934 4431//964 4430//965
f 4313//937 4314//936 4432//958 4431//959
f 4314//939 4315//938 4433//960 4432//961
f 4315//941 4316//940 4434//962 4433//963
f 4316//935 4317//934 4435//964 4434//965
f 4317//937 4318//936 4436//958 4435//959
f 4318//939 4319//938 4437//960 4436//961
f 4319//941 4320//940 4438//962 4437//963
f 4320//935 4321//934 4439//964 4438//965
f 4321//937 4322//936 4440//958 4439//959
f 4322//939 4323//938 4441//960 4440//961
f 4323//941 4324//940 4442//962 4441//963
f 4324//935 4325//934 4443//964 4442//965
f 4325//937 4326//936 4444//958 4443//959
f 4326//939 4327//938 4445//960 4444//961
f 4327//941 4328//940 4446//962 4445//963
f 4328//935 4329//934 4447//964 4446//965
f 4329//937 4330//936 4448//958 4447//959
f 4330//939 4331//938 4449//960 4448//961
f 4331//941 4332//940 4450//962 4449//963
f 4332//935 4333//934 4451//964 4450//965
f 4333//937 4334//936 4452//958 4451//959
f 4334//939 4335//938 4453//960 4452//961
f 4335//941 4336//940 4454//962 4453//963
f 4336//935 4337//934 4455//964 4454//965
f 4337//937 4338//936 4456//958 4455//959
f 4338//939 4339//938 4457//960 4456//961
f 4339//941 4340//940 4458//962 4457//963
f 4340//935 4341//934 4459//964 4458//965
f 4341//937 4342//936 4460//958 4459//959
f 4342//939 4343//938 4461//960 4460//961
f 4343//941 4344//940 4462//962 4461//963
f 4344//935 4345//934 4463//964 4462//965
f 4345//937 4346//936 4464//958 4463//959
f 4346//939 4347//938 4465//960 4464//961
f 4347//941 4348//940 4466//962 4465//963
f 4348//935 4349//934 4467//964 4466//965
f 4349//937 4350//936 4468//958 4467//959
f 4350//939 4351//938 4469//960 4468//961
f 4351//957 4352//956 4470//979 4469//980
f 4352//935 4353//934 4471//964 4470//965
f 4353//937 4354//936 4472//958 4471//959
f 4354//939 4355//938 4473//960 4472//961
f 4355//941 4356//940 4474//962 4473//963
f 4356//935 4357//934 4475//964 4474//965
f 4357//937 4358//936 4476//958 4475//959
f 4358//939 4359//938 4477//960 4476//961
f 4359//941 4360//940 4478//962 4477//963
f 4360//935 4361//934 4479//964 4478//965
f 4361//937 4362//936 4480//958 4479//959
f 4362//939 4363//938 4481//960 4480//961
f 4363//941 4364//940 4482//962 4481//963
f 4364//935 4365//934 4483//964 4482//965
f 4365//937 4366//936 4484//958 4483//959
f 4366//939 4367//938 4485//960 4484//961
f 4367//941 4368//940 4486//962 4485//963
f 4368//935 4369//934 4487//964 4486//965
f 4369//937 4370//936 4488//958 4487//959
f 4370//939 4371//938 4489//960 4488//961
f 4371//941 4372//940 4490//962 4489//963
f 4372//935 4373//934 4491//964 4490//965
f 4373//937 4374//936 4492//958 4491//959
f 4374//939 4375//938 4493//960 4492//961
f 4375//941 4376//940 4494//962 4493//963
f 4376//935 4377//934 4495//964 4494//965
f 4377//937 4378//936 4496//958 4495//959
f 4378//939 4379//938 4497//960 4496//961
f 4379//941 4380//940 4498//962 4497//963
f 4380//935 4381//934 4499//964 4498//965
f 4381//937 4382//936 4500//958 4499//959
f 4382//939 4383//938 4501//960 4500//961
f 4383//941 4384//940 4502//962 4501//963
f 4384//935 4385//934 4503//964 4502//965
f 4424//961 4425//960 4543//981 4542//982
f 4529//977 4530//978 4648//983 4647//984
f 4425//963 4426//962 4544//985 4543//986
f 4426//965 4427//964 4545//987 4544//988
f 4427//959 4428//958 4546//989 4545//990
f 4428//961 4429//960 4547//981 4546//982
f 4429//963 4430//962 4548//985 4547//986
f 4430//965 4431//964 4549//987 4548//988
f 4431//959 4432//958 4550//989 4549//990
f 4432//961 4433//960 4551//981 4550//982
f 4433//963 4434//962 4552//985 4551//986
f 4434//965 4435//964 4553//987 4552//988
f 4435//959 4436//958 4554//989 4553//990
f 4436//961 4437//960 4555//981 4554//982
f 4437//963 4438//962 4556//985 4555//986
f 4438//965 4439//964 4557//987 4556//988
f 4439//959 4440//958 4558//989 4557//990
f 4440//961 4441//960 4559//981 4558//982
f 4441//963 4442//962 4560//985 4559//986
f 4442//965 4443//964 4561//987 4560//988
f 4443//959 4444//958 4562//989 4561//990
f 4444//961 4445//960 4563//981 4562//982
f 4445//963 4446//962 4564//985 4563//986
f 4446//965 4447//964 4565//987 4564//988
f 4447//959 4448//958 4566//989 4565//990
f 4448//961 4449//960 4567//981 4566//982
f 4449//963 4450//962 4568//985 4567//986
f 4450//965 4451//964 4569//987 4568//988
f 4451//959 4452//958 4570//989 4569//990
f 4452//961 4453//960 4571//981 4570//982
f 4453//963 4454//962 4572//985 4571//986
f 4454//965 4455//964 4573//987 4572//988
f 4455//959 4456//958 4574//989 4573//990
f 4456//961 4457//960 4575//981 4574//982
f 4457//963 4458//962 4576//985 4575//986
f 4458//965 4459//964 4577//987 4576//988
f 4459//959 4460//958 4578//989 4577//990
f 4460//961 4461//960 4579//981 4578//982
f 4461//963 4462//962 4580//985 4579//986
f 4462//965 4463//964 4581//987 4580//988
f 4463//959 4464//958 4582//989 4581//990
f 4464//961 4465//960 4583//981 4582//982
f 4465//963 4466//962 4584//985 4583//986
f 4466//965 4467//964 4585//987 4584//988
f 4467//959 4468//958 4586//989 4585//990
f 4468//961 4469//960 4587//981 4586//982
f 4469//980 4470//979 4588//991 4587//992
f 4470//965 4471//964 4589//987 4588//988
f 4471//959 4472//958 4590//989 4589//990
f 4472//961 4473//960 4591//981 4590//982
f 4473//963 4474//962 4592//985 4591//986
f 4474//965 4475//964 4593//987 4592//988
f 4475//959 4476//958 4594//989 4593//990
f 4476//961 4477//960 4595//981 4594//982
f 4477//963 4478//962 4596//985 4595//986
f 4478//965 4479//964 4597//987 4596//988
f 4479//959 4480//958 4598//989 4597//990
f 4480//961 4481//960 4599//981 4598//982
f 4481//963 4482//962 4600//985 4599//986
f 4482//965 4483//964 4601//987 4600//988
f 4483//959 4484//958 4602//989 4601//990
f 4484//961 4485//960 4603//981 4602//982
f 4485//963 4486//962 4604//985 4603//986
f 4486//965 4487//964 4605//987 4604//988
f 4487//959 4488//958 4606//989 4605//990
f 4488//961 4489//960 4607//981 4606//982
f 4489//963 4490//962 4608//985 4607//986
f 4490//965 4491//964 4609//987 4608//988
f 4491//959 4492//958 4610//989 4609//990
f 4492//961 4493//960 4611//981 4610//982
f 4493//963 4494//962 4612//985 4611//986
f 4494//965 4495//964 4613//987 4612//988
f 4495//959 4496//958 4614//989 4613//990
f 4496//961 4497//960 4615//981 4614//982
f 4497//963 4498//962 4616//985 4615//986
f 4498//965 4499//964 4617//987 4616//988
f 4499//959 4500//958 4618//989 4617//990
f 4500//961 4501//960 4619//981 4618//982
f 4501//963 4502//962 4620//993 4619//986
f 4502//965 4503//964 4621//987 4620//988
f 4503//959 4504//958 4622//989 4621//990
f 4504//961 4505//960 4623//981 4622//982
f 4505//963 4506//962 4624//985 4623//986
f 4506//965 4507//964 4625//987 4624//988
f 4507//959 4508//958 4626//989 4625//990
f 4508//961 4509//960 4627//981 4626//982
f 4509//963 4510//962 4628//985 4627//986
f 4510//965 4511//964 4629//987 4628//988
f 4511//959 4512//958 4630//989 4629//990
f 4512//961 4513//960 4631//981 4630//982
f 4513//963 4514//962 4632//985 4631//986
f 4514//965 4515//964 4633//987 4632//988
f 4515//959 4516//958 4634//989 4633//990
f 4516//961 4517//960 4635//981 4634//982
f 1292//967 4413//966 4531//994 1293//995
f 4517//963 4518//962 4636//985 4635//986
f 4413//969 4414//968 4532//996 4531//997
f 4518//965 4519//964 4637//987 4636//988
f 4414//968 4415//964 4533//987 4532//996
f 4519//959 4520//958 4638//989 4637//990
f 4415//959 4416//958 4534//989 4533//990
f 4520//961 4521//960 4639//981 4638//982
f 4416//961 4417//960 4535//981 4534//982
f 4521//963 4522//962 4640//985 4639//986
f 4417//963 4418//962 4536//993 4535//986
f 4522//965 4523//964 4641//987 4640//988
f 4418//965 4419//964 4537//987 4536//988
f 4523//959 4524//958 4642//989 4641//990
f 4419//959 4420//958 4538//989 4537//990
f 4524//971 4525//970 4643//998 4642//999
f 4420//961 4421//960 4539//981 4538//982
f 4525//973 4526//972 4644//1000 4643//1001
f 4421//963 4422//962 4540//985 4539//986
f 4526//975 4527//974 4645//1002 4644//1003
f 4422//965 4423//964 4541//987 4540//988
f 4527//974 4528//976 4646//1004 4645//1002
f 4423//959 4424//958 4542//989 4541//990
f 4528//976 4529//977 4647//984 4646//1004
f 4568//988 4569//987 4687//1005 4686//1006
f 4569//990 4570//989 4688//1007 4687//1008
f 4570//982 4571//981 4689//1009 4688//1010
f 4571//986 4572//985 4690//1011 4689//1012
f 4572//988 4573//987 4691//1005 4690//1006
f 4573//990 4574//989 4692//1007 4691//1008
f 4574//982 4575//981 4693//1009 4692//1010
f 4575//986 4576//985 4694//1011 4693//1012
f 4576//988 4577//987 4695//1005 4694//1006
f 4577//990 4578//989 4696//1007 4695//1008
f 4578//982 4579//981 4697//1009 4696//1010
f 4579//986 4580//985 4698//1011 4697//1012
f 4580//988 4581//987 4699//1005 4698//1006
f 4581//990 4582//989 4700//1007 4699//1008
f 4582//982 4583//981 4701//1009 4700//1010
f 4583//986 4584//985 4702//1011 4701//1012
f 4584//988 4585//987 4703//1005 4702//1006
f 4585//990 4586//989 4704//1007 4703//1008
f 4586//982 4587//981 4705//1009 4704//1010
f 4587//992 4588//991 4706//1013 4705//1014
f 4588//988 4589//987 4707//1005 4706//1006
f 4589//990 4590//989 4708//1007 4707//1008
f 4590//982 4591//981 4709//1009 4708//1010
f 4591//986 4592//985 4710//1011 4709//1012
f 4592//988 4593//987 4711//1005 4710//1006
f 4593//990 4594//989 4712//1007 4711//1008
f 4594//982 4595//981 4713//1009 4712//1010
f 4595//986 4596//985 4714//1011 4713//1012
f 4596//988 4597//987 4715//1005 4714//1006
f 4597//990 4598//989 4716//1007 4715//1008
f 4598//982 4599//981 4717//1009 4716//1010
f 4599//986 4600//985 4718//1011 4717//1012
f 4600//988 4601//987 4719//1005 4718//1006
f 4601//990 4602//989 4720//1007 4719//1008
f 4602//982 4603//981 4721//1009 4720//1010
f 4603//986 4604//985 4722//1011 4721//1012
f 4604//988 4605//987 4723//1005 4722//1006
f 4605//990 4606//989 4724//1007 4723//1008
f 4606//982 4607//981 4725//1009 4724//1010
f 4607//986 4608//985 4726//1011 4725//1012
f 4608//988 4609//987 4727//1005 4726//1006
f 4609//990 4610//989 4728//1007 4727//1008
f 4610//982 4611//981 4729//1009 4728//1010
f 4611//986 4612//985 4730//1011 4729//1012
f 4612//988 4613//987 4731//1005 4730//1006
f 4613//990 4614//989 4732//1007 4731//1008
f 4614//982 4615//981 4733//1009 4732//1010
f 4615//986 4616//985 4734//1011 4733//1012
f 4616//988 4617//987 4735//1005 4734//1006
f 4617//990 4618//989 4736//1007 4735//1008
f 4618//982 4619//981 4737//1009 4736//1010
f 4619//986 4620//993 4738//1011 4737//1015
f 4620//988 4621//987 4739//1005 4738//1006
f 4621//990 4622//989 4740//1007 4739//1008
f 4622//982 4623//981 4741//1009 4740//1010
f 4623//986 4624//985 4742//1011 4741//1012
f 4624//988 4625//987 4743//1005 4742//1006
f 4625//990 4626//989 4744//1007 4743//1008
f 4626//982 4627//981 4745//1009 4744//1010
f 4627//986 4628//985 4746//1011 4745//1012
f 4628//988 4629//987 4747//1005 4746//1006
f 4629//990 4630//989 4748//1007 4747//1008
f 4630//982 4631//981 4749//1009 4748//1010
f 4631//986 4632//985 4750//1011 4749//1012
f 4632//988 4633//987 4751//1005 4750//1006
f 4633//990 4634//989 4752//1007 4751//1008
f 4634//982 4635//981 4753//1009 4752//1010
f 1293//995 4531//994 4649//1016 1412//1017
f 4635//986 4636//985 4754//1018 4753//1012
f 4531//997 4532//996 4650//1019 4649//1020
f 4636//988 4637//987 4755//1005 4754//1006
f 4532//996 4533//987 4651//1005 4650//1019
f 4637//990 4638//989 4756//1007 4755//1008
f 4533//990 4534//989 4652//1007 4651//1008
f 4638//982 4639//981 4757//1009 4756//1010
f 4534//982 4535//981 4653//1009 4652//1010
f 4639//986 4640//985 4758//1011 4757//1012
f 4535//986 4536//993 4654//1011 4653//1012
f 4640//988 4641//987 4759//1005 4758//1006
f 4536//988 4537//987 4655//1005 4654//1006
f 4641//990 4642//989 4760//1007 4759//1008
f 4537//990 4538//989 4656//1007 4655//1008
f 4642//999 4643//998 4761//1021 4760//1022
f 4538//982 4539//981 4657//1009 4656//1010
f 4643//1001 4644//1000 4762//1023 4761//1024
f 4539//986 4540//985 4658//1011 4657//1012
f 4644//1003 4645//1002 4763//1025 4762//1026
f 4540//988 4541//987 4659//1005 4658//1006
f 4645//1002 4646//1004 4764//1027 4763//1025
f 4541//990 4542//989 4660//1007 4659//1008
f 4646//1004 4647//984 4765//1028 4764//1027
f 4542//982 4543//981 4661//1009 4660//1010
f 4647//984 4648//983 4766//1029 4765//1028
f 4543//986 4544//985 4662//1011 4661//1012
f 4544//988 4545//987 4663//1005 4662//1006
f 4545//990 4546//989 4664//1007 4663//1008
f 4546//982 4547//981 4665//1009 4664//1010
f 4547//986 4548//985 4666//1011 4665//1012
f 4548//988 4549//987 4667//1005 4666//1006
f 4549//990 4550//989 4668//1007 4667//1008
f 4550//982 4551//981 4669//1009 4668//1010
f 4551//986 4552//985 4670//1011 4669//1012
f 4552//988 4553//987 4671//1005 4670//1006
f 4553//990 4554//989 4672//1007 4671//1008
f 4554//982 4555//981 4673//1009 4672//1010
f 4555//986 4556//985 4674//1011 4673//1012
f 4556//988 4557//987 4675//1005 4674//1006
f 4557//990 4558//989 4676//1007 4675//1008
f 4558//982 4559//981 4677//1009 4676//1010
f 4559//986 4560//985 4678//1011 4677//1012
f 4560//988 4561//987 4679//1005 4678//1006
f 4561//990 4562//989 4680//1007 4679//1008
f 4562//982 4563//981 4681//1009 4680//1010
f 4563//986 4564//985 4682//1011 4681//1012
f 4564//988 4565//987 4683//1005 4682//1006
f 4565//990 4566//989 4684//1007 4683//1008
f 4566//982 4567//981 4685//1009 4684//1010
f 4567//986 4568//985 4686//1011 4685//1012
f 4707//1008 4708//1007 4826//1030 4825//1031
f 4708//1010 4709//1009 4827//1032 4826//1033
f 4709//1012 4710//1011 4828//1034 4827//1035
f 4710//1006 4711//1005 4829//1036 4828//1037
f 4711//1008 4712//1007 4830//1030 4829//1031
f 4712//1010 4713//1009 4831//1032 4830//1033
f 4713//1012 4714//1011 4832//1034 4831//1035
f 4714//1006 4715//1005 4833//1036 4832//1037
f 4715//1008 4716//1007 4834//1030 4833//1031
f 4716//1010 4717//1009 4835//1032 4834//1033
f 4717//1012 4718//1011 4836//1034 4835//1035
f 4718//1006 4719//1005 4837//1036 4836//1037
f 4719//1008 4720//1007 4838//1030 4837//1031
f 4720//1010 4721//1009 4839//1032 4838//1033
f 4721//1012 4722//1011 4840//1034 4839//1035
f 4722//1006 4723//1005 4841//1036 4840//1037
f 4723//1008 4724//1007 4842//1030 4841//1031
f 4724//1010 4725//1009 4843//1032 4842//1033
f 4725//1012 4726//1011 4844//1034 4843//1035
f 4726//1006 4727//1005 4845//1036 4844//1037
f 4727//1008 4728//1007 4846//1030 4845//1031
f 4728//1010 4729//1009 4847//1032 4846//1033
f 4729//1012 4730//1011 4848//1034 4847//1035
f 4730//1006 4731//1005 4849//1036 4848//1037
f 4731//1008 4732//1007 4850//1030 4849//1031
f 4732//1010 4733//1009 4851//1032 4850//1033
f 4733//1012 4734//1011 4852//1034 4851//1035
f 4734//1006 4735//1005 4853//1036 4852//1037
f 4735//1008 4736//1007 4854//1030 4853//1031
f 4736//1010 4737//1009 4855//1032 4854//1033
f 4737//1015 4738//1011 4856//1034 4855//1035
f 4738//1006 4739//1005 4857//1036 4856//1037
f 4739//1008 4740//1007 4858//1030 4857//1031
f 4740//1010 4741//1009 4859//1032 4858//1033
f 4741//1012 4742//1011 4860//1034 4859//1035
f 4742//1006 4743//1005 4861//1036 4860//1037
f 4743//1008 4744//1007 4862//1030 4861//1031
f 4744//1010 4745//1009 4863//1032 4862//1033
f 4745//1012 4746//1011 4864//1034 4863//1035
f 4746//1006 4747//1005 4865//1036 4864//1037
f 4747//1008 4748//1007 4866//1030 4865//1031
f 4748//1010 4749//1009 4867//1032 4866//1033
f 4749//1012 4750//1011 4868//1034 4867//1035
f 4750//1006 4751//1005 4869//1036 4868//1037
f 4751//1008 4752//1007 4870//1030 4869//1031
f 4752//1010 4753//1009 4871//1032 4870//1033
f 1412//1017 4649//1016 4767//1038 1413//1039
f 4753//1012 4754//1018 4872//1034 4871//1035
f 4649//1020 4650//1019 4768//1040 4767//1041
f 4754//1006 4755//1005 4873//1036 4872//1037
f 4650//1019 4651//1005 4769//1036 4768//1040
f 4755//1008 4756//1007 4874//1030 4873//1031
f 4651//1008 4652//1007 4770//1042 4769//1031
f 4756//1010 4757//1009 4875//1032 4874//1033
f 4652//1010 4653//1009 4771//1032 4770//1033
f 4757//1012 4758//1011 4876//1034 4875//1035
f 4653//1012 4654//1011 4772//1034 4771//1035
f 4758//1006 4759//1005 4877//1036 4876//1037
f 4654//1006 4655//1005 4773//1043 4772//1037
f 4759//1008 4760//1007 4878//1030 4877//1031
f 4655//1008 4656//1007 4774//1042 4773//1031
f 4760//1022 4761//1021 4879//1032 4878//1033
f 4656//1010 4657//1009 4775//1032 4774//1033
f 4761//1024 4762//1023 4880//1044 4879//1045
f 4657//1012 4658//1011 4776//1034 4775//1035
f 4762//1026 4763//1025 4881//1046 4880//1047
f 4658//1006 4659//1005 4777//1036 4776//1037
f 4763//1025 4764//1027 4882//1048 4881//1046
f 4659//1008 4660//1007 4778//1030 4777//1031
f 4764//1027 4765//1028 4883//1049 4882//1048
f 4660//1010 4661//1009 4779//1032 4778//1033
f 4765//1028 4766//1029 4884//1050 4883//1049
f 4661//1012 4662//1011 4780//1034 4779//1035
f 4662//1006 4663//1005 4781//1043 4780//1037
f 4663//1008 4664//1007 4782//1042 4781//1031
f 4664//1010 4665//1009 4783//1032 4782//1033
f 4665//1012 4666//1011 4784//1034 4783//1035
f 4666//1006 4667//1005 4785//1036 4784//1037
f 4667//1008 4668//1007 4786//1030 4785//1031
f 4668//1010 4669//1009 4787//1032 4786//1033
f 4669//1012 4670//1011 4788//1034 4787//1035
f 4670//1006 4671//1005 4789//1043 4788//1037
f 4671//1008 4672//1007 4790//1030 4789//1031
f 4672//1010 4673//1009 4791//1032 4790//1033
f 4673//1012 4674//1011 4792//1034 4791//1035
f 4674//1006 4675//1005 4793//1036 4792//1037
f 4675//1008 4676//1007 4794//1030 4793//1031
f 4676//1010 4677//1009 4795//1032 4794//1033
f 4677//1012 4678//1011 4796//1034 4795//1035
f 4678//1006 4679//1005 4797//1043 4796//1037
f 4679//1008 4680//1007 4798//1030 4797//1031
f 4680//1010 4681//1009 4799//1032 4798//1033
f 4681//1012 4682//1011 4800//1034 4799//1035
f 4682//1006 4683//1005 4801//1036 4800//1037
f 4683//1008 4684//1007 4802//1030 4801//1031
f 4684//1010 4685//1009 4803//1032 4802//1033
f 4685//1012 4686//1011 4804//1034 4803//1035
f 4686//1006 4687//1005 4805//1043 4804//1037
f 4687//1008 4688//1007 4806//1030 4805//1031
f 4688//1010 4689//1009 4807//1032 4806//1033
f 4689//1012 4690//1011 4808//1034 4807//1035
f 4690//1006 4691//1005 4809//1036 4808//1037
f 4691//1008 4692//1007 4810//1030 4809//1031
f 4692//1010 4693//1009 4811//1032 4810//1033
f 4693//1012 4694//1011 4812//1034 4811//1035
f 4694//1006 4695//1005 4813//1036 4812//1037
f 4695//1008 4696//1007 4814//1030 4813//1031
f 4696//1010 4697//1009 4815//1032 4814//1033
f 4697//1012 4698//1011 4816//1034 4815//1035
f 4698//1006 4699//1005 4817//1036 4816//1037
f 4699//1008 4700//1007 4818//1030 4817//1031
f 4700//1010 4701//1009 4819//1032 4818//1033
f 4701//1012 4702//1011 4820//1034 4819//1035
f 4702//1006 4703//1005 4821//1036 4820//1037
f 4703//1008 4704//1007 4822//1030 4821//1031
f 4704//1010 4705//1009 4823//1032 4822//1033
f 4705//1014 4706//1013 4824//1051 4823//1052
f 4706//1006 4707//1005 4825//1036 4824//1037
f 4851//1035 4852//1034 4970//1053 4969//1054
f 4852//1037 4853//1036 4971//1055 4970//1056
f 4853//1031 4854//1030 4972//1057 4971//1058
f 4854//1033 4855//1032 4973//1059 4972//1060
f 4855//1035 4856//1034 4974//1053 4973//1054
f 4856//1037 4857//1036 4975//1055 4974//1056
f 4857//1031 4858//1030 4976//1057 4975//1058
f 4858//1033 4859//1032 4977//1059 4976//1060
f 4859//1035 4860//1034 4978//1053 4977//1054
f 4860//1037 4861//1036 4979//1055 4978//1056
f 4861//1031 4862//1030 4980//1057 4979//1058
f 4862//1033 4863//1032 4981//1059 4980//1060
f 4863//1035 4864//1034 4982//1053 4981//1054
f 4864//1037 4865//1036 4983//1055 4982//1056
f 4865//1031 4866//1030 4984//1057 4983//1058
f 4866//1033 4867//1032 4985//1059 4984//1060
f 4867//1035 4868//1034 4986//1053 4985//1054
f 4868//1037 4869//1036 4987//1055 4986//1056
f 4869//1031 4870//1030 4988//1057 4987//1058
f 4870//1033 4871//1032 4989//1059 4988//1060
f 1413//1039 4767//1038 4885//1061 1414//1062
f 4871//1035 4872//1034 4990//1053 4989//1054
f 4767//1041 4768//1040 4886//1063 4885//1064
f 4872//1037 4873//1036 4991//1055 4990//1056
f 4768//1040 4769//1036 4887//1055 4886//1063
f 4873//1031 4874//1030 4992//1057 4991//1058
f 4769//1031 4770//1042 4888//1057 4887//1058
f 4874//1033 4875//1032 4993//1059 4992//1060
f 4770//1033 4771//1032 4889//1059 4888//1060
f 4875//1035 4876//1034 4994//1053 4993//1054
f 4771//1035 4772//1034 4890//1053 4889//1054
f 4876//1037 4877//1036 4995//1055 4994//1056
f 4772//1037 4773//1043 4891//1055 4890//1056
f 4877//1031 4878//1030 4996//1057 4995//1058
f 4773//1031 4774//1042 4892//1057 4891//1058
f 4878//1033 4879//1032 4997//1059 4996//1060
f 4774//1033 4775//1032 4893//1059 4892//1060
f 4879//1045 4880//1044 4998//1065 4997//1066
f 4775//1035 4776//1034 4894//1053 4893//1054
f 4880//1047 4881//1046 4999//1067 4998//1068
f 4776//1037 4777//1036 4895//1055 4894//1056
f 4881//1046 4882//1048 5000//1069 4999//1067
f 4777//1031 4778//1030 4896//1057 4895//1058
f 4882//1048 4883//1049 5001//1070 5000//1069
f 4778//1033 4779//1032 4897//1059 4896//1060
f 4883//1049 4884//1050 5002//1071 5001//1070
f 4779//1035 4780//1034 4898//1053 4897//1054
f 4780//1037 4781//1043 4899//1055 4898//1056
f 4781//1031 4782//1042 4900//1057 4899//1058
f 4782//1033 4783//1032 4901//1059 4900//1060
f 4783//1035 4784//1034 4902//1053 4901//1054
f 4784//1037 4785//1036 4903//1055 4902//1056
f 4785//1031 4786//1030 4904//1057 4903//1058
f 4786//1033 4787//1032 4905//1059 4904//1060
f 4787//1035 4788//1034 4906//1053 4905//1054
f 4788//1037 4789//1043 4907//1055 4906//1056
f 4789//1031 4790//1030 4908//1057 4907//1058
f 4790//1033 4791//1032 4909//1059 4908//1060
f 4791//1035 4792//1034 4910//1053 4909//1054
f 4792//1037 4793//1036 4911//1055 4910//1056
f 4793//1031 4794//1030 4912//1057 4911//1058
f 4794//1033 4795//1032 4913//1059 4912//1060
f 4795//1035 4796//1034 4914//1053 4913//1054
f 4796//1037 4797//1043 4915//1055 4914//1056
f 4797//1031 4798//1030 4916//1057 4915//1058
f 4798//1033 4799//1032 4917//1059 4916//1060
f 4799//1035 4800//1034 4918//1053 4917//1054
f 4800//1037 4801//1036 4919//1055 4918//1056
f 4801//1031 4802//1030 4920//1057 4919//1058
f 4802//1033 4803//1032 4921//1059 4920//1060
f 4803//1035 4804//1034 4922//1053 4921//1054
f 4804//1037 4805//1043 4923//1055 4922//1056
f 4805//1031 4806//1030 4924//1057 4923//1058
f 4806//1033 4807//1032 4925//1059 4924//1060
f 4807//1035 4808//1034 4926//1053 4925//1054
f 4808//1037 4809//1036 4927//1055 4926//1056
f 4809//1031 4810//1030 4928//1057 4927//1058
f 4810//1033 4811//1032 4929//1059 4928//1060
f 4811//1035 4812//1034 4930//1053 4929//1054
f 4812//1037 4813//1036 4931//1055 4930//1056
f 4813//1031 4814//1030 4932//1057 4931//1058
f 4814//1033 4815//1032 4933//1059 4932//1060
f 4815//1035 4816//1034 4934//1053 4933//1054
f 4816//1037 4817//1036 4935//1055 4934//1056
f 4817//1031 4818//1030 4936//1057 4935//1058
f 4818//1033 4819//1032 4937//1059 4936//1060
f 4819//1035 4820//1034 4938//1053 4937//1054
f 4820//1037 4821//1036 4939//1055 4938//1056
f 4821//1031 4822//1030 4940//1057 4939//1058
f 4822//1033 4823//1032 4941//1059 4940//1060
f 4823//1052 4824//1051 4942//1072 4941//1073
f 4824//1037 4825//1036 4943//1055 4942//1056
f 4825//1031 4826//1030 4944//1057 4943//1058
f 4826//1033 4827//1032 4945//1059 4944//1060
f 4827//1035 4828//1034 4946//1053 4945//1054
f 4828//1037 4829//1036 4947//1055 4946//1056
f 4829//1031 4830//1030 4948//1057 4947//1058
f 4830//1033 4831//1032 4949//1059 4948//1060
f 4831//1035 4832//1034 4950//1053 4949//1054
f 4832//1037 4833//1036 4951//1055 4950//1056
f 4833//1031 4834//1030 4952//1057 4951//1058
f 4834//1033 4835//1032 4953//1059 4952//1060
f 4835//1035 4836//1034 4954//1053 4953//1054
f 4836//1037 4837//1036 4955//1055 4954//1056
f 4837//1031 4838//1030 4956//1057 4955//1058
f 4838//1033 4839//1032 4957//1059 4956//1060
f 4839//1035 4840//1034 4958//1053 4957//1054
f 4840//1037 4841//1036 4959//1055 4958//1056
f 4841//1031 4842//1030 4960//1057 4959//1058
f 4842//1033 4843//1032 4961//1059 4960//1060
f 4843//1035 4844//1034 4962//1053 4961//1054
f 4844//1037 4845//1036 4963//1055 4962//1056
f 4845//1031 4846//1030 4964//1057 4963//1058
f 4846//1033 4847//1032 4965//1059 4964//1060
f 4847//1035 4848//1034 4966//1053 4965//1054
f 4848//1037 4849//1036 4967//1055 4966//1056
f 4849//1031 4850//1030 4968//1057 4967//1058
f 4850//1033 4851//1032 4969//1059 4968//1060
f 4995//1058 4996//1057 5114//1074 5113//1075
f 4891//1058 4892//1057 5010//1074 5009//1075
f 4996//1060 4997//1059 5115//1076 5114//1077
f 4892//1060 4893//1059 5011//1076 5010//1077
f 4997//1066 4998//1065 5116//1078 5115//1079
f 4893//1054 4894//1053 5012//1080 5011//1081
f 4998//1068 4999//1067 5117//1082 5116//1083
f 4894//1056 4895//1055 5013//1084 5012//1085
f 4999//1067 5000//1069 5118//1086 5117//1082
f 4895//1058 4896//1057 5014//1074 5013//1075
f 5000//1069 5001//1070 5119//1087 5118//1086
f 4896//1060 4897//1059 5015//1076 5014//1077
f 5001//1070 5002//1071 5120//1088 5119//1087
f 4897//1054 4898//1053 5016//1080 5015//1081
f 4898//1056 4899//1055 5017//1084 5016//1085
f 4899//1058 4900//1057 5018//1074 5017//1075
f 4900//1060 4901//1059 5019//1076 5018//1077
f 4901//1054 4902//1053 5020//1080 5019//1081
f 4902//1056 4903//1055 5021//1084 5020//1085
f 4903//1058 4904//1057 5022//1074 5021//1075
f 4904//1060 4905//1059 5023//1076 5022//1077
f 4905//1054 4906//1053 5024//1080 5023//1081
f 4906//1056 4907//1055 5025//1084 5024//1085
f 4907//1058 4908//1057 5026//1074 5025//1075
f 4908//1060 4909//1059 5027//1076 5026//1077
f 4909//1054 4910//1053 5028//1080 5027//1081
f 4910//1056 4911//1055 5029//1084 5028//1085
f 4911//1058 4912//1057 5030//1074 5029//1075
f 4912//1060 4913//1059 5031//1076 5030//1077
f 4913//1054 4914//1053 5032//1080 5031//1081
f 4914//1056 4915//1055 5033//1084 5032//1085
f 4915//1058 4916//1057 5034//1074 5033//1075
f 4916//1060 4917//1059 5035//1076 5034//1077
f 4917//1054 4918//1053 5036//1080 5035//1081
f 4918//1056 4919//1055 5037//1084 5036//1085
f 4919//1058 4920//1057 5038//1074 5037//1075
f 4920//1060 4921//1059 5039//1076 5038//1077
f 4921//1054 4922//1053 5040//1080 5039//1081
f 4922//1056 4923//1055 5041//1084 5040//1085
f 4923//1058 4924//1057 5042//1074 5041//1075
f 4924//1060 4925//1059 5043//1076 5042//1077
f 4925//1054 4926//1053 5044//1080 5043//1081
f 4926//1056 4927//1055 5045//1084 5044//1085
f 4927//1058 4928//1057 5046//1074 5045//1075
f 4928//1060 4929//1059 5047//1076 5046//1077
f 4929//1054 4930//1053 5048//1080 5047//1081
f 4930//1056 4931//1055 5049//1084 5048//1085
f 4931//1058 4932//1057 5050//1074 5049//1075
f 4932//1060 4933//1059 5051//1076 5050//1077
f 4933//1054 4934//1053 5052//1080 5051//1081
f 4934//1056 4935//1055 5053//1084 5052//1085
f 4935//1058 4936//1057 5054//1074 5053//1075
f 4936//1060 4937//1059 5055//1076 5054//1077
f 4937//1054 4938//1053 5056//1080 5055//1081
f 4938//1056 4939//1055 5057//1084 5056//1085
f 4939//1058 4940//1057 5058//1074 5057//1075
f 4940//1060 4941//1059 5059//1076 5058//1077
f 4941//1073 4942//1072 5060//1089 5059//1090
f 4942//1056 4943//1055 5061//1084 5060//1085
f 4943//1058 4944//1057 5062//1074 5061//1075
f 4944//1060 4945//1059 5063//1076 5062//1077
f 4945//1054 4946//1053 5064//1080 5063//1081
f 4946//1056 4947//1055 5065//1084 5064//1085
f 4947//1058 4948//1057 5066//1074 5065//1075
f 4948//1060 4949//1059 5067//1076 5066//1077
f 4949//1054 4950//1053 5068//1080 5067//1081
f 4950//1056 4951//1055 5069//1084 5068//1085
f 4951//1058 4952//1057 5070//1074 5069//1075
f 4952//1060 4953//1059 5071//1076 5070//1077
f 4953//1054 4954//1053 5072//1080 5071//1081
f 4954//1056 4955//1055 5073//1084 5072//1085
f 4955//1058 4956//1057 5074//1074 5073//1075
f 4956//1060 4957//1059 5075//1076 5074//1077
f 4957//1054 4958//1053 5076//1080 5075//1081
f 4958//1056 4959//1055 5077//1084 5076//1085
f 4959//1058 4960//1057 5078//1074 5077//1075
f 4960//1060 4961//1059 5079//1076 5078//1077
f 4961//1054 4962//1053 5080//1080 5079//1081
f 4962//1056 4963//1055 5081//1084 5080//1085
f 4963//1058 4964//1057 5082//1074 5081//1075
f 4964//1060 4965//1059 5083//1076 5082//1077
f 4965//1054 4966//1053 5084//1080 5083//1081
f 4966//1056 4967//1055 5085//1084 5084//1085
f 4967//1058 4968//1057 5086//1074 5085//1075
f 4968//1060 4969//1059 5087//1076 5086//1077
f 4969//1054 4970//1053 5088//1080 5087//1081
f 4970//1056 4971//1055 5089//1084 5088//1085
f 4971//1058 4972//1057 5090//1074 5089//1075
f 4972//1060 4973//1059 5091//1076 5090//1077
f 4973//1054 4974//1053 5092//1091 5091//1081
f 4974//1056 4975//1055 5093//1084 5092//1085
f 4975//1058 4976//1057 5094//1074 5093//1075
f 4976//1060 4977//1059 5095//1076 5094//1077
f 4977//1054 4978//1053 5096//1080 5095//1081
f 4978//1056 4979//1055 5097//1084 5096//1085
f 4979//1058 4980//1057 5098//1074 5097//1075
f 4980//1060 4981//1059 5099//1076 5098//1077
f 4981//1054 4982//1053 5100//1080 5099//1081
f 4982//1056 4983//1055 5101//1084 5100//1085
f 4983//1058 4984//1057 5102//1074 5101//1075
f 4984//1060 4985//1059 5103//1076 5102//1077
f 4985//1054 4986//1053 5104//1080 5103//1081
f 4986//1056 4987//1055 5105//1084 5104//1085
f 4987//1058 4988//1057 5106//1074 5105//1075
f 4988//1060 4989//1059 5107//1076 5106//1077
f 1414//1062 4885//1061 5003//1092 1415//1093
f 4989//1054 4990//1053 5108//1080 5107//1081
f 4885//1064 4886//1063 5004//1094 5003//1095
f 4990//1056 4991//1055 5109//1084 5108//1085
f 4886//1063 4887//1055 5005//1084 5004//1094
f 4991//1058 4992//1057 5110//1074 5109//1075
f 4887//1058 4888//1057 5006//1074 5005//1075
f 4992//1060 4993//1059 5111//1076 5110//1077
f 4888//1060 4889//1059 5007//1076 5006//1077
f 4993//1054 4994//1053 5112//1080 5111//1081
f 4889//1054 4890//1053 5008//1080 5007//1081
f 4994//1056 4995//1055 5113//1084 5112//1085
f 4890//1056 4891//1055 5009//1084 5008//1085
f 5099//1081 5100//1080 5218//1096 5217//1097
f 5100//1085 5101//1084 5219//1098 5218//1099
f 5101//1075 5102//1074 5220//1100 5219//1101
f 5102//1077 5103//1076 5221//1102 5220//1103
f 5103//1081 5104//1080 5222//1096 5221//1097
f 5104//1085 5105//1084 5223//1098 5222//1099
f 5105//1075 5106//1074 5224//1100 5223//1101
f 5106//1077 5107//1076 5225//1102 5224//1103
f 1415//1093 5003//1092 5121//1104 1534//1105
f 5107//1081 5108//1080 5226//1096 5225//1097
f 5003//1095 5004//1094 5122//1106 5121//1107
f 5108//1085 5109//1084 5227//1098 5226//1099
f 5004//1094 5005//1084 5123//1098 5122//1106
f 5109//1075 5110//1074 5228//1100 5227//1101
f 5005//1075 5006//1074 5124//1100 5123//1101
f 5110//1077 5111//1076 5229//1102 5228//1103
f 5006//1077 5007//1076 5125//1102 5124//1103
f 5111//1081 5112//1080 5230//1096 5229//1097
f 5007//1081 5008//1080 5126//1096 5125//1097
f 5112//1085 5113//1084 5231//1098 5230//1099
f 5008//1085 5009//1084 5127//1098 5126//1099
f 5113//1075 5114//1074 5232//1100 5231//1101
f 5009//1075 5010//1074 5128//1100 5127//1101
f 5114//1077 5115//1076 5233//1102 5232//1103
f 5010//1077 5011//1076 5129//1102 5128//1103
f 5115//1079 5116//1078 5234//1108 5233//1109
f 5011//1081 5012//1080 5130//1096 5129//1097
f 5116//1083 5117//1082 5235//1110 5234//1111
f 5012//1085 5013//1084 5131//1098 5130//1099
f 5117//1082 5118//1086 5236//1112 5235//1110
f 5013//1075 5014//1074 5132//1100 5131//1101
f 5118//1086 5119//1087 5237//1113 5236//1114
f 5014//1077 5015//1076 5133//1102 5132//1103
f 5119//1087 5120//1088 5238//1115 5237//1113
f 5015//1081 5016//1080 5134//1096 5133//1097
f 5016//1085 5017//1084 5135//1098 5134//1099
f 5017//1075 5018//1074 5136//1100 5135//1101
f 5018//1077 5019//1076 5137//1102 5136//1103
f 5019//1081 5020//1080 5138//1096 5137//1097
f 5020//1085 5021//1084 5139//1098 5138//1099
f 5021//1075 5022//1074 5140//1100 5139//1101
f 5022//1077 5023//1076 5141//1102 5140//1103
f 5023//1081 5024//1080 5142//1096 5141//1097
f 5024//1085 5025//1084 5143//1098 5142//1099
f 5025//1075 5026//1074 5144//1100 5143//1101
f 5026//1077 5027//1076 5145//1102 5144//1103
f 5027//1081 5028//1080 5146//1096 5145//1097
f 5028//1085 5029//1084 5147//1098 5146//1099
f 5029//1075 5030//1074 5148//1100 5147//1101
f 5030//1077 5031//1076 5149//1102 5148//1103
f 5031//1081 5032//1080 5150//1096 5149//1097
f 5032//1085 5033//1084 5151//1098 5150//1099
f 5033//1075 5034//1074 5152//1100 5151//1101
f 5034//1077 5035//1076 5153//1102 5152//1103
f 5035//1081 5036//1080 5154//1096 5153//1097
f 5036//1085 5037//1084 5155//1098 5154//1099
f 5037//1075 5038//1074 5156//1100 5155//1101
f 5038//1077 5039//1076 5157//1102 5156//1103
f 5039//1081 5040//1080 5158//1096 5157//1097
f 5040//1085 5041//1084 5159//1098 5158//1099
f 5041//1075 5042//1074 5160//1100 5159//1101
f 5042//1077 5043//1076 5161//1102 5160//1103
f 5043//1081 5044//1080 5162//1096 5161//1097
f 5044//1085 5045//1084 5163//1098 5162//1099
f 5045//1075 5046//1074 5164//1100 5163//1101
f 5046//1077 5047//1076 5165//1102 5164//1103
f 5047//1081 5048//1080 5166//1096 5165//1097
f 5048//1085 5049//1084 5167//1098 5166//1099
f 5049//1075 5050//1074 5168//1100 5167//1101
f 5050//1077 5051//1076 5169//1102 5168//1103
f 5051//1081 5052//1080 5170//1096 5169//1097
f 5052//1085 5053//1084 5171//1098 5170//1099
f 5053//1075 5054//1074 5172//1100 5171//1101
f 5054//1077 5055//1076 5173//1102 5172//1103
f 5055//1081 5056//1080 5174//1096 5173//1097
f 5056//1085 5057//1084 5175//1098 5174//1099
f 5057//1075 5058//1074 5176//1100 5175//1101
f 5058//1077 5059//1076 5177//1102 5176//1103
f 5059//1090 5060//1089 5178//1116 5177//1117
f 5060//1085 5061//1084 5179//1098 5178//1099
f 5061//1075 5062//1074 5180//1100 5179//1101
f 5062//1077 5063//1076 5181//1102 5180//1103
f 5063//1081 5064//1080 5182//1096 5181//1097
f 5064//1085 5065//1084 5183//1098 5182//1099
f 5065//1075 5066//1074 5184//1100 5183//1101
f 5066//1077 5067//1076 5185//1102 5184//1103
f 5067//1081 5068//1080 5186//1096 5185//1097
f 5068//1085 5069//1084 5187//1098 5186//1099
f 5069//1075 5070//1074 5188//1100 5187//1101
f 5070//1077 5071//1076 5189//1102 5188//1103
f 5071//1081 5072//1080 5190//1096 5189//1097
f 5072//1085 5073//1084 5191//1098 5190//1099
f 5073//1075 5074//1074 5192//1100 5191//1101
f 5074//1077 5075//1076 5193//1102 5192//1103
f 5075//1081 5076//1080 5194//1096 5193//1097
f 5076//1085 5077//1084 5195//1098 5194//1099
f 5077//1075 5078//1074 5196//1100 5195//1101
f 5078//1077 5079//1076 5197//1102 5196//1103
f 5079//1081 5080//1080 5198//1096 5197//1097
f 5080//1085 5081//1084 5199//1098 5198//1099
f 5081//1075 5082//1074 5200//1100 5199//1101
f 5082//1077 5083//1076 5201//1102 5200//1103
f 5083//1081 5084//1080 5202//1096 5201//1097
f 5084//1085 5085//1084 5203//1098 5202//1099
f 5085//1075 5086//1074 5204//1100 5203//1101
f 5086//1077 5087//1076 5205//1102 5204//1103
f 5087//1081 5088//1080 5206//1096 5205//1097
f 5088//1085 5089//1084 5207//1098 5206//1099
f 5089//1075 5090//1074 5208//1100 5207//1101
f 5090//1077 5091//1076 5209//1102 5208//1103
f 5091//1081 5092//1091 5210//1096 5209//1097
f 5092//1085 5093//1084 5211//1098 5210//1099
f 5093//1075 5094//1074 5212//1100 5211//1101
f 5094//1077 5095//1076 5213//1102 5212//1103
f 5095//1081 5096//1080 5214//1096 5213//1097
f 5096//1085 5097//1084 5215//1098 5214//1099
f 5097//1075 5098//1074 5216//1100 5215//1101
f 5098//1077 5099//1076 5217//1102 5216//1103
f 5138//1099 5139//1098 5257//1118 5256//1119
f 5139//1101 5140//1100 5258//1120 5257//1121
f 5140//1103 5141//1102 5259//1122 5258//1123
f 5141//1097 5142//1096 5260//1124 5259//1125
f 5142//1099 5143//1098 5261//1126 5260//1119
f 5143//1101 5144//1100 5262//1120 5261//1121
f 5144//1103 5145//1102 5263//1122 5262//1123
f 5145//1097 5146//1096 5264//1124 5263//1125
f 5146//1099 5147//1098 5265//1118 5264//1119
f 5147//1101 5148//1100 5266//1120 5265//1121
f 5148//1103 5149//1102 5267//1122 5266//1123
f 5149//1097 5150//1096 5268//1124 5267//1125
f 5150//1099 5151//1098 5269//1126 5268//1119
f 5151//1101 5152//1100 5270//1120 5269//1121
f 5152//1103 5153//1102 5271//1122 5270//1123
f 5153//1097 5154//1096 5272//1124 5271//1125
f 5154//1099 5155//1098 5273//1118 5272//1119
f 5155//1101 5156//1100 5274//1120 5273//1121
f 5156//1103 5157//1102 5275//1122 5274//1123
f 5157//1097 5158//1096 5276//1124 5275//1125
f 5158//1099 5159//1098 5277//1126 5276//1119
f 5159//1101 5160//1100 5278//1120 5277//1121
f 5160//1103 5161//1102 5279//1122 5278//1123
f 5161//1097 5162//1096 5280//1124 5279//1125
f 5162//1099 5163//1098 5281//1118 5280//1119
f 5163//1101 5164//1100 5282//1120 5281//1121
f 5164//1103 5165//1102 5283//1122 5282//1123
f 5165//1097 5166//1096 5284//1124 5283//1125
f 5166//1099 5167//1098 5285//1126 5284//1119
f 5167//1101 5168//1100 5286//1120 5285//1121
f 5168//1103 5169//1102 5287//1122 5286//1123
f 5169//1097 5170//1096 5288//1124 5287//1125
f 5170//1099 5171//1098 5289//1118 5288//1119
f 5171//1101 5172//1100 5290//1120 5289//1121
f 5172//1103 5173//1102 5291//1122 5290//1123
f 5173//1097 5174//1096 5292//1124 5291//1125
f 5174//1099 5175//1098 5293//1126 5292//1119
f 5175//1101 5176//1100 5294//1120 5293//1121
f 5176//1103 5177//1102 5295//1122 5294//1123
f 5177//1117 5178//1116 5296//1127 5295//1128
f 5178//1099 5179//1098 5297//1126 5296//1119
f 5179//1101 5180//1100 5298//1120 5297//1121
f 5180//1103 5181//1102 5299//1122 5298//1123
f 5181//1097 5182//1096 5300//1124 5299//1125
f 5182//1099 5183//1098 5301//1126 5300//1119
f 5183//1101 5184//1100 5302//1120 5301//1121
f 5184//1103 5185//1102 5303//1122 5302//1123
f 5185//1097 5186//1096 5304//1124 5303//1125
f 5186//1099 5187//1098 5305//1126 5304//1119
f 5187//1101 5188//1100 5306//1120 5305//1121
f 5188//1103 5189//1102 5307//1122 5306//1123
f 5189//1097 5190//1096 5308//1124 5307//1125
f 5190//1099 5191//1098 5309//1126 5308//1119
f 5191//1101 5192//1100 5310//1120 5309//1121
f 5192//1103 5193//1102 5311//1122 5310//1123
f 5193//1097 5194//1096 5312//1124 5311//1125
f 5194//1099 5195//1098 5313//1126 5312//1119
f 5195//1101 5196//1100 5314//1120 5313//1121
f 5196//1103 5197//1102 5315//1122 5314//1123
f 5197//1097 5198//1096 5316//1124 5315//1125
f 5198//1099 5199//1098 5317//1126 5316//1119
f 5199//1101 5200//1100 5318//1120 5317//1121
f 5200//1103 5201//1102 5319//1122 5318//1123
f 5201//1097 5202//1096 5320//1124 5319//1125
f 5202//1099 5203//1098 5321//1126 5320//1119
f 5203//1101 5204//1100 5322//1120 5321//1121
f 5204//1103 5205//1102 5323//1122 5322//1123
f 5205//1097 5206//1096 5324//1124 5323//1125
f 5206//1099 5207//1098 5325//1126 5324//1119
f 5207//1101 5208//1100 5326//1120 5325//1121
f 5208//1103 5209//1102 5327//1122 5326//1123
f 5209//1097 5210//1096 5328//1124 5327//1125
f 5210//1099 5211//1098 5329//1126 5328//1119
f 5211//1101 5212//1100 5330//1120 5329//1121
f 5212//1103 5213//1102 5331//1122 5330//1123
f 5213//1097 5214//1096 5332//1124 5331//1125
f 5214//1099 5215//1098 5333//1126 5332//1119
f 5215//1101 5216//1100 5334//1120 5333//1121
f 5216//1103 5217//1102 5335//1122 5334//1123
f 5217//1097 5218//1096 5336//1124 5335//1125
f 5218//1099 5219//1098 5337//1126 5336//1119
f 5219//1101 5220//1100 5338//1120 5337//1121
f 5220//1103 5221//1102 5339//1122 5338//1123
f 5221//1097 5222//1096 5340//1124 5339//1125
f 5222//1099 5223//1098 5341//1126 5340//1119
f 5223//1101 5224//1100 5342//1120 5341//1121
f 5224//1103 5225//1102 5343//1122 5342//1123
f 1534//1105 5121//1104 5239//1129 1535//1130
f 5225//1097 5226//1096 5344//1124 5343//1125
f 5121//1107 5122//1106 5240//1131 5239//1132
f 5226//1099 5227//1098 5345//1126 5344//1119
f 5122//1106 5123//1098 5241//1126 5240//1131
f 5227//1101 5228//1100 5346//1120 5345//1121
f 5123//1101 5124//1100 5242//1120 5241//1121
f 5228//1103 5229//1102 5347//1122 5346//1123
f 5124//1103 5125//1102 5243//1122 5242//1123
f 5229//1097 5230//1096 5348//1124 5347//1125
f 5125//1097 5126//1096 5244//1124 5243//1125
f 5230//1099 5231//1098 5349//1126 5348//1119
f 5126//1099 5127//1098 5245//1126 5244//1119
f 5231//1101 5232//1100 5350//1120 5349//1121
f 5127//1101 5128//1100 5246//1120 5245//1121
f 5232//1103 5233//1102 5351//1122 5350//1123
f 5128//1103 5129//1102 5247//1122 5246//1123
f 5233//1109 5234//1108 5352//1133 5351//1134
f 5129//1097 5130//1096 5248//1124 5247//1125
f 5234//1111 5235//1110 5353//1135 5352//1136
f 5130//1099 5131//1098 5249//1118 5248//1119
f 5235//1110 5236//1112 5354//1137 5353//1135
f 5131//1101 5132//1100 5250//1120 5249//1121
f 5236//1114 5237//1113 5355//1138 5354//1139
f 5132//1103 5133//1102 5251//1122 5250//1123
f 5237//1113 5238//1115 5356//1140 5355//1138
f 5133//1097 5134//1096 5252//1124 5251//1125
f 5134//1099 5135//1098 5253//1126 5252//1119
f 5135//1101 5136//1100 5254//1120 5253//1121
f 5136//1103 5137//1102 5255//1122 5254//1123
f 5137//1097 5138//1096 5256//1124 5255//1125
f 5282//1123 5283//1122 5402//1141 5401//1142
f 5283//1125 5284//1124 5403//1143 5402//1144
f 5284//1119 5285//1126 5404//1145 5403//1146
f 5285//1121 5286//1120 5405//1147 5404//1148
f 5286//1123 5287//1122 5406//1141 5405//1142
f 5287//1125 5288//1124 5407//1143 5406//1144
f 5288//1119 5289//1118 5408//1145 5407//1146
f 5289//1121 5290//1120 5409//1147 5408//1148
f 5290//1123 5291//1122 5410//1141 5409//1142
f 5291//1125 5292//1124 5411//1143 5410//1144
f 5292//1119 5293//1126 5412//1145 5411//1146
f 5293//1121 5294//1120 5413//1147 5412//1148
f 5294//1123 5295//1122 5414//1141 5413//1142
f 5295//1128 5296//1127 5415//1149 5414//1150
f 5296//1119 5297//1126 5416//1145 5415//1146
f 5297//1121 5298//1120 5417//1151 5416//1148
f 5298//1123 5299//1122 5418//1141 5417//1142
f 5299//1125 5300//1124 5419//1143 5418//1144
f 5300//1119 5301//1126 5420//1145 5419//1146
f 5301//1121 5302//1120 5421//1147 5420//1148
f 5302//1123 5303//1122 5422//1141 5421//1142
f 5303//1125 5304//1124 5423//1143 5422//1144
f 5304//1119 5305//1126 5424//1145 5423//1146
f 5305//1121 5306//1120 5425//1147 5424//1148
f 5306//1123 5307//1122 5426//1141 5425//1142
f 5307//1125 5308//1124 5427//1143 5426//1144
f 5308//1119 5309//1126 5428//1145 5427//1146
f 5309//1121 5310//1120 5429//1147 5428//1148
f 5310//1123 5311//1122 5430//1141 5429//1142
f 5311//1125 5312//1124 5431//1143 5430//1144
f 5312//1119 5313//1126 5432//1145 5431//1146
f 5313//1121 5314//1120 5433//1147 5432//1148
f 5314//1123 5315//1122 5434//1141 5433//1142
f 5315//1125 5316//1124 5435//1143 5434//1144
f 5316//1119 5317//1126 5436//1145 5435//1146
f 5317//1121 5318//1120 5437//1147 5436//1148
f 5318//1123 5319//1122 5438//1141 5437//1142
f 5319//1125 5320//1124 5439//1143 5438//1144
f 5320//1119 5321//1126 5440//1145 5439//1146
f 5321//1121 5322//1120 5441//1147 5440//1148
f 5322//1123 5323//1122 5442//1141 5441//1142
f 5323//1125 5324//1124 5443//1143 5442//1144
f 5324//1119 5325//1126 5444//1145 5443//1146
f 5325//1121 5326//1120 5445//1147 5444//1148
f 5326//1123 5327//1122 5446//1141 5445//1142
f 5327//1125 5328//1124 5447//1143 5446//1144
f 5328//1119 5329//1126 5448//1145 5447//1146
f 5329//1121 5330//1120 5449//1147 5448//1148
f 5330//1123 5331//1122 5450//1141 5449//1142
f 5331//1125 5332//1124 5451//1143 5450//1144
f 5332//1119 5333//1126 5452//1145 5451//1146
f 5333//1121 5334//1120 5453//1147 5452//1148
f 5334//1123 5335//1122 5454//1141 5453//1142
f 5335//1125 5336//1124 5455//1143 5454//1144
f 5336//1119 5337//1126 5456//1145 5455//1146
f 5337//1121 5338//1120 5457//1147 5456//1148
f 5338//1123 5339//1122 5458//1141 5457//1142
f 5339//1125 5340//1124 5459//1143 5458//1144
f 5340//1119 5341//1126 5460//1145 5459//1146
f 5341//1121 5342//1120 5461//1147 5460//1148
f 5342//1123 5343//1122 5462//1141 5461//1142
f 1535//1130 5239//1129 5358//1152 1536//1153
f 5343//1125 5344//1124 5463//1143 5462//1144
f 5239//1132 5240//1131 5359//1154 5358//1155
f 5344//1119 5345//1126 5464//1145 5463//1146
f 5240//1131 5241//1126 5360//1145 5359//1154
f 5345//1121 5346//1120 5465//1147 5464//1148
f 5241//1121 5242//1120 5361//1147 5360//1148
f 5346//1123 5347//1122 5466//1141 5465//1142
f 5242//1123 5243//1122 5362//1141 5361//1142
f 5347//1125 5348//1124 5467//1143 5466//1144
f 5243//1125 5244//1124 5363//1143 5362//1144
f 5348//1119 5349//1126 5468//1145 5467//1146
f 5244//1119 5245//1126 5364//1145 5363//1146
f 5349//1121 5350//1120 5469//1147 5468//1148
f 5245//1121 5246//1120 5365//1147 5364//1148
f 5350//1123 5351//1122 5470//1141 5469//1142
f 5246//1123 5247//1122 5366//1141 5365//1142
f 5351//1134 5352//1133 5471//1156 5470//1157
f 5247//1125 5248//1124 5367//1143 5366//1144
f 5352//1136 5353//1135 5472//1158 5471//1159
f 5248//1119 5249//1118 5368//1145 5367//1146
f 5353//1135 5354//1137 5473//1160 5472//1158
f 5249//1121 5250//1120 5369//1151 5368//1148
f 5354//1139 5355//1138 5474//1161 5473//1162
f 5250//1123 5251//1122 5370//1141 5369//1142
f 5355//1138 5356//1140 5475//1163 5474//1161
f 5251//1125 5252//1124 5371//1143 5370//1144
f 5356//1140 5357//1164 5476//1165 5475//1163
f 5252//1119 5253//1126 5372//1145 5371//1146
f 5253//1121 5254//1120 5373//1151 5372//1148
f 5254//1123 5255//1122 5374//1141 5373//1142
f 5255//1125 5256//1124 5375//1143 5374//1144
f 5256//1119 5257//1118 5376//1145 5375//1146
f 5257//1121 5258//1120 5377//1151 5376//1148
f 5258//1123 5259//1122 5378//1141 5377//1142
f 5259//1125 5260//1124 5379//1143 5378//1144
f 5260//1119 5261//1126 5380//1145 5379//1146
f 5261//1121 5262//1120 5381//1147 5380//1148
f 5262//1123 5263//1122 5382//1141 5381//1142
f 5263//1125 5264//1124 5383//1143 5382//1144
f 5264//1119 5265//1118 5384//1145 5383//1146
f 5265//1121 5266//1120 5385//1151 5384//1148
f 5266//1123 5267//1122 5386//1141 5385//1142
f 5267//1125 5268//1124 5387//1143 5386//1144
f 5268//1119 5269//1126 5388//1145 5387//1146
f 5269//1121 5270//1120 5389//1147 5388//1148
f 5270//1123 5271//1122 5390//1141 5389//1142
f 5271//1125 5272//1124 5391//1143 5390//1144
f 5272//1119 5273//1118 5392//1145 5391//1146
f 5273//1121 5274//1120 5393//1151 5392//1148
f 5274//1123 5275//1122 5394//1141 5393//1142
f 5275//1125 5276//1124 5395//1143 5394//1144
f 5276//1119 5277//1126 5396//1145 5395//1146
f 5277//1121 5278//1120 5397//1147 5396//1148
f 5278//1123 5279//1122 5398//1141 5397//1142
f 5279//1125 5280//1124 5399//1143 5398//1144
f 5280//1119 5281//1118 5400//1145 5399//1146
f 5281//1121 5282//1120 5401//1151 5400//1148
f 5427//1146 5428//1145 5547//1166 5546//1167
f 5428//1148 5429//1147 5548//1168 5547//1169
f 5429//1142 5430//1141 5549//1170 5548//1171
f 5430//1144 5431//1143 5550//1172 5549//1173
f 5431//1146 5432//1145 5551//1166 5550//1167
f 5432//1148 5433//1147 5552//1168 5551//1169
f 5433//1142 5434//1141 5553//1170 5552//1171
f 5434//1144 5435//1143 5554//1172 5553//1173
f 5435//1146 5436//1145 5555//1166 5554//1167
f 5436//1148 5437//1147 5556//1168 5555//1169
f 5437//1142 5438//1141 5557//1170 5556//1171
f 5438//1144 5439//1143 5558//1172 5557//1173
f 5439//1146 5440//1145 5559//1166 5558//1167
f 5440//1148 5441//1147 5560//1168 5559//1169
f 5441//1142 5442//1141 5561//1170 5560//1171
f 5442//1144 5443//1143 5562//1172 5561//1173
f 5443//1146 5444//1145 5563//1166 5562//1167
f 5444//1148 5445//1147 5564//1168 5563//1169
f 5445//1142 5446//1141 5565//1170 5564//1171
f 5446//1144 5447//1143 5566//1172 5565//1173
f 5447//1146 5448//1145 5567//1166 5566//1167
f 5448//1148 5449//1147 5568//1168 5567//1169
f 5449//1142 5450//1141 5569//1170 5568//1171
f 5450//1144 5451//1143 5570//1172 5569//1173
f 5451//1146 5452//1145 5571//1166 5570//1167
f 5452//1148 5453//1147 5572//1168 5571//1169
f 5453//1142 5454//1141 5573//1170 5572//1171
f 5454//1144 5455//1143 5574//1172 5573//1173
f 5455//1146 5456//1145 5575//1166 5574//1167
f 5456//1148 5457//1147 5576//1168 5575//1169
f 5457//1142 5458//1141 5577//1170 5576//1171
f 5458//1144 5459//1143 5578//1172 5577//1173
f 5459//1146 5460//1145 5579//1166 5578//1167
f 5460//1148 5461//1147 5580//1168 5579//1169
f 5461//1142 5462//1141 5581//1170 5580//1171
f 1536//1153 5358//1152 5477//1174 1537//1175
f 5462//1144 5463//1143 5582//1172 5581//1176
f 5358//1155 5359//1154 5478//1177 5477//1178
f 5463//1146 5464//1145 5583//1166 5582//1167
f 5359//1154 5360//1145 5479//1166 5478//1177
f 5464//1148 5465//1147 5584//1168 5583//1169
f 5360//1148 5361//1147 5480//1168 5479//1169
f 5465//1142 5466//1141 5585//1170 5584//1171
f 5361//1142 5362//1141 5481//1170 5480//1171
f 5466//1144 5467//1143 5586//1172 5585//1173
f 5362//1144 5363//1143 5482//1172 5481//1173
f 5467//1146 5468//1145 5587//1166 5586//1167
f 5363//1146 5364//1145 5483//1166 5482//1167
f 5468//1148 5469//1147 5588//1168 5587//1169
f 5364//1148 5365//1147 5484//1168 5483//1169
f 5469//1142 5470//1141 5589//1170 5588//1171
f 5365//1142 5366//1141 5485//1170 5484//1171
f 5470//1157 5471//1156 5590//1179 5589//1180
f 5366//1144 5367//1143 5486//1172 5485//1173
f 5471//1159 5472//1158 5591//1181 5590//1182
f 5367//1146 5368//1145 5487//1166 5486//1167
f 5472//1158 5473//1160 5592//1183 5591//1181
f 5368//1148 5369//1151 5488//1168 5487//1169
f 5473//1162 5474//1161 5593//1184 5592//1185
f 5369//1142 5370//1141 5489//1170 5488//1171
f 5474//1161 5475//1163 5594//1186 5593//1184
f 5370//1144 5371//1143 5490//1172 5489//1173
f 5475//1163 5476//1165 5595//1187 5594//1186
f 5371//1146 5372//1145 5491//1166 5490//1167
f 5372//1148 5373//1151 5492//1168 5491//1169
f 5373//1142 5374//1141 5493//1170 5492//1171
f 5374//1144 5375//1143 5494//1172 5493//1173
f 5375//1146 5376//1145 5495//1166 5494//1167
f 5376//1148 5377//1151 5496//1168 5495//1169
f 5377//1142 5378//1141 5497//1170 5496//1171
f 5378//1144 5379//1143 5498//1172 5497//1173
f 5379//1146 5380//1145 5499//1166 5498//1167
f 5380//1148 5381//1147 5500//1168 5499//1169
f 5381//1142 5382//1141 5501//1170 5500//1171
f 5382//1144 5383//1143 5502//1172 5501//1173
f 5383//1146 5384//1145 5503//1166 5502//1167
f 5384//1148 5385//1151 5504//1168 5503//1169
f 5385//1142 5386//1141 5505//1170 5504//1171
f 5386//1144 5387//1143 5506//1172 5505//1173
f 5387//1146 5388//1145 5507//1166 5506//1167
f 5388//1148 5389//1147 5508//1168 5507//1169
f 5389//1142 5390//1141 5509//1170 5508//1171
f 5390//1144 5391//1143 5510//1172 5509//1173
f 5391//1146 5392//1145 5511//1166 5510//1167
f 5392//1148 5393//1151 5512//1168 5511//1169
f 5393//1142 5394//1141 5513//1170 5512//1171
f 5394//1144 5395//1143 5514//1172 5513//1173
f 5395//1146 5396//1145 5515//1166 5514//1167
f 5396//1148 5397//1147 5516//1168 5515//1169
f 5397//1142 5398//1141 5517//1170 5516//1171
f 5398//1144 5399//1143 5518//1172 5517//1173
f 5399//1146 5400//1145 5519//1166 5518//1167
f 5400//1148 5401//1151 5520//1168 5519//1169
f 5401//1142 5402//1141 5521//1170 5520//1171
f 5402//1144 5403//1143 5522//1172 5521//1173
f 5403//1146 5404//1145 5523//1166 5522//1167
f 5404//1148 5405//1147 5524//1168 5523//1169
f 5405//1142 5406//1141 5525//1170 5524//1171
f 5406//1144 5407//1143 5526//1172 5525//1173
f 5407//1146 5408//1145 5527//1166 5526//1167
f 5408//1148 5409//1147 5528//1168 5527//1169
f 5409//1142 5410//1141 5529//1170 5528//1171
f 5410//1144 5411//1143 5530//1172 5529//1173
f 5411//1146 5412//1145 5531//1166 5530//1167
f 5412//1148 5413//1147 5532//1168 5531//1169
f 5413//1142 5414//1141 5533//1170 5532//1171
f 5414//1150 5415//1149 5534//1188 5533//1189
f 5415//1146 5416//1145 5535//1166 5534//1167
f 5416//1148 5417//1151 5536//1168 5535//1169
f 5417//1142 5418//1141 5537//1170 5536//1171
f 5418//1144 5419//1143 5538//1172 5537//1173
f 5419//1146 5420//1145 5539//1166 5538//1167
f 5420//1148 5421//1147 5540//1168 5539//1169
f 5421//1142 5422//1141 5541//1170 5540//1171
f 5422//1144 5423//1143 5542//1172 5541//1173
f 5423//1146 5424//1145 5543//1166 5542//1167
f 5424//1148 5425//1147 5544//1168 5543//1169
f 5425//1142 5426//1141 5545//1170 5544//1171
f 5426//1144 5427//1143 5546//1172 5545//1173
f 5527//1169 5528//1168 5647//1190 5646//1191
f 5528//1171 5529//1170 5648//1192 5647//1193
f 5529//1173 5530//1172 5649//1194 5648//1195
f 5530//1167 5531//1166 5650//1196 5649//1197
f 5531//1169 5532//1168 5651//1190 5650//1191
f 5532//1171 5533//1170 5652//1192 5651//1193
f 5533//1189 5534//1188 5653//1198 5652//1199
f 5534//1167 5535//1166 5654//1196 5653//1197
f 5535//1169 5536//1168 5655//1190 5654//1191
f 5536//1171 5537//1170 5656//1192 5655//1193
f 5537//1173 5538//1172 5657//1194 5656//1195
f 5538//1167 5539//1166 5658//1196 5657//1197
f 5539//1169 5540//1168 5659//1190 5658//1191
f 5540//1171 5541//1170 5660//1192 5659//1193
f 5541//1173 5542//1172 5661//1194 5660//1195
f 5542//1167 5543//1166 5662//1196 5661//1197
f 5543//1169 5544//1168 5663//1190 5662//1191
f 5544//1171 5545//1170 5664//1192 5663//1193
f 5545//1173 5546//1172 5665//1194 5664//1195
f 5546//1167 5547//1166 5666//1196 5665//1197
f 5547//1169 5548//1168 5667//1190 5666//1191
f 5548//1171 5549//1170 5668//1192 5667//1193
f 5549//1173 5550//1172 5669//1194 5668//1195
f 5550//1167 5551//1166 5670//1196 5669//1197
f 5551//1169 5552//1168 5671//1190 5670//1191
f 5552//1171 5553//1170 5672//1192 5671//1193
f 5553//1173 5554//1172 5673//1194 5672//1195
f 5554//1167 5555//1166 5674//1196 5673//1197
f 5555//1169 5556//1168 5675//1190 5674//1191
f 5556//1171 5557//1170 5676//1192 5675//1193
f 5557//1173 5558//1172 5677//1194 5676//1195
f 5558//1167 5559//1166 5678//1196 5677//1197
f 5559//1169 5560//1168 5679//1190 5678//1191
f 5560//1171 5561//1170 5680//1192 5679//1193
f 5561//1173 5562//1172 5681//1194 5680//1195
f 5562//1167 5563//1166 5682//1196 5681//1197
f 5563//1169 5564//1168 5683//1190 5682//1191
f 5564//1171 5565//1170 5684//1192 5683//1193
f 5565//1173 5566//1172 5685//1194 5684//1195
f 5566//1167 5567//1166 5686//1196 5685//1197
f 5567//1169 5568//1168 5687//1190 5686//1191
f 5568//1171 5569//1170 5688//1192 5687//1193
f 5569//1173 5570//1172 5689//1194 5688//1195
f 5570//1167 5571//1166 5690//1196 5689//1197
f 5571//1169 5572//1168 5691//1190 5690//1191
f 5572//1171 5573//1170 5692//1192 5691//1193
f 5573//1173 5574//1172 5693//1194 5692//1195
f 5574//1167 5575//1166 5694//1196 5693//1197
f 5575//1169 5576//1168 5695//1190 5694//1191
f 5576//1171 5577//1170 5696//1192 5695//1193
f 5577//1173 5578//1172 5697//1194 5696//1195
f 5578//1167 5579//1166 5698//1196 5697//1197
f 5579//1169 5580//1168 5699//1190 5698//1191
f 5580//1171 5581//1170 5700//1192 5699//1193
f 1537//1175 5477//1174 5596//1200 1656//1201
f 5581//1176 5582//1172 5701//1194 5700//1195
f 5477//1178 5478//1177 5597//1202 5596//1203
f 5582//1167 5583//1166 5702//1196 5701//1197
f 5478//1177 5479//1166 5598//1196 5597//1202
f 5583//1169 5584//1168 5703//1190 5702//1191
f 5479//1169 5480//1168 5599//1190 5598//1191
f 5584//1171 5585//1170 5704//1192 5703//1193
f 5480//1171 5481//1170 5600//1192 5599//1193
f 5585//1173 5586//1172 5705//1194 5704//1195
f 5481//1173 5482//1172 5601//1194 5600//1195
f 5586//1167 5587//1166 5706//1196 5705//1197
f 5482//1167 5483//1166 5602//1196 5601//1197
f 5587//1169 5588//1168 5707//1190 5706//1191
f 5483//1169 5484//1168 5603//1190 5602//1191
f 5588//1171 5589//1170 5708//1192 5707//1193
f 5484//1171 5485//1170 5604//1192 5603//1193
f 5589//1180 5590//1179 5709//1204 5708//1205
f 5485//1173 5486//1172 5605//1194 5604//1195
f 5590//1182 5591//1181 5710//1206 5709//1207
f 5486//1167 5487//1166 5606//1196 5605//1197
f 5591//1181 5592//1183 5711//1208 5710//1206
f 5487//1169 5488//1168 5607//1190 5606//1191
f 5592//1185 5593//1184 5712//1209 5711//1210
f 5488//1171 5489//1170 5608//1192 5607//1193
f 5593//1184 5594//1186 5713//1211 5712//1209
f 5489//1173 5490//1172 5609//1194 5608//1195
f 5594//1186 5595//1187 5714//1212 5713//1211
f 5490//1167 5491//1166 5610//1196 5609//1197
f 5491//1169 5492//1168 5611//1190 5610//1191
f 5492//1171 5493//1170 5612//1192 5611//1193
f 5493//1173 5494//1172 5613//1194 5612//1195
f 5494//1167 5495//1166 5614//1196 5613//1197
f 5495//1169 5496//1168 5615//1190 5614//1191
f 5496//1171 5497//1170 5616//1192 5615//1193
f 5497//1173 5498//1172 5617//1194 5616//1195
f 5498//1167 5499//1166 5618//1196 5617//1197
f 5499//1169 5500//1168 5619//1190 5618//1191
f 5500//1171 5501//1170 5620//1192 5619//1193
f 5501//1173 5502//1172 5621//1194 5620//1195
f 5502//1167 5503//1166 5622//1196 5621//1197
f 5503//1169 5504//1168 5623//1190 5622//1191
f 5504//1171 5505//1170 5624//1192 5623//1193
f 5505//1173 5506//1172 5625//1194 5624//1195
f 5506//1167 5507//1166 5626//1196 5625//1197
f 5507//1169 5508//1168 5627//1190 5626//1191
f 5508//1171 5509//1170 5628//1192 5627//1193
f 5509//1173 5510//1172 5629//1194 5628//1195
f 5510//1167 5511//1166 5630//1196 5629//1197
f 5511//1169 5512//1168 5631//1190 5630//1191
f 5512//1171 5513//1170 5632//1192 5631//1193
f 5513//1173 5514//1172 5633//1194 5632//1195
f 5514//1167 5515//1166 5634//1196 5633//1197
f 5515//1169 5516//1168 5635//1190 5634//1191
f 5516//1171 5517//1170 5636//1192 5635//1193
f 5517//1173 5518//1172 5637//1194 5636//1195
f 5518//1167 5519//1166 5638//1196 5637//1197
f 5519//1169 5520//1168 5639//1190 5638//1191
f 5520//1171 5521//1170 5640//1192 5639//1193
f 5521//1173 5522//1172 5641//1194 5640//1195
f 5522//1167 5523//1166 5642//1196 5641//1197
f 5523//1169 5524//1168 5643//1190 5642//1191
f 5524//1171 5525//1170 5644//1192 5643//1193
f 5525//1173 5526//1172 5645//1194 5644//1195
f 5526//1167 5527//1166 5646//1196 5645//1197
f 5672//1195 5673//1194 5792//1213 5791//1214
f 5673//1197 5674//1196 5793//1215 5792//1216
f 5674//1191 5675//1190 5794//1217 5793//1218
f 5675//1193 5676//1192 5795//1219 5794//1220
f 5676//1195 5677//1194 5796//1213 5795//1214
f 5677//1197 5678//1196 5797//1215 5796//1216
f 5678//1191 5679//1190 5798//1217 5797//1218
f 5679//1193 5680//1192 5799//1219 5798//1220
f 5680//1195 5681//1194 5800//1213 5799//1214
f 5681//1197 5682//1196 5801//1215 5800//1216
f 5682//1191 5683//1190 5802//1217 5801//1218
f 5683//1193 5684//1192 5803//1219 5802//1220
f 5684//1195 5685//1194 5804//1213 5803//1214
f 5685//1197 5686//1196 5805//1215 5804//1216
f 5686//1191 5687//1190 5806//1217 5805//1218
f 5687//1193 5688//1192 5807//1219 5806//1220
f 5688//1195 5689//1194 5808//1213 5807//1214
f 5689//1197 5690//1196 5809//1215 5808//1216
f 5690//1191 5691//1190 5810//1221 5809//1218
f 5691//1193 5692//1192 5811//1219 5810//1220
f 5692//1195 5693//1194 5812//1213 5811//1214
f 5693//1197 5694//1196 5813//1215 5812//1216
f 5694//1191 5695//1190 5814//1221 5813//1218
f 5695//1193 5696//1192 5815//1219 5814//1220
f 5696//1195 5697//1194 5816//1213 5815//1214
f 5697//1197 5698//1196 5817//1215 5816//1216
f 5698//1191 5699//1190 5818//1221 5817//1218
f 5699//1193 5700//1192 5819//1219 5818//1220
f 1656//1201 5596//1200 5715//1222 1657//1223
f 5700//1195 5701//1194 5820//1213 5819//1214
f 5596//1203 5597//1202 5716//1224 5715//1225
f 5701//1197 5702//1196 5821//1215 5820//1216
f 5597//1202 5598//1196 5717//1215 5716//1224
f 5702//1191 5703//1190 5822//1217 5821//1218
f 5598//1191 5599//1190 5718//1221 5717//1218
f 5703//1193 5704//1192 5823//1219 5822//1220
f 5599//1193 5600//1192 5719//1219 5718//1220
f 5704//1195 5705//1194 5824//1213 5823//1214
f 5600//1195 5601//1194 5720//1213 5719//1214
f 5705//1197 5706//1196 5825//1215 5824//1216
f 5601//1197 5602//1196 5721//1215 5720//1216
f 5706//1191 5707//1190 5826//1217 5825//1218
f 5602//1191 5603//1190 5722//1221 5721//1218
f 5707//1193 5708//1192 5827//1219 5826//1220
f 5603//1193 5604//1192 5723//1219 5722//1220
f 5708//1205 5709//1204 5828//1226 5827//1227
f 5604//1195 5605//1194 5724//1213 5723//1214
f 5709//1207 5710//1206 5829//1228 5828//1229
f 5605//1197 5606//1196 5725//1215 5724//1216
f 5710//1206 5711//1208 5830//1230 5829//1228
f 5606//1191 5607//1190 5726//1221 5725//1218
f 5711//1210 5712//1209 5831//1231 5830//1232
f 5607//1193 5608//1192 5727//1219 5726//1220
f 5712//1209 5713//1211 5832//1233 5831//1231
f 5608//1195 5609//1194 5728//1213 5727//1214
f 5713//1211 5714//1212 5833//1234 5832//1233
f 5609//1197 5610//1196 5729//1215 5728//1216
f 5610//1191 5611//1190 5730//1221 5729//1218
f 5611//1193 5612//1192 5731//1219 5730//1220
f 5612//1195 5613//1194 5732//1213 5731//1214
f 5613//1197 5614//1196 5733//1215 5732//1216
f 5614//1191 5615//1190 5734//1221 5733//1218
f 5615//1193 5616//1192 5735//1219 5734//1220
f 5616//1195 5617//1194 5736//1213 5735//1214
f 5617//1197 5618//1196 5737//1215 5736//1216
f 5618//1191 5619//1190 5738//1221 5737//1218
f 5619//1193 5620//1192 5739//1219 5738//1220
f 5620//1195 5621//1194 5740//1213 5739//1214
f 5621//1197 5622//1196 5741//1215 5740//1216
f 5622//1191 5623//1190 5742//1221 5741//1218
f 5623//1193 5624//1192 5743//1219 5742//1220
f 5624//1195 5625//1194 5744//1213 5743//1214
f 5625//1197 5626//1196 5745//1215 5744//1216
f 5626//1191 5627//1190 5746//1221 5745//1218
f 5627//1193 5628//1192 5747//1219 5746//1220
f 5628//1195 5629//1194 5748//1213 5747//1214
f 5629//1197 5630//1196 5749//1215 5748//1216
f 5630//1191 5631//1190 5750//1221 5749//1218
f 5631//1193 5632//1192 5751//1219 5750//1220
f 5632//1195 5633//1194 5752//1213 5751//1214
f 5633//1197 5634//1196 5753//1215 5752//1216
f 5634//1191 5635//1190 5754//1221 5753//1218
f 5635//1193 5636//1192 5755//1219 5754//1220
f 5636//1195 5637//1194 5756//1213 5755//1214
f 5637//1197 5638//1196 5757//1215 5756//1216
f 5638//1191 5639//1190 5758//1221 5757//1218
f 5639//1193 5640//1192 5759//1219 5758//1220
f 5640//1195 5641//1194 5760//1213 5759//1214
f 5641//1197 5642//1196 5761//1215 5760//1216
f 5642//1191 5643//1190 5762//1221 5761//1218
f 5643//1193 5644//1192 5763//1219 5762//1220
f 5644//1195 5645//1194 5764//1213 5763//1214
f 5645//1197 5646//1196 5765//1215 5764//1216
f 5646//1191 5647//1190 5766//1221 5765//1218
f 5647//1193 5648//1192 5767//1219 5766//1220
f 5648//1195 5649//1194 5768//1213 5767//1214
f 5649//1197 5650//1196 5769//1215 5768//1216
f 5650//1191 5651//1190 5770//1221 5769//1218
f 5651//1193 5652//1192 5771//1219 5770//1220
f 5652//1199 5653//1198 5772//1235 5771//1236
f 5653//1197 5654//1196 5773//1215 5772//1216
f 5654//1191 5655//1190 5774//1217 5773//1218
f 5655//1193 5656//1192 5775//1219 5774//1220
f 5656//1195 5657//1194 5776//1213 5775//1214
f 5657//1197 5658//1196 5777//1215 5776//1216
f 5658//1191 5659//1190 5778//1217 5777//1218
f 5659//1193 5660//1192 5779//1219 5778//1220
f 5660//1195 5661//1194 5780//1213 5779//1214
f 5661//1197 5662//1196 5781//1215 5780//1216
f 5662//1191 5663//1190 5782//1217 5781//1218
f 5663//1193 5664//1192 5783//1219 5782//1220
f 5664//1195 5665//1194 5784//1213 5783//1214
f 5665//1197 5666//1196 5785//1215 5784//1216
f 5666//1191 5667//1190 5786//1217 5785//1218
f 5667//1193 5668//1192 5787//1219 5786//1220
f 5668//1195 5669//1194 5788//1213 5787//1214
f 5669//1197 5670//1196 5789//1215 5788//1216
f 5670//1191 5671//1190 5790//1217 5789//1218
f 5671//1193 5672//1192 5791//1219 5790//1220
f 5817//1218 5818//1221 5937//1237 5936//1238
f 5818//1220 5819//1219 5938//1239 5937//1240
f 1657//1223 5715//1222 5834//1241 1658//1242
f 5819//1214 5820//1213 5939//1243 5938//1244
f 5715//1225 5716//1224 5835//1245 5834//1246
f 5820//1216 5821//1215 5940//1247 5939//1248
f 5716//1224 5717//1215 5836//1247 5835//1245
f 5821//1218 5822//1217 5941//1237 5940//1238
f 5717//1218 5718//1221 5837//1237 5836//1238
f 5822//1220 5823//1219 5942//1239 5941//1240
f 5718//1220 5719//1219 5838//1239 5837//1240
f 5823//1214 5824//1213 5943//1243 5942//1244
f 5719//1214 5720//1213 5839//1243 5838//1244
f 5824//1216 5825//1215 5944//1247 5943//1248
f 5720//1216 5721//1215 5840//1247 5839//1248
f 5825//1218 5826//1217 5945//1237 5944//1238
f 5721//1218 5722//1221 5841//1237 5840//1238
f 5826//1220 5827//1219 5946//1239 5945//1240
f 5722//1220 5723//1219 5842//1239 5841//1240
f 5827//1227 5828//1226 5947//1249 5946//1250
f 5723//1214 5724//1213 5843//1243 5842//1244
f 5828//1229 5829//1228 5948//1251 5947//1252
f 5724//1216 5725//1215 5844//1247 5843//1248
f 5829//1228 5830//1230 5949//1253 5948//1251
f 5725//1218 5726//1221 5845//1237 5844//1238
f 5830//1232 5831//1231 5950//1254 5949//1255
f 5726//1220 5727//1219 5846//1239 5845//1240
f 5831//1231 5832//1233 5951//1256 5950//1254
f 5727//1214 5728//1213 5847//1243 5846//1244
f 5832//1233 5833//1234 5952//1257 5951//1256
f 5728//1216 5729//1215 5848//1247 5847//1248
f 5729//1218 5730//1221 5849//1237 5848//1238
f 5730//1220 5731//1219 5850//1239 5849//1240
f 5731//1214 5732//1213 5851//1243 5850//1244
f 5732//1216 5733//1215 5852//1247 5851//1248
f 5733//1218 5734//1221 5853//1237 5852//1238
f 5734//1220 5735//1219 5854//1239 5853//1240
f 5735//1214 5736//1213 5855//1243 5854//1244
f 5736//1216 5737//1215 5856//1247 5855//1248
f 5737//1218 5738//1221 5857//1237 5856//1238
f 5738//1220 5739//1219 5858//1239 5857//1240
f 5739//1214 5740//1213 5859//1243 5858//1244
f 5740//1216 5741//1215 5860//1247 5859//1248
f 5741//1218 5742//1221 5861//1237 5860//1238
f 5742//1220 5743//1219 5862//1239 5861//1240
f 5743//1214 5744//1213 5863//1243 5862//1244
f 5744//1216 5745//1215 5864//1247 5863//1248
f 5745//1218 5746//1221 5865//1237 5864//1238
f 5746//1220 5747//1219 5866//1239 5865//1240
f 5747//1214 5748//1213 5867//1243 5866//1244
f 5748//1216 5749//1215 5868//1247 5867//1248
f 5749//1218 5750//1221 5869//1237 5868//1238
f 5750//1220 5751//1219 5870//1239 5869//1240
f 5751//1214 5752//1213 5871//1243 5870//1244
f 5752//1216 5753//1215 5872//1247 5871//1248
f 5753//1218 5754//1221 5873//1237 5872//1238
f 5754//1220 5755//1219 5874//1239 5873//1240
f 5755//1214 5756//1213 5875//1243 5874//1244
f 5756//1216 5757//1215 5876//1247 5875//1248
f 5757//1218 5758//1221 5877//1237 5876//1238
f 5758//1220 5759//1219 5878//1239 5877//1240
f 5759//1214 5760//1213 5879//1243 5878//1244
f 5760//1216 5761//1215 5880//1247 5879//1248
f 5761//1218 5762//1221 5881//1237 5880//1238
f 5762//1220 5763//1219 5882//1239 5881//1240
f 5763//1214 5764//1213 5883//1243 5882//1244
f 5764//1216 5765//1215 5884//1247 5883//1248
f 5765//1218 5766//1221 5885//1237 5884//1238
f 5766//1220 5767//1219 5886//1239 5885//1240
f 5767//1214 5768//1213 5887//1243 5886//1244
f 5768//1216 5769//1215 5888//1247 5887//1248
f 5769//1218 5770//1221 5889//1237 5888//1238
f 5770//1220 5771//1219 5890//1239 5889//1240
f 5771//1236 5772//1235 5891//1258 5890//1259
f 5772//1216 5773//1215 5892//1247 5891//1248
f 5773//1218 5774//1217 5893//1237 5892//1238
f 5774//1220 5775//1219 5894//1239 5893//1240
f 5775//1214 5776//1213 5895//1243 5894//1244
f 5776//1216 5777//1215 5896//1247 5895//1248
f 5777//1218 5778//1217 5897//1237 5896//1238
f 5778//1220 5779//1219 5898//1239 5897//1240
f 5779//1214 5780//1213 5899//1243 5898//1244
f 5780//1216 5781//1215 5900//1247 5899//1248
f 5781//1218 5782//1217 5901//1237 5900//1238
f 5782//1220 5783//1219 5902//1239 5901//1240
f 5783//1214 5784//1213 5903//1243 5902//1244
f 5784//1216 5785//1215 5904//1247 5903//1248
f 5785//1218 5786//1217 5905//1237 5904//1238
f 5786//1220 5787//1219 5906//1239 5905//1240
f 5787//1214 5788//1213 5907//1243 5906//1244
f 5788//1216 5789//1215 5908//1247 5907//1248
f 5789//1218 5790//1217 5909//1237 5908//1238
f 5790//1220 5791//1219 5910//1239 5909//1240
f 5791//1214 5792//1213 5911//1243 5910//1244
f 5792//1216 5793//1215 5912//1247 5911//1248
f 5793//1218 5794//1217 5913//1237 5912//1238
f 5794//1220 5795//1219 5914//1239 5913//1240
f 5795//1214 5796//1213 5915//1243 5914//1244
f 5796//1216 5797//1215 5916//1247 5915//1248
f 5797//1218 5798//1217 5917//1237 5916//1238
f 5798//1220 5799//1219 5918//1239 5917//1240
f 5799//1214 5800//1213 5919//1243 5918//1244
f 5800//1216 5801//1215 5920//1247 5919//1248
f 5801//1218 5802//1217 5921//1237 5920//1238
f 5802//1220 5803//1219 5922//1239 5921//1240
f 5803//1214 5804//1213 5923//1260 5922//1244
f 5804//1216 5805//1215 5924//1247 5923//1248
f 5805//1218 5806//1217 5925//1237 5924//1238
f 5806//1220 5807//1219 5926//1239 5925//1240
f 5807//1214 5808//1213 5927//1243 5926//1244
f 5808//1216 5809//1215 5928//1247 5927//1248
f 5809//1218 5810//1221 5929//1237 5928//1238
f 5810//1220 5811//1219 5930//1239 5929//1240
f 5811//1214 5812//1213 5931//1243 5930//1244
f 5812//1216 5813//1215 5932//1247 5931//1248
f 5813//1218 5814//1221 5933//1237 5932//1238
f 5814//1220 5815//1219 5934//1239 5933//1240
f 5815//1214 5816//1213 5935//1243 5934//1244
f 5816//1216 5817//1215 5936//1247 5935//1248
f 5858//1244 5859//1243 5978//1261 5977//1262
f 5859//1248 5860//1247 5979//1263 5978//1264
f 5860//1238 5861//1237 5980//1265 5979//1266
f 5861//1240 5862//1239 5981//1267 5980//1268
f 5862//1244 5863//1243 5982//1261 5981//1262
f 5863//1248 5864//1247 5983//1263 5982//1264
f 5864//1238 5865//1237 5984//1265 5983//1266
f 5865//1240 5866//1239 5985//1267 5984//1268
f 5866//1244 5867//1243 5986//1261 5985//1262
f 5867//1248 5868//1247 5987//1263 5986//1264
f 5868//1238 5869//1237 5988//1265 5987//1266
f 5869//1240 5870//1239 5989//1267 5988//1268
f 5870//1244 5871//1243 5990//1261 5989//1262
f 5871//1248 5872//1247 5991//1263 5990//1264
f 5872//1238 5873//1237 5992//1265 5991//1266
f 5873//1240 5874//1239 5993//1267 5992//1268
f 5874//1244 5875//1243 5994//1261 5993//1262
f 5875//1248 5876//1247 5995//1263 5994//1264
f 5876//1238 5877//1237 5996//1265 5995//1266
f 5877//1240 5878//1239 5997//1267 5996//1268
f 5878//1244 5879//1243 5998//1261 5997//1262
f 5879//1248 5880//1247 5999//1263 5998//1264
f 5880//1238 5881//1237 6000//1265 5999//1266
f 5881//1240 5882//1239 6001//1267 6000//1268
f 5882//1244 5883//1243 6002//1261 6001//1262
f 5883//1248 5884//1247 6003//1263 6002//1264
f 5884//1238 5885//1237 6004//1265 6003//1266
f 5885//1240 5886//1239 6005//1267 6004//1268
f 5886//1244 5887//1243 6006//1261 6005//1262
f 5887//1248 5888//1247 6007//1263 6006//1264
f 5888//1238 5889//1237 6008//1265 6007//1266
f 5889//1240 5890//1239 6009//1267 6008//1268
f 5890//1259 5891//1258 6010//1269 6009//1270
f 5891//1248 5892//1247 6011//1263 6010//1264
f 5892//1238 5893//1237 6012//1265 6011//1266
f 5893//1240 5894//1239 6013//1267 6012//1268
f 5894//1244 5895//1243 6014//1261 6013//1262
f 5895//1248 5896//1247 6015//1263 6014//1264
f 5896//1238 5897//1237 6016//1265 6015//1266
f 5897//1240 5898//1239 6017//1267 6016//1268
f 5898//1244 5899//1243 6018//1261 6017//1262
f 5899//1248 5900//1247 6019//1263 6018//1264
f 5900//1238 5901//1237 6020//1265 6019//1266
f 5901//1240 5902//1239 6021//1267 6020//1268
f 5902//1244 5903//1243 6022//1261 6021//1262
f 5903//1248 5904//1247 6023//1263 6022//1264
f 5904//1238 5905//1237 6024//1265 6023//1266
f 5905//1240 5906//1239 6025//1267 6024//1268
f 5906//1244 5907//1243 6026//1261 6025//1262
f 5907//1248 5908//1247 6027//1263 6026//1264
f 5908//1238 5909//1237 6028//1265 6027//1266
f 5909//1240 5910//1239 6029//1267 6028//1268
f 5910//1244 5911//1243 6030//1261 6029//1262
f 5911//1248 5912//1247 6031//1263 6030//1264
f 5912//1238 5913//1237 6032//1265 6031//1266
f 5913//1240 5914//1239 6033//1267 6032//1268
f 5914//1244 5915//1243 6034//1261 6033//1262
f 5915//1248 5916//1247 6035//1263 6034//1264
f 5916//1238 5917//1237 6036//1265 6035//1266
f 5917//1240 5918//1239 6037//1267 6036//1268
f 5918//1244 5919//1243 6038//1261 6037//1262
f 5919//1248 5920//1247 6039//1263 6038//1264
f 5920//1238 5921//1237 6040//1265 6039//1266
f 5921//1240 5922//1239 6041//1267 6040//1268
f 5922//1244 5923//1260 6042//1271 6041//1262
f 5923//1248 5924//1247 6043//1263 6042//1264
f 5924//1238 5925//1237 6044//1265 6043//1266
f 5925//1240 5926//1239 6045//1267 6044//1268
f 5926//1244 5927//1243 6046//1261 6045//1262
f 5927//1248 5928//1247 6047//1263 6046//1264
f 5928//1238 5929//1237 6048//1265 6047//1266
f 5929//1240 5930//1239 6049//1267 6048//1268
f 5930//1244 5931//1243 6050//1261 6049//1262
f 5931//1248 5932//1247 6051//1263 6050//1264
f 5932//1238 5933//1237 6052//1265 6051//1266
f 5933//1240 5934//1239 6053//1267 6052//1268
f 5934//1244 5935//1243 6054//1261 6053//1262
f 5935//1248 5936//1247 6055//1263 6054//1264
f 5936//1238 5937//1237 6056//1265 6055//1266
f 5937//1240 5938//1239 6057//1267 6056//1268
f 1658//1242 5834//1241 5953//1272
f 5938//1244 5939//1243 6058//1261 6057//1262
f 5834//1246 5835//1245 5954//1273 5953//178
f 5939//1248 5940//1247 6059//1263 6058//1264
f 5835//1245 5836//1247 5955//1263 5954//1273
f 5940//1238 5941//1237 6060//1265 6059//1266
f 5836//1238 5837//1237 5956//1265 5955//1266
f 5941//1240 5942//1239 6061//1267 6060//1268
f 5837//1240 5838//1239 5957//1267 5956//1268
f 5942//1244 5943//1243 6062//1261 6061//1262
f 5838//1244 5839//1243 5958//1261 5957//1262
f 5943//1248 5944//1247 6063//1263 6062//1264
f 5839//1248 5840//1247 5959//1263 5958//1264
f 5944//1238 5945//1237 6064//1265 6063//1266
f 5840//1238 5841//1237 5960//1265 5959//1266
f 5945//1240 5946//1239 6065//1267 6064//1268
f 5841//1240 5842//1239 5961//1267 5960//1268
f 5946//1250 5947//1249 6066//1274 6065//1275
f 5842//1244 5843//1243 5962//1261 5961//1262
f 5947//1252 5948//1251 6067//1276 6066//1277
f 5843//1248 5844//1247 5963//1263 5962//1264
f 5948//1251 5949//1253 6068//1278 6067//1276
f 5844//1238 5845//1237 5964//1265 5963//1266
f 5949//1255 5950//1254 6069//1279 6068//1280
f 5845//1240 5846//1239 5965//1267 5964//1268
f 5950//1254 5951//1256 6070//1281 6069//1279
f 5846//1244 5847//1243 5966//1261 5965//1262
f 5951//1256 5952//1257 6071//1282 6070//1281
f 5847//1248 5848//1247 5967//1263 5966//1264
f 5848//1238 5849//1237 5968//1265 5967//1266
f 5849//1240 5850//1239 5969//1267 5968//1268
f 5850//1244 5851//1243 5970//1261 5969//1262
f 5851//1248 5852//1247 5971//1263 5970//1264
f 5852//1238 5853//1237 5972//1265 5971//1266
f 5853//1240 5854//1239 5973//1267 5972//1268
f 5854//1244 5855//1243 5974//1261 5973//1262
f 5855//1248 5856//1247 5975//1263 5974//1264
f 5856//1238 5857//1237 5976//1265 5975//1266
f 5857//1240 5858//1239 5977//1267 5976//1268
f 6003//1266 6004//1265 6122//1283 6121//1284
f 6004//1268 6005//1267 6123//1285 6122//1286
f 6005//1262 6006//1261 6124//1287 6123//1288
f 6006//1264 6007//1263 6125//1289 6124//1290
f 6007//1266 6008//1265 6126//1283 6125//1284
f 6008//1268 6009//1267 6127//1285 6126//1286
f 6009//1270 6010//1269 6128//1291 6127//1292
f 6010//1264 6011//1263 6129//1289 6128//1290
f 6011//1266 6012//1265 6130//1283 6129//1284
f 6012//1268 6013//1267 6131//1285 6130//1286
f 6013//1262 6014//1261 6132//1287 6131//1288
f 6014//1264 6015//1263 6133//1289 6132//1290
f 6015//1266 6016//1265 6134//1283 6133//1284
f 6016//1268 6017//1267 6135//1285 6134//1286
f 6017//1262 6018//1261 6136//1287 6135//1288
f 6018//1264 6019//1263 6137//1289 6136//1290
f 6019//1266 6020//1265 6138//1283 6137//1284
f 6020//1268 6021//1267 6139//1285 6138//1286
f 6021//1262 6022//1261 6140//1287 6139//1288
f 6022//1264 6023//1263 6141//1289 6140//1290
f 6023//1266 6024//1265 6142//1283 6141//1284
f 6024//1268 6025//1267 6143//1285 6142//1286
f 6025//1262 6026//1261 6144//1287 6143//1288
f 6026//1264 6027//1263 6145//1289 6144//1290
f 6027//1266 6028//1265 6146//1283 6145//1284
f 6028//1268 6029//1267 6147//1285 6146//1286
f 6029//1262 6030//1261 6148//1287 6147//1288
f 6030//1264 6031//1263 6149//1289 6148//1290
f 6031//1266 6032//1265 6150//1283 6149//1284
f 6032//1268 6033//1267 6151//1285 6150//1286
f 6033//1262 6034//1261 6152//1287 6151//1288
f 6034//1264 6035//1263 6153//1289 6152//1290
f 6035//1266 6036//1265 6154//1283 6153//1284
f 6036//1268 6037//1267 6155//1285 6154//1286
f 6037//1262 6038//1261 6156//1287 6155//1288
f 6038//1264 6039//1263 6157//1289 6156//1290
f 6039//1266 6040//1265 6158//1283 6157//1284
f 6040//1268 6041//1267 6159//1285 6158//1286
f 6041//1262 6042//1271 6160//1287 6159//1288
f 6042//1264 6043//1263 6161//1289 6160//1290
f 6043//1266 6044//1265 6162//1283 6161//1284
f 6044//1268 6045//1267 6163//1285 6162//1286
f 6045//1262 6046//1261 6164//1287 6163//1288
f 6046//1264 6047//1263 6165//1289 6164//1290
f 6047//1266 6048//1265 6166//1283 6165//1284
f 6048//1268 6049//1267 6167//1285 6166//1286
f 6049//1262 6050//1261 6168//1287 6167//1288
f 6050//1264 6051//1263 6169//1289 6168//1290
f 6051//1266 6052//1265 6170//1283 6169//1284
f 6052//1268 6053//1267 6171//1285 6170//1286
f 6053//1262 6054//1261 6172//1287 6171//1288
f 6054//1264 6055//1263 6173//1289 6172//1290
f 6055//1266 6056//1265 6174//1283 6173//1284
f 6056//1268 6057//1267 6175//1285 6174//1286
f 6057//1262 6058//1261 6176//1287 6175//1288
f 5953//178 5954//1273 6072//179 1659//179
f 6058//1264 6059//1263 6177//1289 6176//1290
f 5954//1273 5955//1263 6073//1289 6072//179
f 6059//1266 6060//1265 6178//1283 6177//1284
f 5955//1266 5956//1265 6074//1283 6073//1284
f 6060//1268 6061//1267 6179//1285 6178//1286
f 5956//1268 5957//1267 6075//1285 6074//1286
f 6061//1262 6062//1261 6180//1287 6179//1288
f 5957//1262 5958//1261 6076//1287 6075//1288
f 6062//1264 6063//1263 6181//1289 6180//1290
f 5958//1264 5959//1263 6077//1289 6076//1290
f 6063//1266 6064//1265 6182//1283 6181//1284
f 5959//1266 5960//1265 6078//1283 6077//1284
f 6064//1268 6065//1267 6183//1285 6182//1286
f 5960//1268 5961//1267 6079//1285 6078//1286
f 6065//1275 6066//1274 6184//1293 6183//1294
f 5961//1262 5962//1261 6080//1287 6079//1288
f 6066//1277 6067//1276 6185//1295 6184//1296
f 5962//1264 5963//1263 6081//1289 6080//1290
f 6067//1276 6068//1278 6186//1297 6185//1295
f 5963//1266 5964//1265 6082//1283 6081//1284
f 6068//1280 6069//1279 6187//1298 6186//1299
f 5964//1268 5965//1267 6083//1285 6082//1286
f 6069//1279 6070//1281 6188//1300 6187//1298
f 5965//1262 5966//1261 6084//1287 6083//1288
f 6070//1281 6071//1282 6189//1301 6188//1300
f 5966//1264 5967//1263 6085//1289 6084//1290
f 5967//1266 5968//1265 6086//1283 6085//1284
f 5968//1268 5969//1267 6087//1285 6086//1286
f 5969//1262 5970//1261 6088//1287 6087//1288
f 5970//1264 5971//1263 6089//1289 6088//1290
f 5971//1266 5972//1265 6090//1283 6089//1284
f 5972//1268 5973//1267 6091//1285 6090//1286
f 5973//1262 5974//1261 6092//1287 6091//1288
f 5974//1264 5975//1263 6093//1289 6092//1290
f 5975//1266 5976//1265 6094//1283 6093//1284
f 5976//1268 5977//1267 6095//1285 6094//1286
f 5977//1262 5978//1261 6096//1287 6095//1288
f 5978//1264 5979//1263 6097//1289 6096//1290
f 5979//1266 5980//1265 6098//1283 6097//1284
f 5980//1268 5981//1267 6099//1285 6098//1286
f 5981//1262 5982//1261 6100//1287 6099//1288
f 5982//1264 5983//1263 6101//1289 6100//1290
f 5983//1266 5984//1265 6102//1283 6101//1284
f 5984//1268 5985//1267 6103//1285 6102//1286
f 5985//1262 5986//1261 6104//1287 6103//1288
f 5986//1264 5987//1263 6105//1289 6104//1290
f 5987//1266 5988//1265 6106//1283 6105//1284
f 5988//1268 5989//1267 6107//1285 6106//1286
f 5989//1262 5990//1261 6108//1287 6107//1288
f 5990//1264 5991//1263 6109//1289 6108//1290
f 5991//1266 5992//1265 6110//1283 6109//1284
f 5992//1268 5993//1267 6111//1285 6110//1286
f 5993//1262 5994//1261 6112//1287 6111//1288
f 5994//1264 5995//1263 6113//1289 6112//1290
f 5995//1266 5996//1265 6114//1283 6113//1284
f 5996//1268 5997//1267 6115//1285 6114//1286
f 5997//1262 5998//1261 6116//1287 6115//1288
f 5998//1264 5999//1263 6117//1289 6116//1290
f 5999//1266 6000//1265 6118//1283 6117//1284
f 6000//1268 6001//1267 6119//1285 6118//1286
f 6001//1262 6002//1261 6120//1287 6119//1288
f 6002//1264 6003//1263 6121//1289 6120//1290
f 6147//1288 6148//1287 6266//1302 6265//1303
f 6148//1290 6149//1289 6267//1304 6266//1305
f 6149//1284 6150//1283 6268//1306 6267//1307
f 6150//1286 6151//1285 6269//1308 6268//1309
f 6151//1288 6152//1287 6270//1302 6269//1303
f 6152//1290 6153//1289 6271//1304 6270//1305
f 6153//1284 6154//1283 6272//1306 6271//1307
f 6154//1286 6155//1285 6273//1308 6272//1309
f 6155//1288 6156//1287 6274//1302 6273//1303
f 6156//1290 6157//1289 6275//1304 6274//1305
f 6157//1284 6158//1283 6276//1306 6275//1307
f 6158//1286 6159//1285 6277//1308 6276//1309
f 6159//1288 6160//1287 6278//1302 6277//1310
f 6160//1290 6161//1289 6279//1304 6278//1305
f 6161//1284 6162//1283 6280//1306 6279//1307
f 6162//1286 6163//1285 6281//1308 6280//1309
f 6163//1288 6164//1287 6282//1302 6281//1310
f 6164//1290 6165//1289 6283//1304 6282//1305
f 6165//1284 6166//1283 6284//1306 6283//1307
f 6166//1286 6167//1285 6285//1308 6284//1309
f 6167//1288 6168//1287 6286//1302 6285//1310
f 6168//1290 6169//1289 6287//1304 6286//1305
f 6169//1284 6170//1283 6288//1306 6287//1307
f 6170//1286 6171//1285 6289//1308 6288//1309
f 6171//1288 6172//1287 6290//1302 6289//1310
f 6172//1290 6173//1289 6291//1304 6290//1305
f 6173//1284 6174//1283 6292//1306 6291//1307
f 6174//1286 6175//1285 6293//1308 6292//1309
f 6175//1288 6176//1287 6294//1302 6293//1303
f 1659//179 6072//179 6190//34 1778//34
f 6176//1290 6177//1289 6295//1304 6294//1305
f 6072//179 6073//1289 6191//1304 6190//34
f 6177//1284 6178//1283 6296//1306 6295//1307
f 6073//1284 6074//1283 6192//1306 6191//1307
f 6178//1286 6179//1285 6297//1308 6296//1309
f 6074//1286 6075//1285 6193//1308 6192//1309
f 6179//1288 6180//1287 6298//1302 6297//1303
f 6075//1288 6076//1287 6194//1302 6193//1310
f 6180//1290 6181//1289 6299//1304 6298//1305
f 6076//1290 6077//1289 6195//1304 6194//1305
f 6181//1284 6182//1283 6300//1306 6299//1307
f 6077//1284 6078//1283 6196//1306 6195//1307
f 6182//1286 6183//1285 6301//1308 6300//1309
f 6078//1286 6079//1285 6197//1308 6196//1309
f 6183//1294 6184//1293 6302//1311 6301//1312
f 6079//1288 6080//1287 6198//1302 6197//1310
f 6184//1296 6185//1295 6303//1313 6302//1314
f 6080//1290 6081//1289 6199//1304 6198//1305
f 6185//1295 6186//1297 6304//1315 6303//1313
f 6081//1284 6082//1283 6200//1306 6199//1307
f 6186//1299 6187//1298 6305//1316 6304//1317
f 6082//1286 6083//1285 6201//1308 6200//1309
f 6187//1298 6188//1300 6306//1318 6305//1316
f 6083//1288 6084//1287 6202//1302 6201//1310
f 6188//1300 6189//1301 6307//1319 6306//1318
f 6084//1290 6085//1289 6203//1304 6202//1305
f 6085//1284 6086//1283 6204//1306 6203//1307
f 6086//1286 6087//1285 6205//1308 6204//1309
f 6087//1288 6088//1287 6206//1302 6205//1310
f 6088//1290 6089//1289 6207//1304 6206//1305
f 6089//1284 6090//1283 6208//1306 6207//1307
f 6090//1286 6091//1285 6209//1308 6208//1309
f 6091//1288 6092//1287 6210//1302 6209//1310
f 6092//1290 6093//1289 6211//1304 6210//1305
f 6093//1284 6094//1283 6212//1306 6211//1307
f 6094//1286 6095//1285 6213//1308 6212//1309
f 6095//1288 6096//1287 6214//1302 6213//1310
f 6096//1290 6097//1289 6215//1304 6214//1305
f 6097//1284 6098//1283 6216//1306 6215//1307
f 6098//1286 6099//1285 6217//1308 6216//1309
f 6099//1288 6100//1287 6218//1302 6217//1310
f 6100//1290 6101//1289 6219//1304 6218//1305
f 6101//1284 6102//1283 6220//1306 6219//1307
f 6102//1286 6103//1285 6221//1308 6220//1309
f 6103//1288 6104//1287 6222//1302 6221//1310
f 6104//1290 6105//1289 6223//1304 6222//1305
f 6105//1284 6106//1283 6224//1306 6223//1307
f 6106//1286 6107//1285 6225//1308 6224//1309
f 6107//1288 6108//1287 6226//1302 6225//1310
f 6108//1290 6109//1289 6227//1304 6226//1305
f 6109//1284 6110//1283 6228//1306 6227//1307
f 6110//1286 6111//1285 6229//1308 6228//1309
f 6111//1288 6112//1287 6230//1302 6229//1310
f 6112//1290 6113//1289 6231//1304 6230//1305
f 6113//1284 6114//1283 6232//1306 6231//1307
f 6114//1286 6115//1285 6233//1308 6232//1309
f 6115//1288 6116//1287 6234//1302 6233//1310
f 6116//1290 6117//1289 6235//1304 6234//1305
f 6117//1284 6118//1283 6236//1306 6235//1307
f 6118//1286 6119//1285 6237//1308 6236//1309
f 6119//1288 6120//1287 6238//1302 6237//1310
f 6120//1290 6121//1289 6239//1304 6238//1305
f 6121//1284 6122//1283 6240//1306 6239//1307
f 6122//1286 6123//1285 6241//1308 6240//1309
f 6123//1288 6124//1287 6242//1302 6241//1310
f 6124//1290 6125//1289 6243//1304 6242//1305
f 6125//1284 6126//1283 6244//1306 6243//1307
f 6126//1286 6127//1285 6245//1308 6244//1309
f 6127//1292 6128//1291 6246//1320 6245//1321
f 6128//1290 6129//1289 6247//1304 6246//1305
f 6129//1284 6130//1283 6248//1306 6247//1307
f 6130//1286 6131//1285 6249//1308 6248//1309
f 6131//1288 6132//1287 6250//1302 6249//1303
f 6132//1290 6133//1289 6251//1304 6250//1305
f 6133//1284 6134//1283 6252//1306 6251//1307
f 6134//1286 6135//1285 6253//1308 6252//1309
f 6135//1288 6136//1287 6254//1302 6253//1303
f 6136//1290 6137//1289 6255//1304 6254//1305
f 6137//1284 6138//1283 6256//1306 6255//1307
f 6138//1286 6139//1285 6257//1308 6256//1309
f 6139//1288 6140//1287 6258//1302 6257//1303
f 6140//1290 6141//1289 6259//1304 6258//1305
f 6141//1284 6142//1283 6260//1306 6259//1307
f 6142//1286 6143//1285 6261//1308 6260//1309
f 6143//1288 6144//1287 6262//1302 6261//1303
f 6144//1290 6145//1289 6263//1304 6262//1305
f 6145//1284 6146//1283 6264//1306 6263//1307
f 6146//1286 6147//1285 6265//1308 6264//1309
f 6294//1305 6295//1304 6413//1322 6412//1323
f 6190//34 6191//1304 6309//1322 6308//35
f 6295//1307 6296//1306 6414//1324 6413//1325
f 6191//1307 6192//1306 6310//1324 6309//1325
f 6296//1309 6297//1308 6415//1326 6414//1327
f 6192//1309 6193//1308 6311//1326 6310//1327
f 6297//1303 6298//1302 6416//1328 6415//1329
f 6193//1310 6194//1302 6312//1328 6311//1329
f 6298//1305 6299//1304 6417//1322 6416//1323
f 6194//1305 6195//1304 6313//1322 6312//1323
f 6299//1307 6300//1306 6418//1324 6417//1325
f 6195//1307 6196//1306 6314//1324 6313//1325
f 6300//1309 6301//1308 6419//1326 6418//1327
f 6196//1309 6197//1308 6315//1326 6314//1327
f 6301//1312 6302//1311 6420//1330 6419//1331
f 6197//1310 6198//1302 6316//1328 6315//1329
f 6302//1314 6303//1313 6421//1332 6420//1333
f 6198//1305 6199//1304 6317//1322 6316//1323
f 6303//1313 6304//1315 6422//1334 6421//1332
f 6199//1307 6200//1306 6318//1324 6317//1325
f 6304//1317 6305//1316 6423//1335 6422//1336
f 6200//1309 6201//1308 6319//1326 6318//1327
f 6305//1316 6306//1318 6424//1337 6423//1335
f 6201//1310 6202//1302 6320//1328 6319//1329
f 6306//1318 6307//1319 6425//1338 6424//1337
f 6202//1305 6203//1304 6321//1322 6320//1323
f 6203//1307 6204//1306 6322//1324 6321//1325
f 6204//1309 6205//1308 6323//1326 6322//1327
f 6205//1310 6206//1302 6324//1328 6323//1329
f 6206//1305 6207//1304 6325//1322 6324//1323
f 6207//1307 6208//1306 6326//1324 6325//1325
f 6208//1309 6209//1308 6327//1326 6326//1327
f 6209//1310 6210//1302 6328//1328 6327//1329
f 6210//1305 6211//1304 6329//1322 6328//1323
f 6211//1307 6212//1306 6330//1324 6329//1325
f 6212//1309 6213//1308 6331//1326 6330//1327
f 6213//1310 6214//1302 6332//1328 6331//1329
f 6214//1305 6215//1304 6333//1322 6332//1323
f 6215//1307 6216//1306 6334//1324 6333//1325
f 6216//1309 6217//1308 6335//1326 6334//1327
f 6217//1310 6218//1302 6336//1328 6335//1329
f 6218//1305 6219//1304 6337//1322 6336//1323
f 6219//1307 6220//1306 6338//1324 6337//1325
f 6220//1309 6221//1308 6339//1326 6338//1327
f 6221//1310 6222//1302 6340//1328 6339//1329
f 6222//1305 6223//1304 6341//1322 6340//1323
f 6223//1307 6224//1306 6342//1324 6341//1325
f 6224//1309 6225//1308 6343//1326 6342//1327
f 6225//1310 6226//1302 6344//1328 6343//1329
f 6226//1305 6227//1304 6345//1322 6344//1323
f 6227//1307 6228//1306 6346//1324 6345//1325
f 6228//1309 6229//1308 6347//1326 6346//1327
f 6229//1310 6230//1302 6348//1328 6347//1329
f 6230//1305 6231//1304 6349//1322 6348//1323
f 6231//1307 6232//1306 6350//1324 6349//1325
f 6232//1309 6233//1308 6351//1326 6350//1327
f 6233//1310 6234//1302 6352//1328 6351//1329
f 6234//1305 6235//1304 6353//1322 6352//1323
f 6235//1307 6236//1306 6354//1324 6353//1325
f 6236//1309 6237//1308 6355//1326 6354//1327
f 6237//1310 6238//1302 6356//1328 6355//1329
f 6238//1305 6239//1304 6357//1322 6356//1323
f 6239//1307 6240//1306 6358//1324 6357//1325
f 6240//1309 6241//1308 6359//1326 6358//1327
f 6241//1310 6242//1302 6360//1328 6359//1329
f 6242//1305 6243//1304 6361//1322 6360//1323
f 6243//1307 6244//1306 6362//1324 6361//1325
f 6244//1309 6245//1308 6363//1326 6362//1327
f 6245//1321 6246//1320 6364//1339 6363//1340
f 6246//1305 6247//1304 6365//1322 6364//1323
f 6247//1307 6248//1306 6366//1324 6365//1325
f 6248//1309 6249//1308 6367//1326 6366//1327
f 6249//1303 6250//1302 6368//1328 6367//1329
f 6250//1305 6251//1304 6369//1322 6368//1323
f 6251//1307 6252//1306 6370//1324 6369//1325
f 6252//1309 6253//1308 6371//1326 6370//1327
f 6253//1303 6254//1302 6372//1328 6371//1329
f 6254//1305 6255//1304 6373//1322 6372//1323
f 6255//1307 6256//1306 6374//1324 6373//1325
f 6256//1309 6257//1308 6375//1326 6374//1327
f 6257//1303 6258//1302 6376//1328 6375//1329
f 6258//1305 6259//1304 6377//1322 6376//1323
f 6259//1307 6260//1306 6378//1324 6377//1325
f 6260//1309 6261//1308 6379//1326 6378//1327
f 6261//1303 6262//1302 6380//1328 6379//1329
f 6262//1305 6263//1304 6381//1322 6380//1323
f 6263//1307 6264//1306 6382//1324 6381//1325
f 6264//1309 6265//1308 6383//1326 6382//1327
f 6265//1303 6266//1302 6384//1328 6383//1329
f 6266//1305 6267//1304 6385//1322 6384//1323
f 6267//1307 6268//1306 6386//1324 6385//1325
f 6268//1309 6269//1308 6387//1326 6386//1327
f 6269//1303 6270//1302 6388//1328 6387//1329
f 6270//1305 6271//1304 6389//1322 6388//1323
f 6271//1307 6272//1306 6390//1324 6389//1325
f 6272//1309 6273//1308 6391//1326 6390//1327
f 6273//1303 6274//1302 6392//1328 6391//1329
f 6274//1305 6275//1304 6393//1322 6392//1323
f 6275//1307 6276//1306 6394//1324 6393//1325
f 6276//1309 6277//1308 6395//1326 6394//1327
f 6277//1310 6278//1302 6396//1328 6395//1329
f 6278//1305 6279//1304 6397//1322 6396//1323
f 6279//1307 6280//1306 6398//1324 6397//1325
f 6280//1309 6281//1308 6399//1326 6398//1327
f 6281//1310 6282//1302 6400//1328 6399//1329
f 6282//1305 6283//1304 6401//1322 6400//1323
f 6283//1307 6284//1306 6402//1324 6401//1325
f 6284//1309 6285//1308 6403//1326 6402//1327
f 6285//1310 6286//1302 6404//1328 6403//1329
f 6286//1305 6287//1304 6405//1322 6404//1323
f 6287//1307 6288//1306 6406//1324 6405//1325
f 6288//1309 6289//1308 6407//1326 6406//1327
f 6289//1310 6290//1302 6408//1328 6407//1329
f 6290//1305 6291//1304 6409//1322 6408//1323
f 6291//1307 6292//1306 6410//1324 6409//1325
f 6292//1309 6293//1308 6411//1326 6410//1327
f 6293//1303 6294//1302 6412//1328 6411//1329
f 1778//34 6190//34 6308//35 1779//35
f 6334//1327 6335//1326 6453//1341 6452//1342
f 6335//1329 6336//1328 6454//1343 6453//1344
f 6336//1323 6337//1322 6455//1345 6454//1346
f 6337//1325 6338//1324 6456//1347 6455//1348
f 6338//1327 6339//1326 6457//1341 6456//1342
f 6339//1329 6340//1328 6458//1343 6457//1344
f 6340//1323 6341//1322 6459//1345 6458//1346
f 6341//1325 6342//1324 6460//1347 6459//1348
f 6342//1327 6343//1326 6461//1341 6460//1342
f 6343//1329 6344//1328 6462//1343 6461//1344
f 6344//1323 6345//1322 6463//1345 6462//1346
f 6345//1325 6346//1324 6464//1347 6463//1348
f 6346//1327 6347//1326 6465//1341 6464//1342
f 6347//1329 6348//1328 6466//1343 6465//1344
f 6348//1323 6349//1322 6467//1345 6466//1346
f 6349//1325 6350//1324 6468//1347 6467//1348
f 6350//1327 6351//1326 6469//1341 6468//1342
f 6351//1329 6352//1328 6470//1343 6469//1344
f 6352//1323 6353//1322 6471//1345 6470//1346
f 6353//1325 6354//1324 6472//1347 6471//1348
f 6354//1327 6355//1326 6473//1341 6472//1342
f 6355//1329 6356//1328 6474//1343 6473//1344
f 6356//1323 6357//1322 6475//1345 6474//1346
f 6357//1325 6358//1324 6476//1347 6475//1348
f 6358//1327 6359//1326 6477//1341 6476//1342
f 6359//1329 6360//1328 6478//1343 6477//1344
f 6360//1323 6361//1322 6479//1345 6478//1346
f 6361//1325 6362//1324 6480//1347 6479//1348
f 6362//1327 6363//1326 6481//1341 6480//1342
f 6363//1340 6364//1339 6482//1349 6481//1350
f 6364//1323 6365//1322 6483//1345 6482//1346
f 6365//1325 6366//1324 6484//1351 6483//1348
f 6366//1327 6367//1326 6485//1341 6484//1342
f 6367//1329 6368//1328 6486//1343 6485//1344
f 6368//1323 6369//1322 6487//1345 6486//1346
f 6369//1325 6370//1324 6488//1347 6487//1348
f 6370//1327 6371//1326 6489//1341 6488//1342
f 6371//1329 6372//1328 6490//1343 6489//1344
f 6372//1323 6373//1322 6491//1345 6490//1346
f 6373//1325 6374//1324 6492//1347 6491//1348
f 6374//1327 6375//1326 6493//1341 6492//1342
f 6375//1329 6376//1328 6494//1343 6493//1344
f 6376//1323 6377//1322 6495//1345 6494//1346
f 6377//1325 6378//1324 6496//1347 6495//1348
f 6378//1327 6379//1326 6497//1341 6496//1342
f 6379//1329 6380//1328 6498//1343 6497//1344
f 6380//1323 6381//1322 6499//1345 6498//1346
f 6381//1325 6382//1324 6500//1347 6499//1348
f 6382//1327 6383//1326 6501//1341 6500//1342
f 6383//1329 6384//1328 6502//1343 6501//1344
f 6384//1323 6385//1322 6503//1345 6502//1346
f 6385//1325 6386//1324 6504//1347 6503//1348
f 6386//1327 6387//1326 6505//1341 6504//1342
f 6387//1329 6388//1328 6506//1343 6505//1344
f 6388//1323 6389//1322 6507//1345 6506//1346
f 6389//1325 6390//1324 6508//1347 6507//1348
f 6390//1327 6391//1326 6509//1341 6508//1342
f 6391//1329 6392//1328 6510//1343 6509//1344
f 6392//1323 6393//1322 6511//1345 6510//1346
f 6393//1325 6394//1324 6512//1347 6511//1348
f 6394//1327 6395//1326 6513//1341 6512//1342
f 6395//1329 6396//1328 6514//1343 6513//1352
f 6396//1323 6397//1322 6515//1345 6514//1346
f 6397//1325 6398//1324 6516//1347 6515//1348
f 6398//1327 6399//1326 6517//1341 6516//1342
f 6399//1329 6400//1328 6518//1343 6517//1344
f 6400//1323 6401//1322 6519//1345 6518//1346
f 6401//1325 6402//1324 6520//1347 6519//1348
f 6402//1327 6403//1326 6521//1341 6520//1342
f 6403//1329 6404//1328 6522//1343 6521//1344
f 6404//1323 6405//1322 6523//1345 6522//1346
f 6405//1325 6406//1324 6524//1347 6523//1348
f 6406//1327 6407//1326 6525//1341 6524//1342
f 6407//1329 6408//1328 6526//1343 6525//1344
f 6408//1323 6409//1322 6527//1345 6526//1346
f 6409//1325 6410//1324 6528//1347 6527//1348
f 6410//1327 6411//1326 6529//1341 6528//1342
f 6411//1329 6412//1328 6530//1353 6529//1344
f 1779//35 6308//35 6426//24 1780//24
f 6412//1323 6413//1322 6531//1345 6530//1346
f 6308//35 6309//1322 6427//1345 6426//24
f 6413//1325 6414//1324 6532//1347 6531//1348
f 6309//1325 6310//1324 6428//1347 6427//1348
f 6414//1327 6415//1326 6533//1341 6532//1342
f 6310//1327 6311//1326 6429//1341 6428//1342
f 6415//1329 6416//1328 6534//1343 6533//1344
f 6311//1329 6312//1328 6430//1343 6429//1344
f 6416//1323 6417//1322 6535//1345 6534//1346
f 6312//1323 6313//1322 6431//1345 6430//1346
f 6417//1325 6418//1324 6536//1347 6535//1348
f 6313//1325 6314//1324 6432//1347 6431//1348
f 6418//1327 6419//1326 6537//1341 6536//1342
f 6314//1327 6315//1326 6433//1341 6432//1342
f 6419//1331 6420//1330 6538//1354 6537//1355
f 6315//1329 6316//1328 6434//1343 6433//1344
f 6420//1333 6421//1332 6539//1356 6538//1357
f 6316//1323 6317//1322 6435//1345 6434//1346
f 6421//1332 6422//1334 6540//1358 6539//1356
f 6317//1325 6318//1324 6436//1347 6435//1348
f 6422//1336 6423//1335 6541//1359 6540//1360
f 6318//1327 6319//1326 6437//1341 6436//1342
f 6423//1335 6424//1337 6542//1361 6541//1359
f 6319//1329 6320//1328 6438//1343 6437//1344
f 6424//1337 6425//1338 6543//1362 6542//1361
f 6320//1323 6321//1322 6439//1345 6438//1346
f 6321//1325 6322//1324 6440//1347 6439//1348
f 6322//1327 6323//1326 6441//1341 6440//1342
f 6323//1329 6324//1328 6442//1343 6441//1344
f 6324//1323 6325//1322 6443//1345 6442//1346
f 6325//1325 6326//1324 6444//1347 6443//1348
f 6326//1327 6327//1326 6445//1341 6444//1342
f 6327//1329 6328//1328 6446//1343 6445//1344
f 6328//1323 6329//1322 6447//1345 6446//1346
f 6329//1325 6330//1324 6448//1347 6447//1348
f 6330//1327 6331//1326 6449//1341 6448//1342
f 6331//1329 6332//1328 6450//1343 6449//1344
f 6332//1323 6333//1322 6451//1345 6450//1346
f 6333//1325 6334//1324 6452//1347 6451//1348
f 6478//1346 6479//1345 6597//1363 6596//1364
f 6479//1348 6480//1347 6598//1365 6597//1366
f 6480//1342 6481//1341 6599//1367 6598//1368
f 6481//1350 6482//1349 6600//1369 6599//1370
f 6482//1346 6483//1345 6601//1363 6600//1364
f 6483//1348 6484//1351 6602//1371 6601//1366
f 6484//1342 6485//1341 6603//1367 6602//1368
f 6485//1344 6486//1343 6604//1372 6603//1373
f 6486//1346 6487//1345 6605//1363 6604//1364
f 6487//1348 6488//1347 6606//1365 6605//1366
f 6488//1342 6489//1341 6607//1367 6606//1368
f 6489//1344 6490//1343 6608//1372 6607//1373
f 6490//1346 6491//1345 6609//1363 6608//1364
f 6491//1348 6492//1347 6610//1365 6609//1366
f 6492//1342 6493//1341 6611//1367 6610//1368
f 6493//1344 6494//1343 6612//1372 6611//1373
f 6494//1346 6495//1345 6613//1363 6612//1364
f 6495//1348 6496//1347 6614//1365 6613//1366
f 6496//1342 6497//1341 6615//1367 6614//1368
f 6497//1344 6498//1343 6616//1372 6615//1373
f 6498//1346 6499//1345 6617//1363 6616//1364
f 6499//1348 6500//1347 6618//1365 6617//1366
f 6500//1342 6501//1341 6619//1367 6618//1368
f 6501//1344 6502//1343 6620//1372 6619//1373
f 6502//1346 6503//1345 6621//1363 6620//1364
f 6503//1348 6504//1347 6622//1365 6621//1366
f 6504//1342 6505//1341 6623//1367 6622//1368
f 6505//1344 6506//1343 6624//1372 6623//1373
f 6506//1346 6507//1345 6625//1363 6624//1364
f 6507//1348 6508//1347 6626//1365 6625//1366
f 6508//1342 6509//1341 6627//1367 6626//1368
f 6509//1344 6510//1343 6628//1372 6627//1373
f 6510//1346 6511//1345 6629//1363 6628//1364
f 6511//1348 6512//1347 6630//1365 6629//1366
f 6512//1342 6513//1341 6631//1367 6630//1368
f 6513//1352 6514//1343 6632//1372 6631//1373
f 6514//1346 6515//1345 6633//1363 6632//1364
f 6515//1348 6516//1347 6634//1365 6633//1366
f 6516//1342 6517//1341 6635//1367 6634//1368
f 6517//1344 6518//1343 6636//1372 6635//1373
f 6518//1346 6519//1345 6637//1363 6636//1364
f 6519//1348 6520//1347 6638//1365 6637//1366
f 6520//1342 6521//1341 6639//1367 6638//1368
f 6521//1344 6522//1343 6640//1372 6639//1373
f 6522//1346 6523//1345 6641//1363 6640//1364
f 6523//1348 6524//1347 6642//1365 6641//1366
f 6524//1342 6525//1341 6643//1367 6642//1368
f 6525//1344 6526//1343 6644//1372 6643//1373
f 6526//1346 6527//1345 6645//1363 6644//1364
f 6527//1348 6528//1347 6646//1365 6645//1366
f 6528//1342 6529//1341 6647//1367 6646//1368
f 6529//1344 6530//1353 6648//1372 6647//1374
f 1780//24 6426//24 6544//25 1781//25
f 6530//1346 6531//1345 6649//1363 6648//1364
f 6426//24 6427//1345 6545//1363 6544//25
f 6531//1348 6532//1347 6650//1365 6649//1366
f 6427//1348 6428//1347 6546//1365 6545//1366
f 6532//1342 6533//1341 6651//1367 6650//1368
f 6428//1342 6429//1341 6547//1367 6546//1368
f 6533//1344 6534//1343 6652//1372 6651//1373
f 6429//1344 6430//1343 6548//1372 6547//1373
f 6534//1346 6535//1345 6653//1363 6652//1364
f 6430//1346 6431//1345 6549//1363 6548//1364
f 6535//1348 6536//1347 6654//1365 6653//1366
f 6431//1348 6432//1347 6550//1365 6549//1366
f 6536//1342 6537//1341 6655//1367 6654//1368
f 6432//1342 6433//1341 6551//1367 6550//1368
f 6537//1355 6538//1354 6656//1375 6655//1376
f 6433//1344 6434//1343 6552//1372 6551//1373
f 6538//1357 6539//1356 6657//1377 6656//1378
f 6434//1346 6435//1345 6553//1363 6552//1364
f 6539//1356 6540//1358 6658//1379 6657//1377
f 6435//1348 6436//1347 6554//1365 6553//1366
f 6540//1360 6541//1359 6659//1380 6658//1381
f 6436//1342 6437//1341 6555//1367 6554//1368
f 6541//1359 6542//1361 6660//1382 6659//1380
f 6437//1344 6438//1343 6556//1372 6555//1373
f 6542//1361 6543//1362 6661//1383 6660//1382
f 6438//1346 6439//1345 6557//1363 6556//1364
f 6439//1348 6440//1347 6558//1365 6557//1366
f 6440//1342 6441//1341 6559//1367 6558//1368
f 6441//1344 6442//1343 6560//1372 6559//1373
f 6442//1346 6443//1345 6561//1363 6560//1364
f 6443//1348 6444//1347 6562//1365 6561//1366
f 6444//1342 6445//1341 6563//1367 6562//1368
f 6445//1344 6446//1343 6564//1372 6563//1373
f 6446//1346 6447//1345 6565//1363 6564//1364
f 6447//1348 6448//1347 6566//1365 6565//1366
f 6448//1342 6449//1341 6567//1367 6566//1368
f 6449//1344 6450//1343 6568//1372 6567//1373
f 6450//1346 6451//1345 6569//1363 6568//1364
f 6451//1348 6452//1347 6570//1365 6569//1366
f 6452//1342 6453//1341 6571//1367 6570//1368
f 6453//1344 6454//1343 6572//1372 6571//1373
f 6454//1346 6455//1345 6573//1363 6572//1364
f 6455//1348 6456//1347 6574//1365 6573//1366
f 6456//1342 6457//1341 6575//1367 6574//1368
f 6457//1344 6458//1343 6576//1372 6575//1373
f 6458//1346 6459//1345 6577//1363 6576//1364
f 6459//1348 6460//1347 6578//1365 6577//1366
f 6460//1342 6461//1341 6579//1367 6578//1368
f 6461//1344 6462//1343 6580//1372 6579//1374
f 6462//1346 6463//1345 6581//1363 6580//1364
f 6463//1348 6464//1347 6582//1365 6581//1366
f 6464//1342 6465//1341 6583//1367 6582//1368
f 6465//1344 6466//1343 6584//1372 6583//1373
f 6466//1346 6467//1345 6585//1363 6584//1364
f 6467//1348 6468//1347 6586//1365 6585//1366
f 6468//1342 6469//1341 6587//1367 6586//1368
f 6469//1344 6470//1343 6588//1372 6587//1373
f 6470//1346 6471//1345 6589//1363 6588//1364
f 6471//1348 6472//1347 6590//1365 6589//1366
f 6472//1342 6473//1341 6591//1367 6590//1368
f 6473//1344 6474//1343 6592//1372 6591//1373
f 6474//1346 6475//1345 6593//1363 6592//1364
f 6475//1348 6476//1347 6594//1365 6593//1366
f 6476//1342 6477//1341 6595//1367 6594//1368
f 6477//1344 6478//1343 6596//1372 6595//1373
f 6622//1368 6623//1367 6741//1384 6740//1385
f 6623//1373 6624//1372 6742//1386 6741//1387
f 6624//1364 6625//1363 6743//1388 6742//1389
f 6625//1366 6626//1365 6744//1390 6743//1391
f 6626//1368 6627//1367 6745//1384 6744//1385
f 6627//1373 6628//1372 6746//1386 6745//1387
f 6628//1364 6629//1363 6747//1388 6746//1389
f 6629//1366 6630//1365 6748//1390 6747//1391
f 6630//1368 6631//1367 6749//1384 6748//1385
f 6631//1373 6632//1372 6750//1386 6749//1387
f 6632//1364 6633//1363 6751//1388 6750//1389
f 6633//1366 6634//1365 6752//1390 6751//1391
f 6634//1368 6635//1367 6753//1384 6752//1385
f 6635//1373 6636//1372 6754//1386 6753//1387
f 6636//1364 6637//1363 6755//1388 6754//1389
f 6637//1366 6638//1365 6756//1390 6755//1391
f 6638//1368 6639//1367 6757//1384 6756//1385
f 6639//1373 6640//1372 6758//1386 6757//1387
f 6640//1364 6641//1363 6759//1388 6758//1389
f 6641//1366 6642//1365 6760//1390 6759//1391
f 6642//1368 6643//1367 6761//1384 6760//1385
f 6643//1373 6644//1372 6762//1386 6761//1387
f 6644//1364 6645//1363 6763//1388 6762//1389
f 6645//1366 6646//1365 6764//1390 6763//1391
f 6646//1368 6647//1367 6765//1384 6764//1385
f 1781//25 6544//25 6662//108 1900//108
f 6647//1374 6648//1372 6766//1386 6765//1387
f 6544//25 6545//1363 6663//1388 6662//108
f 6648//1364 6649//1363 6767//1388 6766//1389
f 6545//1366 6546//1365 6664//1390 6663//1391
f 6649//1366 6650//1365 6768//1390 6767//1391
f 6546//1368 6547//1367 6665//1384 6664//1385
f 6650//1368 6651//1367 6769//1384 6768//1385
f 6547//1373 6548//1372 6666//1386 6665//1387
f 6651//1373 6652//1372 6770//1386 6769//1387
f 6548//1364 6549//1363 6667//1388 6666//1389
f 6652//1364 6653//1363 6771//1388 6770//1389
f 6549//1366 6550//1365 6668//1390 6667//1391
f 6653//1366 6654//1365 6772//1390 6771//1391
f 6550//1368 6551//1367 6669//1384 6668//1385
f 6654//1368 6655//1367 6773//1384 6772//1385
f 6551//1373 6552//1372 6670//1386 6669//1387
f 6655//1376 6656//1375 6774//1392 6773//1393
f 6552//1364 6553//1363 6671//1388 6670//1394
f 6656//1378 6657//1377 6775//1395 6774//1396
f 6553//1366 6554//1365 6672//1390 6671//1391
f 6657//1377 6658//1379 6776//1397 6775//1395
f 6554//1368 6555//1367 6673//1384 6672//1385
f 6658//1381 6659//1380 6777//1398 6776//1399
f 6555//1373 6556//1372 6674//1386 6673//1387
f 6659//1380 6660//1382 6778//1400 6777//1398
f 6556//1364 6557//1363 6675//1388 6674//1389
f 6660//1382 6661//1383 6779//1401 6778//1400
f 6557//1366 6558//1365 6676//1390 6675//1391
f 6558//1368 6559//1367 6677//1384 6676//1385
f 6559//1373 6560//1372 6678//1386 6677//1387
f 6560//1364 6561//1363 6679//1388 6678//1394
f 6561//1366 6562//1365 6680//1390 6679//1391
f 6562//1368 6563//1367 6681//1384 6680//1385
f 6563//1373 6564//1372 6682//1386 6681//1387
f 6564//1364 6565//1363 6683//1388 6682//1389
f 6565//1366 6566//1365 6684//1390 6683//1391
f 6566//1368 6567//1367 6685//1384 6684//1385
f 6567//1373 6568//1372 6686//1386 6685//1387
f 6568//1364 6569//1363 6687//1388 6686//1394
f 6569//1366 6570//1365 6688//1390 6687//1391
f 6570//1368 6571//1367 6689//1384 6688//1385
f 6571//1373 6572//1372 6690//1386 6689//1387
f 6572//1364 6573//1363 6691//1388 6690//1389
f 6573//1366 6574//1365 6692//1390 6691//1391
f 6574//1368 6575//1367 6693//1384 6692//1385
f 6575//1373 6576//1372 6694//1386 6693//1387
f 6576//1364 6577//1363 6695//1388 6694//1394
f 6577//1366 6578//1365 6696//1390 6695//1391
f 6578//1368 6579//1367 6697//1384 6696//1385
f 6579//1374 6580//1372 6698//1386 6697//1387
f 6580//1364 6581//1363 6699//1388 6698//1389
f 6581//1366 6582//1365 6700//1390 6699//1391
f 6582//1368 6583//1367 6701//1384 6700//1385
f 6583//1373 6584//1372 6702//1386 6701//1387
f 6584//1364 6585//1363 6703//1388 6702//1394
f 6585//1366 6586//1365 6704//1390 6703//1391
f 6586//1368 6587//1367 6705//1384 6704//1385
f 6587//1373 6588//1372 6706//1386 6705//1387
f 6588//1364 6589//1363 6707//1388 6706//1389
f 6589//1366 6590//1365 6708//1390 6707//1391
f 6590//1368 6591//1367 6709//1384 6708//1385
f 6591//1373 6592//1372 6710//1386 6709//1387
f 6592//1364 6593//1363 6711//1388 6710//1394
f 6593//1366 6594//1365 6712//1390 6711//1391
f 6594//1368 6595//1367 6713//1384 6712//1385
f 6595//1373 6596//1372 6714//1386 6713//1387
f 6596//1364 6597//1363 6715//1388 6714//1389
f 6597//1366 6598//1365 6716//1390 6715//1391
f 6598//1368 6599//1367 6717//1384 6716//1385
f 6599//1370 6600//1369 6718//1402 6717//1403
f 6600//1364 6601//1363 6719//1388 6718//1389
f 6601//1366 6602//1371 6720//1390 6719//1391
f 6602//1368 6603//1367 6721//1384 6720//1385
f 6603//1373 6604//1372 6722//1386 6721//1387
f 6604//1364 6605//1363 6723//1388 6722//1389
f 6605//1366 6606//1365 6724//1390 6723//1391
f 6606//1368 6607//1367 6725//1384 6724//1385
f 6607//1373 6608//1372 6726//1386 6725//1387
f 6608//1364 6609//1363 6727//1388 6726//1389
f 6609//1366 6610//1365 6728//1390 6727//1391
f 6610//1368 6611//1367 6729//1384 6728//1385
f 6611//1373 6612//1372 6730//1386 6729//1387
f 6612//1364 6613//1363 6731//1388 6730//1389
f 6613//1366 6614//1365 6732//1390 6731//1391
f 6614//1368 6615//1367 6733//1384 6732//1385
f 6615//1373 6616//1372 6734//1386 6733//1387
f 6616//1364 6617//1363 6735//1388 6734//1389
f 6617//1366 6618//1365 6736//1390 6735//1391
f 6618//1368 6619//1367 6737//1384 6736//1385
f 6619//1373 6620//1372 6738//1386 6737//1387
f 6620//1364 6621//1363 6739//1388 6738//1389
f 6621//1366 6622//1365 6740//1390 6739//1391
f 6765//1387 6766//1386 6884//1404 6883//1405
f 1900//108 6662//108 6780//109 1901//109
f 6766//1389 6767//1388 6885//1406 6884//1407
f 6662//108 6663//1388 6781//1406 6780//109
f 6767//1391 6768//1390 6886//1408 6885//1409
f 6663//1391 6664//1390 6782//1408 6781//1409
f 6768//1385 6769//1384 6887//1410 6886//1411
f 6664//1385 6665//1384 6783//1410 6782//1411
f 6769//1387 6770//1386 6888//1404 6887//1405
f 6665//1387 6666//1386 6784//1404 6783//1405
f 6770//1389 6771//1388 6889//1406 6888//1407
f 6666//1389 6667//1388 6785//1406 6784//1407
f 6771//1391 6772//1390 6890//1408 6889//1409
f 6667//1391 6668//1390 6786//1408 6785//1409
f 6772//1385 6773//1384 6891//1410 6890//1411
f 6668//1385 6669//1384 6787//1410 6786//1411
f 6773//1393 6774//1392 6892//1412 6891//1413
f 6669//1387 6670//1386 6788//1404 6787//1405
f 6774//1396 6775//1395 6893//1414 6892//1415
f 6670//1394 6671//1388 6789//1406 6788//1407
f 6775//1395 6776//1397 6894//1416 6893//1414
f 6671//1391 6672//1390 6790//1408 6789//1409
f 6776//1399 6777//1398 6895//1417 6894//1418
f 6672//1385 6673//1384 6791//1410 6790//1411
f 6777//1398 6778//1400 6896//1419 6895//1417
f 6673//1387 6674//1386 6792//1404 6791//1405
f 6778//1400 6779//1401 6897//1420 6896//1419
f 6674//1389 6675//1388 6793//1406 6792//1407
f 6675//1391 6676//1390 6794//1408 6793//1409
f 6676//1385 6677//1384 6795//1410 6794//1411
f 6677//1387 6678//1386 6796//1404 6795//1405
f 6678//1394 6679//1388 6797//1406 6796//1407
f 6679//1391 6680//1390 6798//1408 6797//1409
f 6680//1385 6681//1384 6799//1410 6798//1411
f 6681//1387 6682//1386 6800//1404 6799//1405
f 6682//1389 6683//1388 6801//1406 6800//1407
f 6683//1391 6684//1390 6802//1408 6801//1409
f 6684//1385 6685//1384 6803//1410 6802//1411
f 6685//1387 6686//1386 6804//1404 6803//1405
f 6686//1394 6687//1388 6805//1406 6804//1407
f 6687//1391 6688//1390 6806//1408 6805//1409
f 6688//1385 6689//1384 6807//1410 6806//1411
f 6689//1387 6690//1386 6808//1404 6807//1405
f 6690//1389 6691//1388 6809//1406 6808//1407
f 6691//1391 6692//1390 6810//1408 6809//1409
f 6692//1385 6693//1384 6811//1410 6810//1411
f 6693//1387 6694//1386 6812//1404 6811//1405
f 6694//1394 6695//1388 6813//1406 6812//1407
f 6695//1391 6696//1390 6814//1408 6813//1409
f 6696//1385 6697//1384 6815//1410 6814//1411
f 6697//1387 6698//1386 6816//1404 6815//1405
f 6698//1389 6699//1388 6817//1406 6816//1407
f 6699//1391 6700//1390 6818//1408 6817//1409
f 6700//1385 6701//1384 6819//1410 6818//1411
f 6701//1387 6702//1386 6820//1404 6819//1405
f 6702//1394 6703//1388 6821//1406 6820//1407
f 6703//1391 6704//1390 6822//1408 6821//1409
f 6704//1385 6705//1384 6823//1410 6822//1411
f 6705//1387 6706//1386 6824//1404 6823//1405
f 6706//1389 6707//1388 6825//1406 6824//1407
f 6707//1391 6708//1390 6826//1408 6825//1409
f 6708//1385 6709//1384 6827//1410 6826//1411
f 6709//1387 6710//1386 6828//1404 6827//1405
f 6710//1394 6711//1388 6829//1406 6828//1407
f 6711//1391 6712//1390 6830//1408 6829//1409
f 6712//1385 6713//1384 6831//1410 6830//1411
f 6713//1387 6714//1386 6832//1404 6831//1405
f 6714//1389 6715//1388 6833//1406 6832//1407
f 6715//1391 6716//1390 6834//1408 6833//1409
f 6716//1385 6717//1384 6835//1410 6834//1411
f 6717//1403 6718//1402 6836//1421 6835//1422
f 6718//1389 6719//1388 6837//1406 6836//1407
f 6719//1391 6720//1390 6838//1408 6837//1409
f 6720//1385 6721//1384 6839//1410 6838//1411
f 6721//1387 6722//1386 6840//1404 6839//1405
f 6722//1389 6723//1388 6841//1406 6840//1407
f 6723//1391 6724//1390 6842//1408 6841//1409
f 6724//1385 6725//1384 6843//1410 6842//1411
f 6725//1387 6726//1386 6844//1404 6843//1405
f 6726//1389 6727//1388 6845//1406 6844//1407
f 6727//1391 6728//1390 6846//1408 6845//1409
f 6728//1385 6729//1384 6847//1410 6846//1411
f 6729//1387 6730//1386 6848//1404 6847//1405
f 6730//1389 6731//1388 6849//1406 6848//1407
f 6731//1391 6732//1390 6850//1408 6849//1409
f 6732//1385 6733//1384 6851//1410 6850//1411
f 6733//1387 6734//1386 6852//1404 6851//1405
f 6734//1389 6735//1388 6853//1406 6852//1407
f 6735//1391 6736//1390 6854//1408 6853//1409
f 6736//1385 6737//1384 6855//1410 6854//1411
f 6737//1387 6738//1386 6856//1404 6855//1405
f 6738//1389 6739//1388 6857//1406 6856//1407
f 6739//1391 6740//1390 6858//1408 6857//1409
f 6740//1385 6741//1384 6859//1410 6858//1411
f 6741//1387 6742//1386 6860//1404 6859//1405
f 6742//1389 6743//1388 6861//1406 6860//1407
f 6743//1391 6744//1390 6862//1408 6861//1409
f 6744//1385 6745//1384 6863//1410 6862//1411
f 6745//1387 6746//1386 6864//1404 6863//1405
f 6746//1389 6747//1388 6865//1406 6864//1407
f 6747//1391 6748//1390 6866//1408 6865//1409
f 6748//1385 6749//1384 6867//1410 6866//1411
f 6749//1387 6750//1386 6868//1423 6867//1405
f 6750//1389 6751//1388 6869//1406 6868//1407
f 6751//1391 6752//1390 6870//1408 6869//1409
f 6752//1385 6753//1384 6871//1410 6870//1411
f 6753//1387 6754//1386 6872//1404 6871//1405
f 6754//1389 6755//1388 6873//1406 6872//1407
f 6755//1391 6756//1390 6874//1408 6873//1409
f 6756//1385 6757//1384 6875//1410 6874//1411
f 6757//1387 6758//1386 6876//1404 6875//1405
f 6758//1389 6759//1388 6877//1406 6876//1407
f 6759//1391 6760//1390 6878//1408 6877//1409
f 6760//1385 6761//1384 6879//1410 6878//1411
f 6761//1387 6762//1386 6880//1404 6879//1405
f 6762//1389 6763//1388 6881//1406 6880//1407
f 6763//1391 6764//1390 6882//1408 6881//1409
f 6764//1385 6765//1384 6883//1410 6882//1411
f 6805//1409 6806//1408 6924//1424 6923//1425
f 6806//1411 6807//1410 6925//1426 6924//1427
f 6807//1405 6808//1404 6926//1428 6925//1429
f 6808//1407 6809//1406 6927//1430 6926//1431
f 6809//1409 6810//1408 6928//1424 6927//1425
f 6810//1411 6811//1410 6929//1426 6928//1427
f 6811//1405 6812//1404 6930//1428 6929//1429
f 6812//1407 6813//1406 6931//1430 6930//1431
f 6813//1409 6814//1408 6932//1424 6931//1425
f 6814//1411 6815//1410 6933//1426 6932//1427
f 6815//1405 6816//1404 6934//1428 6933//1429
f 6816//1407 6817//1406 6935//1430 6934//1431
f 6817//1409 6818//1408 6936//1424 6935//1425
f 6818//1411 6819//1410 6937//1426 6936//1427
f 6819//1405 6820//1404 6938//1428 6937//1429
f 6820//1407 6821//1406 6939//1430 6938//1431
f 6821//1409 6822//1408 6940//1424 6939//1425
f 6822//1411 6823//1410 6941//1426 6940//1427
f 6823//1405 6824//1404 6942//1428 6941//1429
f 6824//1407 6825//1406 6943//1430 6942//1431
f 6825//1409 6826//1408 6944//1424 6943//1425
f 6826//1411 6827//1410 6945//1426 6944//1427
f 6827//1405 6828//1404 6946//1428 6945//1429
f 6828//1407 6829//1406 6947//1430 6946//1431
f 6829//1409 6830//1408 6948//1424 6947//1425
f 6830//1411 6831//1410 6949//1426 6948//1427
f 6831//1405 6832//1404 6950//1428 6949//1429
f 6832//1407 6833//1406 6951//1430 6950//1431
f 6833//1409 6834//1408 6952//1424 6951//1425
f 6834//1411 6835//1410 6953//1426 6952//1427
f 6835//1422 6836//1421 6954//1432 6953//1433
f 6836//1407 6837//1406 6955//1430 6954//1431
f 6837//1409 6838//1408 6956//1424 6955//1425
f 6838//1411 6839//1410 6957//1426 6956//1427
f 6839//1405 6840//1404 6958//1428 6957//1429
f 6840//1407 6841//1406 6959//1430 6958//1431
f 6841//1409 6842//1408 6960//1424 6959//1425
f 6842//1411 6843//1410 6961//1426 6960//1427
f 6843//1405 6844//1404 6962//1428 6961//1429
f 6844//1407 6845//1406 6963//1430 6962//1431
f 6845//1409 6846//1408 6964//1424 6963//1425
f 6846//1411 6847//1410 6965//1426 6964//1427
f 6847//1405 6848//1404 6966//1428 6965//1429
f 6848//1407 6849//1406 6967//1430 6966//1431
f 6849//1409 6850//1408 6968//1424 6967//1425
f 6850//1411 6851//1410 6969//1426 6968//1427
f 6851//1405 6852//1404 6970//1428 6969//1429
f 6852//1407 6853//1406 6971//1430 6970//1431
f 6853//1409 6854//1408 6972//1424 6971//1425
f 6854//1411 6855//1410 6973//1426 6972//1427
f 6855//1405 6856//1404 6974//1428 6973//1429
f 6856//1407 6857//1406 6975//1430 6974//1431
f 6857//1409 6858//1408 6976//1424 6975//1425
f 6858//1411 6859//1410 6977//1426 6976//1427
f 6859//1405 6860//1404 6978//1428 6977//1429
f 6860//1407 6861//1406 6979//1430 6978//1431
f 6861//1409 6862//1408 6980//1424 6979//1425
f 6862//1411 6863//1410 6981//1426 6980//1427
f 6863//1405 6864//1404 6982//1428 6981//1429
f 6864//1407 6865//1406 6983//1430 6982//1431
f 6865//1409 6866//1408 6984//1424 6983//1425
f 6866//1411 6867//1410 6985//1426 6984//1427
f 6867//1405 6868//1423 6986//1428 6985//1429
f 6868//1407 6869//1406 6987//1430 6986//1431
f 6869//1409 6870//1408 6988//1424 6987//1425
f 6870//1411 6871//1410 6989//1426 6988//1427
f 6871//1405 6872//1404 6990//1428 6989//1429
f 6872//1407 6873//1406 6991//1430 6990//1431
f 6873//1409 6874//1408 6992//1424 6991//1425
f 6874//1411 6875//1410 6993//1426 6992//1427
f 6875//1405 6876//1404 6994//1428 6993//1429
f 6876//1407 6877//1406 6995//1430 6994//1431
f 6877//1409 6878//1408 6996//1424 6995//1425
f 6878//1411 6879//1410 6997//1426 6996//1427
f 6879//1405 6880//1404 6998//1428 6997//1429
f 6880//1407 6881//1406 6999//1430 6998//1431
f 6881//1409 6882//1408 7000//1424 6999//1425
f 6882//1411 6883//1410 7001//1426 7000//1427
f 6883//1405 6884//1404 7002//1428 7001//1429
f 1901//109 6780//109 6898//110 1902//110
f 6884//1407 6885//1406 7003//1430 7002//1431
f 6780//109 6781//1406 6899//1430 6898//110
f 6885//1409 6886//1408 7004//1424 7003//1425
f 6781//1409 6782//1408 6900//1424 6899//1425
f 6886//1411 6887//1410 7005//1426 7004//1427
f 6782//1411 6783//1410 6901//1426 6900//1427
f 6887//1405 6888//1404 7006//1428 7005//1429
f 6783//1405 6784//1404 6902//1428 6901//1429
f 6888//1407 6889//1406 7007//1430 7006//1431
f 6784//1407 6785//1406 6903//1430 6902//1431
f 6889//1409 6890//1408 7008//1424 7007//1425
f 6785//1409 6786//1408 6904//1424 6903//1425
f 6890//1411 6891//1410 7009//1426 7008//1427
f 6786//1411 6787//1410 6905//1426 6904//1427
f 6891//1413 6892//1412 7010//1434 7009//1435
f 6787//1405 6788//1404 6906//1428 6905//1429
f 6892//1415 6893//1414 7011//1436 7010//1437
f 6788//1407 6789//1406 6907//1430 6906//1431
f 6893//1414 6894//1416 7012//1438 7011//1436
f 6789//1409 6790//1408 6908//1424 6907//1425
f 6894//1418 6895//1417 7013//1439 7012//1440
f 6790//1411 6791//1410 6909//1426 6908//1427
f 6895//1417 6896//1419 7014//1441 7013//1439
f 6791//1405 6792//1404 6910//1428 6909//1429
f 6896//1419 6897//1420 7015//1442 7014//1441
f 6792//1407 6793//1406 6911//1430 6910//1431
f 6793//1409 6794//1408 6912//1424 6911//1425
f 6794//1411 6795//1410 6913//1426 6912//1427
f 6795//1405 6796//1404 6914//1428 6913//1429
f 6796//1407 6797//1406 6915//1430 6914//1431
f 6797//1409 6798//1408 6916//1424 6915//1425
f 6798//1411 6799//1410 6917//1426 6916//1427
f 6799//1405 6800//1404 6918//1428 6917//1429
f 6800//1407 6801//1406 6919//1430 6918//1431
f 6801//1409 6802//1408 6920//1424 6919//1425
f 6802//1411 6803//1410 6921//1426 6920//1427
f 6803//1405 6804//1404 6922//1428 6921//1429
f 6804//1407 6805//1406 6923//1430 6922//1431
f 6949//1429 6950//1428 7068//1443 7067//1444
f 6950//1431 6951//1430 7069//1445 7068//1446
f 6951//1425 6952//1424 7070//1447 7069//1448
f 6952//1427 6953//1426 7071//1449 7070//1450
f 6953//1433 6954//1432 7072//1451 7071//1452
f 6954//1431 6955//1430 7073//1445 7072//1446
f 6955//1425 6956//1424 7074//1447 7073//1448
f 6956//1427 6957//1426 7075//1449 7074//1450
f 6957//1429 6958//1428 7076//1443 7075//1444
f 6958//1431 6959//1430 7077//1445 7076//1446
f 6959//1425 6960//1424 7078//1447 7077//1448
f 6960//1427 6961//1426 7079//1449 7078//1450
f 6961//1429 6962//1428 7080//1443 7079//1444
f 6962//1431 6963//1430 7081//1445 7080//1446
f 6963//1425 6964//1424 7082//1447 7081//1448
f 6964//1427 6965//1426 7083//1449 7082//1450
f 6965//1429 6966//1428 7084//1443 7083//1444
f 6966//1431 6967//1430 7085//1445 7084//1446
f 6967//1425 6968//1424 7086//1447 7085//1448
f 6968//1427 6969//1426 7087//1449 7086//1450
f 6969//1429 6970//1428 7088//1443 7087//1444
f 6970//1431 6971//1430 7089//1445 7088//1446
f 6971//1425 6972//1424 7090//1447 7089//1448
f 6972//1427 6973//1426 7091//1449 7090//1450
f 6973//1429 6974//1428 7092//1443 7091//1444
f 6974//1431 6975//1430 7093//1445 7092//1446
f 6975//1425 6976//1424 7094//1447 7093//1448
f 6976//1427 6977//1426 7095//1449 7094//1450
f 6977//1429 6978//1428 7096//1443 7095//1444
f 6978//1431 6979//1430 7097//1445 7096//1446
f 6979//1425 6980//1424 7098//1447 7097//1448
f 6980//1427 6981//1426 7099//1449 7098//1450
f 6981//1429 6982//1428 7100//1443 7099//1444
f 6982//1431 6983//1430 7101//1445 7100//1446
f 6983//1425 6984//1424 7102//1447 7101//1448
f 6984//1427 6985//1426 7103//1449 7102//1450
f 6985//1429 6986//1428 7104//1443 7103//1453
f 6986//1431 6987//1430 7105//1445 7104//1446
f 6987//1425 6988//1424 7106//1447 7105//1448
f 6988//1427 6989//1426 7107//1449 7106//1450
f 6989//1429 6990//1428 7108//1443 7107//1444
f 6990//1431 6991//1430 7109//1445 7108//1446
f 6991//1425 6992//1424 7110//1447 7109//1448
f 6992//1427 6993//1426 7111//1449 7110//1450
f 6993//1429 6994//1428 7112//1443 7111//1444
f 6994//1431 6995//1430 7113//1445 7112//1446
f 6995//1425 6996//1424 7114//1447 7113//1448
f 6996//1427 6997//1426 7115//1449 7114//1450
f 6997//1429 6998//1428 7116//1443 7115//1444
f 6998//1431 6999//1430 7117//1445 7116//1446
f 6999//1425 7000//1424 7118//1447 7117//1448
f 7000//1427 7001//1426 7119//1449 7118//1450
f 7001//1429 7002//1428 7120//1443 7119//1444
f 1902//110 6898//110 7016//111 1903//111
f 7002//1431 7003//1430 7121//1445 7120//1446
f 6898//110 6899//1430 7017//1445 7016//111
f 7003//1425 7004//1424 7122//1447 7121//1448
f 6899//1425 6900//1424 7018//1447 7017//1448
f 7004//1427 7005//1426 7123//1449 7122//1450
f 6900//1427 6901//1426 7019//1449 7018//1450
f 7005//1429 7006//1428 7124//1443 7123//1444
f 6901//1429 6902//1428 7020//1443 7019//1444
f 7006//1431 7007//1430 7125//1445 7124//1446
f 6902//1431 6903//1430 7021//1445 7020//1446
f 7007//1425 7008//1424 7126//1447 7125//1448
f 6903//1425 6904//1424 7022//1447 7021//1448
f 7008//1427 7009//1426 7127//1449 7126//1450
f 6904//1427 6905//1426 7023//1449 7022//1450
f 7009//1435 7010//1434 7128//1454 7127//1455
f 6905//1429 6906//1428 7024//1443 7023//1444
f 7010//1437 7011//1436 7129//1456 7128//1457
f 6906//1431 6907//1430 7025//1445 7024//1446
f 7011//1436 7012//1438 7130//1458 7129//1456
f 6907//1425 6908//1424 7026//1447 7025//1448
f 7012//1440 7013//1439 7131//1459 7130//1460
f 6908//1427 6909//1426 7027//1449 7026//1450
f 7013//1439 7014//1441 7132//1461 7131//1459
f 6909//1429 6910//1428 7028//1443 7027//1444
f 7014//1441 7015//1442 7133//1462 7132//1463
f 6910//1431 6911//1430 7029//1445 7028//1446
f 6911//1425 6912//1424 7030//1447 7029//1448
f 6912//1427 6913//1426 7031//1449 7030//1450
f 6913//1429 6914//1428 7032//1443 7031//1444
f 6914//1431 6915//1430 7033//1445 7032//1446
f 6915//1425 6916//1424 7034//1447 7033//1448
f 6916//1427 6917//1426 7035//1449 7034//1450
f 6917//1429 6918//1428 7036//1443 7035//1444
f 6918//1431 6919//1430 7037//1445 7036//1446
f 6919//1425 6920//1424 7038//1447 7037//1448
f 6920//1427 6921//1426 7039//1449 7038//1450
f 6921//1429 6922//1428 7040//1443 7039//1444
f 6922//1431 6923//1430 7041//1445 7040//1446
f 6923//1425 6924//1424 7042//1447 7041//1448
f 6924//1427 6925//1426 7043//1449 7042//1450
f 6925//1429 6926//1428 7044//1443 7043//1444
f 6926//1431 6927//1430 7045//1445 7044//1446
f 6927//1425 6928//1424 7046//1447 7045//1448
f 6928//1427 6929//1426 7047//1449 7046//1450
f 6929//1429 6930//1428 7048//1443 7047//1444
f 6930//1431 6931//1430 7049//1445 7048//1446
f 6931//1425 6932//1424 7050//1447 7049//1448
f 6932//1427 6933//1426 7051//1449 7050//1450
f 6933//1429 6934//1428 7052//1443 7051//1444
f 6934//1431 6935//1430 7053//1445 7052//1446
f 6935//1425 6936//1424 7054//1447 7053//1448
f 6936//1427 6937//1426 7055//1449 7054//1450
f 6937//1429 6938//1428 7056//1443 7055//1444
f 6938//1431 6939//1430 7057//1445 7056//1446
f 6939//1425 6940//1424 7058//1447 7057//1448
f 6940//1427 6941//1426 7059//1449 7058//1450
f 6941//1429 6942//1428 7060//1443 7059//1444
f 6942//1431 6943//1430 7061//1445 7060//1446
f 6943//1425 6944//1424 7062//1447 7061//1448
f 6944//1427 6945//1426 7063//1449 7062//1450
f 6945//1429 6946//1428 7064//1443 7063//1444
f 6946//1431 6947//1430 7065//1445 7064//1446
f 6947//1425 6948//1424 7066//1447 7065//1448
f 6948//1427 6949//1426 7067//1449 7066//1450
f 7039//1444 7040//1443 7158//1464 7157//1465
f 7040//1446 7041//1445 7159//1466 7158//1467
f 7041//1448 7042//1447 7160//1468 7159//1469
f 7042//1450 7043//1449 7161//1470 7160//1471
f 7043//1444 7044//1443 7162//1464 7161//1465
f 7044//1446 7045//1445 7163//1466 7162//1467
f 7045//1448 7046//1447 7164//1468 7163//1469
f 7046//1450 7047//1449 7165//1470 7164//1471
f 7047//1444 7048//1443 7166//1464 7165//1472
f 7048//1446 7049//1445 7167//1466 7166//1467
f 7049//1448 7050//1447 7168//1468 7167//1469
f 7050//1450 7051//1449 7169//1470 7168//1471
f 7051//1444 7052//1443 7170//1464 7169//1465
f 7052//1446 7053//1445 7171//1466 7170//1467
f 7053//1448 7054//1447 7172//1468 7171//1469
f 7054//1450 7055//1449 7173//1470 7172//1471
f 7055//1444 7056//1443 7174//1464 7173//1465
f 7056//1446 7057//1445 7175//1466 7174//1473
f 7057//1448 7058//1447 7176//1468 7175//1469
f 7058//1450 7059//1449 7177//1470 7176//1471
f 7059//1444 7060//1443 7178//1464 7177//1465
f 7060//1446 7061//1445 7179//1466 7178//1473
f 7061//1448 7062//1447 7180//1468 7179//1469
f 7062//1450 7063//1449 7181//1470 7180//1471
f 7063//1444 7064//1443 7182//1464 7181//1465
f 7064//1446 7065//1445 7183//1466 7182//1473
f 7065//1448 7066//1447 7184//1468 7183//1469
f 7066//1450 7067//1449 7185//1470 7184//1471
f 7067//1444 7068//1443 7186//1464 7185//1465
f 7068//1446 7069//1445 7187//1466 7186//1473
f 7069//1448 7070//1447 7188//1468 7187//1469
f 7070//1450 7071//1449 7189//1470 7188//1471
f 7071//1452 7072//1451 7190//1474 7189//1475
f 7072//1446 7073//1445 7191//1466 7190//1473
f 7073//1448 7074//1447 7192//1468 7191//1469
f 7074//1450 7075//1449 7193//1470 7192//1471
f 7075//1444 7076//1443 7194//1464 7193//1465
f 7076//1446 7077//1445 7195//1466 7194//1473
f 7077//1448 7078//1447 7196//1468 7195//1469
f 7078//1450 7079//1449 7197//1470 7196//1471
f 7079//1444 7080//1443 7198//1464 7197//1465
f 7080//1446 7081//1445 7199//1466 7198//1473
f 7081//1448 7082//1447 7200//1468 7199//1469
f 7082//1450 7083//1449 7201//1470 7200//1471
f 7083//1444 7084//1443 7202//1464 7201//1465
f 7084//1446 7085//1445 7203//1466 7202//1473
f 7085//1448 7086//1447 7204//1468 7203//1469
f 7086//1450 7087//1449 7205//1470 7204//1471
f 7087//1444 7088//1443 7206//1464 7205//1465
f 7088//1446 7089//1445 7207//1466 7206//1473
f 7089//1448 7090//1447 7208//1468 7207//1469
f 7090//1450 7091//1449 7209//1470 7208//1471
f 7091//1444 7092//1443 7210//1464 7209//1465
f 7092//1446 7093//1445 7211//1466 7210//1473
f 7093//1448 7094//1447 7212//1468 7211//1469
f 7094//1450 7095//1449 7213//1470 7212//1471
f 7095//1444 7096//1443 7214//1464 7213//1465
f 7096//1446 7097//1445 7215//1466 7214//1473
f 7097//1448 7098//1447 7216//1468 7215//1469
f 7098//1450 7099//1449 7217//1470 7216//1471
f 7099//1444 7100//1443 7218//1464 7217//1465
f 7100//1446 7101//1445 7219//1466 7218//1473
f 7101//1448 7102//1447 7220//1468 7219//1469
f 7102//1450 7103//1449 7221//1470 7220//1471
f 7103//1453 7104//1443 7222//1464 7221//1465
f 7104//1446 7105//1445 7223//1466 7222//1473
f 7105//1448 7106//1447 7224//1468 7223//1469
f 7106//1450 7107//1449 7225//1470 7224//1471
f 7107//1444 7108//1443 7226//1464 7225//1465
f 7108//1446 7109//1445 7227//1466 7226//1473
f 7109//1448 7110//1447 7228//1468 7227//1469
f 7110//1450 7111//1449 7229//1470 7228//1471
f 7111//1444 7112//1443 7230//1464 7229//1465
f 7112//1446 7113//1445 7231//1466 7230//1473
f 7113//1448 7114//1447 7232//1468 7231//1469
f 7114//1450 7115//1449 7233//1470 7232//1471
f 7115//1444 7116//1443 7234//1464 7233//1465
f 7116//1446 7117//1445 7235//1466 7234//1473
f 7117//1448 7118//1447 7236//1468 7235//1469
f 7118//1450 7119//1449 7237//1470 7236//1471
f 7119//1444 7120//1443 7238//1464 7237//1472
f 1903//111 7016//111 7134//87 2022//87
f 7120//1446 7121//1445 7239//1466 7238//1473
f 7016//111 7017//1445 7135//1466 7134//87
f 7121//1448 7122//1447 7240//1468 7239//1469
f 7017//1448 7018//1447 7136//1468 7135//1469
f 7122//1450 7123//1449 7241//1470 7240//1471
f 7018//1450 7019//1449 7137//1470 7136//1471
f 7123//1444 7124//1443 7242//1464 7241//1465
f 7019//1444 7020//1443 7138//1464 7137//1465
f 7124//1446 7125//1445 7243//1466 7242//1473
f 7020//1446 7021//1445 7139//1466 7138//1467
f 7125//1448 7126//1447 7244//1468 7243//1469
f 7021//1448 7022//1447 7140//1468 7139//1469
f 7126//1450 7127//1449 7245//1470 7244//1471
f 7022//1450 7023//1449 7141//1470 7140//1471
f 7127//1455 7128//1454 7246//1476 7245//1477
f 7023//1444 7024//1443 7142//1464 7141//1472
f 7128//1457 7129//1456 7247//1478 7246//1479
f 7024//1446 7025//1445 7143//1466 7142//1467
f 7129//1456 7130//1458 7248//1480 7247//1478
f 7025//1448 7026//1447 7144//1468 7143//1469
f 7130//1460 7131//1459 7249//1481 7248//1482
f 7026//1450 7027//1449 7145//1470 7144//1471
f 7131//1459 7132//1461 7250//1483 7249//1481
f 7027//1444 7028//1443 7146//1464 7145//1465
f 7132//1463 7133//1462 7251//1484 7250//1485
f 7028//1446 7029//1445 7147//1466 7146//1467
f 7029//1448 7030//1447 7148//1468 7147//1469
f 7030//1450 7031//1449 7149//1470 7148//1471
f 7031//1444 7032//1443 7150//1464 7149//1465
f 7032//1446 7033//1445 7151//1466 7150//1467
f 7033//1448 7034//1447 7152//1468 7151//1469
f 7034//1450 7035//1449 7153//1470 7152//1471
f 7035//1444 7036//1443 7154//1464 7153//1472
f 7036//1446 7037//1445 7155//1466 7154//1467
f 7037//1448 7038//1447 7156//1468 7155//1469
f 7038//1450 7039//1449 7157//1470 7156//1471
f 7183//1469 7184//1468 7302//1486 7301//1487
f 7184//1471 7185//1470 7303//1488 7302//1489
f 7185//1465 7186//1464 7304//1490 7303//1491
f 7186//1473 7187//1466 7305//1492 7304//1493
f 7187//1469 7188//1468 7306//1486 7305//1487
f 7188//1471 7189//1470 7307//1488 7306//1489
f 7189//1475 7190//1474 7308//1494 7307//1495
f 7190//1473 7191//1466 7309//1492 7308//1493
f 7191//1469 7192//1468 7310//1486 7309//1496
f 7192//1471 7193//1470 7311//1488 7310//1489
f 7193//1465 7194//1464 7312//1490 7311//1491
f 7194//1473 7195//1466 7313//1492 7312//1493
f 7195//1469 7196//1468 7314//1486 7313//1487
f 7196//1471 7197//1470 7315//1488 7314//1489
f 7197//1465 7198//1464 7316//1490 7315//1491
f 7198//1473 7199//1466 7317//1492 7316//1493
f 7199//1469 7200//1468 7318//1486 7317//1487
f 7200//1471 7201//1470 7319//1488 7318//1489
f 7201//1465 7202//1464 7320//1490 7319//1491
f 7202//1473 7203//1466 7321//1492 7320//1493
f 7203//1469 7204//1468 7322//1486 7321//1487
f 7204//1471 7205//1470 7323//1488 7322//1489
f 7205//1465 7206//1464 7324//1490 7323//1491
f 7206//1473 7207//1466 7325//1492 7324//1493
f 7207//1469 7208//1468 7326//1486 7325//1487
f 7208//1471 7209//1470 7327//1488 7326//1489
f 7209//1465 7210//1464 7328//1490 7327//1491
f 7210//1473 7211//1466 7329//1492 7328//1493
f 7211//1469 7212//1468 7330//1486 7329//1487
f 7212//1471 7213//1470 7331//1488 7330//1489
f 7213//1465 7214//1464 7332//1490 7331//1491
f 7214//1473 7215//1466 7333//1492 7332//1493
f 7215//1469 7216//1468 7334//1486 7333//1487
f 7216//1471 7217//1470 7335//1488 7334//1489
f 7217//1465 7218//1464 7336//1490 7335//1491
f 7218//1473 7219//1466 7337//1492 7336//1493
f 7219//1469 7220//1468 7338//1486 7337//1487
f 7220//1471 7221//1470 7339//1488 7338//1489
f 7221//1465 7222//1464 7340//1490 7339//1491
f 7222//1473 7223//1466 7341//1492 7340//1493
f 7223//1469 7224//1468 7342//1486 7341//1487
f 7224//1471 7225//1470 7343//1488 7342//1489
f 7225//1465 7226//1464 7344//1490 7343//1491
f 7226//1473 7227//1466 7345//1492 7344//1493
f 7227//1469 7228//1468 7346//1486 7345//1487
f 7228//1471 7229//1470 7347//1488 7346//1489
f 7229//1465 7230//1464 7348//1490 7347//1491
f 7230//1473 7231//1466 7349//1492 7348//1493
f 7231//1469 7232//1468 7350//1486 7349//1487
f 7232//1471 7233//1470 7351//1488 7350//1489
f 7233//1465 7234//1464 7352//1490 7351//1491
f 7234//1473 7235//1466 7353//1492 7352//1493
f 7235//1469 7236//1468 7354//1486 7353//1487
f 7236//1471 7237//1470 7355//1488 7354//1489
f 7237//1472 7238//1464 7356//1490 7355//1491
f 2022//87 7134//87 7252//88 2023//88
f 7238//1473 7239//1466 7357//1492 7356//1493
f 7134//87 7135//1466 7253//1492 7252//88
f 7239//1469 7240//1468 7358//1486 7357//1487
f 7135//1469 7136//1468 7254//1486 7253//1487
f 7240//1471 7241//1470 7359//1488 7358//1489
f 7136//1471 7137//1470 7255//1488 7254//1489
f 7241//1465 7242//1464 7360//1490 7359//1491
f 7137//1465 7138//1464 7256//1490 7255//1491
f 7242//1473 7243//1466 7361//1492 7360//1493
f 7138//1467 7139//1466 7257//1492 7256//1493
f 7243//1469 7244//1468 7362//1486 7361//1487
f 7139//1469 7140//1468 7258//1486 7257//1487
f 7244//1471 7245//1470 7363//1488 7362//1489
f 7140//1471 7141//1470 7259//1488 7258//1489
f 7245//1477 7246//1476 7364//1497 7363//1498
f 7141//1472 7142//1464 7260//1490 7259//1491
f 7246//1479 7247//1478 7365//1499 7364//1500
f 7142//1467 7143//1466 7261//1492 7260//1493
f 7247//1478 7248//1480 7366//1501 7365//1499
f 7143//1469 7144//1468 7262//1486 7261//1487
f 7248//1482 7249//1481 7367//1502 7366//1503
f 7144//1471 7145//1470 7263//1488 7262//1489
f 7249//1481 7250//1483 7368//1504 7367//1502
f 7145//1465 7146//1464 7264//1490 7263//1491
f 7250//1485 7251//1484 7369//1505 7368//1506
f 7146//1467 7147//1466 7265//1492 7264//1493
f 7147//1469 7148//1468 7266//1486 7265//1487
f 7148//1471 7149//1470 7267//1488 7266//1489
f 7149//1465 7150//1464 7268//1490 7267//1491
f 7150//1467 7151//1466 7269//1492 7268//1493
f 7151//1469 7152//1468 7270//1486 7269//1487
f 7152//1471 7153//1470 7271//1488 7270//1489
f 7153//1472 7154//1464 7272//1490 7271//1491
f 7154//1467 7155//1466 7273//1492 7272//1493
f 7155//1469 7156//1468 7274//1486 7273//1487
f 7156//1471 7157//1470 7275//1488 7274//1489
f 7157//1465 7158//1464 7276//1490 7275//1491
f 7158//1467 7159//1466 7277//1492 7276//1493
f 7159//1469 7160//1468 7278//1486 7277//1487
f 7160//1471 7161//1470 7279//1488 7278//1489
f 7161//1465 7162//1464 7280//1490 7279//1491
f 7162//1467 7163//1466 7281//1492 7280//1493
f 7163//1469 7164//1468 7282//1486 7281//1487
f 7164//1471 7165//1470 7283//1488 7282//1489
f 7165//1472 7166//1464 7284//1490 7283//1491
f 7166//1467 7167//1466 7285//1492 7284//1493
f 7167//1469 7168//1468 7286//1486 7285//1487
f 7168//1471 7169//1470 7287//1488 7286//1489
f 7169//1465 7170//1464 7288//1490 7287//1491
f 7170//1467 7171//1466 7289//1492 7288//1493
f 7171//1469 7172//1468 7290//1486 7289//1487
f 7172//1471 7173//1470 7291//1488 7290//1489
f 7173//1465 7174//1464 7292//1490 7291//1491
f 7174//1473 7175//1466 7293//1492 7292//1493
f 7175//1469 7176//1468 7294//1486 7293//1487
f 7176//1471 7177//1470 7295//1488 7294//1489
f 7177//1465 7178//1464 7296//1490 7295//1491
f 7178//1473 7179//1466 7297//1492 7296//1493
f 7179//1469 7180//1468 7298//1486 7297//1487
f 7180//1471 7181//1470 7299//1488 7298//1489
f 7181//1465 7182//1464 7300//1490 7299//1491
f 7182//1473 7183//1466 7301//1492 7300//1493
f 7327//1491 7328//1490 7446//1507 7445//1508
f 7328//1493 7329//1492 7447//1509 7446//1510
f 7329//1487 7330//1486 7448//1511 7447//1512
f 7330//1489 7331//1488 7449//1513 7448//1514
f 7331//1491 7332//1490 7450//1507 7449//1508
f 7332//1493 7333//1492 7451//1509 7450//1510
f 7333//1487 7334//1486 7452//1511 7451//1512
f 7334//1489 7335//1488 7453//1513 7452//1514
f 7335//1491 7336//1490 7454//1507 7453//1508
f 7336//1493 7337//1492 7455//1509 7454//1510
f 7337//1487 7338//1486 7456//1511 7455//1512
f 7338//1489 7339//1488 7457//1513 7456//1514
f 7339//1491 7340//1490 7458//1515 7457//1508
f 7340//1493 7341//1492 7459//1509 7458//1510
f 7341//1487 7342//1486 7460//1511 7459//1516
f 7342//1489 7343//1488 7461//1513 7460//1514
f 7343//1491 7344//1490 7462//1507 7461//1508
f 7344//1493 7345//1492 7463//1509 7462//1510
f 7345//1487 7346//1486 7464//1511 7463//1512
f 7346//1489 7347//1488 7465//1513 7464//1514
f 7347//1491 7348//1490 7466//1507 7465//1508
f 7348//1493 7349//1492 7467//1509 7466//1510
f 7349//1487 7350//1486 7468//1511 7467//1512
f 7350//1489 7351//1488 7469//1513 7468//1514
f 7351//1491 7352//1490 7470//1507 7469//1508
f 7352//1493 7353//1492 7471//1509 7470//1510
f 7353//1487 7354//1486 7472//1511 7471//1512
f 7354//1489 7355//1488 7473//1513 7472//1514
f 7355//1491 7356//1490 7474//1507 7473//1508
f 2023//88 7252//88 7370//188 2024//188
f 7356//1493 7357//1492 7475//1509 7474//1510
f 7252//88 7253//1492 7371//1509 7370//188
f 7357//1487 7358//1486 7476//1511 7475//1512
f 7253//1487 7254//1486 7372//1511 7371//1516
f 7358//1489 7359//1488 7477//1513 7476//1514
f 7254//1489 7255//1488 7373//1513 7372//1514
f 7359//1491 7360//1490 7478//1507 7477//1508
f 7255//1491 7256//1490 7374//1507 7373//1508
f 7360//1493 7361//1492 7479//1509 7478//1510
f 7256//1493 7257//1492 7375//1509 7374//1510
f 7361//1487 7362//1486 7480//1511 7479//1512
f 7257//1487 7258//1486 7376//1511 7375//1512
f 7362//1489 7363//1488 7481//1513 7480//1514
f 7258//1489 7259//1488 7377//1513 7376//1514
f 7363//1498 7364//1497 7482//1517 7481//1518
f 7259//1491 7260//1490 7378//1507 7377//1508
f 7364//1500 7365//1499 7483//1519 7482//1520
f 7260//1493 7261//1492 7379//1509 7378//1510
f 7365//1499 7366//1501 7484//1521 7483//1519
f 7261//1487 7262//1486 7380//1511 7379//1512
f 7366//1503 7367//1502 7485//1522 7484//1523
f 7262//1489 7263//1488 7381//1513 7380//1514
f 7367//1502 7368//1504 7486//1524 7485//1522
f 7263//1491 7264//1490 7382//1507 7381//1508
f 7368//1506 7369//1505 7487//1525 7486//1526
f 7264//1493 7265//1492 7383//1509 7382//1510
f 7265//1487 7266//1486 7384//1511 7383//1516
f 7266//1489 7267//1488 7385//1513 7384//1514
f 7267//1491 7268//1490 7386//1507 7385//1508
f 7268//1493 7269//1492 7387//1509 7386//1510
f 7269//1487 7270//1486 7388//1511 7387//1512
f 7270//1489 7271//1488 7389//1513 7388//1514
f 7271//1491 7272//1490 7390//1507 7389//1508
f 7272//1493 7273//1492 7391//1509 7390//1510
f 7273//1487 7274//1486 7392//1511 7391//1512
f 7274//1489 7275//1488 7393//1513 7392//1514
f 7275//1491 7276//1490 7394//1507 7393//1508
f 7276//1493 7277//1492 7395//1509 7394//1510
f 7277//1487 7278//1486 7396//1511 7395//1512
f 7278//1489 7279//1488 7397//1513 7396//1514
f 7279//1491 7280//1490 7398//1507 7397//1508
f 7280//1493 7281//1492 7399//1509 7398//1510
f 7281//1487 7282//1486 7400//1511 7399//1512
f 7282//1489 7283//1488 7401//1513 7400//1514
f 7283//1491 7284//1490 7402//1507 7401//1508
f 7284//1493 7285//1492 7403//1509 7402//1510
f 7285//1487 7286//1486 7404//1511 7403//1512
f 7286//1489 7287//1488 7405//1513 7404//1514
f 7287//1491 7288//1490 7406//1507 7405//1508
f 7288//1493 7289//1492 7407//1509 7406//1510
f 7289//1487 7290//1486 7408//1511 7407//1512
f 7290//1489 7291//1488 7409//1513 7408//1514
f 7291//1491 7292//1490 7410//1507 7409//1508
f 7292//1493 7293//1492 7411//1509 7410//1510
f 7293//1487 7294//1486 7412//1511 7411//1512
f 7294//1489 7295//1488 7413//1513 7412//1514
f 7295//1491 7296//1490 7414//1507 7413//1508
f 7296//1493 7297//1492 7415//1509 7414//1510
f 7297//1487 7298//1486 7416//1511 7415//1512
f 7298//1489 7299//1488 7417//1513 7416//1514
f 7299//1491 7300//1490 7418//1507 7417//1508
f 7300//1493 7301//1492 7419//1509 7418//1510
f 7301//1487 7302//1486 7420//1511 7419//1512
f 7302//1489 7303//1488 7421//1513 7420//1514
f 7303//1491 7304//1490 7422//1507 7421//1508
f 7304//1493 7305//1492 7423//1509 7422//1510
f 7305//1487 7306//1486 7424//1511 7423//1512
f 7306//1489 7307//1488 7425//1513 7424//1514
f 7307//1495 7308//1494 7426//1527 7425//1528
f 7308//1493 7309//1492 7427//1509 7426//1510
f 7309//1496 7310//1486 7428//1529 7427//1530
f 7310//1489 7311//1488 7429//1513 7428//1514
f 7311//1491 7312//1490 7430//1507 7429//1508
f 7312//1493 7313//1492 7431//1509 7430//1510
f 7313//1487 7314//1486 7432//1511 7431//1512
f 7314//1489 7315//1488 7433//1513 7432//1514
f 7315//1491 7316//1490 7434//1507 7433//1508
f 7316//1493 7317//1492 7435//1509 7434//1510
f 7317//1487 7318//1486 7436//1511 7435//1512
f 7318//1489 7319//1488 7437//1513 7436//1514
f 7319//1491 7320//1490 7438//1507 7437//1508
f 7320//1493 7321//1492 7439//1509 7438//1510
f 7321//1487 7322//1486 7440//1511 7439//1512
f 7322//1489 7323//1488 7441//1513 7440//1514
f 7323//1491 7324//1490 7442//1507 7441//1508
f 7324//1493 7325//1492 7443//1509 7442//1510
f 7325//1487 7326//1486 7444//1511 7443//1512
f 7326//1489 7327//1488 7445//1513 7444//1514
f 7456//1514 7457//1513 7575//1531 7574//1532
f 7457//1508 7458//1515 7576//1533 7575//1534
f 7458//1510 7459//1509 7577//1535 7576//1536
f 7459//1516 7460//1511 7578//1537 7577//1538
f 7460//1514 7461//1513 7579//1531 7578//1532
f 7461//1508 7462//1507 7580//1533 7579//1539
f 7462//1510 7463//1509 7581//1535 7580//1536
f 7463//1512 7464//1511 7582//1537 7581//1538
f 7464//1514 7465//1513 7583//1531 7582//1532
f 7465//1508 7466//1507 7584//1533 7583//1539
f 7466//1510 7467//1509 7585//1535 7584//1536
f 7467//1512 7468//1511 7586//1537 7585//1538
f 7468//1514 7469//1513 7587//1531 7586//1532
f 7469//1508 7470//1507 7588//1533 7587//1539
f 7470//1510 7471//1509 7589//1535 7588//1536
f 7471//1512 7472//1511 7590//1537 7589//1538
f 7472//1514 7473//1513 7591//1531 7590//1532
f 7473//1508 7474//1507 7592//1540 7591//1539
f 2024//188 7370//188 7488//184 2025//184
f 7474//1510 7475//1509 7593//1535 7592//1536
f 7370//188 7371//1509 7489//1535 7488//184
f 7475//1512 7476//1511 7594//1537 7593//1538
f 7371//1516 7372//1511 7490//1537 7489//1538
f 7476//1514 7477//1513 7595//1531 7594//1532
f 7372//1514 7373//1513 7491//1531 7490//1532
f 7477//1508 7478//1507 7596//1533 7595//1539
f 7373//1508 7374//1507 7492//1533 7491//1539
f 7478//1510 7479//1509 7597//1535 7596//1536
f 7374//1510 7375//1509 7493//1535 7492//1536
f 7479//1512 7480//1511 7598//1537 7597//1538
f 7375//1512 7376//1511 7494//1537 7493//1538
f 7480//1514 7481//1513 7599//1531 7598//1532
f 7376//1514 7377//1513 7495//1531 7494//1532
f 7481//1518 7482//1517 7600//1541 7599//1542
f 7377//1508 7378//1507 7496//1533 7495//1539
f 7482//1520 7483//1519 7601//1543 7600//1544
f 7378//1510 7379//1509 7497//1535 7496//1536
f 7483//1519 7484//1521 7602//1545 7601//1543
f 7379//1512 7380//1511 7498//1537 7497//1538
f 7484//1523 7485//1522 7603//1546 7602//1547
f 7380//1514 7381//1513 7499//1531 7498//1532
f 7485//1522 7486//1524 7604//1548 7603//1546
f 7381//1508 7382//1507 7500//1533 7499//1539
f 7486//1526 7487//1525 7605//1549 7604//1550
f 7382//1510 7383//1509 7501//1535 7500//1536
f 7383//1516 7384//1511 7502//1537 7501//1538
f 7384//1514 7385//1513 7503//1531 7502//1532
f 7385//1508 7386//1507 7504//1533 7503//1539
f 7386//1510 7387//1509 7505//1535 7504//1536
f 7387//1512 7388//1511 7506//1537 7505//1538
f 7388//1514 7389//1513 7507//1531 7506//1532
f 7389//1508 7390//1507 7508//1533 7507//1539
f 7390//1510 7391//1509 7509//1535 7508//1536
f 7391//1512 7392//1511 7510//1537 7509//1538
f 7392//1514 7393//1513 7511//1531 7510//1532
f 7393//1508 7394//1507 7512//1533 7511//1539
f 7394//1510 7395//1509 7513//1535 7512//1536
f 7395//1512 7396//1511 7514//1537 7513//1538
f 7396//1514 7397//1513 7515//1531 7514//1532
f 7397//1508 7398//1507 7516//1533 7515//1539
f 7398//1510 7399//1509 7517//1535 7516//1536
f 7399//1512 7400//1511 7518//1537 7517//1538
f 7400//1514 7401//1513 7519//1531 7518//1532
f 7401//1508 7402//1507 7520//1533 7519//1539
f 7402//1510 7403//1509 7521//1535 7520//1536
f 7403//1512 7404//1511 7522//1537 7521//1538
f 7404//1514 7405//1513 7523//1531 7522//1532
f 7405//1508 7406//1507 7524//1533 7523//1539
f 7406//1510 7407//1509 7525//1535 7524//1536
f 7407//1512 7408//1511 7526//1537 7525//1538
f 7408//1514 7409//1513 7527//1531 7526//1532
f 7409//1508 7410//1507 7528//1533 7527//1539
f 7410//1510 7411//1509 7529//1535 7528//1536
f 7411//1512 7412//1511 7530//1537 7529//1538
f 7412//1514 7413//1513 7531//1531 7530//1532
f 7413//1508 7414//1507 7532//1533 7531//1539
f 7414//1510 7415//1509 7533//1535 7532//1536
f 7415//1512 7416//1511 7534//1537 7533//1538
f 7416//1514 7417//1513 7535//1531 7534//1532
f 7417//1508 7418//1507 7536//1533 7535//1539
f 7418//1510 7419//1509 7537//1535 7536//1536
f 7419//1512 7420//1511 7538//1537 7537//1538
f 7420//1514 7421//1513 7539//1531 7538//1532
f 7421//1508 7422//1507 7540//1533 7539//1539
f 7422//1510 7423//1509 7541//1535 7540//1536
f 7423//1512 7424//1511 7542//1537 7541//1538
f 7424//1514 7425//1513 7543//1531 7542//1532
f 7425//1528 7426//1527 7544//1551 7543//1552
f 7426//1510 7427//1509 7545//1535 7544//1536
f 7427//1530 7428//1529 7546//1553 7545//1538
f 7428//1514 7429//1513 7547//1531 7546//1532
f 7429//1508 7430//1507 7548//1533 7547//1539
f 7430//1510 7431//1509 7549//1535 7548//1536
f 7431//1512 7432//1511 7550//1537 7549//1538
f 7432//1514 7433//1513 7551//1531 7550//1532
f 7433//1508 7434//1507 7552//1533 7551//1539
f 7434//1510 7435//1509 7553//1535 7552//1536
f 7435//1512 7436//1511 7554//1537 7553//1538
f 7436//1514 7437//1513 7555//1531 7554//1532
f 7437//1508 7438//1507 7556//1533 7555//1539
f 7438//1510 7439//1509 7557//1535 7556//1536
f 7439//1512 7440//1511 7558//1537 7557//1538
f 7440//1514 7441//1513 7559//1531 7558//1532
f 7441//1508 7442//1507 7560//1533 7559//1539
f 7442//1510 7443//1509 7561//1535 7560//1536
f 7443//1512 7444//1511 7562//1537 7561//1538
f 7444//1514 7445//1513 7563//1531 7562//1532
f 7445//1508 7446//1507 7564//1533 7563//1539
f 7446//1510 7447//1509 7565//1535 7564//1536
f 7447//1512 7448//1511 7566//1537 7565//1538
f 7448//1514 7449//1513 7567//1531 7566//1532
f 7449//1508 7450//1507 7568//1533 7567//1539
f 7450//1510 7451//1509 7569//1535 7568//1536
f 7451//1512 7452//1511 7570//1537 7569//1538
f 7452//1514 7453//1513 7571//1531 7570//1532
f 7453//1508 7454//1507 7572//1533 7571//1539
f 7454//1510 7455//1509 7573//1535 7572//1536
f 7455//1512 7456//1511 7574//1537 7573//1538
f 7495//1539 7496//1533 7614//1554 7613//1555
f 7600//1544 7601//1543 7719//1556 7718//1557
f 7496//1536 7497//1535 7615//1558 7614//1559
f 7601//1543 7602//1545 7720//1560 7719//1556
f 7497//1538 7498//1537 7616//1561 7615//1562
f 7602//1547 7603//1546 7721//1563 7720//1564
f 7498//1532 7499//1531 7617//1565 7616//1566
f 7603//1546 7604//1548 7722//1567 7721//1563
f 7499//1539 7500//1533 7618//1554 7617//1555
f 7604//1550 7605//1549 7723//1568 7722//1569
f 7500//1536 7501//1535 7619//1570 7618//1559
f 7501//1538 7502//1537 7620//1561 7619//1562
f 7502//1532 7503//1531 7621//1565 7620//1566
f 7503//1539 7504//1533 7622//1554 7621//1555
f 7504//1536 7505//1535 7623//1558 7622//1559
f 7505//1538 7506//1537 7624//1561 7623//1562
f 7506//1532 7507//1531 7625//1565 7624//1566
f 7507//1539 7508//1533 7626//1554 7625//1555
f 7508//1536 7509//1535 7627//1558 7626//1559
f 7509//1538 7510//1537 7628//1561 7627//1562
f 7510//1532 7511//1531 7629//1565 7628//1566
f 7511//1539 7512//1533 7630//1554 7629//1555
f 7512//1536 7513//1535 7631//1558 7630//1559
f 7513//1538 7514//1537 7632//1561 7631//1562
f 7514//1532 7515//1531 7633//1565 7632//1566
f 7515//1539 7516//1533 7634//1554 7633//1555
f 7516//1536 7517//1535 7635//1558 7634//1559
f 7517//1538 7518//1537 7636//1561 7635//1562
f 7518//1532 7519//1531 7637//1565 7636//1566
f 7519//1539 7520//1533 7638//1554 7637//1555
f 7520//1536 7521//1535 7639//1558 7638//1559
f 7521//1538 7522//1537 7640//1561 7639//1562
f 7522//1532 7523//1531 7641//1565 7640//1566
f 7523//1539 7524//1533 7642//1554 7641//1555
f 7524//1536 7525//1535 7643//1558 7642//1559
f 7525//1538 7526//1537 7644//1561 7643//1562
f 7526//1532 7527//1531 7645//1565 7644//1566
f 7527//1539 7528//1533 7646//1554 7645//1555
f 7528//1536 7529//1535 7647//1558 7646//1559
f 7529//1538 7530//1537 7648//1561 7647//1562
f 7530//1532 7531//1531 7649//1565 7648//1566
f 7531//1539 7532//1533 7650//1554 7649//1555
f 7532//1536 7533//1535 7651//1558 7650//1559
f 7533//1538 7534//1537 7652//1561 7651//1562
f 7534//1532 7535//1531 7653//1565 7652//1566
f 7535//1539 7536//1533 7654//1554 7653//1555
f 7536//1536 7537//1535 7655//1558 7654//1559
f 7537//1538 7538//1537 7656//1561 7655//1562
f 7538//1532 7539//1531 7657//1565 7656//1566
f 7539//1539 7540//1533 7658//1554 7657//1555
f 7540//1536 7541//1535 7659//1558 7658//1559
f 7541//1538 7542//1537 7660//1561 7659//1562
f 7542//1532 7543//1531 7661//1565 7660//1566
f 7543//1552 7544//1551 7662//1571 7661//1572
f 7544//1536 7545//1535 7663//1558 7662//1559
f 7545//1538 7546//1553 7664//1573 7663//1562
f 7546//1532 7547//1531 7665//1565 7664//1566
f 7547//1539 7548//1533 7666//1554 7665//1555
f 7548//1536 7549//1535 7667//1570 7666//1559
f 7549//1538 7550//1537 7668//1561 7667//1562
f 7550//1532 7551//1531 7669//1565 7668//1566
f 7551//1539 7552//1533 7670//1554 7669//1555
f 7552//1536 7553//1535 7671//1570 7670//1559
f 7553//1538 7554//1537 7672//1561 7671//1562
f 7554//1532 7555//1531 7673//1565 7672//1566
f 7555//1539 7556//1533 7674//1554 7673//1555
f 7556//1536 7557//1535 7675//1558 7674//1559
f 7557//1538 7558//1537 7676//1561 7675//1562
f 7558//1532 7559//1531 7677//1565 7676//1566
f 7559//1539 7560//1533 7678//1554 7677//1555
f 7560//1536 7561//1535 7679//1558 7678//1559
f 7561//1538 7562//1537 7680//1561 7679//1562
f 7562//1532 7563//1531 7681//1565 7680//1566
f 7563//1539 7564//1533 7682//1554 7681//1555
f 7564//1536 7565//1535 7683//1558 7682//1559
f 7565//1538 7566//1537 7684//1561 7683//1562
f 7566//1532 7567//1531 7685//1565 7684//1566
f 7567//1539 7568//1533 7686//1554 7685//1555
f 7568//1536 7569//1535 7687//1558 7686//1559
f 7569//1538 7570//1537 7688//1561 7687//1562
f 7570//1532 7571//1531 7689//1565 7688//1566
f 7571//1539 7572//1533 7690//1554 7689//1555
f 7572//1536 7573//1535 7691//1558 7690//1559
f 7573//1538 7574//1537 7692//1561 7691//1562
f 7574//1532 7575//1531 7693//1565 7692//1566
f 7575//1534 7576//1533 7694//1554 7693//1555
f 7576//1536 7577//1535 7695//1558 7694//1559
f 7577//1538 7578//1537 7696//1561 7695//1562
f 7578//1532 7579//1531 7697//1565 7696//1566
f 7579//1539 7580//1533 7698//1554 7697//1555
f 7580//1536 7581//1535 7699//1558 7698//1559
f 7581//1538 7582//1537 7700//1561 7699//1562
f 7582//1532 7583//1531 7701//1565 7700//1566
f 7583//1539 7584//1533 7702//1554 7701//1555
f 7584//1536 7585//1535 7703//1558 7702//1559
f 7585//1538 7586//1537 7704//1561 7703//1562
f 7586//1532 7587//1531 7705//1565 7704//1566
f 7587//1539 7588//1533 7706//1554 7705//1555
f 7588//1536 7589//1535 7707//1558 7706//1559
f 7589//1538 7590//1537 7708//1561 7707//1562
f 7590//1532 7591//1531 7709//1565 7708//1566
f 7591//1539 7592//1540 7710//1554 7709//1555
f 2025//184 7488//184 7606//185 2144//185
f 7592//1536 7593//1535 7711//1558 7710//1559
f 7488//184 7489//1535 7607//1570 7606//185
f 7593//1538 7594//1537 7712//1573 7711//1562
f 7489//1538 7490//1537 7608//1561 7607//1562
f 7594//1532 7595//1531 7713//1565 7712//1566
f 7490//1532 7491//1531 7609//1565 7608//1566
f 7595//1539 7596//1533 7714//1554 7713//1555
f 7491//1539 7492//1533 7610//1554 7609//1555
f 7596//1536 7597//1535 7715//1558 7714//1559
f 7492//1536 7493//1535 7611//1558 7610//1559
f 7597//1538 7598//1537 7716//1561 7715//1562
f 7493//1538 7494//1537 7612//1561 7611//1562
f 7598//1532 7599//1531 7717//1565 7716//1566
f 7494//1532 7495//1531 7613//1565 7612//1566
f 7599//1542 7600//1541 7718//1574 7717//1575
f 7639//1562 7640//1561 7758//1576 7757//1577
f 7640//1566 7641//1565 7759//1578 7758//1579
f 7641//1555 7642//1554 7760//1580 7759//1581
f 7642//1559 7643//1558 7761//1582 7760//1583
f 7643//1562 7644//1561 7762//1576 7761//1577
f 7644//1566 7645//1565 7763//1578 7762//1579
f 7645//1555 7646//1554 7764//1580 7763//1581
f 7646//1559 7647//1558 7765//1582 7764//1583
f 7647//1562 7648//1561 7766//1576 7765//1577
f 7648//1566 7649//1565 7767//1578 7766//1579
f 7649//1555 7650//1554 7768//1580 7767//1581
f 7650//1559 7651//1558 7769//1582 7768//1583
f 7651//1562 7652//1561 7770//1576 7769//1577
f 7652//1566 7653//1565 7771//1578 7770//1579
f 7653//1555 7654//1554 7772//1580 7771//1581
f 7654//1559 7655//1558 7773//1582 7772//1583
f 7655//1562 7656//1561 7774//1576 7773//1577
f 7656//1566 7657//1565 7775//1578 7774//1579
f 7657//1555 7658//1554 7776//1580 7775//1581
f 7658//1559 7659//1558 7777//1582 7776//1583
f 7659//1562 7660//1561 7778//1576 7777//1577
f 7660//1566 7661//1565 7779//1578 7778//1579
f 7661//1572 7662//1571 7780//1584 7779//1585
f 7662//1559 7663//1558 7781//1582 7780//1583
f 7663//1562 7664//1573 7782//1576 7781//1586
f 7664//1566 7665//1565 7783//1578 7782//1579
f 7665//1555 7666//1554 7784//1580 7783//1581
f 7666//1559 7667//1570 7785//1582 7784//1583
f 7667//1562 7668//1561 7786//1576 7785//1577
f 7668//1566 7669//1565 7787//1578 7786//1579
f 7669//1555 7670//1554 7788//1580 7787//1581
f 7670//1559 7671//1570 7789//1582 7788//1583
f 7671//1562 7672//1561 7790//1576 7789//1577
f 7672//1566 7673//1565 7791//1578 7790//1579
f 7673//1555 7674//1554 7792//1580 7791//1581
f 7674//1559 7675//1558 7793//1582 7792//1583
f 7675//1562 7676//1561 7794//1576 7793//1577
f 7676//1566 7677//1565 7795//1578 7794//1579
f 7677//1555 7678//1554 7796//1580 7795//1581
f 7678//1559 7679//1558 7797//1582 7796//1583
f 7679//1562 7680//1561 7798//1576 7797//1577
f 7680//1566 7681//1565 7799//1578 7798//1579
f 7681//1555 7682//1554 7800//1580 7799//1581
f 7682//1559 7683//1558 7801//1582 7800//1583
f 7683//1562 7684//1561 7802//1576 7801//1577
f 7684//1566 7685//1565 7803//1578 7802//1579
f 7685//1555 7686//1554 7804//1580 7803//1581
f 7686//1559 7687//1558 7805//1582 7804//1583
f 7687//1562 7688//1561 7806//1576 7805//1577
f 7688//1566 7689//1565 7807//1578 7806//1579
f 7689//1555 7690//1554 7808//1580 7807//1581
f 7690//1559 7691//1558 7809//1582 7808//1583
f 7691//1562 7692//1561 7810//1576 7809//1577
f 7692//1566 7693//1565 7811//1578 7810//1579
f 7693//1555 7694//1554 7812//1580 7811//1581
f 7694//1559 7695//1558 7813//1582 7812//1583
f 7695//1562 7696//1561 7814//1587 7813//1577
f 7696//1566 7697//1565 7815//1578 7814//1579
f 7697//1555 7698//1554 7816//1580 7815//1581
f 7698//1559 7699//1558 7817//1582 7816//1583
f 7699//1562 7700//1561 7818//1576 7817//1577
f 7700//1566 7701//1565 7819//1578 7818//1579
f 7701//1555 7702//1554 7820//1580 7819//1581
f 7702//1559 7703//1558 7821//1582 7820//1583
f 7703//1562 7704//1561 7822//1576 7821//1577
f 7704//1566 7705//1565 7823//1578 7822//1579
f 7705//1555 7706//1554 7824//1580 7823//1581
f 7706//1559 7707//1558 7825//1582 7824//1583
f 7707//1562 7708//1561 7826//1576 7825//1577
f 7708//1566 7709//1565 7827//1578 7826//1579
f 7709//1555 7710//1554 7828//1580 7827//1581
f 2144//185 7606//185 7724//225 2145//225
f 7710//1559 7711//1558 7829//1582 7828//1583
f 7606//185 7607//1570 7725//1582 7724//225
f 7711//1562 7712//1573 7830//1576 7829//1577
f 7607//1562 7608//1561 7726//1576 7725//1577
f 7712//1566 7713//1565 7831//1578 7830//1579
f 7608//1566 7609//1565 7727//1578 7726//1579
f 7713//1555 7714//1554 7832//1580 7831//1581
f 7609//1555 7610//1554 7728//1580 7727//1581
f 7714//1559 7715//1558 7833//1582 7832//1583
f 7610//1559 7611//1558 7729//1582 7728//1583
f 7715//1562 7716//1561 7834//1576 7833//1577
f 7611//1562 7612//1561 7730//1576 7729//1577
f 7716//1566 7717//1565 7835//1578 7834//1579
f 7612//1566 7613//1565 7731//1578 7730//1579
f 7717//1575 7718//1574 7836//1588 7835//1589
f 7613//1555 7614//1554 7732//1580 7731//1581
f 7718//1557 7719//1556 7837//1590 7836//1591
f 7614//1559 7615//1558 7733//1582 7732//1583
f 7719//1556 7720//1560 7838//1592 7837//1590
f 7615//1562 7616//1561 7734//1576 7733//1577
f 7720//1564 7721//1563 7839//1593 7838//1594
f 7616//1566 7617//1565 7735//1578 7734//1579
f 7721//1563 7722//1567 7840//1595 7839//1593
f 7617//1555 7618//1554 7736//1580 7735//1581
f 7722//1569 7723//1568 7841//1596 7840//1597
f 7618//1559 7619//1570 7737//1582 7736//1583
f 7619//1562 7620//1561 7738//1576 7737//1577
f 7620//1566 7621//1565 7739//1578 7738//1579
f 7621//1555 7622//1554 7740//1580 7739//1581
f 7622//1559 7623//1558 7741//1582 7740//1583
f 7623//1562 7624//1561 7742//1576 7741//1577
f 7624//1566 7625//1565 7743//1578 7742//1579
f 7625//1555 7626//1554 7744//1580 7743//1581
f 7626//1559 7627//1558 7745//1582 7744//1583
f 7627//1562 7628//1561 7746//1576 7745//1577
f 7628//1566 7629//1565 7747//1578 7746//1579
f 7629//1555 7630//1554 7748//1580 7747//1581
f 7630//1559 7631//1558 7749//1582 7748//1583
f 7631//1562 7632//1561 7750//1576 7749//1577
f 7632//1566 7633//1565 7751//1578 7750//1579
f 7633//1555 7634//1554 7752//1580 7751//1581
f 7634//1559 7635//1558 7753//1582 7752//1583
f 7635//1562 7636//1561 7754//1576 7753//1577
f 7636//1566 7637//1565 7755//1578 7754//1579
f 7637//1555 7638//1554 7756//1580 7755//1581
f 7638//1559 7639//1558 7757//1582 7756//1583
f 7785//1577 7786//1576 7904//1598 7903//1599
f 7786//1579 7787//1578 7905//1600 7904//1601
f 7787//1581 7788//1580 7906//1602 7905//1603
f 7788//1583 7789//1582 7907//1604 7906//1605
f 7789//1577 7790//1576 7908//1598 7907//1599
f 7790//1579 7791//1578 7909//1600 7908//1601
f 7791//1581 7792//1580 7910//1602 7909//1603
f 7792//1583 7793//1582 7911//1604 7910//1605
f 7793//1577 7794//1576 7912//1598 7911//1599
f 7794//1579 7795//1578 7913//1600 7912//1601
f 7795//1581 7796//1580 7914//1602 7913//1603
f 7796//1583 7797//1582 7915//1604 7914//1605
f 7797//1577 7798//1576 7916//1598 7915//1599
f 7798//1579 7799//1578 7917//1600 7916//1601
f 7799//1581 7800//1580 7918//1602 7917//1603
f 7800//1583 7801//1582 7919//1604 7918//1605
f 7801//1577 7802//1576 7920//1598 7919//1599
f 7802//1579 7803//1578 7921//1600 7920//1601
f 7803//1581 7804//1580 7922//1602 7921//1603
f 7804//1583 7805//1582 7923//1604 7922//1605
f 7805//1577 7806//1576 7924//1598 7923//1599
f 7806//1579 7807//1578 7925//1600 7924//1601
f 7807//1581 7808//1580 7926//1602 7925//1603
f 7808//1583 7809//1582 7927//1604 7926//1605
f 7809//1577 7810//1576 7928//1598 7927//1599
f 7810//1579 7811//1578 7929//1600 7928//1601
f 7811//1581 7812//1580 7930//1606 7929//1603
f 7812//1583 7813//1582 7931//1604 7930//1605
f 7813//1577 7814//1587 7932//1598 7931//1599
f 7814//1579 7815//1578 7933//1600 7932//1601
f 7815//1581 7816//1580 7934//1602 7933//1603
f 7816//1583 7817//1582 7935//1604 7934//1605
f 7817//1577 7818//1576 7936//1598 7935//1599
f 7818//1579 7819//1578 7937//1600 7936//1601
f 7819//1581 7820//1580 7938//1602 7937//1603
f 7820//1583 7821//1582 7939//1604 7938//1605
f 7821//1577 7822//1576 7940//1598 7939//1599
f 7822//1579 7823//1578 7941//1600 7940//1601
f 7823//1581 7824//1580 7942//1602 7941//1603
f 7824//1583 7825//1582 7943//1604 7942//1605
f 7825//1577 7826//1576 7944//1598 7943//1599
f 7826//1579 7827//1578 7945//1600 7944//1601
f 7827//1581 7828//1580 7946//1602 7945//1603
f 7828//1583 7829//1582 7947//1604 7946//1605
f 7829//1577 7830//1576 7948//1598 7947//1599
f 2145//225 7724//225 7842//12 2146//12
f 7830//1579 7831//1578 7949//1600 7948//1601
f 7724//225 7725//1582 7843//1604 7842//12
f 7831//1581 7832//1580 7950//1602 7949//1603
f 7725//1577 7726//1576 7844//1598 7843//1599
f 7832//1583 7833//1582 7951//1604 7950//1605
f 7726//1579 7727//1578 7845//1600 7844//1601
f 7833//1577 7834//1576 7952//1598 7951//1599
f 7727//1581 7728//1580 7846//1602 7845//1603
f 7834//1579 7835//1578 7953//1600 7952//1601
f 7728//1583 7729//1582 7847//1604 7846//1605
f 7835//1589 7836//1588 7954//1607 7953//1608
f 7729//1577 7730//1576 7848//1598 7847//1599
f 7836//1591 7837//1590 7955//1609 7954//1610
f 7730//1579 7731//1578 7849//1600 7848//1601
f 7837//1590 7838//1592 7956//1611 7955//1609
f 7731//1581 7732//1580 7850//1602 7849//1603
f 7838//1594 7839//1593 7957//1612 7956//1613
f 7732//1583 7733//1582 7851//1604 7850//1605
f 7839//1593 7840//1595 7958//1614 7957//1612
f 7733//1577 7734//1576 7852//1598 7851//1599
f 7840//1597 7841//1596 7959//1615 7958//1616
f 7734//1579 7735//1578 7853//1600 7852//1601
f 7735//1581 7736//1580 7854//1602 7853//1603
f 7736//1583 7737//1582 7855//1604 7854//1605
f 7737//1577 7738//1576 7856//1598 7855//1599
f 7738//1579 7739//1578 7857//1600 7856//1601
f 7739//1581 7740//1580 7858//1602 7857//1603
f 7740//1583 7741//1582 7859//1604 7858//1605
f 7741//1577 7742//1576 7860//1598 7859//1599
f 7742//1579 7743//1578 7861//1600 7860//1601
f 7743//1581 7744//1580 7862//1602 7861//1603
f 7744//1583 7745//1582 7863//1604 7862//1605
f 7745//1577 7746//1576 7864//1598 7863//1599
f 7746//1579 7747//1578 7865//1600 7864//1601
f 7747//1581 7748//1580 7866//1602 7865//1603
f 7748//1583 7749//1582 7867//1604 7866//1605
f 7749//1577 7750//1576 7868//1598 7867//1599
f 7750//1579 7751//1578 7869//1600 7868//1601
f 7751//1581 7752//1580 7870//1602 7869//1603
f 7752//1583 7753//1582 7871//1604 7870//1605
f 7753//1577 7754//1576 7872//1598 7871//1599
f 7754//1579 7755//1578 7873//1600 7872//1601
f 7755//1581 7756//1580 7874//1602 7873//1603
f 7756//1583 7757//1582 7875//1604 7874//1605
f 7757//1577 7758//1576 7876//1598 7875//1599
f 7758//1579 7759//1578 7877//1600 7876//1601
f 7759//1581 7760//1580 7878//1602 7877//1603
f 7760//1583 7761//1582 7879//1604 7878//1605
f 7761//1577 7762//1576 7880//1598 7879//1599
f 7762//1579 7763//1578 7881//1600 7880//1601
f 7763//1581 7764//1580 7882//1602 7881//1603
f 7764//1583 7765//1582 7883//1604 7882//1605
f 7765//1577 7766//1576 7884//1598 7883//1599
f 7766//1579 7767//1578 7885//1600 7884//1601
f 7767//1581 7768//1580 7886//1602 7885//1603
f 7768//1583 7769//1582 7887//1604 7886//1605
f 7769//1577 7770//1576 7888//1598 7887//1599
f 7770//1579 7771//1578 7889//1600 7888//1601
f 7771//1581 7772//1580 7890//1602 7889//1603
f 7772//1583 7773//1582 7891//1604 7890//1605
f 7773//1577 7774//1576 7892//1598 7891//1599
f 7774//1579 7775//1578 7893//1600 7892//1601
f 7775//1581 7776//1580 7894//1602 7893//1603
f 7776//1583 7777//1582 7895//1604 7894//1605
f 7777//1577 7778//1576 7896//1598 7895//1599
f 7778//1579 7779//1578 7897//1600 7896//1601
f 7779//1585 7780//1584 7898//1617 7897//1618
f 7781//1586 7782//1576 7900//1619 7899//1620
f 7780//1583 7781//1582 7899//1604 7898//1605
f 7782//1579 7783//1578 7901//1600 7900//1601
f 7783//1581 7784//1580 7902//1602 7901//1603
f 7784//1583 7785//1582 7903//1604 7902//1605
f 7929//1603 7930//1606 8048//1621 8047//1622
f 7930//1605 7931//1604 8049//1623 8048//1624
f 7931//1599 7932//1598 8050//1625 8049//1626
f 7932//1601 7933//1600 8051//1627 8050//1628
f 7933//1603 7934//1602 8052//1621 8051//1622
f 7934//1605 7935//1604 8053//1623 8052//1624
f 7935//1599 7936//1598 8054//1625 8053//1629
f 7936//1601 7937//1600 8055//1627 8054//1628
f 7937//1603 7938//1602 8056//1621 8055//1622
f 7938//1605 7939//1604 8057//1623 8056//1624
f 7939//1599 7940//1598 8058//1625 8057//1629
f 7940//1601 7941//1600 8059//1627 8058//1628
f 7941//1603 7942//1602 8060//1621 8059//1622
f 7942//1605 7943//1604 8061//1623 8060//1624
f 7943//1599 7944//1598 8062//1625 8061//1629
f 7944//1601 7945//1600 8063//1627 8062//1628
f 7945//1603 7946//1602 8064//1621 8063//1622
f 2146//12 7842//12 7960//13 2147//13
f 7946//1605 7947//1604 8065//1623 8064//1624
f 7842//12 7843//1604 7961//1623 7960//13
f 7947//1599 7948//1598 8066//1625 8065//1629
f 7843//1599 7844//1598 7962//1625 7961//1629
f 7948//1601 7949//1600 8067//1627 8066//1628
f 7844//1601 7845//1600 7963//1627 7962//1628
f 7949//1603 7950//1602 8068//1621 8067//1622
f 7845//1603 7846//1602 7964//1621 7963//1622
f 7950//1605 7951//1604 8069//1623 8068//1624
f 7846//1605 7847//1604 7965//1623 7964//1624
f 7951//1599 7952//1598 8070//1625 8069//1629
f 7847//1599 7848//1598 7966//1625 7965//1629
f 7952//1601 7953//1600 8071//1627 8070//1628
f 7848//1601 7849//1600 7967//1627 7966//1628
f 7953//1608 7954//1607 8072//1630 8071//1631
f 7849//1603 7850//1602 7968//1621 7967//1622
f 7954//1610 7955//1609 8073//1632 8072//1633
f 7850//1605 7851//1604 7969//1623 7968//1624
f 7955//1609 7956//1611 8074//1634 8073//1632
f 7851//1599 7852//1598 7970//1625 7969//1629
f 7956//1613 7957//1612 8075//1635 8074//1636
f 7852//1601 7853//1600 7971//1627 7970//1628
f 7957//1612 7958//1614 8076//1637 8075//1635
f 7853//1603 7854//1602 7972//1621 7971//1622
f 7958//1616 7959//1615 8077//1638 8076//1639
f 7854//1605 7855//1604 7973//1623 7972//1624
f 7855//1599 7856//1598 7974//1625 7973//1629
f 7856//1601 7857//1600 7975//1627 7974//1628
f 7857//1603 7858//1602 7976//1621 7975//1622
f 7858//1605 7859//1604 7977//1623 7976//1624
f 7859//1599 7860//1598 7978//1625 7977//1629
f 7860//1601 7861//1600 7979//1627 7978//1628
f 7861//1603 7862//1602 7980//1621 7979//1622
f 7862//1605 7863//1604 7981//1623 7980//1624
f 7863//1599 7864//1598 7982//1625 7981//1629
f 7864//1601 7865//1600 7983//1627 7982//1628
f 7865//1603 7866//1602 7984//1621 7983//1622
f 7866//1605 7867//1604 7985//1623 7984//1624
f 7867//1599 7868//1598 7986//1625 7985//1629
f 7868//1601 7869//1600 7987//1627 7986//1628
f 7869//1603 7870//1602 7988//1621 7987//1622
f 7870//1605 7871//1604 7989//1623 7988//1624
f 7871//1599 7872//1598 7990//1625 7989//1629
f 7872//1601 7873//1600 7991//1627 7990//1628
f 7873//1603 7874//1602 7992//1621 7991//1622
f 7874//1605 7875//1604 7993//1623 7992//1624
f 7875//1599 7876//1598 7994//1625 7993//1629
f 7876//1601 7877//1600 7995//1627 7994//1628
f 7877//1603 7878//1602 7996//1621 7995//1622
f 7878//1605 7879//1604 7997//1623 7996//1624
f 7879//1599 7880//1598 7998//1625 7997//1629
f 7880//1601 7881//1600 7999//1627 7998//1628
f 7881//1603 7882//1602 8000//1621 7999//1622
f 7882//1605 7883//1604 8001//1623 8000//1624
f 7883//1599 7884//1598 8002//1625 8001//1629
f 7884//1601 7885//1600 8003//1627 8002//1628
f 7885//1603 7886//1602 8004//1621 8003//1622
f 7886//1605 7887//1604 8005//1623 8004//1624
f 7887//1599 7888//1598 8006//1625 8005//1629
f 7888//1601 7889//1600 8007//1627 8006//1628
f 7889//1603 7890//1602 8008//1621 8007//1622
f 7890//1605 7891//1604 8009//1623 8008//1624
f 7891//1599 7892//1598 8010//1625 8009//1629
f 7892//1601 7893//1600 8011//1627 8010//1628
f 7893//1603 7894//1602 8012//1621 8011//1622
f 7894//1605 7895//1604 8013//1623 8012//1624
f 7895//1599 7896//1598 8014//1625 8013//1629
f 7896//1601 7897//1600 8015//1627 8014//1628
f 7897//1618 7898//1617 8016//1640 8015//1641
f 7898//1605 7899//1604 8017//1623 8016//1624
f 7899//1620 7900//1619 8018//1642 8017//1643
f 7900//1601 7901//1600 8019//1627 8018//1628
f 7901//1603 7902//1602 8020//1621 8019//1622
f 7902//1605 7903//1604 8021//1623 8020//1624
f 7903//1599 7904//1598 8022//1625 8021//1629
f 7904//1601 7905//1600 8023//1627 8022//1628
f 7905//1603 7906//1602 8024//1621 8023//1622
f 7906//1605 7907//1604 8025//1623 8024//1624
f 7907//1599 7908//1598 8026//1625 8025//1629
f 7908//1601 7909//1600 8027//1627 8026//1628
f 7909//1603 7910//1602 8028//1621 8027//1622
f 7910//1605 7911//1604 8029//1623 8028//1624
f 7911//1599 7912//1598 8030//1625 8029//1629
f 7912//1601 7913//1600 8031//1627 8030//1628
f 7913//1603 7914//1602 8032//1621 8031//1622
f 7914//1605 7915//1604 8033//1623 8032//1624
f 7915//1599 7916//1598 8034//1625 8033//1629
f 7916//1601 7917//1600 8035//1627 8034//1628
f 7917//1603 7918//1602 8036//1621 8035//1622
f 7918//1605 7919//1604 8037//1623 8036//1624
f 7919//1599 7920//1598 8038//1625 8037//1629
f 7920//1601 7921//1600 8039//1627 8038//1628
f 7921//1603 7922//1602 8040//1621 8039//1622
f 7922//1605 7923//1604 8041//1623 8040//1624
f 7923//1599 7924//1598 8042//1625 8041//1629
f 7924//1601 7925//1600 8043//1627 8042//1628
f 7925//1603 7926//1602 8044//1621 8043//1622
f 7926//1605 7927//1604 8045//1623 8044//1624
f 7927//1599 7928//1598 8046//1625 8045//1629
f 7928//1601 7929//1600 8047//1627 8046//1628
f 8073//1632 8074//1634 8192//1644 8191//1645
f 7969//1629 7970//1625 8088//1646 8087//1647
f 8074//1636 8075//1635 8193//1648 8192//1649
f 7970//1628 7971//1627 8089//1650 8088//1651
f 8075//1635 8076//1637 8194//1652 8193//1648
f 7971//1622 7972//1621 8090//1653 8089//1654
f 8076//1639 8077//1638 8195//1655 8194//1656
f 7972//1624 7973//1623 8091//1657 8090//1658
f 7973//1629 7974//1625 8092//1646 8091//1647
f 7974//1628 7975//1627 8093//1650 8092//1651
f 7975//1622 7976//1621 8094//1653 8093//1654
f 7976//1624 7977//1623 8095//1657 8094//1658
f 7977//1629 7978//1625 8096//1646 8095//1647
f 7978//1628 7979//1627 8097//1650 8096//1651
f 7979//1622 7980//1621 8098//1653 8097//1654
f 7980//1624 7981//1623 8099//1657 8098//1658
f 7981//1629 7982//1625 8100//1646 8099//1647
f 7982//1628 7983//1627 8101//1650 8100//1651
f 7983//1622 7984//1621 8102//1653 8101//1654
f 7984//1624 7985//1623 8103//1657 8102//1658
f 7985//1629 7986//1625 8104//1646 8103//1647
f 7986//1628 7987//1627 8105//1650 8104//1651
f 7987//1622 7988//1621 8106//1653 8105//1654
f 7988//1624 7989//1623 8107//1657 8106//1658
f 7989//1629 7990//1625 8108//1646 8107//1647
f 7990//1628 7991//1627 8109//1650 8108//1651
f 7991//1622 7992//1621 8110//1653 8109//1654
f 7992//1624 7993//1623 8111//1657 8110//1658
f 7993//1629 7994//1625 8112//1646 8111//1647
f 7994//1628 7995//1627 8113//1650 8112//1651
f 7995//1622 7996//1621 8114//1653 8113//1654
f 7996//1624 7997//1623 8115//1657 8114//1658
f 7997//1629 7998//1625 8116//1646 8115//1647
f 7998//1628 7999//1627 8117//1650 8116//1651
f 7999//1622 8000//1621 8118//1653 8117//1654
f 8000//1624 8001//1623 8119//1657 8118//1658
f 8001//1629 8002//1625 8120//1646 8119//1647
f 8002//1628 8003//1627 8121//1650 8120//1651
f 8003//1622 8004//1621 8122//1653 8121//1654
f 8004//1624 8005//1623 8123//1657 8122//1658
f 8005//1629 8006//1625 8124//1646 8123//1647
f 8006//1628 8007//1627 8125//1650 8124//1651
f 8007//1622 8008//1621 8126//1653 8125//1654
f 8008//1624 8009//1623 8127//1657 8126//1658
f 8009//1629 8010//1625 8128//1646 8127//1647
f 8010//1628 8011//1627 8129//1650 8128//1651
f 8011//1622 8012//1621 8130//1653 8129//1654
f 8012//1624 8013//1623 8131//1657 8130//1658
f 8013//1629 8014//1625 8132//1646 8131//1647
f 8014//1628 8015//1627 8133//1650 8132//1651
f 8015//1641 8016//1640 8134//1659 8133//1660
f 8016//1624 8017//1623 8135//1657 8134//1658
f 8017//1643 8018//1642 8136//1661 8135//1662
f 8018//1628 8019//1627 8137//1650 8136//1651
f 8019//1622 8020//1621 8138//1653 8137//1654
f 8020//1624 8021//1623 8139//1657 8138//1658
f 8021//1629 8022//1625 8140//1646 8139//1647
f 8022//1628 8023//1627 8141//1650 8140//1651
f 8023//1622 8024//1621 8142//1653 8141//1654
f 8024//1624 8025//1623 8143//1657 8142//1658
f 8025//1629 8026//1625 8144//1646 8143//1647
f 8026//1628 8027//1627 8145//1650 8144//1651
f 8027//1622 8028//1621 8146//1653 8145//1654
f 8028//1624 8029//1623 8147//1657 8146//1658
f 8029//1629 8030//1625 8148//1646 8147//1647
f 8030//1628 8031//1627 8149//1650 8148//1651
f 8031//1622 8032//1621 8150//1653 8149//1654
f 8032//1624 8033//1623 8151//1657 8150//1658
f 8033//1629 8034//1625 8152//1646 8151//1647
f 8034//1628 8035//1627 8153//1650 8152//1651
f 8035//1622 8036//1621 8154//1653 8153//1654
f 8036//1624 8037//1623 8155//1657 8154//1658
f 8037//1629 8038//1625 8156//1646 8155//1647
f 8038//1628 8039//1627 8157//1650 8156//1651
f 8039//1622 8040//1621 8158//1653 8157//1654
f 8040//1624 8041//1623 8159//1657 8158//1658
f 8041//1629 8042//1625 8160//1646 8159//1647
f 8042//1628 8043//1627 8161//1650 8160//1651
f 8043//1622 8044//1621 8162//1653 8161//1654
f 8044//1624 8045//1623 8163//1657 8162//1658
f 8045//1629 8046//1625 8164//1646 8163//1647
f 8046//1628 8047//1627 8165//1650 8164//1651
f 8047//1622 8048//1621 8166//1653 8165//1654
f 8048//1624 8049//1623 8167//1657 8166//1658
f 8049//1626 8050//1625 8168//1646 8167//1647
f 8050//1628 8051//1627 8169//1650 8168//1651
f 8051//1622 8052//1621 8170//1653 8169//1654
f 8052//1624 8053//1623 8171//1657 8170//1658
f 8053//1629 8054//1625 8172//1646 8171//1647
f 8054//1628 8055//1627 8173//1650 8172//1651
f 8055//1622 8056//1621 8174//1653 8173//1654
f 8056//1624 8057//1623 8175//1657 8174//1658
f 8057//1629 8058//1625 8176//1646 8175//1647
f 8058//1628 8059//1627 8177//1650 8176//1651
f 8059//1622 8060//1621 8178//1653 8177//1654
f 8060//1624 8061//1623 8179//1657 8178//1658
f 8061//1629 8062//1625 8180//1646 8179//1647
f 8062//1628 8063//1627 8181//1650 8180//1651
f 8063//1622 8064//1621 8182//1653 8181//1654
f 2147//13 7960//13 8078//103 2266//103
f 8064//1624 8065//1623 8183//1657 8182//1658
f 7960//13 7961//1623 8079//1657 8078//103
f 8065//1629 8066//1625 8184//1646 8183//1647
f 7961//1629 7962//1625 8080//1646 8079//1647
f 8066//1628 8067//1627 8185//1650 8184//1651
f 7962//1628 7963//1627 8081//1650 8080//1651
f 8067//1622 8068//1621 8186//1653 8185//1654
f 7963//1622 7964//1621 8082//1653 8081//1654
f 8068//1624 8069//1623 8187//1657 8186//1658
f 7964//1624 7965//1623 8083//1657 8082//1658
f 8069//1629 8070//1625 8188//1646 8187//1647
f 7965//1629 7966//1625 8084//1646 8083//1647
f 8070//1628 8071//1627 8189//1650 8188//1651
f 7966//1628 7967//1627 8085//1650 8084//1651
f 8071//1631 8072//1630 8190//1663 8189//1664
f 7967//1622 7968//1621 8086//1653 8085//1654
f 8072//1633 8073//1632 8191//1645 8190//1665
f 7968//1624 7969//1623 8087//1657 8086//1658
f 8113//1654 8114//1653 8232//1666 8231//1667
f 8114//1658 8115//1657 8233//1668 8232//1669
f 8115//1647 8116//1646 8234//1670 8233//1671
f 8116//1651 8117//1650 8235//1672 8234//1673
f 8117//1654 8118//1653 8236//1666 8235//1674
f 8118//1658 8119//1657 8237//1668 8236//1669
f 8119//1647 8120//1646 8238//1670 8237//1671
f 8120//1651 8121//1650 8239//1672 8238//1673
f 8121//1654 8122//1653 8240//1666 8239//1667
f 8122//1658 8123//1657 8241//1668 8240//1669
f 8123//1647 8124//1646 8242//1670 8241//1671
f 8124//1651 8125//1650 8243//1672 8242//1673
f 8125//1654 8126//1653 8244//1666 8243//1674
f 8126//1658 8127//1657 8245//1668 8244//1669
f 8127//1647 8128//1646 8246//1670 8245//1671
f 8128//1651 8129//1650 8247//1672 8246//1673
f 8129//1654 8130//1653 8248//1666 8247//1667
f 8130//1658 8131//1657 8249//1668 8248//1669
f 8131//1647 8132//1646 8250//1670 8249//1671
f 8132//1651 8133//1650 8251//1672 8250//1673
f 8133//1660 8134//1659 8252//1675 8251//1676
f 8134//1658 8135//1657 8253//1668 8252//1669
f 8135//1662 8136//1661 8254//1677 8253//1678
f 8136//1651 8137//1650 8255//1672 8254//1673
f 8137//1654 8138//1653 8256//1666 8255//1667
f 8138//1658 8139//1657 8257//1668 8256//1669
f 8139//1647 8140//1646 8258//1670 8257//1671
f 8140//1651 8141//1650 8259//1672 8258//1673
f 8141//1654 8142//1653 8260//1666 8259//1667
f 8142//1658 8143//1657 8261//1668 8260//1669
f 8143//1647 8144//1646 8262//1670 8261//1671
f 8144//1651 8145//1650 8263//1672 8262//1673
f 8145//1654 8146//1653 8264//1666 8263//1667
f 8146//1658 8147//1657 8265//1668 8264//1669
f 8147//1647 8148//1646 8266//1670 8265//1671
f 8148//1651 8149//1650 8267//1672 8266//1673
f 8149//1654 8150//1653 8268//1666 8267//1667
f 8150//1658 8151//1657 8269//1668 8268//1669
f 8151//1647 8152//1646 8270//1670 8269//1671
f 8152//1651 8153//1650 8271//1672 8270//1673
f 8153//1654 8154//1653 8272//1666 8271//1667
f 8154//1658 8155//1657 8273//1668 8272//1669
f 8155//1647 8156//1646 8274//1670 8273//1671
f 8156//1651 8157//1650 8275//1672 8274//1673
f 8157//1654 8158//1653 8276//1666 8275//1667
f 8158//1658 8159//1657 8277//1668 8276//1669
f 8159//1647 8160//1646 8278//1670 8277//1671
f 8160//1651 8161//1650 8279//1672 8278//1673
f 8161//1654 8162//1653 8280//1666 8279//1667
f 8162//1658 8163//1657 8281//1668 8280//1669
f 8163//1647 8164//1646 8282//1670 8281//1671
f 8164//1651 8165//1650 8283//1672 8282//1673
f 8165//1654 8166//1653 8284//1666 8283//1667
f 8166//1658 8167//1657 8285//1668 8284//1669
f 8167//1647 8168//1646 8286//1670 8285//1671
f 8168//1651 8169//1650 8287//1672 8286//1673
f 8169//1654 8170//1653 8288//1666 8287//1667
f 8170//1658 8171//1657 8289//1668 8288//1669
f 8171//1647 8172//1646 8290//1670 8289//1671
f 8172//1651 8173//1650 8291//1672 8290//1673
f 8173//1654 8174//1653 8292//1666 8291//1667
f 8174//1658 8175//1657 8293//1668 8292//1669
f 8175//1647 8176//1646 8294//1670 8293//1671
f 8176//1651 8177//1650 8295//1672 8294//1673
f 8177//1654 8178//1653 8296//1666 8295//1667
f 8178//1658 8179//1657 8297//1668 8296//1669
f 8179//1647 8180//1646 8298//1670 8297//1671
f 8180//1651 8181//1650 8299//1672 8298//1673
f 8181//1654 8182//1653 8300//1666 8299//1667
f 2266//103 8078//103 8196//104 2267//104
f 8182//1658 8183//1657 8301//1668 8300//1669
f 8078//103 8079//1657 8197//1668 8196//104
f 8183//1647 8184//1646 8302//1679 8301//1671
f 8079//1647 8080//1646 8198//1670 8197//1671
f 8184//1651 8185//1650 8303//1672 8302//1673
f 8080//1651 8081//1650 8199//1672 8198//1673
f 8185//1654 8186//1653 8304//1666 8303//1667
f 8081//1654 8082//1653 8200//1666 8199//1667
f 8186//1658 8187//1657 8305//1668 8304//1669
f 8082//1658 8083//1657 8201//1668 8200//1669
f 8187//1647 8188//1646 8306//1670 8305//1671
f 8083//1647 8084//1646 8202//1670 8201//1671
f 8188//1651 8189//1650 8307//1672 8306//1673
f 8084//1651 8085//1650 8203//1672 8202//1673
f 8189//1664 8190//1663 8308//1680 8307//1681
f 8085//1654 8086//1653 8204//1666 8203//1667
f 8190//1665 8191//1645 8309//1682 8308//1683
f 8086//1658 8087//1657 8205//1668 8204//1669
f 8191//1645 8192//1644 8310//1684 8309//1682
f 8087//1647 8088//1646 8206//1670 8205//1671
f 8192//1649 8193//1648 8311//1685 8310//1686
f 8088//1651 8089//1650 8207//1672 8206//1673
f 8193//1648 8194//1652 8312//1687 8311//1685
f 8089//1654 8090//1653 8208//1666 8207//1667
f 8194//1656 8195//1655 8313//1688 8312//1689
f 8090//1658 8091//1657 8209//1668 8208//1669
f 8091//1647 8092//1646 8210//1670 8209//1671
f 8092//1651 8093//1650 8211//1672 8210//1673
f 8093//1654 8094//1653 8212//1666 8211//1667
f 8094//1658 8095//1657 8213//1668 8212//1669
f 8095//1647 8096//1646 8214//1670 8213//1671
f 8096//1651 8097//1650 8215//1672 8214//1673
f 8097//1654 8098//1653 8216//1666 8215//1667
f 8098//1658 8099//1657 8217//1668 8216//1669
f 8099//1647 8100//1646 8218//1670 8217//1671
f 8100//1651 8101//1650 8219//1672 8218//1673
f 8101//1654 8102//1653 8220//1666 8219//1667
f 8102//1658 8103//1657 8221//1668 8220//1669
f 8103//1647 8104//1646 8222//1670 8221//1671
f 8104//1651 8105//1650 8223//1672 8222//1673
f 8105//1654 8106//1653 8224//1666 8223//1667
f 8106//1658 8107//1657 8225//1668 8224//1669
f 8107//1647 8108//1646 8226//1670 8225//1671
f 8108//1651 8109//1650 8227//1672 8226//1673
f 8109//1654 8110//1653 8228//1666 8227//1667
f 8110//1658 8111//1657 8229//1668 8228//1669
f 8111//1647 8112//1646 8230//1670 8229//1671
f 8112//1651 8113//1650 8231//1672 8230//1673
f 8257//1671 8258//1670 8376//1690 8375//1691
f 8258//1673 8259//1672 8377//1692 8376//1693
f 8259//1667 8260//1666 8378//1694 8377//1695
f 8260//1669 8261//1668 8379//1696 8378//1697
f 8261//1671 8262//1670 8380//1690 8379//1698
f 8262//1673 8263//1672 8381//1692 8380//1693
f 8263//1667 8264//1666 8382//1694 8381//1695
f 8264//1669 8265//1668 8383//1696 8382//1697
f 8265//1671 8266//1670 8384//1690 8383//1691
f 8266//1673 8267//1672 8385//1692 8384//1693
f 8267//1667 8268//1666 8386//1694 8385//1695
f 8268//1669 8269//1668 8387//1696 8386//1697
f 8269//1671 8270//1670 8388//1690 8387//1691
f 8270//1673 8271//1672 8389//1692 8388//1693
f 8271//1667 8272//1666 8390//1694 8389//1695
f 8272//1669 8273//1668 8391//1696 8390//1697
f 8273//1671 8274//1670 8392//1690 8391//1691
f 8274//1673 8275//1672 8393//1692 8392//1693
f 8275//1667 8276//1666 8394//1694 8393//1695
f 8276//1669 8277//1668 8395//1696 8394//1697
f 8277//1671 8278//1670 8396//1690 8395//1698
f 8278//1673 8279//1672 8397//1692 8396//1693
f 8279//1667 8280//1666 8398//1694 8397//1695
f 8280//1669 8281//1668 8399//1696 8398//1697
f 8281//1671 8282//1670 8400//1690 8399//1691
f 8282//1673 8283//1672 8401//1692 8400//1693
f 8283//1667 8284//1666 8402//1694 8401//1695
f 8284//1669 8285//1668 8403//1696 8402//1697
f 8285//1671 8286//1670 8404//1699 8403//1691
f 8286//1673 8287//1672 8405//1692 8404//1693
f 8287//1667 8288//1666 8406//1694 8405//1695
f 8288//1669 8289//1668 8407//1696 8406//1697
f 8289//1671 8290//1670 8408//1690 8407//1691
f 8290//1673 8291//1672 8409//1692 8408//1693
f 8291//1667 8292//1666 8410//1694 8409//1695
f 8292//1669 8293//1668 8411//1696 8410//1697
f 8293//1671 8294//1670 8412//1690 8411//1691
f 8294//1673 8295//1672 8413//1692 8412//1693
f 8295//1667 8296//1666 8414//1694 8413//1695
f 8296//1669 8297//1668 8415//1696 8414//1697
f 8297//1671 8298//1670 8416//1690 8415//1691
f 8298//1673 8299//1672 8417//1692 8416//1693
f 8299//1667 8300//1666 8418//1694 8417//1700
f 2267//104 8196//104 8314//78 2268//78
f 8300//1669 8301//1668 8419//1696 8418//1697
f 8196//104 8197//1668 8315//1696 8314//78
f 8301//1671 8302//1679 8420//1690 8419//1698
f 8197//1671 8198//1670 8316//1690 8315//1691
f 8302//1673 8303//1672 8421//1692 8420//1693
f 8198//1673 8199//1672 8317//1692 8316//1693
f 8303//1667 8304//1666 8422//1694 8421//1695
f 8199//1667 8200//1666 8318//1694 8317//1695
f 8304//1669 8305//1668 8423//1696 8422//1697
f 8200//1669 8201//1668 8319//1696 8318//1697
f 8305//1671 8306//1670 8424//1690 8423//1691
f 8201//1671 8202//1670 8320//1690 8319//1691
f 8306//1673 8307//1672 8425//1692 8424//1693
f 8202//1673 8203//1672 8321//1692 8320//1693
f 8307//1681 8308//1680 8426//1694 8425//1695
f 8203//1667 8204//1666 8322//1694 8321//1695
f 8308//1683 8309//1682 8427//1701 8426//1702
f 8204//1669 8205//1668 8323//1696 8322//1697
f 8309//1682 8310//1684 8428//1703 8427//1701
f 8205//1671 8206//1670 8324//1690 8323//1691
f 8310//1686 8311//1685 8429//1704 8428//1705
f 8206//1673 8207//1672 8325//1692 8324//1693
f 8311//1685 8312//1687 8430//1706 8429//1704
f 8207//1667 8208//1666 8326//1694 8325//1695
f 8312//1689 8313//1688 8431//1707 8430//1708
f 8208//1669 8209//1668 8327//1696 8326//1697
f 8209//1671 8210//1670 8328//1690 8327//1691
f 8210//1673 8211//1672 8329//1692 8328//1693
f 8211//1667 8212//1666 8330//1694 8329//1695
f 8212//1669 8213//1668 8331//1696 8330//1697
f 8213//1671 8214//1670 8332//1690 8331//1691
f 8214//1673 8215//1672 8333//1692 8332//1693
f 8215//1667 8216//1666 8334//1694 8333//1695
f 8216//1669 8217//1668 8335//1696 8334//1697
f 8217//1671 8218//1670 8336//1690 8335//1691
f 8218//1673 8219//1672 8337//1692 8336//1693
f 8219//1667 8220//1666 8338//1694 8337//1695
f 8220//1669 8221//1668 8339//1696 8338//1697
f 8221//1671 8222//1670 8340//1690 8339//1691
f 8222//1673 8223//1672 8341//1692 8340//1693
f 8223//1667 8224//1666 8342//1694 8341//1695
f 8224//1669 8225//1668 8343//1696 8342//1697
f 8225//1671 8226//1670 8344//1690 8343//1691
f 8226//1673 8227//1672 8345//1692 8344//1693
f 8227//1667 8228//1666 8346//1694 8345//1695
f 8228//1669 8229//1668 8347//1696 8346//1697
f 8229//1671 8230//1670 8348//1690 8347//1691
f 8230//1673 8231//1672 8349//1692 8348//1693
f 8231//1667 8232//1666 8350//1694 8349//1695
f 8232//1669 8233//1668 8351//1696 8350//1697
f 8233//1671 8234//1670 8352//1690 8351//1691
f 8234//1673 8235//1672 8353//1692 8352//1693
f 8235//1674 8236//1666 8354//1694 8353//1695
f 8236//1669 8237//1668 8355//1696 8354//1697
f 8237//1671 8238//1670 8356//1690 8355//1691
f 8238//1673 8239//1672 8357//1692 8356//1693
f 8239//1667 8240//1666 8358//1694 8357//1695
f 8240//1669 8241//1668 8359//1696 8358//1697
f 8241//1671 8242//1670 8360//1690 8359//1691
f 8242//1673 8243//1672 8361//1692 8360//1693
f 8243//1674 8244//1666 8362//1694 8361//1695
f 8244//1669 8245//1668 8363//1696 8362//1697
f 8245//1671 8246//1670 8364//1690 8363//1691
f 8246//1673 8247//1672 8365//1692 8364//1693
f 8247//1667 8248//1666 8366//1694 8365//1695
f 8248//1669 8249//1668 8367//1696 8366//1697
f 8249//1671 8250//1670 8368//1690 8367//1691
f 8250//1673 8251//1672 8369//1692 8368//1693
f 8251//1676 8252//1675 8370//1709 8369//1710
f 8252//1669 8253//1668 8371//1696 8370//1697
f 8253//1678 8254//1677 8372//1711 8371//1712
f 8254//1673 8255//1672 8373//1692 8372//1693
f 8255//1667 8256//1666 8374//1694 8373//1695
f 8256//1669 8257//1668 8375//1696 8374//1697
f 8401//1695 8402//1694 8520//1713 8519//1714
f 8402//1697 8403//1696 8521//1715 8520//1716
f 8403//1691 8404//1699 8522//1717 8521//1718
f 8404//1693 8405//1692 8523//1719 8522//1720
f 8405//1695 8406//1694 8524//1713 8523//1714
f 8406//1697 8407//1696 8525//1715 8524//1716
f 8407//1691 8408//1690 8526//1717 8525//1718
f 8408//1693 8409//1692 8527//1719 8526//1720
f 8409//1695 8410//1694 8528//1713 8527//1714
f 8410//1697 8411//1696 8529//1715 8528//1716
f 8411//1691 8412//1690 8530//1717 8529//1718
f 8412//1693 8413//1692 8531//1719 8530//1720
f 8413//1695 8414//1694 8532//1713 8531//1714
f 8414//1697 8415//1696 8533//1715 8532//1716
f 8415//1691 8416//1690 8534//1717 8533//1718
f 8416//1693 8417//1692 8535//1719 8534//1720
f 8417//1700 8418//1694 8536//1713 8535//1714
f 2268//78 8314//78 8432//79 2269//79
f 8418//1697 8419//1696 8537//1715 8536//1716
f 8314//78 8315//1696 8433//1715 8432//79
f 8419//1698 8420//1690 8538//1717 8537//1718
f 8315//1691 8316//1690 8434//1717 8433//1718
f 8420//1693 8421//1692 8539//1719 8538//1720
f 8316//1693 8317//1692 8435//1719 8434//1720
f 8421//1695 8422//1694 8540//1713 8539//1714
f 8317//1695 8318//1694 8436//1713 8435//1714
f 8422//1697 8423//1696 8541//1715 8540//1716
f 8318//1697 8319//1696 8437//1715 8436//1716
f 8423//1691 8424//1690 8542//1717 8541//1718
f 8319//1691 8320//1690 8438//1717 8437//1718
f 8424//1693 8425//1692 8543//1719 8542//1720
f 8320//1693 8321//1692 8439//1719 8438//1720
f 8425//1695 8426//1694 8544//1713 8543//1714
f 8321//1695 8322//1694 8440//1713 8439//1714
f 8426//1702 8427//1701 8545//1721 8544//1722
f 8322//1697 8323//1696 8441//1715 8440//1716
f 8427//1701 8428//1703 8546//1723 8545//1721
f 8323//1691 8324//1690 8442//1717 8441//1718
f 8428//1705 8429//1704 8547//1724 8546//1725
f 8324//1693 8325//1692 8443//1719 8442//1720
f 8429//1704 8430//1706 8548//1726 8547//1724
f 8325//1695 8326//1694 8444//1713 8443//1714
f 8430//1708 8431//1707 8549//1727 8548//1728
f 8326//1697 8327//1696 8445//1715 8444//1716
f 8327//1691 8328//1690 8446//1717 8445//1718
f 8328//1693 8329//1692 8447//1719 8446//1720
f 8329//1695 8330//1694 8448//1713 8447//1714
f 8330//1697 8331//1696 8449//1715 8448//1716
f 8331//1691 8332//1690 8450//1717 8449//1718
f 8332//1693 8333//1692 8451//1719 8450//1720
f 8333//1695 8334//1694 8452//1713 8451//1714
f 8334//1697 8335//1696 8453//1715 8452//1716
f 8335//1691 8336//1690 8454//1717 8453//1718
f 8336//1693 8337//1692 8455//1719 8454//1720
f 8337//1695 8338//1694 8456//1713 8455//1714
f 8338//1697 8339//1696 8457//1715 8456//1716
f 8339//1691 8340//1690 8458//1717 8457//1718
f 8340//1693 8341//1692 8459//1719 8458//1720
f 8341//1695 8342//1694 8460//1713 8459//1714
f 8342//1697 8343//1696 8461//1715 8460//1716
f 8343//1691 8344//1690 8462//1717 8461//1718
f 8344//1693 8345//1692 8463//1719 8462//1720
f 8345//1695 8346//1694 8464//1713 8463//1714
f 8346//1697 8347//1696 8465//1715 8464//1716
f 8347//1691 8348//1690 8466//1717 8465//1718
f 8348//1693 8349//1692 8467//1719 8466//1720
f 8349//1695 8350//1694 8468//1713 8467//1714
f 8350//1697 8351//1696 8469//1715 8468//1716
f 8351//1691 8352//1690 8470//1717 8469//1718
f 8352//1693 8353//1692 8471//1719 8470//1720
f 8353//1695 8354//1694 8472//1713 8471//1714
f 8354//1697 8355//1696 8473//1715 8472//1716
f 8355//1691 8356//1690 8474//1717 8473//1718
f 8356//1693 8357//1692 8475//1719 8474//1720
f 8357//1695 8358//1694 8476//1713 8475//1714
f 8358//1697 8359//1696 8477//1715 8476//1716
f 8359//1691 8360//1690 8478//1717 8477//1718
f 8360//1693 8361//1692 8479//1719 8478//1720
f 8361//1695 8362//1694 8480//1713 8479//1714
f 8362//1697 8363//1696 8481//1715 8480//1716
f 8363//1691 8364//1690 8482//1717 8481//1718
f 8364//1693 8365//1692 8483//1719 8482//1720
f 8365//1695 8366//1694 8484//1713 8483//1714
f 8366//1697 8367//1696 8485//1715 8484//1716
f 8367//1691 8368//1690 8486//1717 8485//1718
f 8368//1693 8369//1692 8487//1719 8486//1720
f 8369//1710 8370//1709 8488//1729 8487//1730
f 8370//1697 8371//1696 8489//1715 8488//1716
f 8371//1712 8372//1711 8490//1731 8489//1732
f 8372//1693 8373//1692 8491//1719 8490//1720
f 8373//1695 8374//1694 8492//1713 8491//1714
f 8374//1697 8375//1696 8493//1715 8492//1716
f 8375//1691 8376//1690 8494//1717 8493//1718
f 8376//1693 8377//1692 8495//1719 8494//1720
f 8377//1695 8378//1694 8496//1713 8495//1714
f 8378//1697 8379//1696 8497//1715 8496//1716
f 8379//1698 8380//1690 8498//1717 8497//1718
f 8380//1693 8381//1692 8499//1719 8498//1720
f 8381//1695 8382//1694 8500//1713 8499//1714
f 8382//1697 8383//1696 8501//1715 8500//1716
f 8383//1691 8384//1690 8502//1717 8501//1718
f 8384//1693 8385//1692 8503//1719 8502//1720
f 8385//1695 8386//1694 8504//1713 8503//1714
f 8386//1697 8387//1696 8505//1715 8504//1716
f 8387//1691 8388//1690 8506//1717 8505//1718
f 8388//1693 8389//1692 8507//1719 8506//1720
f 8389//1695 8390//1694 8508//1713 8507//1714
f 8390//1697 8391//1696 8509//1715 8508//1716
f 8391//1691 8392//1690 8510//1717 8509//1718
f 8392//1693 8393//1692 8511//1719 8510//1720
f 8393//1695 8394//1694 8512//1713 8511//1714
f 8394//1697 8395//1696 8513//1715 8512//1716
f 8395//1698 8396//1690 8514//1717 8513//1718
f 8396//1693 8397//1692 8515//1719 8514//1720
f 8397//1695 8398//1694 8516//1713 8515//1714
f 8398//1697 8399//1696 8517//1715 8516//1716
f 8399//1691 8400//1690 8518//1717 8517//1718
f 8400//1693 8401//1692 8519//1719 8518//1720
f 8545//1721 8546//1723 8664//1733 8663//1734
f 8441//1718 8442//1717 8560//1735 8559//1736
f 8546//1725 8547//1724 8665//1737 8664//1738
f 8442//1720 8443//1719 8561//1739 8560//1740
f 8547//1724 8548//1726 8666//1741 8665//1737
f 8443//1714 8444//1713 8562//1742 8561//1743
f 8548//1728 8549//1727 8667//1744 8666//1745
f 8444//1716 8445//1715 8563//1746 8562//1747
f 8445//1718 8446//1717 8564//1735 8563//1736
f 8446//1720 8447//1719 8565//1739 8564//1740
f 8447//1714 8448//1713 8566//1742 8565//1743
f 8448//1716 8449//1715 8567//1746 8566//1747
f 8449//1718 8450//1717 8568//1735 8567//1736
f 8450//1720 8451//1719 8569//1739 8568//1740
f 8451//1714 8452//1713 8570//1742 8569//1743
f 8452//1716 8453//1715 8571//1746 8570//1747
f 8453//1718 8454//1717 8572//1735 8571//1736
f 8454//1720 8455//1719 8573//1739 8572//1740
f 8455//1714 8456//1713 8574//1742 8573//1743
f 8456//1716 8457//1715 8575//1746 8574//1747
f 8457//1718 8458//1717 8576//1735 8575//1736
f 8458//1720 8459//1719 8577//1739 8576//1740
f 8459//1714 8460//1713 8578//1742 8577//1743
f 8460//1716 8461//1715 8579//1746 8578//1747
f 8461//1718 8462//1717 8580//1735 8579//1736
f 8462//1720 8463//1719 8581//1739 8580//1740
f 8463//1714 8464//1713 8582//1742 8581//1743
f 8464//1716 8465//1715 8583//1746 8582//1747
f 8465//1718 8466//1717 8584//1735 8583//1736
f 8466//1720 8467//1719 8585//1739 8584//1740
f 8467//1714 8468//1713 8586//1742 8585//1743
f 8468//1716 8469//1715 8587//1746 8586//1747
f 8469//1718 8470//1717 8588//1735 8587//1736
f 8470//1720 8471//1719 8589//1739 8588//1740
f 8471//1714 8472//1713 8590//1742 8589//1743
f 8472//1716 8473//1715 8591//1746 8590//1747
f 8473//1718 8474//1717 8592//1735 8591//1736
f 8474//1720 8475//1719 8593//1739 8592//1740
f 8475//1714 8476//1713 8594//1742 8593//1743
f 8476//1716 8477//1715 8595//1746 8594//1747
f 8477//1718 8478//1717 8596//1735 8595//1736
f 8478//1720 8479//1719 8597//1739 8596//1740
f 8479//1714 8480//1713 8598//1742 8597//1743
f 8480//1716 8481//1715 8599//1746 8598//1747
f 8481//1718 8482//1717 8600//1735 8599//1736
f 8482//1720 8483//1719 8601//1739 8600//1740
f 8483//1714 8484//1713 8602//1742 8601//1743
f 8484//1716 8485//1715 8603//1746 8602//1747
f 8485//1718 8486//1717 8604//1735 8603//1736
f 8486//1720 8487//1719 8605//1739 8604//1740
f 8487//1730 8488//1729 8606//1748 8605//1749
f 8488//1716 8489//1715 8607//1746 8606//1747
f 8489//1732 8490//1731 8608//1750 8607//1751
f 8490//1720 8491//1719 8609//1739 8608//1740
f 8491//1714 8492//1713 8610//1742 8609//1743
f 8492//1716 8493//1715 8611//1746 8610//1747
f 8493//1718 8494//1717 8612//1752 8611//1736
f 8494//1720 8495//1719 8613//1739 8612//1740
f 8495//1714 8496//1713 8614//1742 8613//1743
f 8496//1716 8497//1715 8615//1746 8614//1747
f 8497//1718 8498//1717 8616//1735 8615//1736
f 8498//1720 8499//1719 8617//1739 8616//1740
f 8499//1714 8500//1713 8618//1742 8617//1743
f 8500//1716 8501//1715 8619//1746 8618//1747
f 8501//1718 8502//1717 8620//1752 8619//1736
f 8502//1720 8503//1719 8621//1739 8620//1740
f 8503//1714 8504//1713 8622//1742 8621//1743
f 8504//1716 8505//1715 8623//1746 8622//1747
f 8505//1718 8506//1717 8624//1752 8623//1736
f 8506//1720 8507//1719 8625//1739 8624//1740
f 8507//1714 8508//1713 8626//1742 8625//1743
f 8508//1716 8509//1715 8627//1746 8626//1747
f 8509//1718 8510//1717 8628//1752 8627//1736
f 8510//1720 8511//1719 8629//1739 8628//1740
f 8511//1714 8512//1713 8630//1742 8629//1743
f 8512//1716 8513//1715 8631//1746 8630//1747
f 8513//1718 8514//1717 8632//1752 8631//1736
f 8514//1720 8515//1719 8633//1739 8632//1740
f 8515//1714 8516//1713 8634//1742 8633//1743
f 8516//1716 8517//1715 8635//1746 8634//1747
f 8517//1718 8518//1717 8636//1752 8635//1736
f 8518//1720 8519//1719 8637//1739 8636//1740
f 8519//1714 8520//1713 8638//1742 8637//1743
f 8520//1716 8521//1715 8639//1746 8638//1747
f 8521//1718 8522//1717 8640//1735 8639//1736
f 8522//1720 8523//1719 8641//1739 8640//1740
f 8523//1714 8524//1713 8642//1742 8641//1743
f 8524//1716 8525//1715 8643//1746 8642//1747
f 8525//1718 8526//1717 8644//1752 8643//1736
f 8526//1720 8527//1719 8645//1739 8644//1740
f 8527//1714 8528//1713 8646//1742 8645//1743
f 8528//1716 8529//1715 8647//1746 8646//1747
f 8529//1718 8530//1717 8648//1735 8647//1736
f 8530//1720 8531//1719 8649//1739 8648//1740
f 8531//1714 8532//1713 8650//1742 8649//1743
f 8532//1716 8533//1715 8651//1746 8650//1747
f 8533//1718 8534//1717 8652//1735 8651//1736
f 8534//1720 8535//1719 8653//1739 8652//1740
f 8535//1714 8536//1713 8654//1742 8653//1743
f 2269//79 8432//79 8550//207 2388//207
f 8536//1716 8537//1715 8655//1746 8654//1747
f 8432//79 8433//1715 8551//1746 8550//207
f 8537//1718 8538//1717 8656//1752 8655//1736
f 8433//1718 8434//1717 8552//1735 8551//1736
f 8538//1720 8539//1719 8657//1739 8656//1740
f 8434//1720 8435//1719 8553//1739 8552//1740
f 8539//1714 8540//1713 8658//1742 8657//1743
f 8435//1714 8436//1713 8554//1742 8553//1743
f 8540//1716 8541//1715 8659//1746 8658//1747
f 8436//1716 8437//1715 8555//1746 8554//1747
f 8541//1718 8542//1717 8660//1752 8659//1736
f 8437//1718 8438//1717 8556//1735 8555//1736
f 8542//1720 8543//1719 8661//1739 8660//1740
f 8438//1720 8439//1719 8557//1739 8556//1740
f 8543//1714 8544//1713 8662//1742 8661//1743
f 8439//1714 8440//1713 8558//1742 8557//1743
f 8544//1722 8545//1721 8663//1734 8662//1753
f 8440//1716 8441//1715 8559//1746 8558//1747
f 8644//1740 8645//1739 8763//1754 8762//1755
f 8645//1743 8646//1742 8764//1756 8763//1757
f 8646//1747 8647//1746 8765//1758 8764//1759
f 8647//1736 8648//1735 8766//1760 8765//1761
f 8648//1740 8649//1739 8767//1754 8766//1755
f 8649//1743 8650//1742 8768//1756 8767//1757
f 8650//1747 8651//1746 8769//1758 8768//1759
f 8651//1736 8652//1735 8770//1760 8769//1761
f 8652//1740 8653//1739 8771//1754 8770//1755
f 8653//1743 8654//1742 8772//1756 8771//1757
f 2388//207 8550//207 8668//236 2389//236
f 8654//1747 8655//1746 8773//1758 8772//1759
f 8550//207 8551//1746 8669//1758 8668//236
f 8655//1736 8656//1752 8774//1760 8773//1761
f 8551//1736 8552//1735 8670//1760 8669//1761
f 8656//1740 8657//1739 8775//1754 8774//1755
f 8552//1740 8553//1739 8671//1754 8670//1755
f 8657//1743 8658//1742 8776//1756 8775//1757
f 8553//1743 8554//1742 8672//1756 8671//1757
f 8658//1747 8659//1746 8777//1758 8776//1759
f 8554//1747 8555//1746 8673//1758 8672//1759
f 8659//1736 8660//1752 8778//1760 8777//1761
f 8555//1736 8556//1735 8674//1760 8673//1761
f 8660//1740 8661//1739 8779//1754 8778//1755
f 8556//1740 8557//1739 8675//1754 8674//1755
f 8661//1743 8662//1742 8780//1762 8779//1757
f 8557//1743 8558//1742 8676//1756 8675//1757
f 8662//1753 8663//1734 8781//1763 8780//1764
f 8558//1747 8559//1746 8677//1758 8676//1759
f 8663//1734 8664//1733 8782//1765 8781//1766
f 8559//1736 8560//1735 8678//1760 8677//1761
f 8664//1738 8665//1737 8783//1767 8782//1768
f 8560//1740 8561//1739 8679//1754 8678//1755
f 8665//1737 8666//1741 8784//1769 8783//1767
f 8561//1743 8562//1742 8680//1756 8679//1757
f 8666//1745 8667//1744 8785//1770 8784//1771
f 8562//1747 8563//1746 8681//1758 8680//1759
f 8563//1736 8564//1735 8682//1760 8681//1761
f 8564//1740 8565//1739 8683//1754 8682//1755
f 8565//1743 8566//1742 8684//1756 8683//1757
f 8566//1747 8567//1746 8685//1758 8684//1759
f 8567//1736 8568//1735 8686//1760 8685//1761
f 8568//1740 8569//1739 8687//1754 8686//1755
f 8569//1743 8570//1742 8688//1756 8687//1757
f 8570//1747 8571//1746 8689//1758 8688//1759
f 8571//1736 8572//1735 8690//1760 8689//1761
f 8572//1740 8573//1739 8691//1754 8690//1755
f 8573//1743 8574//1742 8692//1756 8691//1757
f 8574//1747 8575//1746 8693//1758 8692//1759
f 8575//1736 8576//1735 8694//1760 8693//1761
f 8576//1740 8577//1739 8695//1754 8694//1755
f 8577//1743 8578//1742 8696//1756 8695//1757
f 8578//1747 8579//1746 8697//1758 8696//1759
f 8579//1736 8580//1735 8698//1760 8697//1761
f 8580//1740 8581//1739 8699//1754 8698//1755
f 8581//1743 8582//1742 8700//1756 8699//1757
f 8582//1747 8583//1746 8701//1758 8700//1759
f 8583//1736 8584//1735 8702//1760 8701//1761
f 8584//1740 8585//1739 8703//1754 8702//1755
f 8585//1743 8586//1742 8704//1756 8703//1757
f 8586//1747 8587//1746 8705//1758 8704//1759
f 8587//1736 8588//1735 8706//1760 8705//1761
f 8588//1740 8589//1739 8707//1754 8706//1755
f 8589//1743 8590//1742 8708//1756 8707//1757
f 8590//1747 8591//1746 8709//1758 8708//1759
f 8591//1736 8592//1735 8710//1760 8709//1761
f 8592//1740 8593//1739 8711//1754 8710//1755
f 8593//1743 8594//1742 8712//1756 8711//1757
f 8594//1747 8595//1746 8713//1758 8712//1759
f 8595//1736 8596//1735 8714//1760 8713//1761
f 8596//1740 8597//1739 8715//1754 8714//1755
f 8597//1743 8598//1742 8716//1756 8715//1757
f 8598//1747 8599//1746 8717//1758 8716//1759
f 8599//1736 8600//1735 8718//1760 8717//1761
f 8600//1740 8601//1739 8719//1754 8718//1755
f 8601//1743 8602//1742 8720//1756 8719//1757
f 8602//1747 8603//1746 8721//1758 8720//1759
f 8603//1736 8604//1735 8722//1760 8721//1761
f 8604//1740 8605//1739 8723//1754 8722//1755
f 8605//1749 8606//1748 8724//1772 8723//1773
f 8606//1747 8607//1746 8725//1758 8724//1759
f 8607//1751 8608//1750 8726//1774 8725//1775
f 8608//1740 8609//1739 8727//1754 8726//1755
f 8609//1743 8610//1742 8728//1756 8727//1757
f 8610//1747 8611//1746 8729//1758 8728//1759
f 8611//1736 8612//1752 8730//1760 8729//1761
f 8612//1740 8613//1739 8731//1754 8730//1755
f 8613//1743 8614//1742 8732//1756 8731//1757
f 8614//1747 8615//1746 8733//1758 8732//1759
f 8615//1736 8616//1735 8734//1760 8733//1761
f 8616//1740 8617//1739 8735//1754 8734//1755
f 8617//1743 8618//1742 8736//1756 8735//1757
f 8618//1747 8619//1746 8737//1758 8736//1759
f 8619//1736 8620//1752 8738//1760 8737//1761
f 8620//1740 8621//1739 8739//1754 8738//1755
f 8621//1743 8622//1742 8740//1756 8739//1757
f 8622//1747 8623//1746 8741//1758 8740//1759
f 8623//1736 8624//1752 8742//1760 8741//1761
f 8624//1740 8625//1739 8743//1754 8742//1755
f 8625//1743 8626//1742 8744//1756 8743//1757
f 8626//1747 8627//1746 8745//1758 8744//1759
f 8627//1736 8628//1752 8746//1760 8745//1761
f 8628//1740 8629//1739 8747//1754 8746//1755
f 8629//1743 8630//1742 8748//1756 8747//1757
f 8630//1747 8631//1746 8749//1758 8748//1759
f 8631//1736 8632//1752 8750//1760 8749//1761
f 8632//1740 8633//1739 8751//1754 8750//1755
f 8633//1743 8634//1742 8752//1756 8751//1757
f 8634//1747 8635//1746 8753//1758 8752//1759
f 8635//1736 8636//1752 8754//1760 8753//1761
f 8636//1740 8637//1739 8755//1754 8754//1755
f 8637//1743 8638//1742 8756//1762 8755//1757
f 8638//1747 8639//1746 8757//1758 8756//1759
f 8639//1736 8640//1735 8758//1760 8757//1761
f 8640//1740 8641//1739 8759//1754 8758//1755
f 8641//1743 8642//1742 8760//1756 8759//1757
f 8642//1747 8643//1746 8761//1758 8760//1759
f 8643//1736 8644//1752 8762//1760 8761//1761
f 8684//1759 8685//1758 8803//1776 8802//1777
f 8685//1761 8686//1760 8804//1778 8803//1779
f 8686//1755 8687//1754 8805//1780 8804//1781
f 8687//1757 8688//1756 8806//1782 8805//1783
f 8688//1759 8689//1758 8807//1776 8806//1777
f 8689//1761 8690//1760 8808//1778 8807//1779
f 8690//1755 8691//1754 8809//1780 8808//1781
f 8691//1757 8692//1756 8810//1782 8809//1783
f 8692//1759 8693//1758 8811//1776 8810//1777
f 8693//1761 8694//1760 8812//1778 8811//1779
f 8694//1755 8695//1754 8813//1780 8812//1781
f 8695//1757 8696//1756 8814//1782 8813//1783
f 8696//1759 8697//1758 8815//1776 8814//1777
f 8697//1761 8698//1760 8816//1778 8815//1779
f 8698//1755 8699//1754 8817//1780 8816//1781
f 8699//1757 8700//1756 8818//1782 8817//1783
f 8700//1759 8701//1758 8819//1776 8818//1777
f 8701//1761 8702//1760 8820//1778 8819//1779
f 8702//1755 8703//1754 8821//1780 8820//1781
f 8703//1757 8704//1756 8822//1782 8821//1783
f 8704//1759 8705//1758 8823//1776 8822//1777
f 8705//1761 8706//1760 8824//1778 8823//1779
f 8706//1755 8707//1754 8825//1780 8824//1781
f 8707//1757 8708//1756 8826//1782 8825//1783
f 8708//1759 8709//1758 8827//1776 8826//1777
f 8709//1761 8710//1760 8828//1778 8827//1779
f 8710//1755 8711//1754 8829//1780 8828//1781
f 8711//1757 8712//1756 8830//1782 8829//1783
f 8712//1759 8713//1758 8831//1776 8830//1777
f 8713//1761 8714//1760 8832//1778 8831//1779
f 8714//1755 8715//1754 8833//1780 8832//1781
f 8715//1757 8716//1756 8834//1782 8833//1783
f 8716//1759 8717//1758 8835//1776 8834//1777
f 8717//1761 8718//1760 8836//1778 8835//1779
f 8718//1755 8719//1754 8837//1780 8836//1781
f 8719//1757 8720//1756 8838//1782 8837//1783
f 8720//1759 8721//1758 8839//1776 8838//1777
f 8721//1761 8722//1760 8840//1778 8839//1779
f 8722//1755 8723//1754 8841//1780 8840//1781
f 8723//1773 8724//1772 8842//1784 8841//1785
f 8724//1759 8725//1758 8843//1776 8842//1777
f 8725//1775 8726//1774 8844//1786 8843//1787
f 8726//1755 8727//1754 8845//1780 8844//1781
f 8727//1757 8728//1756 8846//1782 8845//1783
f 8728//1759 8729//1758 8847//1776 8846//1777
f 8729//1761 8730//1760 8848//1778 8847//1779
f 8730//1755 8731//1754 8849//1780 8848//1781
f 8731//1757 8732//1756 8850//1782 8849//1783
f 8732//1759 8733//1758 8851//1776 8850//1777
f 8733//1761 8734//1760 8852//1778 8851//1779
f 8734//1755 8735//1754 8853//1780 8852//1781
f 8735//1757 8736//1756 8854//1782 8853//1783
f 8736//1759 8737//1758 8855//1776 8854//1777
f 8737//1761 8738//1760 8856//1778 8855//1779
f 8738//1755 8739//1754 8857//1780 8856//1781
f 8739//1757 8740//1756 8858//1782 8857//1783
f 8740//1759 8741//1758 8859//1776 8858//1777
f 8741//1761 8742//1760 8860//1778 8859//1779
f 8742//1755 8743//1754 8861//1780 8860//1781
f 8743//1757 8744//1756 8862//1782 8861//1783
f 8744//1759 8745//1758 8863//1776 8862//1777
f 8745//1761 8746//1760 8864//1778 8863//1779
f 8746//1755 8747//1754 8865//1780 8864//1781
f 8747//1757 8748//1756 8866//1782 8865//1783
f 8748//1759 8749//1758 8867//1776 8866//1777
f 8749//1761 8750//1760 8868//1778 8867//1779
f 8750//1755 8751//1754 8869//1780 8868//1781
f 8751//1757 8752//1756 8870//1782 8869//1783
f 8752//1759 8753//1758 8871//1776 8870//1777
f 8753//1761 8754//1760 8872//1778 8871//1779
f 8754//1755 8755//1754 8873//1780 8872//1781
f 8755//1757 8756//1762 8874//1788 8873//1783
f 8756//1759 8757//1758 8875//1776 8874//1777
f 8757//1761 8758//1760 8876//1778 8875//1789
f 8758//1755 8759//1754 8877//1780 8876//1781
f 8759//1757 8760//1756 8878//1782 8877//1783
f 8760//1759 8761//1758 8879//1776 8878//1777
f 8761//1761 8762//1760 8880//1778 8879//1779
f 8762//1755 8763//1754 8881//1780 8880//1781
f 8763//1757 8764//1756 8882//1782 8881//1783
f 8764//1759 8765//1758 8883//1776 8882//1777
f 8765//1761 8766//1760 8884//1778 8883//1779
f 8766//1755 8767//1754 8885//1780 8884//1781
f 8767//1757 8768//1756 8886//1782 8885//1783
f 8768//1759 8769//1758 8887//1776 8886//1777
f 8769//1761 8770//1760 8888//1778 8887//1779
f 8770//1755 8771//1754 8889//1780 8888//1781
f 8771//1757 8772//1756 8890//1782 8889//1783
f 2389//236 8668//236 8786//28 2390//28
f 8772//1759 8773//1758 8891//1776 8890//1777
f 8668//236 8669//1758 8787//1776 8786//28
f 8773//1761 8774//1760 8892//1778 8891//1779
f 8669//1761 8670//1760 8788//1790 8787//1791
f 8774//1755 8775//1754 8893//1780 8892//1781
f 8670//1755 8671//1754 8789//1792 8788//1793
f 8775//1757 8776//1756 8894//1782 8893//1783
f 8671//1757 8672//1756 8790//1782 8789//1783
f 8776//1759 8777//1758 8895//1776 8894//1777
f 8672//1759 8673//1758 8791//1776 8790//1777
f 8777//1761 8778//1760 8896//1778 8895//1779
f 8673//1761 8674//1760 8792//1778 8791//1779
f 8778//1755 8779//1754 8897//1780 8896//1781
f 8674//1755 8675//1754 8793//1780 8792//1781
f 8779//1757 8780//1762 8898//1782 8897//1783
f 8675//1757 8676//1756 8794//1782 8793//1783
f 8780//1764 8781//1763 8899//1794 8898//1795
f 8676//1759 8677//1758 8795//1776 8794//1777
f 8781//1766 8782//1765 8900//1796 8899//1797
f 8677//1761 8678//1760 8796//1778 8795//1779
f 8782//1768 8783//1767 8901//1798 8900//1799
f 8678//1755 8679//1754 8797//1780 8796//1781
f 8783//1767 8784//1769 8902//1800 8901//1798
f 8679//1757 8680//1756 8798//1782 8797//1783
f 8784//1771 8785//1770 8903//1801 8902//1802
f 8680//1759 8681//1758 8799//1776 8798//1777
f 8681//1761 8682//1760 8800//1778 8799//1779
f 8682//1755 8683//1754 8801//1780 8800//1781
f 8683//1757 8684//1756 8802//1782 8801//1783
f 8828//1781 8829//1780 8948//1803 8947//1804
f 8829//1783 8830//1782 8949//1805 8948//1806
f 8830//1777 8831//1776 8950//1807 8949//1808
f 8831//1779 8832//1778 8951//1809 8950//1810
f 8832//1781 8833//1780 8952//1803 8951//1804
f 8833//1783 8834//1782 8953//1805 8952//1806
f 8834//1777 8835//1776 8954//1807 8953//1808
f 8835//1779 8836//1778 8955//1809 8954//1810
f 8836//1781 8837//1780 8956//1803 8955//1804
f 8837//1783 8838//1782 8957//1805 8956//1806
f 8838//1777 8839//1776 8958//1807 8957//1808
f 8839//1779 8840//1778 8959//1809 8958//1810
f 8840//1781 8841//1780 8960//1803 8959//1804
f 8841//1785 8842//1784 8961//1811 8960//1812
f 8842//1777 8843//1776 8962//1807 8961//1808
f 8843//1787 8844//1786 8963//1813 8962//1814
f 8844//1781 8845//1780 8964//1803 8963//1804
f 8845//1783 8846//1782 8965//1805 8964//1806
f 8846//1777 8847//1776 8966//1807 8965//1808
f 8847//1779 8848//1778 8967//1809 8966//1810
f 8848//1781 8849//1780 8968//1803 8967//1804
f 8849//1783 8850//1782 8969//1805 8968//1806
f 8850//1777 8851//1776 8970//1807 8969//1808
f 8851//1779 8852//1778 8971//1809 8970//1810
f 8852//1781 8853//1780 8972//1803 8971//1804
f 8853//1783 8854//1782 8973//1805 8972//1806
f 8854//1777 8855//1776 8974//1807 8973//1808
f 8855//1779 8856//1778 8975//1809 8974//1810
f 8856//1781 8857//1780 8976//1803 8975//1804
f 8857//1783 8858//1782 8977//1805 8976//1806
f 8858//1777 8859//1776 8978//1807 8977//1808
f 8859//1779 8860//1778 8979//1809 8978//1810
f 8860//1781 8861//1780 8980//1803 8979//1804
f 8861//1783 8862//1782 8981//1805 8980//1806
f 8862//1777 8863//1776 8982//1807 8981//1808
f 8863//1779 8864//1778 8983//1809 8982//1810
f 8864//1781 8865//1780 8984//1803 8983//1804
f 8865//1783 8866//1782 8985//1805 8984//1806
f 8866//1777 8867//1776 8986//1807 8985//1808
f 8867//1779 8868//1778 8987//1809 8986//1810
f 8868//1781 8869//1780 8988//1803 8987//1804
f 8869//1783 8870//1782 8989//1805 8988//1806
f 8870//1777 8871//1776 8990//1807 8989//1808
f 8871//1779 8872//1778 8991//1809 8990//1810
f 8872//1781 8873//1780 8992//1803 8991//1804
f 8873//1783 8874//1788 8993//1805 8992//1806
f 8874//1777 8875//1776 8994//1807 8993//1808
f 8875//1789 8876//1778 8995//1809 8994//1815
f 8876//1781 8877//1780 8996//1803 8995//1804
f 8877//1783 8878//1782 8997//1805 8996//1806
f 8878//1777 8879//1776 8998//1807 8997//1808
f 8879//1779 8880//1778 8999//1809 8998//1810
f 8880//1781 8881//1780 9000//1803 8999//1804
f 8881//1783 8882//1782 9001//1805 9000//1806
f 8882//1777 8883//1776 9002//1807 9001//1808
f 8883//1779 8884//1778 9003//1809 9002//1810
f 8884//1781 8885//1780 9004//1803 9003//1804
f 8885//1783 8886//1782 9005//1805 9004//1806
f 8886//1777 8887//1776 9006//1807 9005//1808
f 8887//1779 8888//1778 9007//1809 9006//1810
f 8888//1781 8889//1780 9008//1803 9007//1804
f 8889//1783 8890//1782 9009//1805 9008//1806
f 2390//28 8786//28 8905//29 2391//29
f 8890//1777 8891//1776 9010//1807 9009//1808
f 8786//28 8787//1776 8906//1807 8905//29
f 8891//1779 8892//1778 9011//1809 9010//1810
f 8787//1791 8788//1790 8907//1816 8906//1817
f 8892//1781 8893//1780 9012//1803 9011//1804
f 8788//1793 8789//1792 8908//1818 8907//1819
f 8893//1783 8894//1782 9013//1805 9012//1806
f 8789//1783 8790//1782 8909//1805 8908//1806
f 8894//1777 8895//1776 9014//1807 9013//1808
f 8790//1777 8791//1776 8910//1807 8909//1808
f 8895//1779 8896//1778 9015//1809 9014//1810
f 8791//1779 8792//1778 8911//1809 8910//1810
f 8896//1781 8897//1780 9016//1803 9015//1804
f 8792//1781 8793//1780 8912//1803 8911//1804
f 8897//1783 8898//1782 9017//1805 9016//1806
f 8793//1783 8794//1782 8913//1805 8912//1806
f 8898//1795 8899//1794 9018//1820 9017//1821
f 8794//1777 8795//1776 8914//1807 8913//1808
f 8899//1797 8900//1796 9019//1822 9018//1823
f 8795//1779 8796//1778 8915//1809 8914//1810
f 8900//1799 8901//1798 9020//1824 9019//1825
f 8796//1781 8797//1780 8916//1803 8915//1804
f 8901//1798 8902//1800 9021//1826 9020//1824
f 8797//1783 8798//1782 8917//1805 8916//1806
f 8902//1802 8903//1801 9022//1827 9021//1828
f 8798//1777 8799//1776 8918//1807 8917//1808
f 8903//1801 8904//1829 9023//1830 9022//1827
f 8799//1779 8800//1778 8919//1809 8918//1810
f 8800//1781 8801//1780 8920//1803 8919//1804
f 8801//1783 8802//1782 8921//1805 8920//1806
f 8802//1777 8803//1776 8922//1807 8921//1808
f 8803//1779 8804//1778 8923//1809 8922//1810
f 8804//1781 8805//1780 8924//1803 8923//1804
f 8805//1783 8806//1782 8925//1805 8924//1806
f 8806//1777 8807//1776 8926//1807 8925//1808
f 8807//1779 8808//1778 8927//1809 8926//1810
f 8808//1781 8809//1780 8928//1803 8927//1804
f 8809//1783 8810//1782 8929//1805 8928//1806
f 8810//1777 8811//1776 8930//1807 8929//1808
f 8811//1779 8812//1778 8931//1809 8930//1810
f 8812//1781 8813//1780 8932//1803 8931//1804
f 8813//1783 8814//1782 8933//1805 8932//1806
f 8814//1777 8815//1776 8934//1807 8933//1808
f 8815//1779 8816//1778 8935//1809 8934//1810
f 8816//1781 8817//1780 8936//1803 8935//1804
f 8817//1783 8818//1782 8937//1805 8936//1806
f 8818//1777 8819//1776 8938//1807 8937//1808
f 8819//1779 8820//1778 8939//1809 8938//1810
f 8820//1781 8821//1780 8940//1803 8939//1804
f 8821//1783 8822//1782 8941//1805 8940//1806
f 8822//1777 8823//1776 8942//1807 8941//1808
f 8823//1779 8824//1778 8943//1809 8942//1810
f 8824//1781 8825//1780 8944//1803 8943//1804
f 8825//1783 8826//1782 8945//1805 8944//1806
f 8826//1777 8827//1776 8946//1807 8945//1808
f 8827//1779 8828//1778 8947//1809 8946//1810
f 8933//1808 8934//1807 9053//1831 9052//1832
f 8934//1810 8935//1809 9054//1833 9053//1834
f 8935//1804 8936//1803 9055//1835 9054//1836
f 8936//1806 8937//1805 9056//1837 9055//1838
f 8937//1808 8938//1807 9057//1831 9056//1832
f 8938//1810 8939//1809 9058//1833 9057//1834
f 8939//1804 8940//1803 9059//1835 9058//1836
f 8940//1806 8941//1805 9060//1837 9059//1838
f 8941//1808 8942//1807 9061//1831 9060//1832
f 8942//1810 8943//1809 9062//1833 9061//1834
f 8943//1804 8944//1803 9063//1835 9062//1836
f 8944//1806 8945//1805 9064//1837 9063//1838
f 8945//1808 8946//1807 9065//1831 9064//1832
f 8946//1810 8947//1809 9066//1833 9065//1834
f 8947//1804 8948//1803 9067//1835 9066//1836
f 8948//1806 8949//1805 9068//1837 9067//1838
f 8949//1808 8950//1807 9069//1831 9068//1832
f 8950//1810 8951//1809 9070//1833 9069//1834
f 8951//1804 8952//1803 9071//1835 9070//1836
f 8952//1806 8953//1805 9072//1837 9071//1838
f 8953//1808 8954//1807 9073//1831 9072//1832
f 8954//1810 8955//1809 9074//1833 9073//1834
f 8955//1804 8956//1803 9075//1835 9074//1836
f 8956//1806 8957//1805 9076//1837 9075//1838
f 8957//1808 8958//1807 9077//1831 9076//1832
f 8958//1810 8959//1809 9078//1833 9077//1834
f 8959//1804 8960//1803 9079//1835 9078//1836
f 8960//1812 8961//1811 9080//1839 9079//1840
f 8961//1808 8962//1807 9081//1831 9080//1832
f 8962//1814 8963//1813 9082//1841 9081//1842
f 8963//1804 8964//1803 9083//1835 9082//1836
f 8964//1806 8965//1805 9084//1837 9083//1843
f 8965//1808 8966//1807 9085//1831 9084//1832
f 8966//1810 8967//1809 9086//1833 9085//1834
f 8967//1804 8968//1803 9087//1835 9086//1836
f 2391//29 8905//29 9024//114 2510//114
f 8968//1806 8969//1805 9088//1837 9087//1843
f 8905//29 8906//1807 9025//1831 9024//114
f 8969//1808 8970//1807 9089//1831 9088//1832
f 8970//1810 8971//1809 9090//1833 9089//1834
f 8906//1817 8907//1816 9026//1844 9025//1845
f 8971//1804 8972//1803 9091//1835 9090//1836
f 8907//1819 8908//1818 9027//1846 9026//1847
f 8972//1806 8973//1805 9092//1837 9091//1843
f 8908//1806 8909//1805 9028//1837 9027//1843
f 8973//1808 8974//1807 9093//1831 9092//1832
f 8909//1808 8910//1807 9029//1831 9028//1832
f 8974//1810 8975//1809 9094//1833 9093//1834
f 8910//1810 8911//1809 9030//1833 9029//1834
f 8975//1804 8976//1803 9095//1835 9094//1836
f 8911//1804 8912//1803 9031//1835 9030//1836
f 8976//1806 8977//1805 9096//1837 9095//1843
f 8912//1806 8913//1805 9032//1837 9031//1838
f 8977//1808 8978//1807 9097//1831 9096//1832
f 8913//1808 8914//1807 9033//1831 9032//1832
f 8978//1810 8979//1809 9098//1833 9097//1834
f 8914//1810 8915//1809 9034//1833 9033//1834
f 8979//1804 8980//1803 9099//1835 9098//1836
f 8915//1804 8916//1803 9035//1835 9034//1836
f 8980//1806 8981//1805 9100//1837 9099//1843
f 8916//1806 8917//1805 9036//1837 9035//1838
f 8981//1808 8982//1807 9101//1831 9100//1832
f 8917//1808 8918//1807 9037//1831 9036//1832
f 8982//1810 8983//1809 9102//1833 9101//1834
f 8918//1810 8919//1809 9038//1833 9037//1834
f 8983//1804 8984//1803 9103//1835 9102//1836
f 8919//1804 8920//1803 9039//1835 9038//1836
f 8984//1806 8985//1805 9104//1837 9103//1843
f 8920//1806 8921//1805 9040//1837 9039//1838
f 8985//1808 8986//1807 9105//1831 9104//1832
f 8921//1808 8922//1807 9041//1831 9040//1832
f 8986//1810 8987//1809 9106//1833 9105//1834
f 8922//1810 8923//1809 9042//1833 9041//1834
f 8987//1804 8988//1803 9107//1835 9106//1836
f 8923//1804 8924//1803 9043//1835 9042//1836
f 8988//1806 8989//1805 9108//1837 9107//1843
f 8924//1806 8925//1805 9044//1837 9043//1838
f 8989//1808 8990//1807 9109//1831 9108//1832
f 8925//1808 8926//1807 9045//1831 9044//1832
f 8990//1810 8991//1809 9110//1833 9109//1834
f 8991//1804 8992//1803 9111//1835 9110//1836
f 8992//1806 8993//1805 9112//1837 9111//1838
f 8993//1808 8994//1807 9113//1831 9112//1832
f 8994//1815 8995//1809 9114//1833 9113//1834
f 8995//1804 8996//1803 9115//1835 9114//1836
f 8996//1806 8997//1805 9116//1837 9115//1838
f 8997//1808 8998//1807 9117//1831 9116//1832
f 8998//1810 8999//1809 9118//1833 9117//1834
f 8999//1804 9000//1803 9119//1835 9118//1836
f 9000//1806 9001//1805 9120//1837 9119//1838
f 9001//1808 9002//1807 9121//1831 9120//1832
f 9002//1810 9003//1809 9122//1833 9121//1834
f 9003//1804 9004//1803 9123//1835 9122//1836
f 9004//1806 9005//1805 9124//1837 9123//1838
f 9005//1808 9006//1807 9125//1831 9124//1832
f 9006//1810 9007//1809 9126//1833 9125//1834
f 9007//1804 9008//1803 9127//1835 9126//1836
f 9008//1806 9009//1805 9128//1837 9127//1843
f 9009//1808 9010//1807 9129//1831 9128//1832
f 9010//1810 9011//1809 9130//1833 9129//1834
f 9011//1804 9012//1803 9131//1835 9130//1836
f 9012//1806 9013//1805 9132//1837 9131//1843
f 9013//1808 9014//1807 9133//1831 9132//1832
f 9014//1810 9015//1809 9134//1833 9133//1834
f 9015//1804 9016//1803 9135//1835 9134//1836
f 9016//1806 9017//1805 9136//1837 9135//1838
f 9017//1821 9018//1820 9137//1848 9136//1849
f 9018//1823 9019//1822 9138//1850 9137//1851
f 9019//1825 9020//1824 9139//1852 9138//1853
f 9020//1824 9021//1826 9140//1854 9139//1852
f 9021//1828 9022//1827 9141//1855 9140//1856
f 9022//1827 9023//1830 9142//1857 9141//1855
f 8926//1810 8927//1809 9046//1833 9045//1834
f 8927//1804 8928//1803 9047//1835 9046//1836
f 8928//1806 8929//1805 9048//1837 9047//1838
f 8929//1808 8930//1807 9049//1831 9048//1832
f 8930//1810 8931//1809 9050//1833 9049//1834
f 8931//1804 8932//1803 9051//1835 9050//1836
f 8932//1806 8933//1805 9052//1837 9051//1838
f 9078//1836 9079//1835 9198//1858 9197//1859
f 9079//1840 9080//1839 9199//1860 9198//1861
f 9080//1832 9081//1831 9200//1862 9199//1863
f 9081//1842 9082//1841 9201//1864 9200//1865
f 9082//1836 9083//1835 9202//1858 9201//1859
f 9083//1843 9084//1837 9203//1866 9202//1867
f 9084//1832 9085//1831 9204//1862 9203//1863
f 9085//1834 9086//1833 9205//1868 9204//1869
f 9086//1836 9087//1835 9206//1858 9205//1859
f 9087//1843 9088//1837 9207//1866 9206//1867
f 9088//1832 9089//1831 9208//1862 9207//1863
f 9089//1834 9090//1833 9209//1868 9208//1869
f 9090//1836 9091//1835 9210//1858 9209//1859
f 9091//1843 9092//1837 9211//1866 9210//1867
f 9092//1832 9093//1831 9212//1862 9211//1863
f 9093//1834 9094//1833 9213//1868 9212//1869
f 9094//1836 9095//1835 9214//1858 9213//1859
f 9095//1843 9096//1837 9215//1866 9214//1867
f 9096//1832 9097//1831 9216//1862 9215//1863
f 9097//1834 9098//1833 9217//1868 9216//1869
f 9098//1836 9099//1835 9218//1858 9217//1859
f 9099//1843 9100//1837 9219//1866 9218//1867
f 9100//1832 9101//1831 9220//1862 9219//1863
f 9101//1834 9102//1833 9221//1868 9220//1869
f 9102//1836 9103//1835 9222//1858 9221//1859
f 9103//1843 9104//1837 9223//1866 9222//1867
f 9104//1832 9105//1831 9224//1862 9223//1863
f 9105//1834 9106//1833 9225//1868 9224//1869
f 9106//1836 9107//1835 9226//1858 9225//1859
f 9107//1843 9108//1837 9227//1866 9226//1867
f 9108//1832 9109//1831 9228//1862 9227//1863
f 9109//1834 9110//1833 9229//1868 9228//1869
f 9110//1836 9111//1835 9230//1858 9229//1859
f 9111//1838 9112//1837 9231//1866 9230//1867
f 9112//1832 9113//1831 9232//1862 9231//1863
f 9113//1834 9114//1833 9233//1868 9232//1869
f 9114//1836 9115//1835 9234//1858 9233//1859
f 9115//1838 9116//1837 9235//1866 9234//1867
f 9116//1832 9117//1831 9236//1862 9235//1863
f 9117//1834 9118//1833 9237//1868 9236//1869
f 9118//1836 9119//1835 9238//1858 9237//1859
f 9119//1838 9120//1837 9239//1866 9238//1867
f 9120//1832 9121//1831 9240//1862 9239//1863
f 9121//1834 9122//1833 9241//1868 9240//1869
f 9122//1836 9123//1835 9242//1858 9241//1859
f 9123//1838 9124//1837 9243//1866 9242//1867
f 9124//1832 9125//1831 9244//1862 9243//1863
f 9125//1834 9126//1833 9245//1868 9244//1869
f 9126//1836 9127//1835 9246//1858 9245//1859
f 9127//1843 9128//1837 9247//1866 9246//1867
f 2510//114 9024//114 9143//115 2511//115
f 9128//1832 9129//1831 9248//1862 9247//1863
f 9024//114 9025//1831 9144//1862 9143//115
f 9129//1834 9130//1833 9249//1868 9248//1869
f 9025//1845 9026//1844 9145//1870 9144//1871
f 9130//1836 9131//1835 9250//1858 9249//1859
f 9026//1847 9027//1846 9146//1872 9145//1873
f 9131//1843 9132//1837 9251//1866 9250//1867
f 9027//1843 9028//1837 9147//1866 9146//1867
f 9132//1832 9133//1831 9252//1862 9251//1863
f 9028//1832 9029//1831 9148//1862 9147//1863
f 9133//1834 9134//1833 9253//1868 9252//1869
f 9029//1834 9030//1833 9149//1868 9148//1869
f 9134//1836 9135//1835 9254//1858 9253//1859
f 9030//1836 9031//1835 9150//1858 9149//1859
f 9135//1838 9136//1837 9255//1866 9254//1867
f 9031//1838 9032//1837 9151//1866 9150//1867
f 9136//1849 9137//1848 9256//1874 9255//1875
f 9032//1832 9033//1831 9152//1862 9151//1863
f 9137//1851 9138//1850 9257//1876 9256//1877
f 9033//1834 9034//1833 9153//1868 9152//1869
f 9138//1853 9139//1852 9258//1878 9257//1879
f 9034//1836 9035//1835 9154//1858 9153//1859
f 9139//1852 9140//1854 9259//1880 9258//1878
f 9035//1838 9036//1837 9155//1866 9154//1867
f 9140//1856 9141//1855 9260//1881 9259//1882
f 9036//1832 9037//1831 9156//1862 9155//1863
f 9141//1855 9142//1857 9261//1883 9260//1881
f 9037//1834 9038//1833 9157//1868 9156//1869
f 9038//1836 9039//1835 9158//1858 9157//1859
f 9039//1838 9040//1837 9159//1866 9158//1867
f 9040//1832 9041//1831 9160//1862 9159//1863
f 9041//1834 9042//1833 9161//1868 9160//1869
f 9042//1836 9043//1835 9162//1858 9161//1859
f 9043//1838 9044//1837 9163//1866 9162//1867
f 9044//1832 9045//1831 9164//1862 9163//1863
f 9045//1834 9046//1833 9165//1868 9164//1869
f 9046//1836 9047//1835 9166//1858 9165//1859
f 9047//1838 9048//1837 9167//1866 9166//1867
f 9048//1832 9049//1831 9168//1862 9167//1863
f 9049//1834 9050//1833 9169//1868 9168//1869
f 9050//1836 9051//1835 9170//1858 9169//1859
f 9051//1838 9052//1837 9171//1866 9170//1867
f 9052//1832 9053//1831 9172//1862 9171//1863
f 9053//1834 9054//1833 9173//1868 9172//1869
f 9054//1836 9055//1835 9174//1858 9173//1859
f 9055//1838 9056//1837 9175//1866 9174//1867
f 9056//1832 9057//1831 9176//1862 9175//1863
f 9057//1834 9058//1833 9177//1868 9176//1869
f 9058//1836 9059//1835 9178//1858 9177//1859
f 9059//1838 9060//1837 9179//1866 9178//1867
f 9060//1832 9061//1831 9180//1862 9179//1863
f 9061//1834 9062//1833 9181//1868 9180//1869
f 9062//1836 9063//1835 9182//1858 9181//1859
f 9063//1838 9064//1837 9183//1866 9182//1867
f 9064//1832 9065//1831 9184//1862 9183//1863
f 9065//1834 9066//1833 9185//1868 9184//1869
f 9066//1836 9067//1835 9186//1858 9185//1859
f 9067//1838 9068//1837 9187//1866 9186//1867
f 9068//1832 9069//1831 9188//1862 9187//1863
f 9069//1834 9070//1833 9189//1868 9188//1869
f 9070//1836 9071//1835 9190//1858 9189//1859
f 9071//1838 9072//1837 9191//1866 9190//1867
f 9072//1832 9073//1831 9192//1862 9191//1863
f 9073//1834 9074//1833 9193//1868 9192//1869
f 9074//1836 9075//1835 9194//1858 9193//1859
f 9075//1838 9076//1837 9195//1866 9194//1867
f 9076//1832 9077//1831 9196//1862 9195//1863
f 9077//1834 9078//1833 9197//1868 9196//1869
f 9223//1863 9224//1862 9343//1884 9342//1885
f 9224//1869 9225//1868 9344//1886 9343//1887
f 9225//1859 9226//1858 9345//1888 9344//1889
f 9226//1867 9227//1866 9346//1890 9345//1891
f 9227//1863 9228//1862 9347//1884 9346//1885
f 9228//1869 9229//1868 9348//1886 9347//1887
f 9229//1859 9230//1858 9349//1888 9348//1889
f 9230//1867 9231//1866 9350//1890 9349//1892
f 9231//1863 9232//1862 9351//1884 9350//1885
f 9232//1869 9233//1868 9352//1886 9351//1887
f 9233//1859 9234//1858 9353//1888 9352//1889
f 9234//1867 9235//1866 9354//1890 9353//1891
f 9235//1863 9236//1862 9355//1884 9354//1885
f 9236//1869 9237//1868 9356//1886 9355//1887
f 9237//1859 9238//1858 9357//1888 9356//1889
f 9238//1867 9239//1866 9358//1890 9357//1891
f 9239//1863 9240//1862 9359//1884 9358//1885
f 9240//1869 9241//1868 9360//1886 9359//1887
f 9241//1859 9242//1858 9361//1888 9360//1889
f 9242//1867 9243//1866 9362//1890 9361//1891
f 9243//1863 9244//1862 9363//1884 9362//1885
f 9244//1869 9245//1868 9364//1886 9363//1887
f 9245//1859 9246//1858 9365//1888 9364//1889
f 9246//1867 9247//1866 9366//1890 9365//1891
f 2511//115 9143//115 9262//98 2512//98
f 9247//1863 9248//1862 9367//1884 9366//1885
f 9143//115 9144//1862 9263//1884 9262//98
f 9248//1869 9249//1868 9368//1893 9367//1887
f 9144//1871 9145//1870 9264//1894 9263//1895
f 9249//1859 9250//1858 9369//1888 9368//1889
f 9145//1873 9146//1872 9265//1896 9264//1897
f 9250//1867 9251//1866 9370//1890 9369//1891
f 9146//1867 9147//1866 9266//1890 9265//1891
f 9251//1863 9252//1862 9371//1884 9370//1885
f 9147//1863 9148//1862 9267//1884 9266//1885
f 9252//1869 9253//1868 9372//1886 9371//1887
f 9148//1869 9149//1868 9268//1886 9267//1887
f 9253//1859 9254//1858 9373//1888 9372//1889
f 9149//1859 9150//1858 9269//1888 9268//1889
f 9254//1867 9255//1866 9374//1890 9373//1891
f 9150//1867 9151//1866 9270//1890 9269//1891
f 9255//1875 9256//1874 9375//1898 9374//1899
f 9151//1863 9152//1862 9271//1884 9270//1885
f 9256//1877 9257//1876 9376//1900 9375//1901
f 9152//1869 9153//1868 9272//1886 9271//1887
f 9257//1879 9258//1878 9377//1902 9376//1903
f 9153//1859 9154//1858 9273//1888 9272//1889
f 9258//1878 9259//1880 9378//1904 9377//1905
f 9154//1867 9155//1866 9274//1890 9273//1891
f 9259//1882 9260//1881 9379//1906 9378//1907
f 9155//1863 9156//1862 9275//1884 9274//1885
f 9260//1881 9261//1883 9380//1908 9379//1906
f 9156//1869 9157//1868 9276//1886 9275//1887
f 9157//1859 9158//1858 9277//1888 9276//1889
f 9158//1867 9159//1866 9278//1890 9277//1891
f 9159//1863 9160//1862 9279//1884 9278//1885
f 9160//1869 9161//1868 9280//1886 9279//1887
f 9161//1859 9162//1858 9281//1888 9280//1889
f 9162//1867 9163//1866 9282//1890 9281//1891
f 9163//1863 9164//1862 9283//1884 9282//1885
f 9164//1869 9165//1868 9284//1886 9283//1887
f 9165//1859 9166//1858 9285//1888 9284//1889
f 9166//1867 9167//1866 9286//1890 9285//1891
f 9167//1863 9168//1862 9287//1884 9286//1885
f 9168//1869 9169//1868 9288//1886 9287//1887
f 9169//1859 9170//1858 9289//1888 9288//1889
f 9170//1867 9171//1866 9290//1890 9289//1891
f 9171//1863 9172//1862 9291//1884 9290//1885
f 9172//1869 9173//1868 9292//1886 9291//1887
f 9173//1859 9174//1858 9293//1888 9292//1889
f 9174//1867 9175//1866 9294//1890 9293//1891
f 9175//1863 9176//1862 9295//1884 9294//1885
f 9176//1869 9177//1868 9296//1886 9295//1887
f 9177//1859 9178//1858 9297//1888 9296//1889
f 9178//1867 9179//1866 9298//1890 9297//1891
f 9179//1863 9180//1862 9299//1884 9298//1885
f 9180//1869 9181//1868 9300//1886 9299//1887
f 9181//1859 9182//1858 9301//1888 9300//1889
f 9182//1867 9183//1866 9302//1890 9301//1891
f 9183//1863 9184//1862 9303//1884 9302//1885
f 9184//1869 9185//1868 9304//1886 9303//1887
f 9185//1859 9186//1858 9305//1888 9304//1889
f 9186//1867 9187//1866 9306//1890 9305//1891
f 9187//1863 9188//1862 9307//1884 9306//1885
f 9188//1869 9189//1868 9308//1886 9307//1887
f 9189//1859 9190//1858 9309//1888 9308//1889
f 9190//1867 9191//1866 9310//1890 9309//1891
f 9191//1863 9192//1862 9311//1884 9310//1885
f 9192//1869 9193//1868 9312//1886 9311//1887
f 9193//1859 9194//1858 9313//1888 9312//1889
f 9194//1867 9195//1866 9314//1890 9313//1891
f 9195//1863 9196//1862 9315//1884 9314//1885
f 9196//1869 9197//1868 9316//1886 9315//1887
f 9197//1859 9198//1858 9317//1888 9316//1889
f 9198//1861 9199//1860 9318//1909 9317//1910
f 9199//1863 9200//1862 9319//1884 9318//1885
f 9200//1865 9201//1864 9320//1911 9319//1912
f 9201//1859 9202//1858 9321//1888 9320//1889
f 9202//1867 9203//1866 9322//1890 9321//1891
f 9203//1863 9204//1862 9323//1884 9322//1885
f 9204//1869 9205//1868 9324//1886 9323//1887
f 9205//1859 9206//1858 9325//1888 9324//1889
f 9206//1867 9207//1866 9326//1890 9325//1891
f 9207//1863 9208//1862 9327//1884 9326//1885
f 9208//1869 9209//1868 9328//1886 9327//1887
f 9209//1859 9210//1858 9329//1888 9328//1889
f 9210//1867 9211//1866 9330//1890 9329//1891
f 9211//1863 9212//1862 9331//1884 9330//1885
f 9212//1869 9213//1868 9332//1886 9331//1887
f 9213//1859 9214//1858 9333//1888 9332//1889
f 9214//1867 9215//1866 9334//1913 9333//1891
f 9215//1863 9216//1862 9335//1884 9334//1885
f 9216//1869 9217//1868 9336//1886 9335//1887
f 9217//1859 9218//1858 9337//1888 9336//1889
f 9218//1867 9219//1866 9338//1890 9337//1891
f 9219//1863 9220//1862 9339//1884 9338//1885
f 9220//1869 9221//1868 9340//1886 9339//1887
f 9221//1859 9222//1858 9341//1888 9340//1889
f 9222//1867 9223//1866 9342//1890 9341//1891
f 9263//1895 9264//1894 9383//1914 9382//1915
f 9368//1889 9369//1888 9488//1916 9487//1917
f 9264//1897 9265//1896 9384//1918 9383//1919
f 9369//1891 9370//1890 9489//1920 9488//1921
f 9265//1891 9266//1890 9385//1920 9384//1921
f 9370//1885 9371//1884 9490//1922 9489//1923
f 9266//1885 9267//1884 9386//1922 9385//1923
f 9371//1887 9372//1886 9491//1924 9490//1925
f 9267//1887 9268//1886 9387//1924 9386//1925
f 9372//1889 9373//1888 9492//1916 9491//1917
f 9268//1889 9269//1888 9388//1916 9387//1917
f 9373//1891 9374//1890 9493//1920 9492//1921
f 9269//1891 9270//1890 9389//1920 9388//1921
f 9374//1899 9375//1898 9494//1926 9493//1927
f 9270//1885 9271//1884 9390//1922 9389//1923
f 9375//1901 9376//1900 9495//1928 9494//1929
f 9271//1887 9272//1886 9391//1930 9390//1925
f 9376//1903 9377//1902 9496//1931 9495//1932
f 9272//1889 9273//1888 9392//1916 9391//1917
f 9377//1905 9378//1904 9497//1933 9496//1934
f 9273//1891 9274//1890 9393//1920 9392//1921
f 9378//1907 9379//1906 9498//1935 9497//1936
f 9274//1885 9275//1884 9394//1922 9393//1923
f 9379//1906 9380//1908 9499//1937 9498//1935
f 9275//1887 9276//1886 9395//1924 9394//1925
f 9276//1889 9277//1888 9396//1916 9395//1917
f 9277//1891 9278//1890 9397//1920 9396//1921
f 9278//1885 9279//1884 9398//1922 9397//1923
f 9279//1887 9280//1886 9399//1930 9398//1925
f 9280//1889 9281//1888 9400//1916 9399//1917
f 9281//1891 9282//1890 9401//1920 9400//1921
f 9282//1885 9283//1884 9402//1922 9401//1923
f 9283//1887 9284//1886 9403//1924 9402//1925
f 9284//1889 9285//1888 9404//1916 9403//1917
f 9285//1891 9286//1890 9405//1920 9404//1921
f 9286//1885 9287//1884 9406//1922 9405//1923
f 9287//1887 9288//1886 9407//1924 9406//1925
f 9288//1889 9289//1888 9408//1916 9407//1917
f 9289//1891 9290//1890 9409//1920 9408//1921
f 9290//1885 9291//1884 9410//1922 9409//1923
f 9291//1887 9292//1886 9411//1924 9410//1925
f 9292//1889 9293//1888 9412//1916 9411//1917
f 9293//1891 9294//1890 9413//1920 9412//1921
f 9294//1885 9295//1884 9414//1922 9413//1923
f 9295//1887 9296//1886 9415//1930 9414//1925
f 9296//1889 9297//1888 9416//1916 9415//1917
f 9297//1891 9298//1890 9417//1920 9416//1921
f 9298//1885 9299//1884 9418//1922 9417//1923
f 9299//1887 9300//1886 9419//1924 9418//1925
f 9300//1889 9301//1888 9420//1916 9419//1917
f 9301//1891 9302//1890 9421//1920 9420//1921
f 9302//1885 9303//1884 9422//1922 9421//1923
f 9303//1887 9304//1886 9423//1924 9422//1925
f 9304//1889 9305//1888 9424//1916 9423//1917
f 9305//1891 9306//1890 9425//1920 9424//1921
f 9306//1885 9307//1884 9426//1922 9425//1923
f 9307//1887 9308//1886 9427//1924 9426//1925
f 9308//1889 9309//1888 9428//1916 9427//1917
f 9309//1891 9310//1890 9429//1920 9428//1921
f 9310//1885 9311//1884 9430//1922 9429//1923
f 9311//1887 9312//1886 9431//1924 9430//1925
f 9312//1889 9313//1888 9432//1916 9431//1917
f 9313//1891 9314//1890 9433//1920 9432//1921
f 9314//1885 9315//1884 9434//1922 9433//1923
f 9315//1887 9316//1886 9435//1924 9434//1925
f 9316//1889 9317//1888 9436//1916 9435//1917
f 9317//1910 9318//1909 9437//1938 9436//1939
f 9318//1885 9319//1884 9438//1922 9437//1923
f 9319//1912 9320//1911 9439//1940 9438//1941
f 9320//1889 9321//1888 9440//1916 9439//1917
f 9321//1891 9322//1890 9441//1920 9440//1921
f 9322//1885 9323//1884 9442//1922 9441//1923
f 9323//1887 9324//1886 9443//1924 9442//1925
f 9324//1889 9325//1888 9444//1916 9443//1917
f 9325//1891 9326//1890 9445//1920 9444//1921
f 9326//1885 9327//1884 9446//1922 9445//1923
f 9327//1887 9328//1886 9447//1924 9446//1925
f 9328//1889 9329//1888 9448//1916 9447//1917
f 9329//1891 9330//1890 9449//1920 9448//1921
f 9330//1885 9331//1884 9450//1922 9449//1923
f 9331//1887 9332//1886 9451//1924 9450//1925
f 9332//1889 9333//1888 9452//1916 9451//1917
f 9333//1891 9334//1913 9453//1920 9452//1921
f 9334//1885 9335//1884 9454//1922 9453//1923
f 9335//1887 9336//1886 9455//1924 9454//1925
f 9336//1889 9337//1888 9456//1916 9455//1917
f 9337//1891 9338//1890 9457//1920 9456//1921
f 9338//1885 9339//1884 9458//1922 9457//1923
f 9339//1887 9340//1886 9459//1924 9458//1925
f 9340//1889 9341//1888 9460//1916 9459//1917
f 9341//1891 9342//1890 9461//1920 9460//1921
f 9342//1885 9343//1884 9462//1922 9461//1923
f 9343//1887 9344//1886 9463//1924 9462//1925
f 9344//1889 9345//1888 9464//1916 9463//1917
f 9345//1891 9346//1890 9465//1920 9464//1921
f 9346//1885 9347//1884 9466//1922 9465//1923
f 9347//1887 9348//1886 9467//1924 9466//1925
f 9348//1889 9349//1888 9468//1916 9467//1917
f 9349//1892 9350//1890 9469//1920 9468//1921
f 9350//1885 9351//1884 9470//1922 9469//1923
f 9351//1887 9352//1886 9471//1924 9470//1925
f 9352//1889 9353//1888 9472//1916 9471//1917
f 9353//1891 9354//1890 9473//1920 9472//1921
f 9354//1885 9355//1884 9474//1922 9473//1923
f 9355//1887 9356//1886 9475//1924 9474//1925
f 9356//1889 9357//1888 9476//1916 9475//1917
f 9357//1891 9358//1890 9477//1920 9476//1921
f 9358//1885 9359//1884 9478//1922 9477//1923
f 9359//1887 9360//1886 9479//1924 9478//1925
f 9360//1889 9361//1888 9480//1916 9479//1917
f 9361//1891 9362//1890 9481//1920 9480//1921
f 9362//1885 9363//1884 9482//1922 9481//1923
f 9363//1887 9364//1886 9483//1924 9482//1925
f 9364//1889 9365//1888 9484//1916 9483//1917
f 9365//1891 9366//1890 9485//1920 9484//1942
f 2512//98 9262//98 9381//99 2513//99
f 9366//1885 9367//1884 9486//1922 9485//1923
f 9262//98 9263//1884 9382//1922 9381//99
f 9367//1887 9368//1893 9487//1924 9486//1925
f 9441//1923 9442//1922 9561//1943 9560//1944
f 9442//1925 9443//1924 9562//1945 9561//1946
f 9443//1917 9444//1916 9563//1947 9562//1948
f 9444//1921 9445//1920 9564//1949 9563//1950
f 9445//1923 9446//1922 9565//1943 9564//1944
f 9446//1925 9447//1924 9566//1945 9565//1946
f 9447//1917 9448//1916 9567//1947 9566//1948
f 9448//1921 9449//1920 9568//1949 9567//1950
f 9449//1923 9450//1922 9569//1943 9568//1944
f 9450//1925 9451//1924 9570//1945 9569//1946
f 9451//1917 9452//1916 9571//1947 9570//1948
f 9452//1921 9453//1920 9572//1949 9571//1950
f 9453//1923 9454//1922 9573//1943 9572//1944
f 9454//1925 9455//1924 9574//1945 9573//1946
f 9455//1917 9456//1916 9575//1947 9574//1948
f 9456//1921 9457//1920 9576//1949 9575//1950
f 9457//1923 9458//1922 9577//1943 9576//1944
f 9458//1925 9459//1924 9578//1945 9577//1946
f 9459//1917 9460//1916 9579//1947 9578//1948
f 9460//1921 9461//1920 9580//1949 9579//1950
f 9461//1923 9462//1922 9581//1943 9580//1944
f 9462//1925 9463//1924 9582//1945 9581//1946
f 9463//1917 9464//1916 9583//1947 9582//1948
f 9464//1921 9465//1920 9584//1949 9583//1950
f 9465//1923 9466//1922 9585//1943 9584//1944
f 9466//1925 9467//1924 9586//1945 9585//1946
f 9467//1917 9468//1916 9587//1947 9586//1948
f 9468//1921 9469//1920 9588//1949 9587//1950
f 9469//1923 9470//1922 9589//1943 9588//1944
f 9470//1925 9471//1924 9590//1945 9589//1946
f 9471//1917 9472//1916 9591//1947 9590//1948
f 9472//1921 9473//1920 9592//1949 9591//1950
f 9473//1923 9474//1922 9593//1943 9592//1944
f 9474//1925 9475//1924 9594//1945 9593//1946
f 9475//1917 9476//1916 9595//1947 9594//1948
f 9476//1921 9477//1920 9596//1949 9595//1950
f 9477//1923 9478//1922 9597//1943 9596//1944
f 9478//1925 9479//1924 9598//1945 9597//1946
f 9479//1917 9480//1916 9599//1947 9598//1948
f 9480//1921 9481//1920 9600//1949 9599//1950
f 9481//1923 9482//1922 9601//1943 9600//1944
f 9482//1925 9483//1924 9602//1945 9601//1946
f 9483//1917 9484//1916 9603//1947 9602//1948
f 9484//1942 9485//1920 9604//1949 9603//1950
f 2513//99 9381//99 9500//76
f 9485//1923 9486//1922 9605//1943 9604//1944
f 9381//99 9382//1922 9501//1943 9500//76
f 9486//1925 9487//1924 9606//1945 9605//1946
f 9382//1915 9383//1914 9502//1951 9501//1952
f 9487//1917 9488//1916 9607//1947 9606//1948
f 9383//1919 9384//1918 9503//1953 9502//1954
f 9488//1921 9489//1920 9608//1949 9607//1950
f 9384//1921 9385//1920 9504//1949 9503//1950
f 9489//1923 9490//1922 9609//1943 9608//1944
f 9385//1923 9386//1922 9505//1943 9504//1955
f 9490//1925 9491//1924 9610//1945 9609//1946
f 9386//1925 9387//1924 9506//1945 9505//1946
f 9491//1917 9492//1916 9611//1947 9610//1948
f 9387//1917 9388//1916 9507//1947 9506//1948
f 9492//1921 9493//1920 9612//1949 9611//1950
f 9388//1921 9389//1920 9508//1949 9507//1950
f 9493//1927 9494//1926 9613//1956 9612//1957
f 9389//1923 9390//1922 9509//1943 9508//1955
f 9494//1929 9495//1928 9614//1958 9613//1959
f 9390//1925 9391//1930 9510//1945 9509//1946
f 9495//1932 9496//1931 9615//1960 9614//1961
f 9391//1917 9392//1916 9511//1947 9510//1948
f 9496//1934 9497//1933 9616//1962 9615//1963
f 9392//1921 9393//1920 9512//1949 9511//1950
f 9497//1936 9498//1935 9617//1964 9616//1965
f 9393//1923 9394//1922 9513//1943 9512//1955
f 9498//1935 9499//1937 9618//1966 9617//1964
f 9394//1925 9395//1924 9514//1945 9513//1946
f 9395//1917 9396//1916 9515//1947 9514//1948
f 9396//1921 9397//1920 9516//1949 9515//1950
f 9397//1923 9398//1922 9517//1943 9516//1955
f 9398//1925 9399//1930 9518//1945 9517//1946
f 9399//1917 9400//1916 9519//1947 9518//1948
f 9400//1921 9401//1920 9520//1949 9519//1950
f 9401//1923 9402//1922 9521//1943 9520//1955
f 9402//1925 9403//1924 9522//1945 9521//1946
f 9403//1917 9404//1916 9523//1947 9522//1948
f 9404//1921 9405//1920 9524//1949 9523//1950
f 9405//1923 9406//1922 9525//1943 9524//1955
f 9406//1925 9407//1924 9526//1945 9525//1946
f 9407//1917 9408//1916 9527//1947 9526//1948
f 9408//1921 9409//1920 9528//1949 9527//1950
f 9409//1923 9410//1922 9529//1943 9528//1955
f 9410//1925 9411//1924 9530//1945 9529//1946
f 9411//1917 9412//1916 9531//1947 9530//1948
f 9412//1921 9413//1920 9532//1949 9531//1950
f 9413//1923 9414//1922 9533//1943 9532//1944
f 9414//1925 9415//1930 9534//1945 9533//1946
f 9415//1917 9416//1916 9535//1947 9534//1948
f 9416//1921 9417//1920 9536//1949 9535//1950
f 9417//1923 9418//1922 9537//1943 9536//1944
f 9418//1925 9419//1924 9538//1945 9537//1946
f 9419//1917 9420//1916 9539//1947 9538//1948
f 9420//1921 9421//1920 9540//1949 9539//1950
f 9421//1923 9422//1922 9541//1943 9540//1944
f 9422//1925 9423//1924 9542//1945 9541//1946
f 9423//1917 9424//1916 9543//1947 9542//1948
f 9424//1921 9425//1920 9544//1949 9543//1950
f 9425//1923 9426//1922 9545//1943 9544//1944
f 9426//1925 9427//1924 9546//1945 9545//1946
f 9427//1917 9428//1916 9547//1947 9546//1948
f 9428//1921 9429//1920 9548//1949 9547//1950
f 9429//1923 9430//1922 9549//1943 9548//1944
f 9430//1925 9431//1924 9550//1945 9549//1946
f 9431//1917 9432//1916 9551//1947 9550//1948
f 9432//1921 9433//1920 9552//1949 9551//1950
f 9433//1923 9434//1922 9553//1943 9552//1944
f 9434//1925 9435//1924 9554//1945 9553//1946
f 9435//1917 9436//1916 9555//1947 9554//1948
f 9436//1939 9437//1938 9556//1967 9555//1968
f 9437//1923 9438//1922 9557//1943 9556//1955
f 9438//1941 9439//1940 9558//1969 9557//1970
f 9439//1917 9440//1916 9559//1947 9558//1948
f 9440//1921 9441//1920 9560//1949 9559//1950
f 9586//1948 9587//1947 9705//1971 9704//1972
f 9587//1950 9588//1949 9706//1973 9705//1974
f 9588//1944 9589//1943 9707//1975 9706//1976
f 9589//1946 9590//1945 9708//1977 9707//1978
f 9590//1948 9591//1947 9709//1971 9708//1972
f 9591//1950 9592//1949 9710//1979 9709//1974
f 9592//1944 9593//1943 9711//1975 9710//1976
f 9593//1946 9594//1945 9712//1977 9711//1978
f 9594//1948 9595//1947 9713//1971 9712//1972
f 9595//1950 9596//1949 9714//1979 9713//1974
f 9596//1944 9597//1943 9715//1975 9714//1976
f 9597//1946 9598//1945 9716//1977 9715//1978
f 9598//1948 9599//1947 9717//1971 9716//1972
f 9599//1950 9600//1949 9718//1979 9717//1974
f 9600//1944 9601//1943 9719//1975 9718//1976
f 9601//1946 9602//1945 9720//1977 9719//1978
f 9602//1948 9603//1947 9721//1971 9720//1972
f 9603//1950 9604//1949 9722//1979 9721//1974
f 9604//1944 9605//1943 9723//1975 9722//1976
f 9500//76 9501//1943 9619//1980 2632//77
f 9605//1946 9606//1945 9724//1977 9723//1978
f 9501//1952 9502//1951 9620//1981 9619//1982
f 9606//1948 9607//1947 9725//1971 9724//1972
f 9502//1954 9503//1953 9621//1983 9620//1984
f 9607//1950 9608//1949 9726//1979 9725//1974
f 9503//1950 9504//1949 9622//1979 9621//1974
f 9608//1944 9609//1943 9727//1975 9726//1976
f 9504//1955 9505//1943 9623//1975 9622//1976
f 9609//1946 9610//1945 9728//1977 9727//1978
f 9505//1946 9506//1945 9624//1977 9623//1978
f 9610//1948 9611//1947 9729//1971 9728//1972
f 9506//1948 9507//1947 9625//1971 9624//1972
f 9611//1950 9612//1949 9730//1979 9729//1974
f 9507//1950 9508//1949 9626//1979 9625//1974
f 9612//1957 9613//1956 9731//1985 9730//1986
f 9508//1955 9509//1943 9627//1975 9626//1976
f 9613//1959 9614//1958 9732//1987 9731//1988
f 9509//1946 9510//1945 9628//1977 9627//1978
f 9614//1961 9615//1960 9733//1989 9732//1990
f 9510//1948 9511//1947 9629//1971 9628//1972
f 9615//1963 9616//1962 9734//1991 9733//1992
f 9511//1950 9512//1949 9630//1979 9629//1974
f 9616//1965 9617//1964 9735//1993 9734//1994
f 9512//1955 9513//1943 9631//1975 9630//1976
f 9617//1964 9618//1966 9736//1995 9735//1993
f 9513//1946 9514//1945 9632//1977 9631//1978
f 9514//1948 9515//1947 9633//1971 9632//1972
f 9515//1950 9516//1949 9634//1979 9633//1974
f 9516//1955 9517//1943 9635//1975 9634//1976
f 9517//1946 9518//1945 9636//1977 9635//1978
f 9518//1948 9519//1947 9637//1971 9636//1972
f 9519//1950 9520//1949 9638//1979 9637//1974
f 9520//1955 9521//1943 9639//1975 9638//1976
f 9521//1946 9522//1945 9640//1977 9639//1978
f 9522//1948 9523//1947 9641//1971 9640//1972
f 9523//1950 9524//1949 9642//1979 9641//1974
f 9524//1955 9525//1943 9643//1975 9642//1976
f 9525//1946 9526//1945 9644//1977 9643//1978
f 9526//1948 9527//1947 9645//1971 9644//1972
f 9527//1950 9528//1949 9646//1979 9645//1974
f 9528//1955 9529//1943 9647//1975 9646//1976
f 9529//1946 9530//1945 9648//1977 9647//1978
f 9530//1948 9531//1947 9649//1971 9648//1972
f 9531//1950 9532//1949 9650//1979 9649//1974
f 9532//1944 9533//1943 9651//1975 9650//1976
f 9533//1946 9534//1945 9652//1977 9651//1978
f 9534//1948 9535//1947 9653//1971 9652//1972
f 9535//1950 9536//1949 9654//1979 9653//1974
f 9536//1944 9537//1943 9655//1975 9654//1976
f 9537//1946 9538//1945 9656//1977 9655//1978
f 9538//1948 9539//1947 9657//1971 9656//1972
f 9539//1950 9540//1949 9658//1979 9657//1974
f 9540//1944 9541//1943 9659//1975 9658//1976
f 9541//1946 9542//1945 9660//1977 9659//1978
f 9542//1948 9543//1947 9661//1971 9660//1972
f 9543//1950 9544//1949 9662//1979 9661//1974
f 9544//1944 9545//1943 9663//1975 9662//1976
f 9545//1946 9546//1945 9664//1977 9663//1978
f 9546//1948 9547//1947 9665//1971 9664//1972
f 9547//1950 9548//1949 9666//1979 9665//1974
f 9548//1944 9549//1943 9667//1975 9666//1976
f 9549//1946 9550//1945 9668//1977 9667//1978
f 9550//1948 9551//1947 9669//1971 9668//1972
f 9551//1950 9552//1949 9670//1979 9669//1974
f 9552//1944 9553//1943 9671//1975 9670//1976
f 9553//1946 9554//1945 9672//1977 9671//1978
f 9554//1948 9555//1947 9673//1971 9672//1972
f 9555//1968 9556//1967 9674//1996 9673//1997
f 9556//1955 9557//1943 9675//1975 9674//1976
f 9557//1970 9558//1969 9676//1998 9675//1999
f 9558//1948 9559//1947 9677//1971 9676//1972
f 9559//1950 9560//1949 9678//1979 9677//1974
f 9560//1944 9561//1943 9679//1975 9678//1976
f 9561//1946 9562//1945 9680//1977 9679//1978
f 9562//1948 9563//1947 9681//1971 9680//1972
f 9563//1950 9564//1949 9682//1979 9681//1974
f 9564//1944 9565//1943 9683//1975 9682//1976
f 9565//1946 9566//1945 9684//1977 9683//1978
f 9566//1948 9567//1947 9685//1971 9684//1972
f 9567//1950 9568//1949 9686//1979 9685//1974
f 9568//1944 9569//1943 9687//1975 9686//1976
f 9569//1946 9570//1945 9688//1977 9687//1978
f 9570//1948 9571//1947 9689//1971 9688//1972
f 9571//1950 9572//1949 9690//1979 9689//1974
f 9572//1944 9573//1943 9691//1975 9690//1976
f 9573//1946 9574//1945 9692//1977 9691//1978
f 9574//1948 9575//1947 9693//1971 9692//1972
f 9575//1950 9576//1949 9694//1979 9693//1974
f 9576//1944 9577//1943 9695//1975 9694//1976
f 9577//1946 9578//1945 9696//1977 9695//1978
f 9578//1948 9579//1947 9697//1971 9696//1972
f 9579//1950 9580//1949 9698//1979 9697//1974
f 9580//1944 9581//1943 9699//1975 9698//1976
f 9581//1946 9582//1945 9700//1977 9699//1978
f 9582//1948 9583//1947 9701//1971 9700//1972
f 9583//1950 9584//1949 9702//1979 9701//1974
f 9584//1944 9585//1943 9703//1975 9702//1976
f 9585//1946 9586//1945 9704//1977 9703//1978
f 9625//1974 9626//1979 9744//2000 9743//2001
f 9730//1986 9731//1985 9849//2002 9848//2003
f 9626//1976 9627//1975 9745//2002 9744//2003
f 9731//1988 9732//1987 9850//2004 9849//2005
f 9627//1978 9628//1977 9746//2006 9745//2007
f 9732//1990 9733//1989 9851//2008 9850//2009
f 9628//1972 9629//1971 9747//2010 9746//2011
f 9733//1992 9734//1991 9852//2012 9851//2013
f 9629//1974 9630//1979 9748//2000 9747//2001
f 9734//1994 9735//1993 9853//2014 9852//2015
f 9630//1976 9631//1975 9749//2002 9748//2003
f 9735//1993 9736//1995 9854//2016 9853//2014
f 9631//1978 9632//1977 9750//2006 9749//2007
f 9632//1972 9633//1971 9751//2010 9750//2011
f 9633//1974 9634//1979 9752//2000 9751//2001
f 9634//1976 9635//1975 9753//2002 9752//2003
f 9635//1978 9636//1977 9754//2006 9753//2007
f 9636//1972 9637//1971 9755//2010 9754//2011
f 9637//1974 9638//1979 9756//2000 9755//2001
f 9638//1976 9639//1975 9757//2002 9756//2003
f 9639//1978 9640//1977 9758//2006 9757//2007
f 9640//1972 9641//1971 9759//2010 9758//2011
f 9641//1974 9642//1979 9760//2000 9759//2001
f 9642//1976 9643//1975 9761//2002 9760//2003
f 9643//1978 9644//1977 9762//2006 9761//2007
f 9644//1972 9645//1971 9763//2010 9762//2011
f 9645//1974 9646//1979 9764//2000 9763//2001
f 9646//1976 9647//1975 9765//2002 9764//2003
f 9647//1978 9648//1977 9766//2006 9765//2007
f 9648//1972 9649//1971 9767//2010 9766//2011
f 9649//1974 9650//1979 9768//2000 9767//2001
f 9650//1976 9651//1975 9769//2002 9768//2003
f 9651//1978 9652//1977 9770//2006 9769//2007
f 9652//1972 9653//1971 9771//2010 9770//2011
f 9653//1974 9654//1979 9772//2000 9771//2001
f 9654//1976 9655//1975 9773//2002 9772//2003
f 9655//1978 9656//1977 9774//2006 9773//2007
f 9656//1972 9657//1971 9775//2010 9774//2011
f 9657//1974 9658//1979 9776//2000 9775//2001
f 9658//1976 9659//1975 9777//2002 9776//2003
f 9659//1978 9660//1977 9778//2006 9777//2007
f 9660//1972 9661//1971 9779//2010 9778//2011
f 9661//1974 9662//1979 9780//2000 9779//2001
f 9662//1976 9663//1975 9781//2002 9780//2003
f 9663//1978 9664//1977 9782//2006 9781//2007
f 9664//1972 9665//1971 9783//2010 9782//2011
f 9665//1974 9666//1979 9784//2000 9783//2001
f 9666//1976 9667//1975 9785//2002 9784//2003
f 9667//1978 9668//1977 9786//2006 9785//2007
f 9668//1972 9669//1971 9787//2010 9786//2011
f 9669//1974 9670//1979 9788//2000 9787//2001
f 9670//1976 9671//1975 9789//2002 9788//2003
f 9671//1978 9672//1977 9790//2006 9789//2007
f 9672//1972 9673//1971 9791//2010 9790//2011
f 9673//1997 9674//1996 9792//2017 9791//2018
f 9674//1976 9675//1975 9793//2002 9792//2003
f 9675//1999 9676//1998 9794//2019 9793//2020
f 9676//1972 9677//1971 9795//2010 9794//2011
f 9677//1974 9678//1979 9796//2000 9795//2001
f 9678//1976 9679//1975 9797//2002 9796//2003
f 9679//1978 9680//1977 9798//2006 9797//2007
f 9680//1972 9681//1971 9799//2010 9798//2011
f 9681//1974 9682//1979 9800//2000 9799//2001
f 9682//1976 9683//1975 9801//2002 9800//2003
f 9683//1978 9684//1977 9802//2006 9801//2007
f 9684//1972 9685//1971 9803//2010 9802//2011
f 9685//1974 9686//1979 9804//2000 9803//2001
f 9686//1976 9687//1975 9805//2002 9804//2003
f 9687//1978 9688//1977 9806//2006 9805//2007
f 9688//1972 9689//1971 9807//2010 9806//2011
f 9689//1974 9690//1979 9808//2000 9807//2001
f 9690//1976 9691//1975 9809//2002 9808//2003
f 9691//1978 9692//1977 9810//2006 9809//2007
f 9692//1972 9693//1971 9811//2010 9810//2011
f 9693//1974 9694//1979 9812//2000 9811//2001
f 9694//1976 9695//1975 9813//2002 9812//2003
f 9695//1978 9696//1977 9814//2006 9813//2007
f 9696//1972 9697//1971 9815//2010 9814//2011
f 9697//1974 9698//1979 9816//2000 9815//2001
f 9698//1976 9699//1975 9817//2002 9816//2003
f 9699//1978 9700//1977 9818//2006 9817//2007
f 9700//1972 9701//1971 9819//2010 9818//2011
f 9701//1974 9702//1979 9820//2000 9819//2001
f 9702//1976 9703//1975 9821//2002 9820//2003
f 9703//1978 9704//1977 9822//2006 9821//2007
f 9704//1972 9705//1971 9823//2010 9822//2011
f 9705//1974 9706//1973 9824//2000 9823//2001
f 9706//1976 9707//1975 9825//2002 9824//2003
f 9707//1978 9708//1977 9826//2006 9825//2021
f 9708//1972 9709//1971 9827//2010 9826//2011
f 9709//1974 9710//1979 9828//2000 9827//2001
f 9710//1976 9711//1975 9829//2002 9828//2003
f 9711//1978 9712//1977 9830//2006 9829//2007
f 9712//1972 9713//1971 9831//2010 9830//2011
f 9713//1974 9714//1979 9832//2000 9831//2001
f 9714//1976 9715//1975 9833//2002 9832//2003
f 9715//1978 9716//1977 9834//2006 9833//2007
f 9716//1972 9717//1971 9835//2010 9834//2011
f 9717//1974 9718//1979 9836//2000 9835//2001
f 9718//1976 9719//1975 9837//2002 9836//2003
f 9719//1978 9720//1977 9838//2006 9837//2007
f 9720//1972 9721//1971 9839//2010 9838//2011
f 9721//1974 9722//1979 9840//2000 9839//2001
f 9722//1976 9723//1975 9841//2002 9840//2003
f 2632//77 9619//1980 9737//2002 2633//176
f 9723//1978 9724//1977 9842//2006 9841//2007
f 9619//1982 9620//1981 9738//2022 9737//2023
f 9724//1972 9725//1971 9843//2010 9842//2011
f 9620//1984 9621//1983 9739//2024 9738//2025
f 9725//1974 9726//1979 9844//2000 9843//2001
f 9621//1974 9622//1979 9740//2000 9739//2001
f 9726//1976 9727//1975 9845//2002 9844//2003
f 9622//1976 9623//1975 9741//2002 9740//2003
f 9727//1978 9728//1977 9846//2006 9845//2007
f 9623//1978 9624//1977 9742//2006 9741//2007
f 9728//1972 9729//1971 9847//2010 9846//2011
f 9624//1972 9625//1971 9743//2010 9742//2011
f 9729//1974 9730//1979 9848//2000 9847//2001
f 9786//2011 9787//2010 9905//2026 9904//2027
f 9787//2001 9788//2000 9906//2028 9905//2029
f 9788//2003 9789//2002 9907//2030 9906//2031
f 9789//2007 9790//2006 9908//2032 9907//2033
f 9790//2011 9791//2010 9909//2026 9908//2027
f 9791//2018 9792//2017 9910//2034 9909//2035
f 9792//2003 9793//2002 9911//2030 9910//2031
f 9793//2020 9794//2019 9912//2036 9911//2037
f 9794//2011 9795//2010 9913//2026 9912//2027
f 9795//2001 9796//2000 9914//2028 9913//2029
f 9796//2003 9797//2002 9915//2030 9914//2031
f 9797//2007 9798//2006 9916//2032 9915//2033
f 9798//2011 9799//2010 9917//2026 9916//2027
f 9799//2001 9800//2000 9918//2028 9917//2029
f 9800//2003 9801//2002 9919//2030 9918//2031
f 9801//2007 9802//2006 9920//2032 9919//2033
f 9802//2011 9803//2010 9921//2026 9920//2027
f 9803//2001 9804//2000 9922//2028 9921//2029
f 9804//2003 9805//2002 9923//2030 9922//2031
f 9805//2007 9806//2006 9924//2032 9923//2033
f 9806//2011 9807//2010 9925//2026 9924//2027
f 9807//2001 9808//2000 9926//2028 9925//2029
f 9808//2003 9809//2002 9927//2030 9926//2031
f 9809//2007 9810//2006 9928//2032 9927//2033
f 9810//2011 9811//2010 9929//2026 9928//2027
f 9811//2001 9812//2000 9930//2028 9929//2029
f 9812//2003 9813//2002 9931//2030 9930//2031
f 9813//2007 9814//2006 9932//2032 9931//2033
f 9814//2011 9815//2010 9933//2026 9932//2027
f 9815//2001 9816//2000 9934//2028 9933//2029
f 9816//2003 9817//2002 9935//2030 9934//2031
f 9817//2007 9818//2006 9936//2032 9935//2033
f 9818//2011 9819//2010 9937//2026 9936//2027
f 9819//2001 9820//2000 9938//2028 9937//2029
f 9820//2003 9821//2002 9939//2030 9938//2031
f 9821//2007 9822//2006 9940//2032 9939//2033
f 9822//2011 9823//2010 9941//2026 9940//2027
f 9823//2001 9824//2000 9942//2028 9941//2038
f 9824//2003 9825//2002 9943//2030 9942//2031
f 9825//2021 9826//2006 9944//2032 9943//2033
f 9826//2011 9827//2010 9945//2026 9944//2027
f 9827//2001 9828//2000 9946//2028 9945//2029
f 9828//2003 9829//2002 9947//2030 9946//2031
f 9829//2007 9830//2006 9948//2032 9947//2033
f 9830//2011 9831//2010 9949//2026 9948//2027
f 9831//2001 9832//2000 9950//2028 9949//2029
f 9832//2003 9833//2002 9951//2030 9950//2031
f 9833//2007 9834//2006 9952//2032 9951//2033
f 9834//2011 9835//2010 9953//2026 9952//2027
f 9835//2001 9836//2000 9954//2028 9953//2029
f 9836//2003 9837//2002 9955//2030 9954//2031
f 9837//2007 9838//2006 9956//2032 9955//2033
f 9838//2011 9839//2010 9957//2026 9956//2027
f 9839//2001 9840//2000 9958//2028 9957//2029
f 9840//2003 9841//2002 9959//2030 9958//2031
f 2633//176 9737//2002 9855//2030 2634//177
f 9841//2007 9842//2006 9960//2032 9959//2033
f 9737//2023 9738//2022 9856//2039 9855//2040
f 9842//2011 9843//2010 9961//2026 9960//2027
f 9738//2025 9739//2024 9857//2041 9856//2042
f 9843//2001 9844//2000 9962//2028 9961//2029
f 9739//2001 9740//2000 9858//2028 9857//2029
f 9844//2003 9845//2002 9963//2030 9962//2031
f 9740//2003 9741//2002 9859//2030 9858//2031
f 9845//2007 9846//2006 9964//2032 9963//2033
f 9741//2007 9742//2006 9860//2032 9859//2033
f 9846//2011 9847//2010 9965//2026 9964//2027
f 9742//2011 9743//2010 9861//2026 9860//2027
f 9847//2001 9848//2000 9966//2028 9965//2038
f 9743//2001 9744//2000 9862//2028 9861//2029
f 9848//2003 9849//2002 9967//2030 9966//2031
f 9744//2003 9745//2002 9863//2030 9862//2031
f 9849//2005 9850//2004 9968//2043 9967//2044
f 9745//2007 9746//2006 9864//2032 9863//2033
f 9850//2009 9851//2008 9969//2045 9968//2046
f 9746//2011 9747//2010 9865//2026 9864//2027
f 9851//2013 9852//2012 9970//2047 9969//2048
f 9747//2001 9748//2000 9866//2028 9865//2029
f 9852//2015 9853//2014 9971//2049 9970//2050
f 9748//2003 9749//2002 9867//2030 9866//2031
f 9853//2014 9854//2016 9972//2051 9971//2049
f 9749//2007 9750//2006 9868//2032 9867//2033
f 9750//2011 9751//2010 9869//2026 9868//2027
f 9751//2001 9752//2000 9870//2028 9869//2029
f 9752//2003 9753//2002 9871//2030 9870//2031
f 9753//2007 9754//2006 9872//2032 9871//2033
f 9754//2011 9755//2010 9873//2026 9872//2027
f 9755//2001 9756//2000 9874//2028 9873//2029
f 9756//2003 9757//2002 9875//2030 9874//2031
f 9757//2007 9758//2006 9876//2032 9875//2033
f 9758//2011 9759//2010 9877//2026 9876//2027
f 9759//2001 9760//2000 9878//2028 9877//2029
f 9760//2003 9761//2002 9879//2030 9878//2031
f 9761//2007 9762//2006 9880//2032 9879//2033
f 9762//2011 9763//2010 9881//2026 9880//2027
f 9763//2001 9764//2000 9882//2028 9881//2029
f 9764//2003 9765//2002 9883//2030 9882//2031
f 9765//2007 9766//2006 9884//2032 9883//2033
f 9766//2011 9767//2010 9885//2026 9884//2027
f 9767//2001 9768//2000 9886//2028 9885//2029
f 9768//2003 9769//2002 9887//2030 9886//2031
f 9769//2007 9770//2006 9888//2032 9887//2033
f 9770//2011 9771//2010 9889//2026 9888//2027
f 9771//2001 9772//2000 9890//2028 9889//2029
f 9772//2003 9773//2002 9891//2030 9890//2031
f 9773//2007 9774//2006 9892//2032 9891//2033
f 9774//2011 9775//2010 9893//2026 9892//2027
f 9775//2001 9776//2000 9894//2028 9893//2029
f 9776//2003 9777//2002 9895//2030 9894//2031
f 9777//2007 9778//2006 9896//2032 9895//2033
f 9778//2011 9779//2010 9897//2026 9896//2027
f 9779//2001 9780//2000 9898//2028 9897//2029
f 9780//2003 9781//2002 9899//2030 9898//2031
f 9781//2007 9782//2006 9900//2032 9899//2033
f 9782//2011 9783//2010 9901//2026 9900//2027
f 9783//2001 9784//2000 9902//2028 9901//2029
f 9784//2003 9785//2002 9903//2030 9902//2031
f 9785//2007 9786//2006 9904//2032 9903//2033
f 9930//2031 9931//2030 10049//2052 10048//2053
f 9931//2033 9932//2032 10050//2054 10049//2055
f 9932//2027 9933//2026 10051//2056 10050//2057
f 9933//2029 9934//2028 10052//2058 10051//2059
f 9934//2031 9935//2030 10053//2052 10052//2053
f 9935//2033 9936//2032 10054//2054 10053//2055
f 9936//2027 9937//2026 10055//2056 10054//2057
f 9937//2029 9938//2028 10056//2058 10055//2059
f 9938//2031 9939//2030 10057//2052 10056//2053
f 9939//2033 9940//2032 10058//2054 10057//2055
f 9940//2027 9941//2026 10059//2056 10058//2057
f 9941//2038 9942//2028 10060//2058 10059//2059
f 9942//2031 9943//2030 10061//2052 10060//2053
f 9943//2033 9944//2032 10062//2054 10061//2055
f 9944//2027 9945//2026 10063//2056 10062//2057
f 9945//2029 9946//2028 10064//2058 10063//2059
f 9946//2031 9947//2030 10065//2052 10064//2053
f 9947//2033 9948//2032 10066//2054 10065//2055
f 9948//2027 9949//2026 10067//2056 10066//2057
f 9949//2029 9950//2028 10068//2058 10067//2059
f 9950//2031 9951//2030 10069//2052 10068//2053
f 9951//2033 9952//2032 10070//2054 10069//2055
f 9952//2027 9953//2026 10071//2056 10070//2057
f 9953//2029 9954//2028 10072//2058 10071//2059
f 9954//2031 9955//2030 10073//2052 10072//2053
f 9955//2033 9956//2032 10074//2054 10073//2055
f 9956//2027 9957//2026 10075//2056 10074//2057
f 9957//2029 9958//2028 10076//2058 10075//2060
f 9958//2031 9959//2030 10077//2052 10076//2053
f 2634//177 9855//2030 9973//2052 2635//241
f 9959//2033 9960//2032 10078//2054 10077//2055
f 9855//2040 9856//2039 9974//2061 9973//2062
f 9960//2027 9961//2026 10079//2056 10078//2057
f 9856//2042 9857//2041 9975//2063 9974//2061
f 9961//2029 9962//2028 10080//2058 10079//2059
f 9857//2029 9858//2028 9976//2058 9975//2059
f 9962//2031 9963//2030 10081//2052 10080//2053
f 9858//2031 9859//2030 9977//2052 9976//2053
f 9963//2033 9964//2032 10082//2054 10081//2055
f 9859//2033 9860//2032 9978//2054 9977//2055
f 9964//2027 9965//2026 10083//2056 10082//2057
f 9860//2027 9861//2026 9979//2056 9978//2057
f 9965//2038 9966//2028 10084//2058 10083//2059
f 9861//2029 9862//2028 9980//2058 9979//2059
f 9966//2031 9967//2030 10085//2052 10084//2053
f 9862//2031 9863//2030 9981//2052 9980//2053
f 9967//2044 9968//2043 10086//2064 10085//2065
f 9863//2033 9864//2032 9982//2054 9981//2055
f 9968//2046 9969//2045 10087//2066 10086//2067
f 9864//2027 9865//2026 9983//2056 9982//2057
f 9969//2048 9970//2047 10088//2068 10087//2069
f 9865//2029 9866//2028 9984//2058 9983//2059
f 9970//2050 9971//2049 10089//2070 10088//2071
f 9866//2031 9867//2030 9985//2052 9984//2053
f 9971//2049 9972//2051 10090//2072 10089//2070
f 9867//2033 9868//2032 9986//2054 9985//2055
f 9868//2027 9869//2026 9987//2056 9986//2057
f 9869//2029 9870//2028 9988//2058 9987//2059
f 9870//2031 9871//2030 9989//2052 9988//2053
f 9871//2033 9872//2032 9990//2054 9989//2055
f 9872//2027 9873//2026 9991//2056 9990//2057
f 9873//2029 9874//2028 9992//2058 9991//2059
f 9874//2031 9875//2030 9993//2052 9992//2053
f 9875//2033 9876//2032 9994//2054 9993//2055
f 9876//2027 9877//2026 9995//2056 9994//2057
f 9877//2029 9878//2028 9996//2058 9995//2059
f 9878//2031 9879//2030 9997//2052 9996//2053
f 9879//2033 9880//2032 9998//2054 9997//2055
f 9880//2027 9881//2026 9999//2056 9998//2057
f 9881//2029 9882//2028 10000//2058 9999//2059
f 9882//2031 9883//2030 10001//2052 10000//2053
f 9883//2033 9884//2032 10002//2054 10001//2055
f 9884//2027 9885//2026 10003//2056 10002//2057
f 9885//2029 9886//2028 10004//2058 10003//2059
f 9886//2031 9887//2030 10005//2052 10004//2053
f 9887//2033 9888//2032 10006//2054 10005//2055
f 9888//2027 9889//2026 10007//2056 10006//2057
f 9889//2029 9890//2028 10008//2058 10007//2059
f 9890//2031 9891//2030 10009//2052 10008//2053
f 9891//2033 9892//2032 10010//2054 10009//2055
f 9892//2027 9893//2026 10011//2056 10010//2057
f 9893//2029 9894//2028 10012//2058 10011//2059
f 9894//2031 9895//2030 10013//2052 10012//2053
f 9895//2033 9896//2032 10014//2054 10013//2055
f 9896//2027 9897//2026 10015//2056 10014//2057
f 9897//2029 9898//2028 10016//2058 10015//2059
f 9898//2031 9899//2030 10017//2052 10016//2053
f 9899//2033 9900//2032 10018//2054 10017//2055
f 9900//2027 9901//2026 10019//2056 10018//2057
f 9901//2029 9902//2028 10020//2058 10019//2059
f 9902//2031 9903//2030 10021//2052 10020//2053
f 9903//2033 9904//2032 10022//2054 10021//2055
f 9904//2027 9905//2026 10023//2056 10022//2057
f 9905//2029 9906//2028 10024//2058 10023//2059
f 9906//2031 9907//2030 10025//2052 10024//2053
f 9907//2033 9908//2032 10026//2054 10025//2055
f 9908//2027 9909//2026 10027//2056 10026//2057
f 9909//2035 9910//2034 10028//2073 10027//2074
f 9910//2031 9911//2030 10029//2052 10028//2053
f 9911//2037 9912//2036 10030//2075 10029//2076
f 9912//2027 9913//2026 10031//2056 10030//2057
f 9913//2029 9914//2028 10032//2058 10031//2059
f 9914//2031 9915//2030 10033//2052 10032//2053
f 9915//2033 9916//2032 10034//2054 10033//2055
f 9916//2027 9917//2026 10035//2056 10034//2057
f 9917//2029 9918//2028 10036//2058 10035//2059
f 9918//2031 9919//2030 10037//2052 10036//2053
f 9919//2033 9920//2032 10038//2054 10037//2055
f 9920//2027 9921//2026 10039//2056 10038//2057
f 9921//2029 9922//2028 10040//2058 10039//2059
f 9922//2031 9923//2030 10041//2052 10040//2053
f 9923//2033 9924//2032 10042//2054 10041//2055
f 9924//2027 9925//2026 10043//2056 10042//2057
f 9925//2029 9926//2028 10044//2058 10043//2059
f 9926//2031 9927//2030 10045//2052 10044//2053
f 9927//2033 9928//2032 10046//2054 10045//2055
f 9928//2027 9929//2026 10047//2056 10046//2057
f 9929//2029 9930//2028 10048//2058 10047//2059
f 10074//2057 10075//2056 10193//2077 10192//2078
f 10075//2060 10076//2058 10194//2079 10193//2080
f 10076//2053 10077//2052 10195//2081 10194//2082
f 2635//241 9973//2052 10091//2081 2754//237
f 10077//2055 10078//2054 10196//2083 10195//2084
f 9973//2062 9974//2061 10092//2085 10091//2086
f 10078//2057 10079//2056 10197//2077 10196//2078
f 9974//2061 9975//2063 10093//2087 10092//2085
f 10079//2059 10080//2058 10198//2079 10197//2080
f 9975//2059 9976//2058 10094//2079 10093//2080
f 10080//2053 10081//2052 10199//2081 10198//2082
f 9976//2053 9977//2052 10095//2081 10094//2082
f 10081//2055 10082//2054 10200//2083 10199//2088
f 9977//2055 9978//2054 10096//2083 10095//2088
f 10082//2057 10083//2056 10201//2077 10200//2078
f 9978//2057 9979//2056 10097//2077 10096//2078
f 10083//2059 10084//2058 10202//2079 10201//2080
f 9979//2059 9980//2058 10098//2079 10097//2080
f 10084//2053 10085//2052 10203//2081 10202//2082
f 9980//2053 9981//2052 10099//2081 10098//2082
f 10085//2065 10086//2064 10204//2089 10203//2090
f 9981//2055 9982//2054 10100//2083 10099//2088
f 10086//2067 10087//2066 10205//2091 10204//2092
f 9982//2057 9983//2056 10101//2077 10100//2078
f 10087//2069 10088//2068 10206//2093 10205//2094
f 9983//2059 9984//2058 10102//2079 10101//2080
f 10088//2071 10089//2070 10207//2095 10206//2096
f 9984//2053 9985//2052 10103//2081 10102//2082
f 10089//2070 10090//2072 10208//2097 10207//2095
f 9985//2055 9986//2054 10104//2083 10103//2088
f 9986//2057 9987//2056 10105//2077 10104//2078
f 9987//2059 9988//2058 10106//2079 10105//2080
f 9988//2053 9989//2052 10107//2081 10106//2082
f 9989//2055 9990//2054 10108//2083 10107//2088
f 9990//2057 9991//2056 10109//2077 10108//2078
f 9991//2059 9992//2058 10110//2079 10109//2080
f 9992//2053 9993//2052 10111//2081 10110//2082
f 9993//2055 9994//2054 10112//2083 10111//2088
f 9994//2057 9995//2056 10113//2077 10112//2078
f 9995//2059 9996//2058 10114//2079 10113//2080
f 9996//2053 9997//2052 10115//2081 10114//2082
f 9997//2055 9998//2054 10116//2083 10115//2088
f 9998//2057 9999//2056 10117//2077 10116//2078
f 9999//2059 10000//2058 10118//2079 10117//2080
f 10000//2053 10001//2052 10119//2081 10118//2082
f 10001//2055 10002//2054 10120//2083 10119//2088
f 10002//2057 10003//2056 10121//2077 10120//2078
f 10003//2059 10004//2058 10122//2079 10121//2080
f 10004//2053 10005//2052 10123//2081 10122//2082
f 10005//2055 10006//2054 10124//2083 10123//2088
f 10006//2057 10007//2056 10125//2077 10124//2078
f 10007//2059 10008//2058 10126//2079 10125//2080
f 10008//2053 10009//2052 10127//2081 10126//2082
f 10009//2055 10010//2054 10128//2083 10127//2088
f 10010//2057 10011//2056 10129//2077 10128//2078
f 10011//2059 10012//2058 10130//2079 10129//2080
f 10012//2053 10013//2052 10131//2081 10130//2082
f 10013//2055 10014//2054 10132//2083 10131//2088
f 10014//2057 10015//2056 10133//2077 10132//2078
f 10015//2059 10016//2058 10134//2079 10133//2080
f 10016//2053 10017//2052 10135//2081 10134//2082
f 10017//2055 10018//2054 10136//2083 10135//2088
f 10018//2057 10019//2056 10137//2077 10136//2078
f 10019//2059 10020//2058 10138//2079 10137//2080
f 10020//2053 10021//2052 10139//2081 10138//2082
f 10021//2055 10022//2054 10140//2083 10139//2088
f 10022//2057 10023//2056 10141//2077 10140//2078
f 10023//2059 10024//2058 10142//2079 10141//2080
f 10024//2053 10025//2052 10143//2081 10142//2082
f 10025//2055 10026//2054 10144//2083 10143//2088
f 10026//2057 10027//2056 10145//2077 10144//2078
f 10027//2074 10028//2073 10146//2098 10145//2099
f 10028//2053 10029//2052 10147//2081 10146//2082
f 10029//2076 10030//2075 10148//2100 10147//2101
f 10030//2057 10031//2056 10149//2077 10148//2078
f 10031//2059 10032//2058 10150//2079 10149//2080
f 10032//2053 10033//2052 10151//2081 10150//2082
f 10033//2055 10034//2054 10152//2083 10151//2088
f 10034//2057 10035//2056 10153//2077 10152//2078
f 10035//2059 10036//2058 10154//2079 10153//2080
f 10036//2053 10037//2052 10155//2081 10154//2082
f 10037//2055 10038//2054 10156//2083 10155//2088
f 10038//2057 10039//2056 10157//2077 10156//2078
f 10039//2059 10040//2058 10158//2079 10157//2080
f 10040//2053 10041//2052 10159//2081 10158//2082
f 10041//2055 10042//2054 10160//2083 10159//2088
f 10042//2057 10043//2056 10161//2077 10160//2078
f 10043//2059 10044//2058 10162//2079 10161//2080
f 10044//2053 10045//2052 10163//2081 10162//2082
f 10045//2055 10046//2054 10164//2083 10163//2088
f 10046//2057 10047//2056 10165//2077 10164//2078
f 10047//2059 10048//2058 10166//2079 10165//2080
f 10048//2053 10049//2052 10167//2081 10166//2082
f 10049//2055 10050//2054 10168//2083 10167//2088
f 10050//2057 10051//2056 10169//2077 10168//2078
f 10051//2059 10052//2058 10170//2079 10169//2080
f 10052//2053 10053//2052 10171//2081 10170//2082
f 10053//2055 10054//2054 10172//2083 10171//2088
f 10054//2057 10055//2056 10173//2077 10172//2078
f 10055//2059 10056//2058 10174//2079 10173//2080
f 10056//2053 10057//2052 10175//2081 10174//2082
f 10057//2055 10058//2054 10176//2083 10175//2088
f 10058//2057 10059//2056 10177//2077 10176//2078
f 10059//2059 10060//2058 10178//2079 10177//2080
f 10060//2053 10061//2052 10179//2081 10178//2082
f 10061//2055 10062//2054 10180//2102 10179//2088
f 10062//2057 10063//2056 10181//2077 10180//2078
f 10063//2059 10064//2058 10182//2079 10181//2080
f 10064//2053 10065//2052 10183//2081 10182//2082
f 10065//2055 10066//2054 10184//2083 10183//2088
f 10066//2057 10067//2056 10185//2077 10184//2078
f 10067//2059 10068//2058 10186//2079 10185//2080
f 10068//2053 10069//2052 10187//2081 10186//2082
f 10069//2055 10070//2054 10188//2083 10187//2088
f 10070//2057 10071//2056 10189//2077 10188//2078
f 10071//2059 10072//2058 10190//2079 10189//2080
f 10072//2053 10073//2052 10191//2081 10190//2082
f 10073//2055 10074//2054 10192//2083 10191//2088
f 10123//2088 10124//2083 10242//2103 10241//2104
f 10124//2078 10125//2077 10243//2105 10242//2106
f 10125//2080 10126//2079 10244//2107 10243//2108
f 10126//2082 10127//2081 10245//2109 10244//2110
f 10127//2088 10128//2083 10246//2103 10245//2104
f 10128//2078 10129//2077 10247//2105 10246//2106
f 10129//2080 10130//2079 10248//2107 10247//2108
f 10130//2082 10131//2081 10249//2109 10248//2110
f 10131//2088 10132//2083 10250//2103 10249//2104
f 10132//2078 10133//2077 10251//2105 10250//2106
f 10133//2080 10134//2079 10252//2111 10251//2108
f 10134//2082 10135//2081 10253//2109 10252//2110
f 10135//2088 10136//2083 10254//2103 10253//2104
f 10136//2078 10137//2077 10255//2105 10254//2106
f 10137//2080 10138//2079 10256//2107 10255//2108
f 10138//2082 10139//2081 10257//2109 10256//2110
f 10139//2088 10140//2083 10258//2103 10257//2104
f 10140//2078 10141//2077 10259//2105 10258//2106
f 10141//2080 10142//2079 10260//2107 10259//2108
f 10142//2082 10143//2081 10261//2109 10260//2110
f 10143//2088 10144//2083 10262//2103 10261//2104
f 10144//2078 10145//2077 10263//2105 10262//2106
f 10145//2099 10146//2098 10264//2112 10263//2113
f 10146//2082 10147//2081 10265//2109 10264//2110
f 10147//2101 10148//2100 10266//2114 10265//2115
f 10148//2078 10149//2077 10267//2105 10266//2106
f 10149//2080 10150//2079 10268//2107 10267//2108
f 10150//2082 10151//2081 10269//2109 10268//2110
f 10151//2088 10152//2083 10270//2103 10269//2104
f 10152//2078 10153//2077 10271//2105 10270//2106
f 10153//2080 10154//2079 10272//2107 10271//2108
f 10154//2082 10155//2081 10273//2109 10272//2110
f 10155//2088 10156//2083 10274//2103 10273//2104
f 10156//2078 10157//2077 10275//2105 10274//2106
f 10157//2080 10158//2079 10276//2107 10275//2108
f 10158//2082 10159//2081 10277//2109 10276//2110
f 10159//2088 10160//2083 10278//2103 10277//2104
f 10160//2078 10161//2077 10279//2105 10278//2106
f 10161//2080 10162//2079 10280//2107 10279//2108
f 10162//2082 10163//2081 10281//2109 10280//2110
f 10163//2088 10164//2083 10282//2103 10281//2104
f 10164//2078 10165//2077 10283//2105 10282//2106
f 10165//2080 10166//2079 10284//2107 10283//2108
f 10166//2082 10167//2081 10285//2109 10284//2110
f 10167//2088 10168//2083 10286//2103 10285//2104
f 10168//2078 10169//2077 10287//2105 10286//2106
f 10169//2080 10170//2079 10288//2107 10287//2108
f 10170//2082 10171//2081 10289//2109 10288//2110
f 10171//2088 10172//2083 10290//2103 10289//2104
f 10172//2078 10173//2077 10291//2105 10290//2106
f 10173//2080 10174//2079 10292//2107 10291//2108
f 10174//2082 10175//2081 10293//2109 10292//2110
f 10175//2088 10176//2083 10294//2103 10293//2104
f 10176//2078 10177//2077 10295//2105 10294//2106
f 10177//2080 10178//2079 10296//2111 10295//2108
f 10178//2082 10179//2081 10297//2109 10296//2110
f 10179//2088 10180//2102 10298//2103 10297//2116
f 10180//2078 10181//2077 10299//2105 10298//2106
f 10181//2080 10182//2079 10300//2107 10299//2108
f 10182//2082 10183//2081 10301//2109 10300//2110
f 10183//2088 10184//2083 10302//2103 10301//2104
f 10184//2078 10185//2077 10303//2105 10302//2106
f 10185//2080 10186//2079 10304//2107 10303//2108
f 10186//2082 10187//2081 10305//2109 10304//2110
f 10187//2088 10188//2083 10306//2103 10305//2104
f 10188//2078 10189//2077 10307//2105 10306//2106
f 10189//2080 10190//2079 10308//2107 10307//2108
f 10190//2082 10191//2081 10309//2109 10308//2110
f 10191//2088 10192//2083 10310//2103 10309//2104
f 10192//2078 10193//2077 10311//2105 10310//2106
f 10193//2080 10194//2079 10312//2107 10311//2108
f 10194//2082 10195//2081 10313//2109 10312//2110
f 2754//237 10091//2081 10209//2109 2755//18
f 10195//2084 10196//2083 10314//2103 10313//2104
f 10091//2086 10092//2085 10210//2117 10209//2118
f 10196//2078 10197//2077 10315//2105 10314//2106
f 10092//2085 10093//2087 10211//2119 10210//2117
f 10197//2080 10198//2079 10316//2107 10315//2108
f 10093//2080 10094//2079 10212//2107 10211//2108
f 10198//2082 10199//2081 10317//2109 10316//2110
f 10094//2082 10095//2081 10213//2109 10212//2110
f 10199//2088 10200//2083 10318//2103 10317//2104
f 10095//2088 10096//2083 10214//2103 10213//2104
f 10200//2078 10201//2077 10319//2105 10318//2106
f 10096//2078 10097//2077 10215//2105 10214//2106
f 10201//2080 10202//2079 10320//2107 10319//2108
f 10097//2080 10098//2079 10216//2107 10215//2108
f 10202//2082 10203//2081 10321//2109 10320//2110
f 10098//2082 10099//2081 10217//2109 10216//2110
f 10203//2090 10204//2089 10322//2120 10321//2121
f 10099//2088 10100//2083 10218//2103 10217//2104
f 10204//2092 10205//2091 10323//2122 10322//2123
f 10100//2078 10101//2077 10219//2105 10218//2106
f 10205//2094 10206//2093 10324//2124 10323//2125
f 10101//2080 10102//2079 10220//2107 10219//2108
f 10206//2096 10207//2095 10325//2126 10324//2127
f 10102//2082 10103//2081 10221//2109 10220//2110
f 10207//2095 10208//2097 10326//2128 10325//2126
f 10103//2088 10104//2083 10222//2103 10221//2104
f 10104//2078 10105//2077 10223//2105 10222//2106
f 10105//2080 10106//2079 10224//2107 10223//2108
f 10106//2082 10107//2081 10225//2109 10224//2110
f 10107//2088 10108//2083 10226//2103 10225//2104
f 10108//2078 10109//2077 10227//2105 10226//2106
f 10109//2080 10110//2079 10228//2107 10227//2108
f 10110//2082 10111//2081 10229//2109 10228//2110
f 10111//2088 10112//2083 10230//2103 10229//2104
f 10112//2078 10113//2077 10231//2105 10230//2106
f 10113//2080 10114//2079 10232//2111 10231//2108
f 10114//2082 10115//2081 10233//2109 10232//2110
f 10115//2088 10116//2083 10234//2103 10233//2104
f 10116//2078 10117//2077 10235//2105 10234//2106
f 10117//2080 10118//2079 10236//2107 10235//2108
f 10118//2082 10119//2081 10237//2109 10236//2110
f 10119//2088 10120//2083 10238//2103 10237//2104
f 10120//2078 10121//2077 10239//2105 10238//2106
f 10121//2080 10122//2079 10240//2111 10239//2108
f 10122//2082 10123//2081 10241//2109 10240//2110
f 10267//2108 10268//2107 10386//2129 10385//2130
f 10268//2110 10269//2109 10387//2131 10386//2132
f 10269//2104 10270//2103 10388//2133 10387//2134
f 10270//2106 10271//2105 10389//2135 10388//2136
f 10271//2108 10272//2107 10390//2129 10389//2130
f 10272//2110 10273//2109 10391//2131 10390//2132
f 10273//2104 10274//2103 10392//2133 10391//2134
f 10274//2106 10275//2105 10393//2135 10392//2136
f 10275//2108 10276//2107 10394//2129 10393//2130
f 10276//2110 10277//2109 10395//2131 10394//2132
f 10277//2104 10278//2103 10396//2133 10395//2134
f 10278//2106 10279//2105 10397//2135 10396//2136
f 10279//2108 10280//2107 10398//2129 10397//2130
f 10280//2110 10281//2109 10399//2131 10398//2132
f 10281//2104 10282//2103 10400//2133 10399//2134
f 10282//2106 10283//2105 10401//2135 10400//2136
f 10283//2108 10284//2107 10402//2129 10401//2130
f 10284//2110 10285//2109 10403//2131 10402//2132
f 10285//2104 10286//2103 10404//2133 10403//2134
f 10286//2106 10287//2105 10405//2135 10404//2136
f 10287//2108 10288//2107 10406//2129 10405//2130
f 10288//2110 10289//2109 10407//2131 10406//2132
f 10289//2104 10290//2103 10408//2133 10407//2134
f 10290//2106 10291//2105 10409//2135 10408//2136
f 10291//2108 10292//2107 10410//2129 10409//2130
f 10292//2110 10293//2109 10411//2131 10410//2132
f 10293//2104 10294//2103 10412//2133 10411//2134
f 10294//2106 10295//2105 10413//2135 10412//2136
f 10295//2108 10296//2111 10414//2129 10413//2137
f 10296//2110 10297//2109 10415//2131 10414//2132
f 10297//2116 10298//2103 10416//2133 10415//2134
f 10298//2106 10299//2105 10417//2135 10416//2136
f 10299//2108 10300//2107 10418//2129 10417//2130
f 10300//2110 10301//2109 10419//2131 10418//2132
f 10301//2104 10302//2103 10420//2133 10419//2134
f 10302//2106 10303//2105 10421//2135 10420//2136
f 10303//2108 10304//2107 10422//2129 10421//2130
f 10304//2110 10305//2109 10423//2131 10422//2132
f 10305//2104 10306//2103 10424//2133 10423//2134
f 10306//2106 10307//2105 10425//2135 10424//2136
f 10307//2108 10308//2107 10426//2129 10425//2130
f 10308//2110 10309//2109 10427//2131 10426//2132
f 10309//2104 10310//2103 10428//2133 10427//2134
f 10310//2106 10311//2105 10429//2135 10428//2136
f 10311//2108 10312//2107 10430//2138 10429//2130
f 10312//2110 10313//2109 10431//2131 10430//2132
f 2755//18 10209//2109 10327//2131 2756//19
f 10313//2104 10314//2103 10432//2133 10431//2134
f 10209//2118 10210//2117 10328//2139 10327//2140
f 10314//2106 10315//2105 10433//2135 10432//2136
f 10210//2117 10211//2119 10329//2141 10328//2139
f 10315//2108 10316//2107 10434//2129 10433//2130
f 10211//2108 10212//2107 10330//2129 10329//2130
f 10316//2110 10317//2109 10435//2131 10434//2132
f 10212//2110 10213//2109 10331//2131 10330//2132
f 10317//2104 10318//2103 10436//2133 10435//2134
f 10213//2104 10214//2103 10332//2133 10331//2134
f 10318//2106 10319//2105 10437//2135 10436//2136
f 10214//2106 10215//2105 10333//2135 10332//2136
f 10319//2108 10320//2107 10438//2129 10437//2130
f 10215//2108 10216//2107 10334//2129 10333//2130
f 10320//2110 10321//2109 10439//2131 10438//2132
f 10216//2110 10217//2109 10335//2131 10334//2132
f 10321//2121 10322//2120 10440//2142 10439//2143
f 10217//2104 10218//2103 10336//2133 10335//2134
f 10322//2123 10323//2122 10441//2144 10440//2145
f 10218//2106 10219//2105 10337//2135 10336//2136
f 10323//2125 10324//2124 10442//2146 10441//2147
f 10219//2108 10220//2107 10338//2129 10337//2130
f 10324//2127 10325//2126 10443//2148 10442//2149
f 10220//2110 10221//2109 10339//2131 10338//2132
f 10325//2126 10326//2128 10444//2150 10443//2148
f 10221//2104 10222//2103 10340//2133 10339//2134
f 10222//2106 10223//2105 10341//2135 10340//2136
f 10223//2108 10224//2107 10342//2129 10341//2130
f 10224//2110 10225//2109 10343//2131 10342//2132
f 10225//2104 10226//2103 10344//2133 10343//2134
f 10226//2106 10227//2105 10345//2135 10344//2136
f 10227//2108 10228//2107 10346//2129 10345//2130
f 10228//2110 10229//2109 10347//2131 10346//2132
f 10229//2104 10230//2103 10348//2133 10347//2134
f 10230//2106 10231//2105 10349//2135 10348//2136
f 10231//2108 10232//2111 10350//2129 10349//2130
f 10232//2110 10233//2109 10351//2131 10350//2132
f 10233//2104 10234//2103 10352//2133 10351//2134
f 10234//2106 10235//2105 10353//2135 10352//2136
f 10235//2108 10236//2107 10354//2129 10353//2130
f 10236//2110 10237//2109 10355//2131 10354//2132
f 10237//2104 10238//2103 10356//2133 10355//2134
f 10238//2106 10239//2105 10357//2135 10356//2136
f 10239//2108 10240//2111 10358//2129 10357//2130
f 10240//2110 10241//2109 10359//2131 10358//2132
f 10241//2104 10242//2103 10360//2133 10359//2134
f 10242//2106 10243//2105 10361//2135 10360//2136
f 10243//2108 10244//2107 10362//2129 10361//2130
f 10244//2110 10245//2109 10363//2131 10362//2132
f 10245//2104 10246//2103 10364//2133 10363//2134
f 10246//2106 10247//2105 10365//2135 10364//2136
f 10247//2108 10248//2107 10366//2129 10365//2130
f 10248//2110 10249//2109 10367//2131 10366//2132
f 10249//2104 10250//2103 10368//2133 10367//2134
f 10250//2106 10251//2105 10369//2135 10368//2136
f 10251//2108 10252//2111 10370//2129 10369//2130
f 10252//2110 10253//2109 10371//2131 10370//2132
f 10253//2104 10254//2103 10372//2133 10371//2134
f 10254//2106 10255//2105 10373//2135 10372//2136
f 10255//2108 10256//2107 10374//2129 10373//2130
f 10256//2110 10257//2109 10375//2131 10374//2132
f 10257//2104 10258//2103 10376//2133 10375//2134
f 10258//2106 10259//2105 10377//2135 10376//2136
f 10259//2108 10260//2107 10378//2129 10377//2130
f 10260//2110 10261//2109 10379//2131 10378//2132
f 10261//2104 10262//2103 10380//2133 10379//2134
f 10262//2106 10263//2105 10381//2135 10380//2136
f 10263//2113 10264//2112 10382//2151 10381//2152
f 10264//2110 10265//2109 10383//2131 10382//2132
f 10265//2115 10266//2114 10384//2153 10383//2154
f 10266//2106 10267//2105 10385//2135 10384//2136
f 10411//2134 10412//2133 10530//2155 10529//2156
f 10412//2136 10413//2135 10531//2157 10530//2158
f 10413//2137 10414//2129 10532//2159 10531//2160
f 10414//2132 10415//2131 10533//2161 10532//2162
f 10415//2134 10416//2133 10534//2155 10533//2156
f 10416//2136 10417//2135 10535//2157 10534//2158
f 10417//2130 10418//2129 10536//2159 10535//2160
f 10418//2132 10419//2131 10537//2161 10536//2162
f 10419//2134 10420//2133 10538//2155 10537//2156
f 10420//2136 10421//2135 10539//2157 10538//2158
f 10421//2130 10422//2129 10540//2159 10539//2160
f 10422//2132 10423//2131 10541//2161 10540//2162
f 10423//2134 10424//2133 10542//2155 10541//2156
f 10424//2136 10425//2135 10543//2157 10542//2158
f 10425//2130 10426//2129 10544//2159 10543//2160
f 10426//2132 10427//2131 10545//2161 10544//2162
f 10427//2134 10428//2133 10546//2155 10545//2156
f 10428//2136 10429//2135 10547//2157 10546//2158
f 10429//2130 10430//2138 10548//2159 10547//2160
f 10430//2132 10431//2131 10549//2161 10548//2162
f 2756//19 10327//2131 10445//2163 2757//107
f 10431//2134 10432//2133 10550//2164 10549//2156
f 10327//2140 10328//2139 10446//2165 10445//2166
f 10432//2136 10433//2135 10551//2157 10550//2158
f 10328//2139 10329//2141 10447//2167 10446//2165
f 10433//2130 10434//2129 10552//2159 10551//2160
f 10329//2130 10330//2129 10448//2159 10447//2160
f 10434//2132 10435//2131 10553//2161 10552//2162
f 10330//2132 10331//2131 10449//2161 10448//2162
f 10435//2134 10436//2133 10554//2155 10553//2156
f 10331//2134 10332//2133 10450//2155 10449//2156
f 10436//2136 10437//2135 10555//2157 10554//2158
f 10332//2136 10333//2135 10451//2157 10450//2158
f 10437//2130 10438//2129 10556//2159 10555//2160
f 10333//2130 10334//2129 10452//2159 10451//2160
f 10438//2132 10439//2131 10557//2161 10556//2162
f 10334//2132 10335//2131 10453//2161 10452//2162
f 10439//2143 10440//2142 10558//2168 10557//2169
f 10335//2134 10336//2133 10454//2155 10453//2156
f 10440//2145 10441//2144 10559//2170 10558//2171
f 10336//2136 10337//2135 10455//2157 10454//2158
f 10441//2147 10442//2146 10560//2172 10559//2173
f 10337//2130 10338//2129 10456//2159 10455//2160
f 10442//2149 10443//2148 10561//2174 10560//2175
f 10338//2132 10339//2131 10457//2161 10456//2162
f 10443//2148 10444//2150 10562//2176 10561//2174
f 10339//2134 10340//2133 10458//2155 10457//2156
f 10340//2136 10341//2135 10459//2157 10458//2158
f 10341//2130 10342//2129 10460//2159 10459//2160
f 10342//2132 10343//2131 10461//2161 10460//2162
f 10343//2134 10344//2133 10462//2155 10461//2156
f 10344//2136 10345//2135 10463//2157 10462//2158
f 10345//2130 10346//2129 10464//2159 10463//2160
f 10346//2132 10347//2131 10465//2161 10464//2162
f 10347//2134 10348//2133 10466//2155 10465//2156
f 10348//2136 10349//2135 10467//2157 10466//2158
f 10349//2130 10350//2129 10468//2159 10467//2160
f 10350//2132 10351//2131 10469//2161 10468//2162
f 10351//2134 10352//2133 10470//2155 10469//2156
f 10352//2136 10353//2135 10471//2157 10470//2158
f 10353//2130 10354//2129 10472//2159 10471//2160
f 10354//2132 10355//2131 10473//2161 10472//2162
f 10355//2134 10356//2133 10474//2155 10473//2156
f 10356//2136 10357//2135 10475//2157 10474//2158
f 10357//2130 10358//2129 10476//2159 10475//2160
f 10358//2132 10359//2131 10477//2161 10476//2162
f 10359//2134 10360//2133 10478//2155 10477//2156
f 10360//2136 10361//2135 10479//2157 10478//2158
f 10361//2130 10362//2129 10480//2159 10479//2160
f 10362//2132 10363//2131 10481//2161 10480//2162
f 10363//2134 10364//2133 10482//2155 10481//2156
f 10364//2136 10365//2135 10483//2157 10482//2158
f 10365//2130 10366//2129 10484//2159 10483//2160
f 10366//2132 10367//2131 10485//2161 10484//2162
f 10367//2134 10368//2133 10486//2155 10485//2156
f 10368//2136 10369//2135 10487//2157 10486//2158
f 10369//2130 10370//2129 10488//2159 10487//2160
f 10370//2132 10371//2131 10489//2161 10488//2162
f 10371//2134 10372//2133 10490//2155 10489//2156
f 10372//2136 10373//2135 10491//2157 10490//2158
f 10373//2130 10374//2129 10492//2159 10491//2160
f 10374//2132 10375//2131 10493//2161 10492//2162
f 10375//2134 10376//2133 10494//2155 10493//2156
f 10376//2136 10377//2135 10495//2157 10494//2158
f 10377//2130 10378//2129 10496//2159 10495//2160
f 10378//2132 10379//2131 10497//2161 10496//2162
f 10379//2134 10380//2133 10498//2155 10497//2156
f 10380//2136 10381//2135 10499//2157 10498//2158
f 10381//2152 10382//2151 10500//2177 10499//2178
f 10382//2132 10383//2131 10501//2161 10500//2162
f 10383//2154 10384//2153 10502//2179 10501//2180
f 10384//2136 10385//2135 10503//2157 10502//2158
f 10385//2130 10386//2129 10504//2159 10503//2160
f 10386//2132 10387//2131 10505//2161 10504//2162
f 10387//2134 10388//2133 10506//2155 10505//2156
f 10388//2136 10389//2135 10507//2157 10506//2158
f 10389//2130 10390//2129 10508//2159 10507//2160
f 10390//2132 10391//2131 10509//2161 10508//2162
f 10391//2134 10392//2133 10510//2155 10509//2156
f 10392//2136 10393//2135 10511//2157 10510//2158
f 10393//2130 10394//2129 10512//2159 10511//2160
f 10394//2132 10395//2131 10513//2161 10512//2162
f 10395//2134 10396//2133 10514//2155 10513//2156
f 10396//2136 10397//2135 10515//2157 10514//2158
f 10397//2130 10398//2129 10516//2159 10515//2160
f 10398//2132 10399//2131 10517//2161 10516//2162
f 10399//2134 10400//2133 10518//2155 10517//2156
f 10400//2136 10401//2135 10519//2157 10518//2158
f 10401//2130 10402//2129 10520//2159 10519//2160
f 10402//2132 10403//2131 10521//2161 10520//2162
f 10403//2134 10404//2133 10522//2155 10521//2156
f 10404//2136 10405//2135 10523//2157 10522//2158
f 10405//2130 10406//2129 10524//2159 10523//2160
f 10406//2132 10407//2131 10525//2161 10524//2162
f 10407//2134 10408//2133 10526//2155 10525//2156
f 10408//2136 10409//2135 10527//2157 10526//2158
f 10409//2130 10410//2129 10528//2159 10527//2160
f 10410//2132 10411//2131 10529//2161 10528//2162
f 10450//2158 10451//2157 10569//2181 10568//2182
f 10555//2160 10556//2159 10674//2183 10673//2184
f 10451//2160 10452//2159 10570//2183 10569//2184
f 10556//2162 10557//2161 10675//2185 10674//2186
f 10452//2162 10453//2161 10571//2185 10570//2186
f 10557//2169 10558//2168 10676//2187 10675//2188
f 10453//2156 10454//2155 10572//2189 10571//2190
f 10558//2171 10559//2170 10677//2191 10676//2192
f 10454//2158 10455//2157 10573//2181 10572//2182
f 10559//2173 10560//2172 10678//2193 10677//2194
f 10455//2160 10456//2159 10574//2183 10573//2184
f 10560//2175 10561//2174 10679//2195 10678//2196
f 10456//2162 10457//2161 10575//2185 10574//2186
f 10561//2174 10562//2176 10680//2197 10679//2195
f 10457//2156 10458//2155 10576//2189 10575//2190
f 10458//2158 10459//2157 10577//2181 10576//2182
f 10459//2160 10460//2159 10578//2183 10577//2184
f 10460//2162 10461//2161 10579//2185 10578//2186
f 10461//2156 10462//2155 10580//2189 10579//2190
f 10462//2158 10463//2157 10581//2181 10580//2182
f 10463//2160 10464//2159 10582//2183 10581//2184
f 10464//2162 10465//2161 10583//2185 10582//2186
f 10465//2156 10466//2155 10584//2189 10583//2190
f 10466//2158 10467//2157 10585//2181 10584//2182
f 10467//2160 10468//2159 10586//2183 10585//2184
f 10468//2162 10469//2161 10587//2185 10586//2186
f 10469//2156 10470//2155 10588//2189 10587//2190
f 10470//2158 10471//2157 10589//2181 10588//2182
f 10471//2160 10472//2159 10590//2183 10589//2184
f 10472//2162 10473//2161 10591//2185 10590//2186
f 10473//2156 10474//2155 10592//2189 10591//2190
f 10474//2158 10475//2157 10593//2181 10592//2182
f 10475//2160 10476//2159 10594//2183 10593//2184
f 10476//2162 10477//2161 10595//2185 10594//2186
f 10477//2156 10478//2155 10596//2189 10595//2190
f 10478//2158 10479//2157 10597//2181 10596//2182
f 10479//2160 10480//2159 10598//2183 10597//2184
f 10480//2162 10481//2161 10599//2185 10598//2186
f 10481//2156 10482//2155 10600//2189 10599//2190
f 10482//2158 10483//2157 10601//2181 10600//2182
f 10483//2160 10484//2159 10602//2183 10601//2184
f 10484//2162 10485//2161 10603//2185 10602//2186
f 10485//2156 10486//2155 10604//2189 10603//2190
f 10486//2158 10487//2157 10605//2181 10604//2182
f 10487//2160 10488//2159 10606//2183 10605//2184
f 10488//2162 10489//2161 10607//2185 10606//2186
f 10489//2156 10490//2155 10608//2189 10607//2190
f 10490//2158 10491//2157 10609//2181 10608//2182
f 10491//2160 10492//2159 10610//2183 10609//2184
f 10492//2162 10493//2161 10611//2185 10610//2186
f 10493//2156 10494//2155 10612//2189 10611//2190
f 10494//2158 10495//2157 10613//2181 10612//2182
f 10495//2160 10496//2159 10614//2183 10613//2184
f 10496//2162 10497//2161 10615//2185 10614//2186
f 10497//2156 10498//2155 10616//2189 10615//2190
f 10498//2158 10499//2157 10617//2181 10616//2182
f 10499//2178 10500//2177 10618//2198 10617//2199
f 10500//2162 10501//2161 10619//2185 10618//2186
f 10501//2180 10502//2179 10620//2200 10619//2201
f 10502//2158 10503//2157 10621//2181 10620//2182
f 10503//2160 10504//2159 10622//2183 10621//2184
f 10504//2162 10505//2161 10623//2185 10622//2186
f 10505//2156 10506//2155 10624//2189 10623//2190
f 10506//2158 10507//2157 10625//2181 10624//2182
f 10507//2160 10508//2159 10626//2183 10625//2184
f 10508//2162 10509//2161 10627//2185 10626//2186
f 10509//2156 10510//2155 10628//2189 10627//2190
f 10510//2158 10511//2157 10629//2181 10628//2182
f 10511//2160 10512//2159 10630//2183 10629//2184
f 10512//2162 10513//2161 10631//2185 10630//2186
f 10513//2156 10514//2155 10632//2189 10631//2190
f 10514//2158 10515//2157 10633//2181 10632//2182
f 10515//2160 10516//2159 10634//2183 10633//2184
f 10516//2162 10517//2161 10635//2185 10634//2186
f 10517//2156 10518//2155 10636//2189 10635//2190
f 10518//2158 10519//2157 10637//2181 10636//2182
f 10519//2160 10520//2159 10638//2183 10637//2184
f 10520//2162 10521//2161 10639//2185 10638//2186
f 10521//2156 10522//2155 10640//2189 10639//2190
f 10522//2158 10523//2157 10641//2181 10640//2182
f 10523//2160 10524//2159 10642//2183 10641//2184
f 10524//2162 10525//2161 10643//2185 10642//2186
f 10525//2156 10526//2155 10644//2189 10643//2190
f 10526//2158 10527//2157 10645//2181 10644//2182
f 10527//2160 10528//2159 10646//2183 10645//2184
f 10528//2162 10529//2161 10647//2185 10646//2186
f 10529//2156 10530//2155 10648//2189 10647//2190
f 10530//2158 10531//2157 10649//2181 10648//2182
f 10531//2160 10532//2159 10650//2183 10649//2184
f 10532//2162 10533//2161 10651//2185 10650//2186
f 10533//2156 10534//2155 10652//2202 10651//2190
f 10534//2158 10535//2157 10653//2181 10652//2182
f 10535//2160 10536//2159 10654//2183 10653//2184
f 10536//2162 10537//2161 10655//2185 10654//2186
f 10537//2156 10538//2155 10656//2189 10655//2190
f 10538//2158 10539//2157 10657//2181 10656//2182
f 10539//2160 10540//2159 10658//2183 10657//2184
f 10540//2162 10541//2161 10659//2185 10658//2186
f 10541//2156 10542//2155 10660//2189 10659//2190
f 10542//2158 10543//2157 10661//2181 10660//2182
f 10543//2160 10544//2159 10662//2183 10661//2184
f 10544//2162 10545//2161 10663//2185 10662//2186
f 10545//2156 10546//2155 10664//2189 10663//2190
f 10546//2158 10547//2157 10665//2181 10664//2182
f 10547//2160 10548//2159 10666//2183 10665//2184
f 10548//2162 10549//2161 10667//2185 10666//2186
f 2757//107 10445//2163 10563//2203 2876//91
f 10549//2156 10550//2164 10668//2189 10667//2190
f 10445//2166 10446//2165 10564//2204 10563//2205
f 10550//2158 10551//2157 10669//2181 10668//2182
f 10446//2165 10447//2167 10565//2206 10564//2204
f 10551//2160 10552//2159 10670//2183 10669//2184
f 10447//2160 10448//2159 10566//2183 10565//2184
f 10552//2162 10553//2161 10671//2185 10670//2186
f 10448//2162 10449//2161 10567//2185 10566//2186
f 10553//2156 10554//2155 10672//2189 10671//2190
f 10449//2156 10450//2155 10568//2189 10567//2190
f 10554//2158 10555//2157 10673//2181 10672//2182
f 10664//2182 10665//2181 10783//2207 10782//2208
f 10665//2184 10666//2183 10784//2209 10783//2210
f 10666//2186 10667//2185 10785//2211 10784//2212
f 2876//91 10563//2203 10681//2211 2877//92
f 10667//2190 10668//2189 10786//2213 10785//2214
f 10563//2205 10564//2204 10682//2215 10681//2216
f 10668//2182 10669//2181 10787//2207 10786//2208
f 10564//2204 10565//2206 10683//2217 10682//2215
f 10669//2184 10670//2183 10788//2209 10787//2210
f 10565//2184 10566//2183 10684//2209 10683//2210
f 10670//2186 10671//2185 10789//2211 10788//2212
f 10566//2186 10567//2185 10685//2211 10684//2212
f 10671//2190 10672//2189 10790//2213 10789//2214
f 10567//2190 10568//2189 10686//2213 10685//2214
f 10672//2182 10673//2181 10791//2207 10790//2208
f 10568//2182 10569//2181 10687//2207 10686//2208
f 10673//2184 10674//2183 10792//2209 10791//2210
f 10569//2184 10570//2183 10688//2209 10687//2210
f 10674//2186 10675//2185 10793//2211 10792//2212
f 10570//2186 10571//2185 10689//2211 10688//2212
f 10675//2188 10676//2187 10794//2218 10793//2219
f 10571//2190 10572//2189 10690//2213 10689//2214
f 10676//2192 10677//2191 10795//2220 10794//2221
f 10572//2182 10573//2181 10691//2207 10690//2208
f 10677//2194 10678//2193 10796//2222 10795//2223
f 10573//2184 10574//2183 10692//2209 10691//2210
f 10678//2196 10679//2195 10797//2224 10796//2225
f 10574//2186 10575//2185 10693//2211 10692//2212
f 10679//2195 10680//2197 10798//2226 10797//2224
f 10575//2190 10576//2189 10694//2213 10693//2214
f 10576//2182 10577//2181 10695//2207 10694//2208
f 10577//2184 10578//2183 10696//2209 10695//2210
f 10578//2186 10579//2185 10697//2211 10696//2212
f 10579//2190 10580//2189 10698//2213 10697//2214
f 10580//2182 10581//2181 10699//2207 10698//2208
f 10581//2184 10582//2183 10700//2209 10699//2210
f 10582//2186 10583//2185 10701//2211 10700//2212
f 10583//2190 10584//2189 10702//2213 10701//2214
f 10584//2182 10585//2181 10703//2207 10702//2208
f 10585//2184 10586//2183 10704//2209 10703//2210
f 10586//2186 10587//2185 10705//2211 10704//2212
f 10587//2190 10588//2189 10706//2213 10705//2214
f 10588//2182 10589//2181 10707//2207 10706//2208
f 10589//2184 10590//2183 10708//2209 10707//2210
f 10590//2186 10591//2185 10709//2211 10708//2212
f 10591//2190 10592//2189 10710//2213 10709//2214
f 10592//2182 10593//2181 10711//2207 10710//2208
f 10593//2184 10594//2183 10712//2209 10711//2210
f 10594//2186 10595//2185 10713//2211 10712//2212
f 10595//2190 10596//2189 10714//2213 10713//2214
f 10596//2182 10597//2181 10715//2207 10714//2208
f 10597//2184 10598//2183 10716//2209 10715//2210
f 10598//2186 10599//2185 10717//2211 10716//2212
f 10599//2190 10600//2189 10718//2213 10717//2214
f 10600//2182 10601//2181 10719//2207 10718//2208
f 10601//2184 10602//2183 10720//2209 10719//2210
f 10602//2186 10603//2185 10721//2211 10720//2212
f 10603//2190 10604//2189 10722//2213 10721//2214
f 10604//2182 10605//2181 10723//2207 10722//2208
f 10605//2184 10606//2183 10724//2209 10723//2210
f 10606//2186 10607//2185 10725//2211 10724//2212
f 10607//2190 10608//2189 10726//2213 10725//2214
f 10608//2182 10609//2181 10727//2207 10726//2208
f 10609//2184 10610//2183 10728//2209 10727//2210
f 10610//2186 10611//2185 10729//2211 10728//2212
f 10611//2190 10612//2189 10730//2213 10729//2214
f 10612//2182 10613//2181 10731//2207 10730//2208
f 10613//2184 10614//2183 10732//2209 10731//2210
f 10614//2186 10615//2185 10733//2211 10732//2212
f 10615//2190 10616//2189 10734//2213 10733//2214
f 10616//2182 10617//2181 10735//2207 10734//2208
f 10617//2199 10618//2198 10736//2227 10735//2228
f 10618//2186 10619//2185 10737//2211 10736//2212
f 10619//2201 10620//2200 10738//2229 10737//2230
f 10620//2182 10621//2181 10739//2207 10738//2208
f 10621//2184 10622//2183 10740//2209 10739//2210
f 10622//2186 10623//2185 10741//2211 10740//2212
f 10623//2190 10624//2189 10742//2213 10741//2214
f 10624//2182 10625//2181 10743//2207 10742//2208
f 10625//2184 10626//2183 10744//2209 10743//2210
f 10626//2186 10627//2185 10745//2211 10744//2212
f 10627//2190 10628//2189 10746//2213 10745//2214
f 10628//2182 10629//2181 10747//2207 10746//2208
f 10629//2184 10630//2183 10748//2209 10747//2210
f 10630//2186 10631//2185 10749//2211 10748//2212
f 10631//2190 10632//2189 10750//2213 10749//2214
f 10632//2182 10633//2181 10751//2207 10750//2208
f 10633//2184 10634//2183 10752//2209 10751//2210
f 10634//2186 10635//2185 10753//2211 10752//2212
f 10635//2190 10636//2189 10754//2213 10753//2214
f 10636//2182 10637//2181 10755//2207 10754//2208
f 10637//2184 10638//2183 10756//2209 10755//2210
f 10638//2186 10639//2185 10757//2211 10756//2212
f 10639//2190 10640//2189 10758//2213 10757//2214
f 10640//2182 10641//2181 10759//2207 10758//2208
f 10641//2184 10642//2183 10760//2209 10759//2210
f 10642//2186 10643//2185 10761//2211 10760//2212
f 10643//2190 10644//2189 10762//2213 10761//2214
f 10644//2182 10645//2181 10763//2207 10762//2208
f 10645//2184 10646//2183 10764//2209 10763//2210
f 10646//2186 10647//2185 10765//2211 10764//2212
f 10647//2190 10648//2189 10766//2213 10765//2214
f 10648//2182 10649//2181 10767//2207 10766//2208
f 10649//2184 10650//2183 10768//2231 10767//2210
f 10650//2186 10651//2185 10769//2211 10768//2212
f 10651//2190 10652//2202 10770//2213 10769//2214
f 10652//2182 10653//2181 10771//2207 10770//2208
f 10653//2184 10654//2183 10772//2209 10771//2210
f 10654//2186 10655//2185 10773//2211 10772//2212
f 10655//2190 10656//2189 10774//2213 10773//2214
f 10656//2182 10657//2181 10775//2207 10774//2208
f 10657//2184 10658//2183 10776//2209 10775//2210
f 10658//2186 10659//2185 10777//2211 10776//2212
f 10659//2190 10660//2189 10778//2213 10777//2214
f 10660//2182 10661//2181 10779//2207 10778//2208
f 10661//2184 10662//2183 10780//2209 10779//2210
f 10662//2186 10663//2185 10781//2211 10780//2212
f 10663//2190 10664//2189 10782//2213 10781//2214
f 10704//2212 10705//2211 10823//2232 10822//2233
f 10705//2214 10706//2213 10824//2234 10823//2235
f 10706//2208 10707//2207 10825//2236 10824//2237
f 10707//2210 10708//2209 10826//2238 10825//2239
f 10708//2212 10709//2211 10827//2232 10826//2233
f 10709//2214 10710//2213 10828//2234 10827//2235
f 10710//2208 10711//2207 10829//2236 10828//2237
f 10711//2210 10712//2209 10830//2238 10829//2239
f 10712//2212 10713//2211 10831//2232 10830//2233
f 10713//2214 10714//2213 10832//2234 10831//2235
f 10714//2208 10715//2207 10833//2236 10832//2237
f 10715//2210 10716//2209 10834//2238 10833//2239
f 10716//2212 10717//2211 10835//2232 10834//2233
f 10717//2214 10718//2213 10836//2234 10835//2235
f 10718//2208 10719//2207 10837//2236 10836//2237
f 10719//2210 10720//2209 10838//2238 10837//2239
f 10720//2212 10721//2211 10839//2232 10838//2233
f 10721//2214 10722//2213 10840//2234 10839//2235
f 10722//2208 10723//2207 10841//2236 10840//2237
f 10723//2210 10724//2209 10842//2238 10841//2239
f 10724//2212 10725//2211 10843//2232 10842//2233
f 10725//2214 10726//2213 10844//2234 10843//2235
f 10726//2208 10727//2207 10845//2236 10844//2237
f 10727//2210 10728//2209 10846//2238 10845//2239
f 10728//2212 10729//2211 10847//2232 10846//2233
f 10729//2214 10730//2213 10848//2234 10847//2235
f 10730//2208 10731//2207 10849//2236 10848//2237
f 10731//2210 10732//2209 10850//2238 10849//2239
f 10732//2212 10733//2211 10851//2232 10850//2233
f 10733//2214 10734//2213 10852//2234 10851//2235
f 10734//2208 10735//2207 10853//2236 10852//2237
f 10735//2228 10736//2227 10854//2240 10853//2241
f 10736//2212 10737//2211 10855//2232 10854//2233
f 10737//2230 10738//2229 10856//2242 10855//2243
f 10738//2208 10739//2207 10857//2236 10856//2237
f 10739//2210 10740//2209 10858//2238 10857//2239
f 10740//2212 10741//2211 10859//2232 10858//2233
f 10741//2214 10742//2213 10860//2234 10859//2235
f 10742//2208 10743//2207 10861//2236 10860//2237
f 10743//2210 10744//2209 10862//2238 10861//2239
f 10744//2212 10745//2211 10863//2232 10862//2233
f 10745//2214 10746//2213 10864//2234 10863//2235
f 10746//2208 10747//2207 10865//2236 10864//2237
f 10747//2210 10748//2209 10866//2238 10865//2239
f 10748//2212 10749//2211 10867//2232 10866//2233
f 10749//2214 10750//2213 10868//2234 10867//2235
f 10750//2208 10751//2207 10869//2236 10868//2237
f 10751//2210 10752//2209 10870//2238 10869//2239
f 10752//2212 10753//2211 10871//2232 10870//2233
f 10753//2214 10754//2213 10872//2234 10871//2235
f 10754//2208 10755//2207 10873//2236 10872//2237
f 10755//2210 10756//2209 10874//2238 10873//2239
f 10756//2212 10757//2211 10875//2232 10874//2233
f 10757//2214 10758//2213 10876//2234 10875//2235
f 10758//2208 10759//2207 10877//2236 10876//2237
f 10759//2210 10760//2209 10878//2238 10877//2239
f 10760//2212 10761//2211 10879//2232 10878//2233
f 10761//2214 10762//2213 10880//2234 10879//2235
f 10762//2208 10763//2207 10881//2236 10880//2237
f 10763//2210 10764//2209 10882//2238 10881//2239
f 10764//2212 10765//2211 10883//2232 10882//2233
f 10765//2214 10766//2213 10884//2234 10883//2235
f 10766//2208 10767//2207 10885//2236 10884//2237
f 10767//2210 10768//2231 10886//2238 10885//2239
f 10768//2212 10769//2211 10887//2232 10886//2233
f 10769//2214 10770//2213 10888//2234 10887//2244
f 10770//2208 10771//2207 10889//2236 10888//2237
f 10771//2210 10772//2209 10890//2238 10889//2239
f 10772//2212 10773//2211 10891//2232 10890//2233
f 10773//2214 10774//2213 10892//2234 10891//2235
f 10774//2208 10775//2207 10893//2236 10892//2237
f 10775//2210 10776//2209 10894//2238 10893//2239
f 10776//2212 10777//2211 10895//2232 10894//2233
f 10777//2214 10778//2213 10896//2234 10895//2235
f 10778//2208 10779//2207 10897//2236 10896//2237
f 10779//2210 10780//2209 10898//2238 10897//2239
f 10780//2212 10781//2211 10899//2232 10898//2233
f 10781//2214 10782//2213 10900//2234 10899//2235
f 10782//2208 10783//2207 10901//2236 10900//2237
f 10783//2210 10784//2209 10902//2238 10901//2239
f 10784//2212 10785//2211 10903//2232 10902//2233
f 2877//92 10681//2211 10799//2245 2878//82
f 10785//2214 10786//2213 10904//2234 10903//2235
f 10681//2216 10682//2215 10800//2246 10799//2247
f 10786//2208 10787//2207 10905//2236 10904//2237
f 10682//2215 10683//2217 10801//2248 10800//2246
f 10787//2210 10788//2209 10906//2238 10905//2239
f 10683//2210 10684//2209 10802//2238 10801//2239
f 10788//2212 10789//2211 10907//2232 10906//2233
f 10684//2212 10685//2211 10803//2232 10802//2233
f 10789//2214 10790//2213 10908//2234 10907//2235
f 10685//2214 10686//2213 10804//2234 10803//2235
f 10790//2208 10791//2207 10909//2236 10908//2237
f 10686//2208 10687//2207 10805//2236 10804//2237
f 10791//2210 10792//2209 10910//2238 10909//2239
f 10687//2210 10688//2209 10806//2238 10805//2239
f 10792//2212 10793//2211 10911//2232 10910//2233
f 10688//2212 10689//2211 10807//2232 10806//2233
f 10793//2219 10794//2218 10912//2249 10911//2250
f 10689//2214 10690//2213 10808//2234 10807//2235
f 10794//2221 10795//2220 10913//2251 10912//2252
f 10690//2208 10691//2207 10809//2236 10808//2237
f 10795//2223 10796//2222 10914//2253 10913//2254
f 10691//2210 10692//2209 10810//2238 10809//2239
f 10796//2225 10797//2224 10915//2255 10914//2256
f 10692//2212 10693//2211 10811//2232 10810//2233
f 10797//2224 10798//2226 10916//2257 10915//2255
f 10693//2214 10694//2213 10812//2234 10811//2235
f 10694//2208 10695//2207 10813//2236 10812//2237
f 10695//2210 10696//2209 10814//2238 10813//2239
f 10696//2212 10697//2211 10815//2232 10814//2233
f 10697//2214 10698//2213 10816//2234 10815//2235
f 10698//2208 10699//2207 10817//2236 10816//2237
f 10699//2210 10700//2209 10818//2238 10817//2239
f 10700//2212 10701//2211 10819//2232 10818//2233
f 10701//2214 10702//2213 10820//2234 10819//2235
f 10702//2208 10703//2207 10821//2236 10820//2237
f 10703//2210 10704//2209 10822//2238 10821//2239
f 10848//2237 10849//2236 10967//2258 10966//2259
f 10849//2239 10850//2238 10968//2260 10967//2261
f 10850//2233 10851//2232 10969//2262 10968//2263
f 10851//2235 10852//2234 10970//2264 10969//2265
f 10852//2237 10853//2236 10971//2258 10970//2259
f 10853//2241 10854//2240 10972//2266 10971//2267
f 10854//2233 10855//2232 10973//2262 10972//2263
f 10855//2243 10856//2242 10974//2268 10973//2269
f 10856//2237 10857//2236 10975//2258 10974//2259
f 10857//2239 10858//2238 10976//2260 10975//2261
f 10858//2233 10859//2232 10977//2262 10976//2263
f 10859//2235 10860//2234 10978//2264 10977//2265
f 10860//2237 10861//2236 10979//2258 10978//2259
f 10861//2239 10862//2238 10980//2260 10979//2261
f 10862//2233 10863//2232 10981//2262 10980//2263
f 10863//2235 10864//2234 10982//2264 10981//2265
f 10864//2237 10865//2236 10983//2258 10982//2259
f 10865//2239 10866//2238 10984//2260 10983//2261
f 10866//2233 10867//2232 10985//2262 10984//2263
f 10867//2235 10868//2234 10986//2264 10985//2265
f 10868//2237 10869//2236 10987//2258 10986//2259
f 10869//2239 10870//2238 10988//2260 10987//2261
f 10870//2233 10871//2232 10989//2262 10988//2263
f 10871//2235 10872//2234 10990//2264 10989//2265
f 10872//2237 10873//2236 10991//2258 10990//2259
f 10873//2239 10874//2238 10992//2260 10991//2261
f 10874//2233 10875//2232 10993//2262 10992//2263
f 10875//2235 10876//2234 10994//2264 10993//2265
f 10876//2237 10877//2236 10995//2258 10994//2259
f 10877//2239 10878//2238 10996//2260 10995//2261
f 10878//2233 10879//2232 10997//2262 10996//2263
f 10879//2235 10880//2234 10998//2264 10997//2265
f 10880//2237 10881//2236 10999//2258 10998//2259
f 10881//2239 10882//2238 11000//2260 10999//2261
f 10882//2233 10883//2232 11001//2262 11000//2263
f 10883//2235 10884//2234 11002//2264 11001//2265
f 10884//2237 10885//2236 11003//2258 11002//2259
f 10885//2239 10886//2238 11004//2260 11003//2261
f 10886//2233 10887//2232 11005//2262 11004//2263
f 10887//2244 10888//2234 11006//2264 11005//2265
f 10888//2237 10889//2236 11007//2258 11006//2259
f 10889//2239 10890//2238 11008//2260 11007//2261
f 10890//2233 10891//2232 11009//2262 11008//2263
f 10891//2235 10892//2234 11010//2264 11009//2265
f 10892//2237 10893//2236 11011//2258 11010//2259
f 10893//2239 10894//2238 11012//2260 11011//2261
f 10894//2233 10895//2232 11013//2262 11012//2263
f 10895//2235 10896//2234 11014//2264 11013//2265
f 10896//2237 10897//2236 11015//2258 11014//2259
f 10897//2239 10898//2238 11016//2260 11015//2261
f 10898//2233 10899//2232 11017//2262 11016//2263
f 10899//2235 10900//2234 11018//2264 11017//2265
f 10900//2237 10901//2236 11019//2258 11018//2259
f 10901//2239 10902//2238 11020//2260 11019//2261
f 10902//2233 10903//2232 11021//2262 11020//2263
f 2878//82 10799//2245 10917//83
f 10903//2235 10904//2234 11022//2264 11021//2265
f 10799//2247 10800//2246 10918//2270 10917//2271
f 10904//2237 10905//2236 11023//2258 11022//2259
f 10800//2246 10801//2248 10919//2272 10918//2270
f 10905//2239 10906//2238 11024//2260 11023//2261
f 10801//2239 10802//2238 10920//2260 10919//2261
f 10906//2233 10907//2232 11025//2262 11024//2263
f 10802//2233 10803//2232 10921//2262 10920//2263
f 10907//2235 10908//2234 11026//2264 11025//2265
f 10803//2235 10804//2234 10922//2264 10921//2265
f 10908//2237 10909//2236 11027//2258 11026//2259
f 10804//2237 10805//2236 10923//2258 10922//2259
f 10909//2239 10910//2238 11028//2260 11027//2261
f 10805//2239 10806//2238 10924//2260 10923//2261
f 10910//2233 10911//2232 11029//2262 11028//2263
f 10806//2233 10807//2232 10925//2262 10924//2263
f 10911//2250 10912//2249 11030//2273 11029//2274
f 10807//2235 10808//2234 10926//2264 10925//2265
f 10912//2252 10913//2251 11031//2275 11030//2276
f 10808//2237 10809//2236 10927//2258 10926//2259
f 10913//2254 10914//2253 11032//2277 11031//2278
f 10809//2239 10810//2238 10928//2260 10927//2261
f 10914//2256 10915//2255 11033//2279 11032//2280
f 10810//2233 10811//2232 10929//2262 10928//2263
f 10915//2255 10916//2257 11034//2281 11033//2279
f 10811//2235 10812//2234 10930//2264 10929//2265
f 10812//2237 10813//2236 10931//2258 10930//2259
f 10813//2239 10814//2238 10932//2260 10931//2261
f 10814//2233 10815//2232 10933//2262 10932//2263
f 10815//2235 10816//2234 10934//2264 10933//2265
f 10816//2237 10817//2236 10935//2258 10934//2259
f 10817//2239 10818//2238 10936//2260 10935//2261
f 10818//2233 10819//2232 10937//2262 10936//2263
f 10819//2235 10820//2234 10938//2264 10937//2265
f 10820//2237 10821//2236 10939//2258 10938//2259
f 10821//2239 10822//2238 10940//2260 10939//2261
f 10822//2233 10823//2232 10941//2262 10940//2263
f 10823//2235 10824//2234 10942//2264 10941//2265
f 10824//2237 10825//2236 10943//2258 10942//2259
f 10825//2239 10826//2238 10944//2260 10943//2261
f 10826//2233 10827//2232 10945//2262 10944//2263
f 10827//2235 10828//2234 10946//2264 10945//2265
f 10828//2237 10829//2236 10947//2258 10946//2259
f 10829//2239 10830//2238 10948//2260 10947//2261
f 10830//2233 10831//2232 10949//2262 10948//2263
f 10831//2235 10832//2234 10950//2264 10949//2265
f 10832//2237 10833//2236 10951//2258 10950//2259
f 10833//2239 10834//2238 10952//2260 10951//2261
f 10834//2233 10835//2232 10953//2262 10952//2263
f 10835//2235 10836//2234 10954//2264 10953//2265
f 10836//2237 10837//2236 10955//2258 10954//2259
f 10837//2239 10838//2238 10956//2260 10955//2261
f 10838//2233 10839//2232 10957//2262 10956//2263
f 10839//2235 10840//2234 10958//2264 10957//2265
f 10840//2237 10841//2236 10959//2258 10958//2259
f 10841//2239 10842//2238 10960//2260 10959//2261
f 10842//2233 10843//2232 10961//2262 10960//2263
f 10843//2235 10844//2234 10962//2264 10961//2265
f 10844//2237 10845//2236 10963//2258 10962//2259
f 10845//2239 10846//2238 10964//2260 10963//2261
f 10846//2233 10847//2232 10965//2262 10964//2263
f 10847//2235 10848//2234 10966//2264 10965//2265
f 10968//2263 10969//2262 11086//2282 11085//2283
f 10969//2265 10970//2264 11087//2284 11086//2285
f 10970//2259 10971//2258 11088//2286 11087//2287
f 10971//2267 10972//2266 11089//2288 11088//2289
f 10972//2263 10973//2262 11090//2282 11089//2283
f 10973//2269 10974//2268 11091//2290 11090//2291
f 10974//2259 10975//2258 11092//2286 11091//2287
f 10975//2261 10976//2260 11093//2292 11092//2293
f 10976//2263 10977//2262 11094//2282 11093//2283
f 10977//2265 10978//2264 11095//2284 11094//2285
f 10978//2259 10979//2258 11096//2286 11095//2287
f 10979//2261 10980//2260 11097//2292 11096//2293
f 10980//2263 10981//2262 11098//2282 11097//2283
f 10981//2265 10982//2264 11099//2284 11098//2285
f 10982//2259 10983//2258 11100//2286 11099//2287
f 10983//2261 10984//2260 11101//2292 11100//2293
f 10984//2263 10985//2262 11102//2282 11101//2283
f 10985//2265 10986//2264 11103//2284 11102//2285
f 10986//2259 10987//2258 11104//2286 11103//2287
f 10987//2261 10988//2260 11105//2292 11104//2293
f 10988//2263 10989//2262 11106//2282 11105//2283
f 10989//2265 10990//2264 11107//2284 11106//2285
f 10990//2259 10991//2258 11108//2286 11107//2287
f 10991//2261 10992//2260 11109//2292 11108//2293
f 10992//2263 10993//2262 11110//2282 11109//2283
f 10993//2265 10994//2264 11111//2284 11110//2285
f 10994//2259 10995//2258 11112//2286 11111//2287
f 10995//2261 10996//2260 11113//2292 11112//2293
f 10996//2263 10997//2262 11114//2282 11113//2283
f 10997//2265 10998//2264 11115//2284 11114//2285
f 10998//2259 10999//2258 11116//2286 11115//2287
f 10999//2261 11000//2260 11117//2292 11116//2293
f 11000//2263 11001//2262 11118//2282 11117//2283
f 11001//2265 11002//2264 11119//2284 11118//2285
f 11002//2259 11003//2258 11120//2286 11119//2287
f 11003//2261 11004//2260 11121//2292 11120//2293
f 11004//2263 11005//2262 11122//2282 11121//2283
f 11005//2265 11006//2264 11123//2284 11122//2285
f 11006//2259 11007//2258 11124//2286 11123//2287
f 11007//2261 11008//2260 11125//2292 11124//2293
f 11008//2263 11009//2262 11126//2282 11125//2283
f 11009//2265 11010//2264 11127//2284 11126//2285
f 11010//2259 11011//2258 11128//2286 11127//2287
f 11011//2261 11012//2260 11129//2292 11128//2293
f 11012//2263 11013//2262 11130//2282 11129//2283
f 11013//2265 11014//2264 11131//2284 11130//2285
f 11014//2259 11015//2258 11132//2286 11131//2287
f 11015//2261 11016//2260 11133//2292 11132//2293
f 11016//2263 11017//2262 11134//2282 11133//2283
f 11017//2265 11018//2264 11135//2284 11134//2285
f 11018//2259 11019//2258 11136//2286 11135//2287
f 11019//2261 11020//2260 11137//2292 11136//2293
f 11020//2263 11021//2262 11138//2282 11137//2283
f 11021//2265 11022//2264 11139//2294 11138//2285
f 10917//2271 10918//2270 11035//2295 2879//2296
f 11022//2259 11023//2258 11140//2286 11139//2287
f 10918//2270 10919//2272 11036//2297 11035//2295
f 11023//2261 11024//2260 11141//2292 11140//2293
f 10919//2261 10920//2260 11037//2292 11036//2293
f 11024//2263 11025//2262 11142//2282 11141//2283
f 10920//2263 10921//2262 11038//2282 11037//2283
f 11025//2265 11026//2264 11143//2284 11142//2285
f 10921//2265 10922//2264 11039//2294 11038//2285
f 11026//2259 11027//2258 11144//2286 11143//2287
f 10922//2259 10923//2258 11040//2286 11039//2287
f 11027//2261 11028//2260 11145//2292 11144//2293
f 10923//2261 10924//2260 11041//2292 11040//2293
f 11028//2263 11029//2262 11146//2282 11145//2283
f 10924//2263 10925//2262 11042//2282 11041//2283
f 11029//2274 11030//2273 11147//2298 11146//2299
f 10925//2265 10926//2264 11043//2294 11042//2285
f 11030//2276 11031//2275 11148//2300 11147//2301
f 10926//2259 10927//2258 11044//2286 11043//2287
f 11031//2278 11032//2277 11149//2302 11148//2303
f 10927//2261 10928//2260 11045//2292 11044//2293
f 11032//2280 11033//2279 11150//2304 11149//2305
f 10928//2263 10929//2262 11046//2282 11045//2283
f 11033//2279 11034//2281 11151//2306 11150//2304
f 10929//2265 10930//2264 11047//2284 11046//2285
f 10930//2259 10931//2258 11048//2286 11047//2287
f 10931//2261 10932//2260 11049//2292 11048//2293
f 10932//2263 10933//2262 11050//2282 11049//2283
f 10933//2265 10934//2264 11051//2294 11050//2285
f 10934//2259 10935//2258 11052//2286 11051//2287
f 10935//2261 10936//2260 11053//2292 11052//2293
f 10936//2263 10937//2262 11054//2282 11053//2283
f 10937//2265 10938//2264 11055//2294 11054//2285
f 10938//2259 10939//2258 11056//2286 11055//2287
f 10939//2261 10940//2260 11057//2292 11056//2293
f 10940//2263 10941//2262 11058//2282 11057//2283
f 10941//2265 10942//2264 11059//2294 11058//2285
f 10942//2259 10943//2258 11060//2286 11059//2287
f 10943//2261 10944//2260 11061//2292 11060//2293
f 10944//2263 10945//2262 11062//2282 11061//2283
f 10945//2265 10946//2264 11063//2284 11062//2285
f 10946//2259 10947//2258 11064//2286 11063//2287
f 10947//2261 10948//2260 11065//2292 11064//2293
f 10948//2263 10949//2262 11066//2282 11065//2283
f 10949//2265 10950//2264 11067//2294 11066//2285
f 10950//2259 10951//2258 11068//2286 11067//2287
f 10951//2261 10952//2260 11069//2292 11068//2293
f 10952//2263 10953//2262 11070//2282 11069//2283
f 10953//2265 10954//2264 11071//2294 11070//2285
f 10954//2259 10955//2258 11072//2286 11071//2287
f 10955//2261 10956//2260 11073//2292 11072//2293
f 10956//2263 10957//2262 11074//2282 11073//2283
f 10957//2265 10958//2264 11075//2294 11074//2285
f 10958//2259 10959//2258 11076//2286 11075//2287
f 10959//2261 10960//2260 11077//2292 11076//2293
f 10960//2263 10961//2262 11078//2282 11077//2283
f 10961//2265 10962//2264 11079//2284 11078//2285
f 10962//2259 10963//2258 11080//2286 11079//2287
f 10963//2261 10964//2260 11081//2292 11080//2293
f 10964//2263 10965//2262 11082//2282 11081//2283
f 10965//2265 10966//2264 11083//2284 11082//2285
f 10966//2259 10967//2258 11084//2286 11083//2287
f 10967//2261 10968//2260 11085//2292 11084//2293
f 11111//2287 11112//2286 11229//2307 11228//2308
f 11112//2293 11113//2292 11230//2309 11229//2310
f 11113//2283 11114//2282 11231//2311 11230//2312
f 11114//2285 11115//2284 11232//2313 11231//2314
f 11115//2287 11116//2286 11233//2307 11232//2308
f 11116//2293 11117//2292 11234//2309 11233//2310
f 11117//2283 11118//2282 11235//2311 11234//2312
f 11118//2285 11119//2284 11236//2313 11235//2314
f 11119//2287 11120//2286 11237//2307 11236//2308
f 11120//2293 11121//2292 11238//2309 11237//2310
f 11121//2283 11122//2282 11239//2311 11238//2312
f 11122//2285 11123//2284 11240//2315 11239//2314
f 11123//2287 11124//2286 11241//2307 11240//2308
f 11124//2293 11125//2292 11242//2309 11241//2310
f 11125//2283 11126//2282 11243//2311 11242//2312
f 11126//2285 11127//2284 11244//2313 11243//2314
f 11127//2287 11128//2286 11245//2307 11244//2308
f 11128//2293 11129//2292 11246//2309 11245//2310
f 11129//2283 11130//2282 11247//2311 11246//2312
f 11130//2285 11131//2284 11248//2313 11247//2314
f 11131//2287 11132//2286 11249//2307 11248//2308
f 11132//2293 11133//2292 11250//2309 11249//2310
f 11133//2283 11134//2282 11251//2311 11250//2312
f 11134//2285 11135//2284 11252//2313 11251//2314
f 11135//2287 11136//2286 11253//2307 11252//2308
f 11136//2293 11137//2292 11254//2309 11253//2316
f 11137//2283 11138//2282 11255//2311 11254//2312
f 11138//2285 11139//2294 11256//2313 11255//2317
f 2879//2296 11035//2295 11152//2318 2998//2319
f 11139//2287 11140//2286 11257//2307 11256//2308
f 11035//2295 11036//2297 11153//2320 11152//2318
f 11140//2293 11141//2292 11258//2309 11257//2310
f 11036//2293 11037//2292 11154//2309 11153//2310
f 11141//2283 11142//2282 11259//2311 11258//2312
f 11037//2283 11038//2282 11155//2311 11154//2312
f 11142//2285 11143//2284 11260//2313 11259//2314
f 11038//2285 11039//2294 11156//2313 11155//2314
f 11143//2287 11144//2286 11261//2307 11260//2308
f 11039//2287 11040//2286 11157//2307 11156//2308
f 11144//2293 11145//2292 11262//2309 11261//2310
f 11040//2293 11041//2292 11158//2309 11157//2310
f 11145//2283 11146//2282 11263//2311 11262//2312
f 11041//2283 11042//2282 11159//2311 11158//2312
f 11146//2299 11147//2298 11264//2321 11263//2322
f 11042//2285 11043//2294 11160//2313 11159//2314
f 11147//2301 11148//2300 11265//2323 11264//2324
f 11043//2287 11044//2286 11161//2307 11160//2308
f 11148//2303 11149//2302 11266//2325 11265//2326
f 11044//2293 11045//2292 11162//2309 11161//2310
f 11149//2305 11150//2304 11267//2327 11266//2328
f 11045//2283 11046//2282 11163//2311 11162//2312
f 11150//2304 11151//2306 11268//2329 11267//2327
f 11046//2285 11047//2284 11164//2313 11163//2314
f 11047//2287 11048//2286 11165//2307 11164//2308
f 11048//2293 11049//2292 11166//2309 11165//2310
f 11049//2283 11050//2282 11167//2311 11166//2312
f 11050//2285 11051//2294 11168//2313 11167//2314
f 11051//2287 11052//2286 11169//2307 11168//2308
f 11052//2293 11053//2292 11170//2309 11169//2310
f 11053//2283 11054//2282 11171//2311 11170//2312
f 11054//2285 11055//2294 11172//2313 11171//2314
f 11055//2287 11056//2286 11173//2307 11172//2308
f 11056//2293 11057//2292 11174//2309 11173//2310
f 11057//2283 11058//2282 11175//2311 11174//2312
f 11058//2285 11059//2294 11176//2313 11175//2314
f 11059//2287 11060//2286 11177//2307 11176//2308
f 11060//2293 11061//2292 11178//2309 11177//2310
f 11061//2283 11062//2282 11179//2311 11178//2312
f 11062//2285 11063//2284 11180//2313 11179//2314
f 11063//2287 11064//2286 11181//2307 11180//2308
f 11064//2293 11065//2292 11182//2309 11181//2310
f 11065//2283 11066//2282 11183//2311 11182//2312
f 11066//2285 11067//2294 11184//2313 11183//2314
f 11067//2287 11068//2286 11185//2307 11184//2308
f 11068//2293 11069//2292 11186//2309 11185//2310
f 11069//2283 11070//2282 11187//2311 11186//2312
f 11070//2285 11071//2294 11188//2313 11187//2314
f 11071//2287 11072//2286 11189//2307 11188//2308
f 11072//2293 11073//2292 11190//2309 11189//2310
f 11073//2283 11074//2282 11191//2311 11190//2312
f 11074//2285 11075//2294 11192//2313 11191//2314
f 11075//2287 11076//2286 11193//2307 11192//2308
f 11076//2293 11077//2292 11194//2309 11193//2310
f 11077//2283 11078//2282 11195//2311 11194//2312
f 11078//2285 11079//2284 11196//2313 11195//2314
f 11079//2287 11080//2286 11197//2307 11196//2308
f 11080//2293 11081//2292 11198//2309 11197//2310
f 11081//2283 11082//2282 11199//2311 11198//2312
f 11082//2285 11083//2284 11200//2313 11199//2314
f 11083//2287 11084//2286 11201//2307 11200//2308
f 11084//2293 11085//2292 11202//2309 11201//2310
f 11085//2283 11086//2282 11203//2311 11202//2312
f 11086//2285 11087//2284 11204//2313 11203//2314
f 11087//2287 11088//2286 11205//2307 11204//2308
f 11088//2289 11089//2288 11206//2330 11205//2331
f 11089//2283 11090//2282 11207//2311 11206//2312
f 11090//2291 11091//2290 11208//2332 11207//2333
f 11091//2287 11092//2286 11209//2307 11208//2308
f 11092//2293 11093//2292 11210//2309 11209//2310
f 11093//2283 11094//2282 11211//2311 11210//2312
f 11094//2285 11095//2284 11212//2313 11211//2314
f 11095//2287 11096//2286 11213//2307 11212//2308
f 11096//2293 11097//2292 11214//2309 11213//2310
f 11097//2283 11098//2282 11215//2311 11214//2312
f 11098//2285 11099//2284 11216//2313 11215//2314
f 11099//2287 11100//2286 11217//2307 11216//2308
f 11100//2293 11101//2292 11218//2309 11217//2310
f 11101//2283 11102//2282 11219//2311 11218//2312
f 11102//2285 11103//2284 11220//2313 11219//2314
f 11103//2287 11104//2286 11221//2307 11220//2308
f 11104//2293 11105//2292 11222//2309 11221//2310
f 11105//2283 11106//2282 11223//2311 11222//2312
f 11106//2285 11107//2284 11224//2313 11223//2314
f 11107//2287 11108//2286 11225//2307 11224//2308
f 11108//2293 11109//2292 11226//2309 11225//2310
f 11109//2283 11110//2282 11227//2311 11226//2312
f 11110//2285 11111//2284 11228//2313 11227//2314
f 11254//2312 11255//2311 11372//2334 11371//2335
f 11255//2317 11256//2313 11373//2336 11372//2337
f 2998//2319 11152//2318 11269//2338 2999//2339
f 11256//2308 11257//2307 11374//2340 11373//2341
f 11152//2318 11153//2320 11270//2342 11269//2338
f 11257//2310 11258//2309 11375//2343 11374//2344
f 11153//2310 11154//2309 11271//2343 11270//2344
f 11258//2312 11259//2311 11376//2334 11375//2335
f 11154//2312 11155//2311 11272//2334 11271//2335
f 11259//2314 11260//2313 11377//2336 11376//2337
f 11155//2314 11156//2313 11273//2336 11272//2337
f 11260//2308 11261//2307 11378//2340 11377//2341
f 11156//2308 11157//2307 11274//2340 11273//2341
f 11261//2310 11262//2309 11379//2343 11378//2344
f 11157//2310 11158//2309 11275//2343 11274//2344
f 11262//2312 11263//2311 11380//2334 11379//2335
f 11158//2312 11159//2311 11276//2334 11275//2335
f 11263//2322 11264//2321 11381//2345 11380//2346
f 11159//2314 11160//2313 11277//2336 11276//2337
f 11264//2324 11265//2323 11382//2347 11381//2348
f 11160//2308 11161//2307 11278//2340 11277//2341
f 11265//2326 11266//2325 11383//2349 11382//2350
f 11161//2310 11162//2309 11279//2343 11278//2344
f 11266//2328 11267//2327 11384//2351 11383//2352
f 11162//2312 11163//2311 11280//2334 11279//2335
f 11267//2327 11268//2329 11385//2353 11384//2351
f 11163//2314 11164//2313 11281//2336 11280//2337
f 11164//2308 11165//2307 11282//2340 11281//2341
f 11165//2310 11166//2309 11283//2343 11282//2344
f 11166//2312 11167//2311 11284//2334 11283//2335
f 11167//2314 11168//2313 11285//2336 11284//2337
f 11168//2308 11169//2307 11286//2340 11285//2341
f 11169//2310 11170//2309 11287//2343 11286//2344
f 11170//2312 11171//2311 11288//2334 11287//2335
f 11171//2314 11172//2313 11289//2336 11288//2337
f 11172//2308 11173//2307 11290//2340 11289//2341
f 11173//2310 11174//2309 11291//2343 11290//2344
f 11174//2312 11175//2311 11292//2334 11291//2335
f 11175//2314 11176//2313 11293//2336 11292//2337
f 11176//2308 11177//2307 11294//2340 11293//2341
f 11177//2310 11178//2309 11295//2343 11294//2344
f 11178//2312 11179//2311 11296//2334 11295//2335
f 11179//2314 11180//2313 11297//2336 11296//2337
f 11180//2308 11181//2307 11298//2340 11297//2341
f 11181//2310 11182//2309 11299//2343 11298//2344
f 11182//2312 11183//2311 11300//2334 11299//2335
f 11183//2314 11184//2313 11301//2336 11300//2337
f 11184//2308 11185//2307 11302//2340 11301//2354
f 11185//2310 11186//2309 11303//2343 11302//2344
f 11186//2312 11187//2311 11304//2334 11303//2335
f 11187//2314 11188//2313 11305//2336 11304//2337
f 11188//2308 11189//2307 11306//2340 11305//2341
f 11189//2310 11190//2309 11307//2343 11306//2344
f 11190//2312 11191//2311 11308//2334 11307//2335
f 11191//2314 11192//2313 11309//2336 11308//2337
f 11192//2308 11193//2307 11310//2340 11309//2341
f 11193//2310 11194//2309 11311//2343 11310//2344
f 11194//2312 11195//2311 11312//2334 11311//2335
f 11195//2314 11196//2313 11313//2336 11312//2337
f 11196//2308 11197//2307 11314//2340 11313//2354
f 11197//2310 11198//2309 11315//2343 11314//2344
f 11198//2312 11199//2311 11316//2334 11315//2335
f 11199//2314 11200//2313 11317//2336 11316//2337
f 11200//2308 11201//2307 11318//2340 11317//2341
f 11201//2310 11202//2309 11319//2343 11318//2344
f 11202//2312 11203//2311 11320//2334 11319//2335
f 11203//2314 11204//2313 11321//2336 11320//2337
f 11204//2308 11205//2307 11322//2340 11321//2341
f 11205//2331 11206//2330 11323//2355 11322//2356
f 11206//2312 11207//2311 11324//2334 11323//2335
f 11207//2333 11208//2332 11325//2357 11324//2358
f 11208//2308 11209//2307 11326//2340 11325//2341
f 11209//2310 11210//2309 11327//2343 11326//2344
f 11210//2312 11211//2311 11328//2334 11327//2335
f 11211//2314 11212//2313 11329//2336 11328//2337
f 11212//2308 11213//2307 11330//2340 11329//2341
f 11213//2310 11214//2309 11331//2343 11330//2344
f 11214//2312 11215//2311 11332//2334 11331//2335
f 11215//2314 11216//2313 11333//2336 11332//2337
f 11216//2308 11217//2307 11334//2340 11333//2341
f 11217//2310 11218//2309 11335//2343 11334//2344
f 11218//2312 11219//2311 11336//2334 11335//2335
f 11219//2314 11220//2313 11337//2336 11336//2337
f 11220//2308 11221//2307 11338//2340 11337//2341
f 11221//2310 11222//2309 11339//2343 11338//2344
f 11222//2312 11223//2311 11340//2334 11339//2335
f 11223//2314 11224//2313 11341//2336 11340//2337
f 11224//2308 11225//2307 11342//2340 11341//2341
f 11225//2310 11226//2309 11343//2343 11342//2344
f 11226//2312 11227//2311 11344//2334 11343//2335
f 11227//2314 11228//2313 11345//2336 11344//2337
f 11228//2308 11229//2307 11346//2340 11345//2341
f 11229//2310 11230//2309 11347//2343 11346//2344
f 11230//2312 11231//2311 11348//2334 11347//2335
f 11231//2314 11232//2313 11349//2336 11348//2337
f 11232//2308 11233//2307 11350//2340 11349//2341
f 11233//2310 11234//2309 11351//2343 11350//2344
f 11234//2312 11235//2311 11352//2334 11351//2335
f 11235//2314 11236//2313 11353//2336 11352//2337
f 11236//2308 11237//2307 11354//2340 11353//2341
f 11237//2310 11238//2309 11355//2343 11354//2344
f 11238//2312 11239//2311 11356//2334 11355//2335
f 11239//2314 11240//2315 11357//2336 11356//2337
f 11240//2308 11241//2307 11358//2340 11357//2341
f 11241//2310 11242//2309 11359//2343 11358//2344
f 11242//2312 11243//2311 11360//2334 11359//2335
f 11243//2314 11244//2313 11361//2336 11360//2337
f 11244//2308 11245//2307 11362//2340 11361//2341
f 11245//2310 11246//2309 11363//2343 11362//2344
f 11246//2312 11247//2311 11364//2334 11363//2335
f 11247//2314 11248//2313 11365//2336 11364//2337
f 11248//2308 11249//2307 11366//2340 11365//2341
f 11249//2310 11250//2309 11367//2343 11366//2344
f 11250//2312 11251//2311 11368//2334 11367//2335
f 11251//2314 11252//2313 11369//2336 11368//2337
f 11252//2308 11253//2307 11370//2340 11369//2341
f 11253//2316 11254//2309 11371//2343 11370//2344
f 11349//2341 11350//2340 11467//2359 11466//2360
f 11350//2344 11351//2343 11468//2361 11467//2362
f 11351//2335 11352//2334 11469//2363 11468//2364
f 11352//2337 11353//2336 11470//2365 11469//2366
f 11353//2341 11354//2340 11471//2359 11470//2360
f 11354//2344 11355//2343 11472//2361 11471//2362
f 11355//2335 11356//2334 11473//2363 11472//2364
f 11356//2337 11357//2336 11474//2367 11473//2366
f 11357//2341 11358//2340 11475//2359 11474//2360
f 11358//2344 11359//2343 11476//2361 11475//2362
f 11359//2335 11360//2334 11477//2363 11476//2364
f 11360//2337 11361//2336 11478//2367 11477//2366
f 11361//2341 11362//2340 11479//2359 11478//2360
f 11362//2344 11363//2343 11480//2361 11479//2362
f 11363//2335 11364//2334 11481//2363 11480//2364
f 11364//2337 11365//2336 11482//2367 11481//2366
f 11365//2341 11366//2340 11483//2359 11482//2360
f 11366//2344 11367//2343 11484//2361 11483//2362
f 11367//2335 11368//2334 11485//2363 11484//2364
f 11368//2337 11369//2336 11486//2367 11485//2366
f 11369//2341 11370//2340 11487//2359 11486//2360
f 11370//2344 11371//2343 11488//2361 11487//2362
f 11371//2335 11372//2334 11489//2363 11488//2364
f 11372//2337 11373//2336 11490//2365 11489//2366
f 2999//2339 11269//2338 11386//2368 3000//2369
f 11373//2341 11374//2340 11491//2359 11490//2360
f 11269//2338 11270//2342 11387//2370 11386//2368
f 11374//2344 11375//2343 11492//2361 11491//2362
f 11270//2344 11271//2343 11388//2361 11387//2362
f 11375//2335 11376//2334 11493//2363 11492//2364
f 11271//2335 11272//2334 11389//2363 11388//2364
f 11376//2337 11377//2336 11494//2365 11493//2366
f 11272//2337 11273//2336 11390//2367 11389//2366
f 11377//2341 11378//2340 11495//2359 11494//2360
f 11273//2341 11274//2340 11391//2359 11390//2360
f 11378//2344 11379//2343 11496//2361 11495//2362
f 11274//2344 11275//2343 11392//2361 11391//2362
f 11379//2335 11380//2334 11497//2363 11496//2364
f 11275//2335 11276//2334 11393//2363 11392//2364
f 11380//2346 11381//2345 11498//2371 11497//2372
f 11276//2337 11277//2336 11394//2367 11393//2366
f 11381//2348 11382//2347 11499//2373 11498//2374
f 11277//2341 11278//2340 11395//2359 11394//2360
f 11382//2350 11383//2349 11500//2375 11499//2376
f 11278//2344 11279//2343 11396//2361 11395//2362
f 11383//2352 11384//2351 11501//2377 11500//2378
f 11279//2335 11280//2334 11397//2363 11396//2364
f 11384//2351 11385//2353 11502//2379 11501//2377
f 11280//2337 11281//2336 11398//2367 11397//2366
f 11281//2341 11282//2340 11399//2359 11398//2360
f 11282//2344 11283//2343 11400//2361 11399//2362
f 11283//2335 11284//2334 11401//2363 11400//2364
f 11284//2337 11285//2336 11402//2367 11401//2366
f 11285//2341 11286//2340 11403//2359 11402//2360
f 11286//2344 11287//2343 11404//2361 11403//2362
f 11287//2335 11288//2334 11405//2363 11404//2364
f 11288//2337 11289//2336 11406//2367 11405//2366
f 11289//2341 11290//2340 11407//2359 11406//2360
f 11290//2344 11291//2343 11408//2361 11407//2362
f 11291//2335 11292//2334 11409//2363 11408//2364
f 11292//2337 11293//2336 11410//2367 11409//2366
f 11293//2341 11294//2340 11411//2359 11410//2360
f 11294//2344 11295//2343 11412//2361 11411//2362
f 11295//2335 11296//2334 11413//2363 11412//2364
f 11296//2337 11297//2336 11414//2367 11413//2366
f 11297//2341 11298//2340 11415//2359 11414//2360
f 11298//2344 11299//2343 11416//2361 11415//2362
f 11299//2335 11300//2334 11417//2363 11416//2364
f 11300//2337 11301//2336 11418//2367 11417//2366
f 11301//2354 11302//2340 11419//2359 11418//2360
f 11302//2344 11303//2343 11420//2361 11419//2362
f 11303//2335 11304//2334 11421//2363 11420//2364
f 11304//2337 11305//2336 11422//2367 11421//2366
f 11305//2341 11306//2340 11423//2359 11422//2360
f 11306//2344 11307//2343 11424//2361 11423//2362
f 11307//2335 11308//2334 11425//2363 11424//2364
f 11308//2337 11309//2336 11426//2367 11425//2366
f 11309//2341 11310//2340 11427//2359 11426//2360
f 11310//2344 11311//2343 11428//2361 11427//2362
f 11311//2335 11312//2334 11429//2363 11428//2364
f 11312//2337 11313//2336 11430//2367 11429//2366
f 11313//2354 11314//2340 11431//2359 11430//2360
f 11314//2344 11315//2343 11432//2361 11431//2362
f 11315//2335 11316//2334 11433//2363 11432//2364
f 11316//2337 11317//2336 11434//2367 11433//2366
f 11317//2341 11318//2340 11435//2359 11434//2360
f 11318//2344 11319//2343 11436//2361 11435//2362
f 11319//2335 11320//2334 11437//2363 11436//2364
f 11320//2337 11321//2336 11438//2367 11437//2366
f 11321//2341 11322//2340 11439//2359 11438//2360
f 11322//2356 11323//2355 11440//2380 11439//2381
f 11323//2335 11324//2334 11441//2363 11440//2364
f 11324//2358 11325//2357 11442//2382 11441//2383
f 11325//2341 11326//2340 11443//2359 11442//2360
f 11326//2344 11327//2343 11444//2361 11443//2362
f 11327//2335 11328//2334 11445//2363 11444//2364
f 11328//2337 11329//2336 11446//2365 11445//2366
f 11329//2341 11330//2340 11447//2359 11446//2360
f 11330//2344 11331//2343 11448//2361 11447//2362
f 11331//2335 11332//2334 11449//2363 11448//2364
f 11332//2337 11333//2336 11450//2365 11449//2366
f 11333//2341 11334//2340 11451//2359 11450//2360
f 11334//2344 11335//2343 11452//2361 11451//2362
f 11335//2335 11336//2334 11453//2363 11452//2364
f 11336//2337 11337//2336 11454//2365 11453//2366
f 11337//2341 11338//2340 11455//2359 11454//2360
f 11338//2344 11339//2343 11456//2361 11455//2362
f 11339//2335 11340//2334 11457//2363 11456//2364
f 11340//2337 11341//2336 11458//2365 11457//2366
f 11341//2341 11342//2340 11459//2359 11458//2360
f 11342//2344 11343//2343 11460//2361 11459//2362
f 11343//2335 11344//2334 11461//2363 11460//2364
f 11344//2337 11345//2336 11462//2365 11461//2366
f 11345//2341 11346//2340 11463//2359 11462//2360
f 11346//2344 11347//2343 11464//2361 11463//2362
f 11347//2335 11348//2334 11465//2363 11464//2364
f 11348//2337 11349//2336 11466//2365 11465//2366
f 11492//2364 11493//2363 11610//2384 11609//2385
f 11388//2364 11389//2363 11506//2384 11505//2385
f 11493//2366 11494//2365 11611//2386 11610//2387
f 11389//2366 11390//2367 11507//2388 11506//2389
f 11494//2360 11495//2359 11612//2390 11611//2391
f 11390//2360 11391//2359 11508//2390 11507//2391
f 11495//2362 11496//2361 11613//2392 11612//2393
f 11391//2362 11392//2361 11509//2394 11508//2395
f 11496//2364 11497//2363 11614//2384 11613//2385
f 11392//2364 11393//2363 11510//2384 11509//2385
f 11497//2372 11498//2371 11615//2396 11614//2397
f 11393//2366 11394//2367 11511//2388 11510//2389
f 11498//2374 11499//2373 11616//2398 11615//2399
f 11394//2360 11395//2359 11512//2390 11511//2391
f 11499//2376 11500//2375 11617//2400 11616//2401
f 11395//2362 11396//2361 11513//2394 11512//2395
f 11500//2378 11501//2377 11618//2402 11617//2403
f 11396//2364 11397//2363 11514//2384 11513//2385
f 11501//2377 11502//2379 11619//2404 11618//2402
f 11397//2366 11398//2367 11515//2388 11514//2389
f 11398//2360 11399//2359 11516//2390 11515//2391
f 11399//2362 11400//2361 11517//2394 11516//2395
f 11400//2364 11401//2363 11518//2384 11517//2385
f 11401//2366 11402//2367 11519//2388 11518//2389
f 11402//2360 11403//2359 11520//2390 11519//2391
f 11403//2362 11404//2361 11521//2394 11520//2395
f 11404//2364 11405//2363 11522//2384 11521//2385
f 11405//2366 11406//2367 11523//2388 11522//2389
f 11406//2360 11407//2359 11524//2390 11523//2391
f 11407//2362 11408//2361 11525//2394 11524//2395
f 11408//2364 11409//2363 11526//2384 11525//2385
f 11409//2366 11410//2367 11527//2388 11526//2389
f 11410//2360 11411//2359 11528//2390 11527//2391
f 11411//2362 11412//2361 11529//2394 11528//2395
f 11412//2364 11413//2363 11530//2384 11529//2385
f 11413//2366 11414//2367 11531//2388 11530//2389
f 11414//2360 11415//2359 11532//2390 11531//2391
f 11415//2362 11416//2361 11533//2394 11532//2395
f 11416//2364 11417//2363 11534//2384 11533//2385
f 11417//2366 11418//2367 11535//2388 11534//2389
f 11418//2360 11419//2359 11536//2390 11535//2391
f 11419//2362 11420//2361 11537//2394 11536//2395
f 11420//2364 11421//2363 11538//2384 11537//2385
f 11421//2366 11422//2367 11539//2388 11538//2389
f 11422//2360 11423//2359 11540//2390 11539//2391
f 11423//2362 11424//2361 11541//2394 11540//2395
f 11424//2364 11425//2363 11542//2384 11541//2385
f 11425//2366 11426//2367 11543//2388 11542//2389
f 11426//2360 11427//2359 11544//2390 11543//2391
f 11427//2362 11428//2361 11545//2394 11544//2395
f 11428//2364 11429//2363 11546//2384 11545//2385
f 11429//2366 11430//2367 11547//2388 11546//2389
f 11430//2360 11431//2359 11548//2390 11547//2391
f 11431//2362 11432//2361 11549//2394 11548//2395
f 11432//2364 11433//2363 11550//2384 11549//2385
f 11433//2366 11434//2367 11551//2388 11550//2389
f 11434//2360 11435//2359 11552//2390 11551//2391
f 11435//2362 11436//2361 11553//2394 11552//2395
f 11436//2364 11437//2363 11554//2384 11553//2385
f 11437//2366 11438//2367 11555//2388 11554//2389
f 11438//2360 11439//2359 11556//2390 11555//2391
f 11439//2381 11440//2380 11557//2394 11556//2395
f 11440//2364 11441//2363 11558//2384 11557//2385
f 11441//2383 11442//2382 11559//2386 11558//2387
f 11442//2360 11443//2359 11560//2390 11559//2391
f 11443//2362 11444//2361 11561//2392 11560//2405
f 11444//2364 11445//2363 11562//2384 11561//2385
f 11445//2366 11446//2365 11563//2386 11562//2406
f 11446//2360 11447//2359 11564//2390 11563//2391
f 11447//2362 11448//2361 11565//2392 11564//2405
f 11448//2364 11449//2363 11566//2384 11565//2385
f 11449//2366 11450//2365 11567//2386 11566//2406
f 11450//2360 11451//2359 11568//2390 11567//2391
f 11451//2362 11452//2361 11569//2392 11568//2405
f 11452//2364 11453//2363 11570//2384 11569//2385
f 11453//2366 11454//2365 11571//2386 11570//2406
f 11454//2360 11455//2359 11572//2390 11571//2391
f 11455//2362 11456//2361 11573//2392 11572//2405
f 11456//2364 11457//2363 11574//2384 11573//2385
f 11457//2366 11458//2365 11575//2386 11574//2406
f 11458//2360 11459//2359 11576//2390 11575//2391
f 11459//2362 11460//2361 11577//2392 11576//2405
f 11460//2364 11461//2363 11578//2384 11577//2385
f 11461//2366 11462//2365 11579//2386 11578//2406
f 11462//2360 11463//2359 11580//2390 11579//2391
f 11463//2362 11464//2361 11581//2392 11580//2405
f 11464//2364 11465//2363 11582//2384 11581//2385
f 11465//2366 11466//2365 11583//2386 11582//2406
f 11466//2360 11467//2359 11584//2390 11583//2391
f 11467//2362 11468//2361 11585//2392 11584//2405
f 11468//2364 11469//2363 11586//2384 11585//2385
f 11469//2366 11470//2365 11587//2386 11586//2406
f 11470//2360 11471//2359 11588//2390 11587//2391
f 11471//2362 11472//2361 11589//2407 11588//2405
f 11472//2364 11473//2363 11590//2384 11589//2385
f 11473//2366 11474//2367 11591//2386 11590//2387
f 11474//2360 11475//2359 11592//2390 11591//2391
f 11475//2362 11476//2361 11593//2394 11592//2393
f 11476//2364 11477//2363 11594//2384 11593//2385
f 11477//2366 11478//2367 11595//2388 11594//2387
f 11478//2360 11479//2359 11596//2390 11595//2391
f 11479//2362 11480//2361 11597//2394 11596//2393
f 11480//2364 11481//2363 11598//2384 11597//2385
f 11481//2366 11482//2367 11599//2388 11598//2387
f 11482//2360 11483//2359 11600//2390 11599//2391
f 11483//2362 11484//2361 11601//2392 11600//2393
f 11484//2364 11485//2363 11602//2384 11601//2385
f 11485//2366 11486//2367 11603//2388 11602//2387
f 11486//2360 11487//2359 11604//2390 11603//2391
f 11487//2362 11488//2361 11605//2392 11604//2393
f 11488//2364 11489//2363 11606//2384 11605//2385
f 11489//2366 11490//2365 11607//2386 11606//2387
f 3000//2369 11386//2368 11503//2408 3001//2409
f 11490//2360 11491//2359 11608//2390 11607//2391
f 11386//2368 11387//2370 11504//2410 11503//2408
f 11491//2362 11492//2361 11609//2392 11608//2393
f 11387//2362 11388//2361 11505//2394 11504//2395
f 11531//2391 11532//2390 156//9 155//8
f 11532//2395 11533//2394 157//15 156//47
f 11533//2385 11534//2384 158//21 157//20
f 11534//2389 11535//2388 159//46 158//1
f 11535//2391 11536//2390 160//9 159//8
f 11536//2395 11537//2394 161//15 160//47
f 11537//2385 11538//2384 162//21 161//20
f 11538//2389 11539//2388 163//46 162//1
f 11539//2391 11540//2390 164//9 163//8
f 11540//2395 11541//2394 165//15 164//47
f 11541//2385 11542//2384 166//21 165//20
f 11542//2389 11543//2388 167//46 166//1
f 11543//2391 11544//2390 168//9 167//8
f 11544//2395 11545//2394 169//15 168//47
f 11545//2385 11546//2384 170//21 169//20
f 11546//2389 11547//2388 171//46 170//1
f 11547//2391 11548//2390 172//9 171//8
f 11548//2395 11549//2394 173//15 172//47
f 11549//2385 11550//2384 174//21 173//20
f 11550//2389 11551//2388 175//46 174//1
f 11551//2391 11552//2390 176//9 175//8
f 11552//2395 11553//2394 177//15 176//47
f 11553//2385 11554//2384 178//21 177//20
f 11554//2389 11555//2388 179//46 178//1
f 11555//2391 11556//2390 180//9 179//8
f 11556//2395 11557//2394 181//15 180//47
f 11557//2385 11558//2384 182//21 181//20
f 11558//2387 11559//2386 183//2 182//36
f 11559//2391 11560//2390 184//9 183//8
f 11560//2405 11561//2392 185//31 184//68
f 11561//2385 11562//2384 186//21 185//20
f 11562//2406 11563//2386 187//69 186//36
f 11563//2391 11564//2390 188//9 187//8
f 11564//2405 11565//2392 189//31 188//68
f 11565//2385 11566//2384 190//21 189//20
f 11566//2406 11567//2386 191//69 190//36
f 11567//2391 11568//2390 192//9 191//8
f 11568//2405 11569//2392 193//31 192//68
f 11569//2385 11570//2384 194//21 193//20
f 11570//2406 11571//2386 195//69 194//36
f 11571//2391 11572//2390 196//9 195//8
f 11572//2405 11573//2392 197//31 196//68
f 11573//2385 11574//2384 198//21 197//20
f 11574//2406 11575//2386 199//69 198//36
f 11575//2391 11576//2390 200//9 199//8
f 11576//2405 11577//2392 201//31 200//68
f 11577//2385 11578//2384 202//21 201//20
f 11578//2406 11579//2386 203//69 202//36
f 11579//2391 11580//2390 204//9 203//8
f 11580//2405 11581//2392 205//31 204//68
f 11581//2385 11582//2384 206//21 205//20
f 11582//2406 11583//2386 207//69 206//36
f 11583//2391 11584//2390 208//9 207//8
f 11584//2405 11585//2392 209//31 208//68
f 11585//2385 11586//2384 210//21 209//20
f 11586//2406 11587//2386 211//69 210//36
f 11587//2391 11588//2390 212//9 211//8
f 11588//2405 11589//2407 213//95 212//68
f 11589//2385 11590//2384 214//21 213//20
f 11590//2387 11591//2386 215//2 214//36
f 11591//2391 11592//2390 216//9 215//8
f 11592//2393 11593//2394 217//15 216//14
f 11593//2385 11594//2384 218//21 217//20
f 11594//2387 11595//2388 219//2 218//1
f 11595//2391 11596//2390 220//9 219//8
f 11596//2393 11597//2394 221//15 220//14
f 11597//2385 11598//2384 222//21 221//20
f 11598//2387 11599//2388 223//2 222//1
f 11599//2391 11600//2390 224//9 223//8
f 11600//2393 11601//2392 225//15 224//14
f 11601//2385 11602//2384 226//21 225//20
f 11602//2387 11603//2388 227//2 226//1
f 11603//2391 11604//2390 228//9 227//8
f 11604//2393 11605//2392 229//31 228//14
f 11605//2385 11606//2384 230//21 229//20
f 11606//2387 11607//2386 231//2 230//36
f 3001//2409 11503//2408 127//38 245//37
f 11607//2391 11608//2390 232//9 231//8
f 11503//2408 11504//2410 128//40 127//38
f 11608//2393 11609//2392 233//31 232//14
f 11504//2395 11505//2394 129//43 128//42
f 11609//2385 11610//2384 234//21 233//20
f 11505//2385 11506//2384 130//21 129//20
f 11610//2387 11611//2386 235//2 234//36
f 11506//2389 11507//2388 131//46 130//1
f 11611//2391 11612//2390 236//9 235//8
f 11507//2391 11508//2390 132//9 131//8
f 11612//2393 11613//2392 237//31 236//14
f 11508//2395 11509//2394 133//15 132//47
f 11613//2385 11614//2384 238//21 237//20
f 11509//2385 11510//2384 134//21 133//20
f 11614//2397 11615//2396 239//49 238//48
f 11510//2389 11511//2388 135//46 134//1
f 11615//2399 11616//2398 240//53 239//52
f 11511//2391 11512//2390 136//9 135//8
f 11616//2401 11617//2400 241//57 240//56
f 11512//2395 11513//2394 137//15 136//47
f 11617//2403 11618//2402 242//61 241//60
f 11513//2385 11514//2384 138//21 137//20
f 11618//2402 11619//2404 243//64 242//61
f 11514//2389 11515//2388 139//46 138//1
f 11515//2391 11516//2390 140//9 139//8
f 11516//2395 11517//2394 141//15 140//47
f 11517//2385 11518//2384 142//21 141//20
f 11518//2389 11519//2388 143//46 142//1
f 11519//2391 11520//2390 144//9 143//8
f 11520//2395 11521//2394 145//15 144//47
f 11521//2385 11522//2384 146//21 145//20
f 11522//2389 11523//2388 147//46 146//1
f 11523//2391 11524//2390 148//9 147//8
f 11524//2395 11525//2394 149//15 148//47
f 11525//2385 11526//2384 150//21 149//20
f 11526//2389 11527//2388 151//46 150//1
f 11527//2391 11528//2390 152//9 151//8
f 11528//2395 11529//2394 153//15 152//47
f 11529//2385 11530//2384 154//21 153//20
f 11530//2389 11531//2388 155//46 154//1
f 11502//2379 11621//2411 11620//2412 11619//2404
f 11385//2353 11622//2413 11621//2411 11502//2379
f 11268//2329 11623//2414 11622//2413 11385//2353
f 11151//2306 11624//2415 11623//2414 11268//2329
f 11034//2281 11625//2416 11624//2415 11151//2306
f 10916//2257 11626//2417 11625//2416 11034//2281
f 10798//2226 11627//2418 11626//2417 10916//2257
f 10680//2197 11628//2419 11627//2418 10798//2226
f 10562//2176 11629//2420 11628//2419 10680//2197
f 10444//2150 11630//2421 11629//2420 10562//2176
f 10326//2128 11631//2422 11630//2421 10444//2150
f 10208//2097 11632//2423 11631//2422 10326//2128
f 10090//2072 11633//2424 11632//2423 10208//2097
f 9972//2051 11634//2425 11633//2424 10090//2072
f 9854//2016 11635//2426 11634//2425 9972//2051
f 9736//1995 11636//2427 11635//2426 9854//2016
f 9618//1966 11637//2428 11636//2427 9736//1995
f 9499//1937 11638//2429 11637//2428 9618//1966
f 9380//1908 11639//2430 11638//2429 9499//1937
f 9261//1883 11640//2431 11639//2430 9380//1908
f 9142//1857 11641//2432 11640//2431 9261//1883
f 9023//1830 11642//2433 11641//2432 9142//1857
f 9023//1830 8904//1829 11642//2433
f 8785//1770 11643//1770 8904//1829 8903//1801
f 8667//1744 11644//1744 11643//1770 8785//1770
f 8549//1727 11645//1727 11644//1744 8667//1744
f 8431//1707 11646//1707 11645//1727 8549//1727
f 8313//1688 11647//1688 11646//1707 8431//1707
f 8195//1655 11648//1655 11647//1688 8313//1688
f 8077//1638 11649//1638 11648//1655 8195//1655
f 7959//1615 11650//1615 11649//1638 8077//1638
f 7841//1596 11651//1596 11650//1615 7959//1615
f 7723//1568 11652//1568 11651//1596 7841//1596
f 7605//1549 11653//1549 11652//1568 7723//1568
f 7487//1525 11654//1525 11653//1549 7605//1549
f 7369//1505 11655//1505 11654//1525 7487//1525
f 7251//1484 11656//1484 11655//1505 7369//1505
f 7133//1462 11657//1462 11656//1484 7251//1484
f 7015//1442 11658//1442 11657//1462 7133//1462
f 6897//1420 11659//1420 11658//1442 7015//1442
f 6779//1401 11660//1401 11659//1420 6897//1420
f 6661//1383 11661//1383 11660//1401 6779//1401
f 6543//1362 11662//1362 11661//1383 6661//1383
f 6425//1338 11663//1338 11662//1362 6543//1362
f 6307//1319 11664//1319 11663//1338 6425//1338
f 6189//1301 11665//1301 11664//1319 6307//1319
f 6071//1282 11666//1282 11665//1301 6189//1301
f 5952//1257 11667//1257 11666//1282 6071//1282
f 5833//1234 11668//1234 11667//1257 5952//1257
f 5714//1212 11669//2434 11668//1234 5833//1234
f 5595//1187 11670//1187 11669//2434 5714//1212
f 5476//1165 11671//1165 11670//1187 5595//1187
f 5476//1165 5357//1164 11671//1165
f 5238//1115 11672//2435 5357//1164 5356//1140
f 5120//1088 11673//2436 11672//2435 5238//1115
f 5002//1071 11674//2437 11673//2436 5120//1088
f 4884//1050 11675//2438 11674//2437 5002//1071
f 4766//1029 11676//2439 11675//2438 4884//1050
f 4648//983 11677//2440 11676//2439 4766//1029
f 4530//978 11678//2441 11677//2440 4648//983
f 4412//955 11679//2442 11678//2441 4530//978
f 4294//933 11680//2443 11679//2442 4412//955
f 4176//909 11681//2444 11680//2443 4294//933
f 4058//879 11682//2445 11681//2444 4176//909
f 4058//879 3940//878 11682//2445
f 3822//836 11683//836 3940//878 3939//855
f 3705//813 11684//813 11683//836 3822//836
f 3588//789 11685//789 11684//813 3705//813
f 3471//769 11686//769 11685//789 3588//789
f 3354//746 11687//746 11686//769 3471//769
f 3237//724 11688//724 11687//746 3354//746
f 3119//703 11689//703 11688//724 3237//724
f 2997//682 11690//682 11689//703 3119//703
f 2875//657 11691//657 11690//682 2997//682
f 2753//625 11692//625 11691//657 2875//657
f 2631//619 11693//619 11692//625 2753//625
f 2509//596 11694//596 11693//619 2631//619
f 2387//571 11695//571 11694//596 2509//596
f 2265//555 11696//555 11695//571 2387//571
f 2143//535 11697//535 11696//555 2265//555
f 2021//515 11698//515 11697//535 2143//535
f 1899//489 11699//489 11698//515 2021//515
f 1777//470 11700//470 11699//489 1899//489
f 1655//444 11701//444 11700//470 1777//470
f 1533//427 11702//427 11701//444 1655//444
f 1411//404 11703//404 11702//427 1533//427
f 1289//382 11704//382 11703//404 1411//404
f 1167//361 11705//361 11704//382 1289//382
f 1045//339 11706//339 11705//361 1167//361
f 923//316 11707//316 11706//339 1045//339
f 801//289 11708//289 11707//316 923//316
f 679//271 11709//271 11708//289 801//289
f 557//232 11710//232 11709//271 679//271
f 435//67 11711//67 11710//232 557//232
f 435//67 244//66 11711//67
f 11619//2404 11620//2412 244//66 243//64
