# Blender 4.1.1
# www.blender.org
o M16_Nut_Tol_100_Inner
v 0.011827 -0.009172 0.000073
v 0.013856 -0.005657 0.000073
v 0.012690 -0.007327 0.000042
v 0.013856 -0.008000 0.000250
v 0.000000 0.016000 0.013850
v 0.002029 0.014828 0.014027
v 0.000000 0.014654 0.014058
v -0.002029 0.014828 0.014027
v 0.013856 0.008000 0.013850
v 0.012690 0.007327 0.014058
v 0.013856 0.005657 0.014027
v 0.011827 0.009172 0.014027
v 0.013856 -0.008000 0.013850
v 0.012690 -0.007327 0.014058
v 0.011827 -0.009172 0.014027
v 0.013856 -0.005657 0.014027
v -0.000000 -0.016000 0.013850
v -0.000000 -0.014654 0.014058
v -0.002029 -0.014828 0.014027
v 0.002029 -0.014828 0.014027
v -0.013856 -0.008000 0.013850
v -0.012690 -0.007327 0.014058
v -0.013856 -0.005657 0.014027
v -0.011827 -0.009172 0.014027
v -0.013856 0.008000 0.013850
v -0.012690 0.007327 0.014058
v -0.011827 0.009172 0.014027
v -0.013856 0.005657 0.014027
v -0.002029 -0.014828 0.000073
v 0.002029 -0.014828 0.000073
v 0.000000 -0.014654 0.000042
v 0.000000 -0.016000 0.000250
v -0.013856 -0.005657 0.000073
v -0.011827 -0.009172 0.000073
v -0.012690 -0.007327 0.000042
v -0.013856 -0.008000 0.000250
v -0.011827 0.009172 0.000073
v -0.013856 0.005657 0.000073
v -0.012690 0.007327 0.000042
v -0.013856 0.008000 0.000250
v 0.002029 0.014828 0.000073
v -0.000000 0.014654 0.000042
v -0.002029 0.014828 0.000073
v -0.000000 0.016000 0.000250
v -0.006928 -0.012000 0.013850
v 0.006928 -0.012000 0.013850
v 0.013856 0.000000 0.013850
v 0.006928 0.012000 0.013850
v -0.006928 0.012000 0.013850
v -0.013856 0.000000 0.013850
v 0.000000 0.013657 0.014100
v 0.006928 0.012000 0.014100
v 0.013856 -0.000000 0.014100
v 0.011827 -0.006828 0.014100
v 0.006928 -0.012000 0.014100
v -0.000000 -0.013657 0.014100
v -0.006928 -0.012000 0.014100
v -0.011827 -0.006828 0.014100
v -0.013856 0.000000 0.014100
v -0.011827 0.006828 0.014100
v -0.006928 0.012000 0.014100
v 0.011827 0.006828 0.014100
v 0.013856 0.008000 0.000250
v 0.012690 0.007327 0.000042
v 0.011827 0.009172 0.000073
v 0.013856 0.005657 0.000073
v 0.006928 -0.012000 0.000250
v -0.006928 -0.012000 0.000250
v -0.013856 -0.000000 0.000250
v -0.006928 0.012000 0.000250
v 0.006928 0.012000 0.000250
v 0.013856 -0.000000 0.000250
v -0.000000 0.013657 0.000000
v -0.006928 0.012000 0.000000
v -0.013856 -0.000000 0.000000
v -0.011827 -0.006828 -0.000000
v -0.006928 -0.012000 -0.000000
v 0.000000 -0.013657 -0.000000
v 0.006928 -0.012000 -0.000000
v 0.011827 -0.006828 -0.000000
v 0.013856 0.000000 -0.000000
v 0.011827 0.006828 0.000000
v 0.006928 0.012000 0.000000
v -0.011827 0.006828 0.000000
v 0.008716 0.000000 0.014000
v 0.008439 0.000000 0.013375
v 0.008297 0.000000 0.013125
v 0.006967 0.000000 0.012500
v 0.006967 0.000000 0.012000
v 0.008050 0.000000 0.011375
v 0.008050 0.000000 0.011125
v 0.006967 0.000000 0.010500
v 0.006967 0.000000 0.010000
v 0.008050 0.000000 0.009375
v 0.008050 0.000000 0.009125
v 0.006967 0.000000 0.008500
v 0.006967 0.000000 0.008000
v 0.008050 0.000000 0.007375
v 0.008050 0.000000 0.007125
v 0.006967 0.000000 0.006500
v 0.006967 0.000000 0.006000
v 0.008050 0.000000 0.005375
v 0.008050 0.000000 0.005125
v 0.006967 0.000000 0.004500
v 0.006967 0.000000 0.004000
v 0.008050 0.000000 0.003375
v 0.008050 0.000000 0.003125
v 0.006967 0.000000 0.002500
v 0.006967 0.000000 0.002000
v 0.008070 0.000000 0.001375
v 0.008212 0.000000 0.001125
v 0.008182 0.000000 0.000500
v 0.008850 0.000000 0.000000
v 0.008850 0.000000 0.014100
v 0.008831 0.000579 0.014100
v 0.008774 0.001155 0.014100
v 0.008680 0.001727 0.014100
v 0.008726 0.000572 0.014021
v 0.008432 0.000553 0.013396
v 0.008291 0.000543 0.013146
v 0.006953 0.000456 0.012521
v 0.006953 0.000456 0.012021
v 0.008033 0.000526 0.011396
v 0.008033 0.000526 0.011146
v 0.006953 0.000456 0.010521
v 0.006953 0.000456 0.010021
v 0.008033 0.000526 0.009396
v 0.008033 0.000526 0.009146
v 0.006953 0.000456 0.008521
v 0.006953 0.000456 0.008021
v 0.008033 0.000526 0.007396
v 0.008033 0.000526 0.007146
v 0.006953 0.000456 0.006521
v 0.006953 0.000456 0.006021
v 0.008033 0.000526 0.005396
v 0.008033 0.000526 0.005146
v 0.006953 0.000456 0.004521
v 0.006953 0.000456 0.004021
v 0.008033 0.000526 0.003396
v 0.008033 0.000526 0.003146
v 0.006953 0.000456 0.002521
v 0.006953 0.000456 0.002021
v 0.008041 0.000527 0.001396
v 0.008182 0.000536 0.001146
v 0.008137 0.000533 0.000521
v 0.008803 0.000577 0.000021
v 0.008548 0.002291 0.014100
v 0.008380 0.002845 0.014100
v 0.008417 0.002735 0.014100
v 0.008176 0.003387 0.014100
v 0.008697 0.001145 0.014042
v 0.008390 0.001105 0.013417
v 0.008249 0.001086 0.013167
v 0.006908 0.000909 0.012542
v 0.006908 0.000909 0.012042
v 0.007981 0.001051 0.011417
v 0.007981 0.001051 0.011167
v 0.006908 0.000909 0.010542
v 0.006908 0.000909 0.010042
v 0.007981 0.001051 0.009417
v 0.007981 0.001051 0.009167
v 0.006908 0.000909 0.008542
v 0.006908 0.000909 0.008042
v 0.007981 0.001051 0.007417
v 0.007981 0.001051 0.007167
v 0.006908 0.000909 0.006542
v 0.006908 0.000909 0.006042
v 0.007981 0.001051 0.005417
v 0.007981 0.001051 0.005167
v 0.006908 0.000909 0.004542
v 0.006908 0.000909 0.004042
v 0.007981 0.001051 0.003417
v 0.007981 0.001051 0.003167
v 0.006908 0.000909 0.002542
v 0.006908 0.000909 0.002042
v 0.007981 0.001051 0.001417
v 0.008118 0.001069 0.001167
v 0.008057 0.001061 0.000542
v 0.008719 0.001148 0.000042
v 0.007937 0.003914 0.014100
v 0.007664 0.004425 0.014100
v 0.007359 0.004917 0.014100
v 0.007021 0.005388 0.014100
v 0.008631 0.001717 0.014063
v 0.008311 0.001653 0.013437
v 0.008172 0.001626 0.013187
v 0.006834 0.001359 0.012562
v 0.006834 0.001359 0.012062
v 0.007895 0.001570 0.011437
v 0.007895 0.001570 0.011187
v 0.006834 0.001359 0.010562
v 0.006834 0.001359 0.010062
v 0.007895 0.001570 0.009437
v 0.007895 0.001570 0.009187
v 0.006834 0.001359 0.008562
v 0.006834 0.001359 0.008062
v 0.007895 0.001570 0.007437
v 0.007895 0.001570 0.007187
v 0.006834 0.001359 0.006562
v 0.006834 0.001359 0.006062
v 0.007895 0.001570 0.005438
v 0.007895 0.001570 0.005188
v 0.006834 0.001359 0.004563
v 0.006834 0.001359 0.004063
v 0.007895 0.001570 0.003438
v 0.007895 0.001570 0.003188
v 0.006834 0.001359 0.002563
v 0.006834 0.001359 0.002062
v 0.007895 0.001570 0.001437
v 0.008019 0.001595 0.001187
v 0.007943 0.001580 0.000562
v 0.008598 0.001710 0.000062
v 0.006654 0.005835 0.014100
v 0.006258 0.006258 0.014100
v 0.005835 0.006654 0.014100
v 0.005388 0.007021 0.014100
v 0.008527 0.002285 0.014083
v 0.008197 0.002196 0.013458
v 0.008060 0.002160 0.013208
v 0.006730 0.001803 0.012583
v 0.006730 0.001803 0.012083
v 0.007776 0.002083 0.011458
v 0.007776 0.002083 0.011208
v 0.006730 0.001803 0.010583
v 0.006730 0.001803 0.010083
v 0.007776 0.002083 0.009458
v 0.007776 0.002083 0.009208
v 0.006730 0.001803 0.008583
v 0.006730 0.001803 0.008083
v 0.007776 0.002083 0.007458
v 0.007776 0.002083 0.007208
v 0.006730 0.001803 0.006583
v 0.006730 0.001803 0.006083
v 0.007776 0.002083 0.005458
v 0.007776 0.002083 0.005208
v 0.006730 0.001803 0.004583
v 0.006730 0.001803 0.004083
v 0.007776 0.002083 0.003458
v 0.007776 0.002083 0.003208
v 0.006730 0.001803 0.002583
v 0.006730 0.001803 0.002083
v 0.007776 0.002083 0.001458
v 0.007886 0.002113 0.001208
v 0.007796 0.002089 0.000583
v 0.008441 0.002262 0.000083
v 0.004917 0.007359 0.014100
v 0.004425 0.007664 0.014100
v 0.003914 0.007937 0.014100
v 0.003387 0.008176 0.014100
v 0.008047 0.002732 0.013479
v 0.007912 0.002686 0.013229
v 0.006598 0.002240 0.012604
v 0.006598 0.002240 0.012104
v 0.007623 0.002588 0.011479
v 0.007623 0.002588 0.011229
v 0.006598 0.002240 0.010604
v 0.006598 0.002240 0.010104
v 0.007623 0.002588 0.009479
v 0.007623 0.002588 0.009229
v 0.006598 0.002240 0.008604
v 0.006598 0.002240 0.008104
v 0.007623 0.002588 0.007479
v 0.007623 0.002588 0.007229
v 0.006598 0.002240 0.006604
v 0.006598 0.002240 0.006104
v 0.007623 0.002588 0.005479
v 0.007623 0.002588 0.005229
v 0.006598 0.002240 0.004604
v 0.006598 0.002240 0.004104
v 0.007623 0.002588 0.003479
v 0.007623 0.002588 0.003229
v 0.006598 0.002240 0.002604
v 0.006598 0.002240 0.002104
v 0.007623 0.002588 0.001479
v 0.007720 0.002621 0.001229
v 0.007617 0.002585 0.000604
v 0.008249 0.002800 0.000104
v 0.002845 0.008380 0.014100
v 0.002291 0.008548 0.014100
v 0.001727 0.008680 0.014100
v 0.001155 0.008774 0.014100
v 0.007862 0.003256 0.013500
v 0.007731 0.003202 0.013250
v 0.006437 0.002666 0.012625
v 0.006437 0.002666 0.012125
v 0.007437 0.003081 0.011500
v 0.007437 0.003081 0.011250
v 0.006437 0.002666 0.010625
v 0.006437 0.002666 0.010125
v 0.007437 0.003081 0.009500
v 0.007437 0.003081 0.009250
v 0.006437 0.002666 0.008625
v 0.006437 0.002666 0.008125
v 0.007437 0.003081 0.007500
v 0.007437 0.003081 0.007250
v 0.006437 0.002666 0.006625
v 0.006437 0.002666 0.006125
v 0.007437 0.003081 0.005500
v 0.007437 0.003081 0.005250
v 0.006437 0.002666 0.004625
v 0.006437 0.002666 0.004125
v 0.007437 0.003081 0.003500
v 0.007437 0.003081 0.003250
v 0.006437 0.002666 0.002625
v 0.006437 0.002666 0.002125
v 0.007437 0.003081 0.001500
v 0.007521 0.003115 0.001250
v 0.007405 0.003067 0.000625
v 0.008022 0.003323 0.000125
v 0.000579 0.008831 0.014100
v -0.000000 0.008850 0.014100
v -0.000579 0.008831 0.014100
v -0.001155 0.008774 0.014100
v 0.007643 0.003769 0.013521
v 0.007515 0.003706 0.013271
v 0.006249 0.003082 0.012646
v 0.006249 0.003082 0.012146
v 0.007220 0.003560 0.011521
v 0.007220 0.003560 0.011271
v 0.006249 0.003082 0.010646
v 0.006249 0.003082 0.010146
v 0.007220 0.003560 0.009521
v 0.007220 0.003560 0.009271
v 0.006249 0.003082 0.008646
v 0.006249 0.003082 0.008146
v 0.007220 0.003560 0.007521
v 0.007220 0.003560 0.007271
v 0.006249 0.003082 0.006646
v 0.006249 0.003082 0.006146
v 0.007220 0.003560 0.005521
v 0.007220 0.003560 0.005271
v 0.006249 0.003082 0.004646
v 0.006249 0.003082 0.004146
v 0.007220 0.003560 0.003521
v 0.007220 0.003560 0.003271
v 0.006249 0.003082 0.002646
v 0.006249 0.003082 0.002146
v 0.007220 0.003560 0.001521
v 0.007291 0.003595 0.001271
v 0.007164 0.003533 0.000646
v 0.007763 0.003828 0.000146
v -0.001727 0.008680 0.014100
v -0.002291 0.008548 0.014100
v -0.002845 0.008380 0.014100
v -0.003387 0.008176 0.014100
v 0.007390 0.004267 0.013542
v 0.007267 0.004196 0.013292
v 0.006034 0.003484 0.012667
v 0.006034 0.003484 0.012167
v 0.006972 0.004025 0.011542
v 0.006972 0.004025 0.011292
v 0.006034 0.003484 0.010667
v 0.006034 0.003484 0.010167
v 0.006972 0.004025 0.009542
v 0.006972 0.004025 0.009292
v 0.006034 0.003484 0.008667
v 0.006034 0.003484 0.008167
v 0.006972 0.004025 0.007542
v 0.006972 0.004025 0.007292
v 0.006034 0.003484 0.006667
v 0.006034 0.003484 0.006167
v 0.006972 0.004025 0.005542
v 0.006972 0.004025 0.005292
v 0.006034 0.003484 0.004667
v 0.006034 0.003484 0.004167
v 0.006972 0.004025 0.003542
v 0.006972 0.004025 0.003292
v 0.006034 0.003484 0.002667
v 0.006034 0.003484 0.002167
v 0.006972 0.004025 0.001542
v 0.007030 0.004059 0.001292
v 0.006893 0.003980 0.000667
v 0.007472 0.004314 0.000167
v -0.003914 0.007937 0.014100
v -0.004425 0.007664 0.014100
v -0.004917 0.007359 0.014100
v -0.005388 0.007021 0.014100
v 0.007105 0.004747 0.013562
v 0.006987 0.004669 0.013312
v 0.005793 0.003871 0.012687
v 0.005793 0.003871 0.012187
v 0.006693 0.004472 0.011562
v 0.006693 0.004472 0.011312
v 0.005793 0.003871 0.010687
v 0.005793 0.003871 0.010187
v 0.006693 0.004472 0.009562
v 0.006693 0.004472 0.009312
v 0.005793 0.003871 0.008687
v 0.005793 0.003871 0.008187
v 0.006693 0.004472 0.007562
v 0.006693 0.004472 0.007312
v 0.005793 0.003871 0.006687
v 0.005793 0.003871 0.006187
v 0.006693 0.004472 0.005563
v 0.006693 0.004472 0.005313
v 0.005793 0.003871 0.004688
v 0.005793 0.003871 0.004188
v 0.006693 0.004472 0.003563
v 0.006693 0.004472 0.003313
v 0.005793 0.003871 0.002688
v 0.005793 0.003871 0.002188
v 0.006693 0.004472 0.001562
v 0.006739 0.004503 0.001312
v 0.006595 0.004407 0.000687
v 0.007150 0.004778 0.000187
v -0.005835 0.006654 0.014100
v -0.005748 0.006729 0.014100
v -0.006258 0.006258 0.014100
v -0.006654 0.005835 0.014100
v 0.006789 0.005209 0.013583
v 0.006676 0.005123 0.013333
v 0.005547 0.004256 0.012708
v 0.005528 0.004242 0.012208
v 0.006386 0.004901 0.011583
v 0.006386 0.004901 0.011333
v 0.005528 0.004242 0.010708
v 0.005528 0.004242 0.010208
v 0.006386 0.004901 0.009583
v 0.006386 0.004901 0.009333
v 0.005528 0.004242 0.008708
v 0.005528 0.004242 0.008208
v 0.006386 0.004901 0.007583
v 0.006386 0.004901 0.007333
v 0.005528 0.004242 0.006708
v 0.005528 0.004242 0.006208
v 0.006386 0.004901 0.005583
v 0.006386 0.004901 0.005333
v 0.005528 0.004242 0.004708
v 0.005528 0.004242 0.004208
v 0.006386 0.004901 0.003583
v 0.006386 0.004901 0.003333
v 0.005528 0.004242 0.002708
v 0.005528 0.004242 0.002208
v 0.006386 0.004901 0.001583
v 0.006421 0.004927 0.001333
v 0.006271 0.004812 0.000708
v 0.006801 0.005218 0.000208
v -0.007021 0.005388 0.014100
v -0.007359 0.004917 0.014100
v -0.007664 0.004425 0.014100
v -0.007937 0.003914 0.014100
v 0.006442 0.005650 0.013604
v 0.006336 0.005556 0.013354
v 0.005278 0.004628 0.012729
v 0.005238 0.004594 0.012229
v 0.006052 0.005308 0.011604
v 0.006052 0.005308 0.011354
v 0.005238 0.004594 0.010729
v 0.005238 0.004594 0.010229
v 0.006052 0.005308 0.009604
v 0.006052 0.005308 0.009354
v 0.005238 0.004594 0.008729
v 0.005238 0.004594 0.008229
v 0.006052 0.005308 0.007604
v 0.006052 0.005308 0.007354
v 0.005238 0.004594 0.006729
v 0.005238 0.004594 0.006229
v 0.006052 0.005308 0.005604
v 0.006052 0.005308 0.005354
v 0.005238 0.004594 0.004729
v 0.005238 0.004594 0.004229
v 0.006052 0.005308 0.003604
v 0.006052 0.005308 0.003354
v 0.005238 0.004594 0.002729
v 0.005238 0.004594 0.002229
v 0.006052 0.005308 0.001604
v 0.006076 0.005329 0.001354
v 0.005922 0.005193 0.000729
v 0.006424 0.005633 0.000229
v -0.008176 0.003387 0.014100
v -0.008380 0.002845 0.014100
v -0.008548 0.002291 0.014100
v -0.008680 0.001727 0.014100
v 0.006067 0.006067 0.013625
v 0.005967 0.005967 0.013375
v 0.004983 0.004983 0.012750
v 0.004927 0.004927 0.012250
v 0.005692 0.005692 0.011625
v 0.005692 0.005692 0.011375
v 0.004927 0.004927 0.010750
v 0.004927 0.004927 0.010250
v 0.005692 0.005692 0.009625
v 0.005692 0.005692 0.009375
v 0.004927 0.004927 0.008750
v 0.004927 0.004927 0.008250
v 0.005692 0.005692 0.007625
v 0.005692 0.005692 0.007375
v 0.004927 0.004927 0.006750
v 0.004927 0.004927 0.006250
v 0.005692 0.005692 0.005625
v 0.005692 0.005692 0.005375
v 0.004927 0.004927 0.004750
v 0.004927 0.004927 0.004250
v 0.005692 0.005692 0.003625
v 0.005692 0.005692 0.003375
v 0.004927 0.004927 0.002750
v 0.004927 0.004927 0.002250
v 0.005692 0.005692 0.001625
v 0.005706 0.005706 0.001375
v 0.005550 0.005550 0.000750
v 0.006022 0.006022 0.000250
v -0.008774 0.001155 0.014100
v -0.008831 0.000579 0.014100
v -0.008823 0.000694 0.014100
v -0.008850 -0.000000 0.014100
v 0.005665 0.006460 0.013646
v 0.005572 0.006353 0.013396
v 0.004665 0.005320 0.012771
v 0.004594 0.005238 0.012271
v 0.005308 0.006052 0.011646
v 0.005308 0.006052 0.011396
v 0.004594 0.005238 0.010771
v 0.004594 0.005238 0.010271
v 0.005308 0.006052 0.009646
v 0.005308 0.006052 0.009396
v 0.004594 0.005238 0.008771
v 0.004594 0.005238 0.008271
v 0.005308 0.006052 0.007646
v 0.005308 0.006052 0.007396
v 0.004594 0.005238 0.006771
v 0.004594 0.005238 0.006271
v 0.005308 0.006052 0.005646
v 0.005308 0.006052 0.005396
v 0.004594 0.005238 0.004771
v 0.004594 0.005238 0.004271
v 0.005308 0.006052 0.003646
v 0.005308 0.006052 0.003396
v 0.004594 0.005238 0.002771
v 0.004594 0.005238 0.002271
v 0.005308 0.006052 0.001646
v 0.005313 0.006058 0.001396
v 0.005157 0.005880 0.000771
v 0.005597 0.006382 0.000271
v -0.008831 -0.000579 0.014100
v -0.008774 -0.001155 0.014100
v -0.008680 -0.001727 0.014100
v -0.008548 -0.002291 0.014100
v 0.005238 0.006826 0.013667
v 0.005152 0.006714 0.013417
v 0.004324 0.005635 0.012792
v 0.004242 0.005528 0.012292
v 0.004901 0.006386 0.011667
v 0.004901 0.006386 0.011417
v 0.004242 0.005528 0.010792
v 0.004242 0.005528 0.010292
v 0.004901 0.006386 0.009667
v 0.004901 0.006386 0.009417
v 0.004242 0.005528 0.008792
v 0.004242 0.005528 0.008292
v 0.004901 0.006386 0.007667
v 0.004901 0.006386 0.007417
v 0.004242 0.005528 0.006792
v 0.004242 0.005528 0.006292
v 0.004901 0.006386 0.005667
v 0.004901 0.006386 0.005417
v 0.004242 0.005528 0.004792
v 0.004242 0.005528 0.004292
v 0.004901 0.006386 0.003667
v 0.004901 0.006386 0.003417
v 0.004242 0.005528 0.002792
v 0.004242 0.005528 0.002292
v 0.004901 0.006386 0.001667
v 0.004901 0.006386 0.001417
v 0.004744 0.006183 0.000792
v 0.005150 0.006712 0.000292
v -0.008380 -0.002845 0.014100
v -0.008176 -0.003387 0.014100
v -0.007937 -0.003914 0.014100
v -0.007664 -0.004425 0.014100
v 0.004787 0.007164 0.013687
v 0.004708 0.007046 0.013437
v 0.003962 0.005929 0.012812
v 0.003871 0.005793 0.012312
v 0.004472 0.006693 0.011687
v 0.004472 0.006693 0.011437
v 0.003871 0.005793 0.010812
v 0.003871 0.005793 0.010312
v 0.004472 0.006693 0.009687
v 0.004472 0.006693 0.009437
v 0.003871 0.005793 0.008812
v 0.003871 0.005793 0.008312
v 0.004472 0.006693 0.007687
v 0.004472 0.006693 0.007437
v 0.003871 0.005793 0.006812
v 0.003871 0.005793 0.006312
v 0.004472 0.006693 0.005688
v 0.004472 0.006693 0.005438
v 0.003871 0.005793 0.004813
v 0.003871 0.005793 0.004313
v 0.004472 0.006693 0.003688
v 0.004472 0.006693 0.003438
v 0.003871 0.005793 0.002813
v 0.003871 0.005793 0.002313
v 0.004472 0.006693 0.001687
v 0.004472 0.006693 0.001437
v 0.004314 0.006457 0.000812
v 0.004685 0.007012 0.000312
v -0.007359 -0.004917 0.014100
v -0.007021 -0.005388 0.014100
v -0.006654 -0.005835 0.014100
v -0.006258 -0.006258 0.014100
v 0.004314 0.007472 0.013708
v 0.004243 0.007349 0.013458
v 0.003579 0.006200 0.012833
v 0.003484 0.006034 0.012333
v 0.004025 0.006972 0.011708
v 0.004025 0.006972 0.011458
v 0.003484 0.006034 0.010833
v 0.003484 0.006034 0.010333
v 0.004025 0.006972 0.009708
v 0.004025 0.006972 0.009458
v 0.003484 0.006034 0.008833
v 0.003484 0.006034 0.008333
v 0.004025 0.006972 0.007708
v 0.004025 0.006972 0.007458
v 0.003484 0.006034 0.006833
v 0.003484 0.006034 0.006333
v 0.004025 0.006972 0.005708
v 0.004025 0.006972 0.005458
v 0.003484 0.006034 0.004833
v 0.003484 0.006034 0.004333
v 0.004025 0.006972 0.003708
v 0.004025 0.006972 0.003458
v 0.003484 0.006034 0.002833
v 0.003484 0.006034 0.002333
v 0.004025 0.006972 0.001708
v 0.004025 0.006972 0.001458
v 0.003869 0.006701 0.000833
v 0.004202 0.007279 0.000333
v -0.005835 -0.006654 0.014100
v -0.005388 -0.007021 0.014100
v -0.004917 -0.007359 0.014100
v -0.004425 -0.007664 0.014100
v 0.003821 0.007749 0.013729
v 0.003758 0.007621 0.013479
v 0.003179 0.006446 0.012854
v 0.003082 0.006249 0.012354
v 0.003560 0.007220 0.011729
v 0.003560 0.007220 0.011479
v 0.003082 0.006249 0.010854
v 0.003082 0.006249 0.010354
v 0.003560 0.007220 0.009729
v 0.003560 0.007220 0.009479
v 0.003082 0.006249 0.008854
v 0.003082 0.006249 0.008354
v 0.003560 0.007220 0.007729
v 0.003560 0.007220 0.007479
v 0.003082 0.006249 0.006854
v 0.003082 0.006249 0.006354
v 0.003560 0.007220 0.005729
v 0.003560 0.007220 0.005479
v 0.003082 0.006249 0.004854
v 0.003082 0.006249 0.004354
v 0.003560 0.007220 0.003729
v 0.003560 0.007220 0.003479
v 0.003082 0.006249 0.002854
v 0.003082 0.006249 0.002354
v 0.003560 0.007220 0.001729
v 0.003560 0.007220 0.001479
v 0.003410 0.006915 0.000854
v 0.003705 0.007513 0.000354
v -0.003914 -0.007937 0.014100
v -0.003387 -0.008176 0.014100
v -0.002845 -0.008380 0.014100
v -0.002291 -0.008548 0.014100
v 0.003311 0.007993 0.013750
v 0.003256 0.007862 0.013500
v 0.002761 0.006665 0.012875
v 0.002666 0.006437 0.012375
v 0.003081 0.007437 0.011750
v 0.003081 0.007437 0.011500
v 0.002666 0.006437 0.010875
v 0.002666 0.006437 0.010375
v 0.003081 0.007437 0.009750
v 0.003081 0.007437 0.009500
v 0.002666 0.006437 0.008875
v 0.002666 0.006437 0.008375
v 0.003081 0.007437 0.007750
v 0.003081 0.007437 0.007500
v 0.002666 0.006437 0.006875
v 0.002666 0.006437 0.006375
v 0.003081 0.007437 0.005750
v 0.003081 0.007437 0.005500
v 0.002666 0.006437 0.004875
v 0.002666 0.006437 0.004375
v 0.003081 0.007437 0.003750
v 0.003081 0.007437 0.003500
v 0.002666 0.006437 0.002875
v 0.002666 0.006437 0.002375
v 0.003081 0.007437 0.001750
v 0.003081 0.007437 0.001500
v 0.002940 0.007097 0.000875
v 0.003195 0.007714 0.000375
v -0.001727 -0.008680 0.014100
v -0.001155 -0.008774 0.014100
v -0.000579 -0.008831 0.014100
v 0.000000 -0.008850 0.014100
v 0.002785 0.008203 0.013771
v 0.002739 0.008069 0.013521
v 0.002328 0.006858 0.012896
v 0.002240 0.006598 0.012396
v 0.002588 0.007623 0.011771
v 0.002588 0.007623 0.011521
v 0.002240 0.006598 0.010896
v 0.002240 0.006598 0.010396
v 0.002588 0.007623 0.009771
v 0.002588 0.007623 0.009521
v 0.002240 0.006598 0.008896
v 0.002240 0.006598 0.008396
v 0.002588 0.007623 0.007771
v 0.002588 0.007623 0.007521
v 0.002240 0.006598 0.006896
v 0.002240 0.006598 0.006396
v 0.002588 0.007623 0.005771
v 0.002588 0.007623 0.005521
v 0.002240 0.006598 0.004896
v 0.002240 0.006598 0.004396
v 0.002588 0.007623 0.003771
v 0.002588 0.007623 0.003521
v 0.002240 0.006598 0.002896
v 0.002240 0.006598 0.002396
v 0.002588 0.007623 0.001771
v 0.002588 0.007623 0.001521
v 0.002460 0.007248 0.000896
v 0.002675 0.007880 0.000396
v 0.000579 -0.008831 0.014100
v 0.001155 -0.008774 0.014100
v 0.001727 -0.008680 0.014100
v 0.002291 -0.008548 0.014100
v 0.002245 0.008379 0.013792
v 0.002209 0.008242 0.013542
v 0.001882 0.007022 0.012917
v 0.001803 0.006730 0.012417
v 0.002083 0.007776 0.011792
v 0.002083 0.007776 0.011542
v 0.001803 0.006730 0.010917
v 0.001803 0.006730 0.010417
v 0.002083 0.007776 0.009792
v 0.002083 0.007776 0.009542
v 0.001803 0.006730 0.008917
v 0.001803 0.006730 0.008417
v 0.002083 0.007776 0.007792
v 0.002083 0.007776 0.007542
v 0.001803 0.006730 0.006917
v 0.001803 0.006730 0.006417
v 0.002083 0.007776 0.005792
v 0.002083 0.007776 0.005542
v 0.001803 0.006730 0.004917
v 0.001803 0.006730 0.004417
v 0.002083 0.007776 0.003792
v 0.002083 0.007776 0.003542
v 0.001803 0.006730 0.002917
v 0.001803 0.006730 0.002417
v 0.002083 0.007776 0.001792
v 0.002083 0.007776 0.001542
v 0.001974 0.007366 0.000917
v 0.002147 0.008011 0.000417
v 0.002845 -0.008380 0.014100
v 0.002735 -0.008417 0.014100
v 0.003387 -0.008176 0.014100
v 0.003914 -0.007937 0.014100
v 0.001695 0.008520 0.013812
v 0.001667 0.008381 0.013562
v 0.001424 0.007158 0.012937
v 0.001359 0.006834 0.012437
v 0.001570 0.007895 0.011812
v 0.001570 0.007895 0.011562
v 0.001359 0.006834 0.010937
v 0.001359 0.006834 0.010437
v 0.001570 0.007895 0.009812
v 0.001570 0.007895 0.009562
v 0.001359 0.006834 0.008937
v 0.001359 0.006834 0.008437
v 0.001570 0.007895 0.007812
v 0.001570 0.007895 0.007562
v 0.001359 0.006834 0.006937
v 0.001359 0.006834 0.006437
v 0.001570 0.007895 0.005813
v 0.001570 0.007895 0.005563
v 0.001359 0.006834 0.004938
v 0.001359 0.006834 0.004438
v 0.001570 0.007895 0.003813
v 0.001570 0.007895 0.003563
v 0.001359 0.006834 0.002938
v 0.001359 0.006834 0.002438
v 0.001570 0.007895 0.001812
v 0.001570 0.007895 0.001562
v 0.001482 0.007452 0.000937
v 0.001613 0.008107 0.000437
v 0.004425 -0.007664 0.014100
v 0.004917 -0.007359 0.014100
v 0.005388 -0.007021 0.014100
v 0.005835 -0.006654 0.014100
v 0.001135 0.008624 0.013833
v 0.001117 0.008484 0.013583
v 0.000956 0.007263 0.012958
v 0.000909 0.006908 0.012458
v 0.001051 0.007981 0.011833
v 0.001051 0.007981 0.011583
v 0.000909 0.006908 0.010958
v 0.000909 0.006908 0.010458
v 0.001051 0.007981 0.009833
v 0.001051 0.007981 0.009583
v 0.000909 0.006908 0.008958
v 0.000909 0.006908 0.008458
v 0.001051 0.007981 0.007833
v 0.001051 0.007981 0.007583
v 0.000909 0.006908 0.006958
v 0.000909 0.006908 0.006458
v 0.001051 0.007981 0.005833
v 0.001051 0.007981 0.005583
v 0.000909 0.006908 0.004958
v 0.000909 0.006908 0.004458
v 0.001051 0.007981 0.003833
v 0.001051 0.007981 0.003583
v 0.000909 0.006908 0.002958
v 0.000909 0.006908 0.002458
v 0.001051 0.007981 0.001833
v 0.001051 0.007981 0.001583
v 0.000988 0.007506 0.000958
v 0.001075 0.008168 0.000458
v 0.006258 -0.006258 0.014100
v 0.006654 -0.005835 0.014100
v 0.007021 -0.005388 0.014100
v 0.007359 -0.004917 0.014100
v 0.000570 0.008692 0.013854
v 0.000560 0.008550 0.013604
v 0.000481 0.007338 0.012979
v 0.000456 0.006953 0.012479
v 0.000526 0.008033 0.011854
v 0.000526 0.008033 0.011604
v 0.000456 0.006953 0.010979
v 0.000456 0.006953 0.010479
v 0.000526 0.008033 0.009854
v 0.000526 0.008033 0.009604
v 0.000456 0.006953 0.008979
v 0.000456 0.006953 0.008479
v 0.000526 0.008033 0.007854
v 0.000526 0.008033 0.007604
v 0.000456 0.006953 0.006979
v 0.000456 0.006953 0.006479
v 0.000526 0.008033 0.005854
v 0.000526 0.008033 0.005604
v 0.000456 0.006953 0.004979
v 0.000456 0.006953 0.004479
v 0.000526 0.008033 0.003854
v 0.000526 0.008033 0.003604
v 0.000456 0.006953 0.002979
v 0.000456 0.006953 0.002479
v 0.000526 0.008033 0.001854
v 0.000526 0.008033 0.001604
v 0.000493 0.007527 0.000979
v 0.000537 0.008193 0.000479
v 0.007664 -0.004425 0.014100
v 0.007937 -0.003914 0.014100
v 0.008176 -0.003387 0.014100
v 0.008380 -0.002845 0.014100
v -0.000000 0.008722 0.013875
v -0.000000 0.008580 0.013625
v 0.000000 0.007381 0.013000
v 0.000000 0.006967 0.012500
v -0.000000 0.008050 0.011875
v -0.000000 0.008050 0.011625
v 0.000000 0.006967 0.011000
v 0.000000 0.006967 0.010500
v -0.000000 0.008050 0.009875
v -0.000000 0.008050 0.009625
v 0.000000 0.006967 0.009000
v 0.000000 0.006967 0.008500
v -0.000000 0.008050 0.007875
v -0.000000 0.008050 0.007625
v 0.000000 0.006967 0.007000
v 0.000000 0.006967 0.006500
v -0.000000 0.008050 0.005875
v -0.000000 0.008050 0.005625
v 0.000000 0.006967 0.005000
v 0.000000 0.006967 0.004500
v -0.000000 0.008050 0.003875
v -0.000000 0.008050 0.003625
v 0.000000 0.006967 0.003000
v 0.000000 0.006967 0.002500
v -0.000000 0.008050 0.001875
v -0.000000 0.008050 0.001625
v 0.000000 0.007515 0.001000
v 0.000000 0.008182 0.000500
v 0.008548 -0.002291 0.014100
v 0.008680 -0.001727 0.014100
v 0.008774 -0.001155 0.014100
v 0.008831 -0.000579 0.014100
v -0.000571 0.008715 0.013896
v -0.000562 0.008574 0.013646
v -0.000485 0.007393 0.013021
v -0.000456 0.006953 0.012521
v -0.000526 0.008033 0.011896
v -0.000526 0.008033 0.011646
v -0.000456 0.006953 0.011021
v -0.000456 0.006953 0.010521
v -0.000526 0.008033 0.009896
v -0.000526 0.008033 0.009646
v -0.000456 0.006953 0.009021
v -0.000456 0.006953 0.008521
v -0.000526 0.008033 0.007896
v -0.000526 0.008033 0.007646
v -0.000456 0.006953 0.007021
v -0.000456 0.006953 0.006521
v -0.000526 0.008033 0.005896
v -0.000526 0.008033 0.005646
v -0.000456 0.006953 0.005021
v -0.000456 0.006953 0.004521
v -0.000526 0.008033 0.003896
v -0.000526 0.008033 0.003646
v -0.000456 0.006953 0.003021
v -0.000456 0.006953 0.002521
v -0.000526 0.008033 0.001896
v -0.000526 0.008033 0.001646
v -0.000490 0.007471 0.001021
v -0.000533 0.008137 0.000521
v -0.001142 0.008671 0.013917
v -0.001123 0.008531 0.013667
v -0.000971 0.007373 0.013042
v -0.000909 0.006908 0.012542
v -0.001051 0.007981 0.011917
v -0.001051 0.007981 0.011667
v -0.000909 0.006908 0.011042
v -0.000909 0.006908 0.010542
v -0.001051 0.007981 0.009917
v -0.001051 0.007981 0.009667
v -0.000909 0.006908 0.009042
v -0.000909 0.006908 0.008542
v -0.001051 0.007981 0.007917
v -0.001051 0.007981 0.007667
v -0.000909 0.006908 0.007042
v -0.000909 0.006908 0.006542
v -0.001051 0.007981 0.005917
v -0.001051 0.007981 0.005667
v -0.000909 0.006908 0.005042
v -0.000909 0.006908 0.004542
v -0.001051 0.007981 0.003917
v -0.001051 0.007981 0.003667
v -0.000909 0.006908 0.003042
v -0.000909 0.006908 0.002542
v -0.001051 0.007981 0.001917
v -0.001051 0.007981 0.001667
v -0.000974 0.007395 0.001042
v -0.001061 0.008057 0.000542
v -0.001709 0.008590 0.013937
v -0.001681 0.008450 0.013687
v -0.001456 0.007321 0.013062
v -0.001359 0.006834 0.012562
v -0.001570 0.007895 0.011937
v -0.001570 0.007895 0.011687
v -0.001359 0.006834 0.011062
v -0.001359 0.006834 0.010562
v -0.001570 0.007895 0.009937
v -0.001570 0.007895 0.009687
v -0.001359 0.006834 0.009062
v -0.001359 0.006834 0.008562
v -0.001570 0.007895 0.007937
v -0.001570 0.007895 0.007687
v -0.001359 0.006834 0.007062
v -0.001359 0.006834 0.006562
v -0.001570 0.007895 0.005938
v -0.001570 0.007895 0.005688
v -0.001359 0.006834 0.005063
v -0.001359 0.006834 0.004563
v -0.001570 0.007895 0.003938
v -0.001570 0.007895 0.003688
v -0.001359 0.006834 0.003063
v -0.001359 0.006834 0.002563
v -0.001570 0.007895 0.001937
v -0.001570 0.007895 0.001687
v -0.001450 0.007289 0.001062
v -0.001580 0.007943 0.000562
v -0.002270 0.008471 0.013958
v -0.002233 0.008334 0.013708
v -0.001939 0.007237 0.013083
v -0.001803 0.006730 0.012583
v -0.002083 0.007776 0.011958
v -0.002083 0.007776 0.011708
v -0.001803 0.006730 0.011083
v -0.001803 0.006730 0.010583
v -0.002083 0.007776 0.009958
v -0.002083 0.007776 0.009708
v -0.001803 0.006730 0.009083
v -0.001803 0.006730 0.008583
v -0.002083 0.007776 0.007958
v -0.002083 0.007776 0.007708
v -0.001803 0.006730 0.007083
v -0.001803 0.006730 0.006583
v -0.002083 0.007776 0.005958
v -0.002083 0.007776 0.005708
v -0.001803 0.006730 0.005083
v -0.001803 0.006730 0.004583
v -0.002083 0.007776 0.003958
v -0.002083 0.007776 0.003708
v -0.001803 0.006730 0.003083
v -0.001803 0.006730 0.002583
v -0.002083 0.007776 0.001958
v -0.002083 0.007776 0.001708
v -0.001916 0.007151 0.001083
v -0.002089 0.007796 0.000583
v -0.002823 0.008315 0.013979
v -0.002777 0.008181 0.013729
v -0.002417 0.007121 0.013104
v -0.002240 0.006598 0.012604
v -0.002588 0.007623 0.011979
v -0.002588 0.007623 0.011729
v -0.002240 0.006598 0.011104
v -0.002240 0.006598 0.010604
v -0.002588 0.007623 0.009979
v -0.002588 0.007623 0.009729
v -0.002240 0.006598 0.009104
v -0.002240 0.006598 0.008604
v -0.002588 0.007623 0.007979
v -0.002588 0.007623 0.007729
v -0.002240 0.006598 0.007104
v -0.002240 0.006598 0.006604
v -0.002588 0.007623 0.005979
v -0.002588 0.007623 0.005729
v -0.002240 0.006598 0.005104
v -0.002240 0.006598 0.004604
v -0.002588 0.007623 0.003979
v -0.002588 0.007623 0.003729
v -0.002240 0.006598 0.003104
v -0.002240 0.006598 0.002604
v -0.002588 0.007623 0.001979
v -0.002588 0.007623 0.001729
v -0.002371 0.006984 0.001104
v -0.002585 0.007617 0.000604
v -0.003365 0.008124 0.014000
v -0.003311 0.007993 0.013750
v -0.002889 0.006974 0.013125
v -0.002666 0.006437 0.012625
v -0.003081 0.007437 0.012000
v -0.003081 0.007437 0.011750
v -0.002666 0.006437 0.011125
v -0.002666 0.006437 0.010625
v -0.003081 0.007437 0.010000
v -0.003081 0.007437 0.009750
v -0.002666 0.006437 0.009125
v -0.002666 0.006437 0.008625
v -0.003081 0.007437 0.008000
v -0.003081 0.007437 0.007750
v -0.002666 0.006437 0.007125
v -0.002666 0.006437 0.006625
v -0.003081 0.007437 0.006000
v -0.003081 0.007437 0.005750
v -0.002666 0.006437 0.005125
v -0.002666 0.006437 0.004625
v -0.003081 0.007437 0.004000
v -0.003081 0.007437 0.003750
v -0.002666 0.006437 0.003125
v -0.002666 0.006437 0.002625
v -0.003081 0.007437 0.002000
v -0.003081 0.007437 0.001750
v -0.002812 0.006789 0.001125
v -0.003067 0.007405 0.000625
v -0.003387 0.008176 0.000000
v -0.003894 0.007897 0.014021
v -0.003832 0.007770 0.013771
v -0.003351 0.006795 0.013146
v -0.003082 0.006249 0.012646
v -0.003560 0.007220 0.012021
v -0.003560 0.007220 0.011771
v -0.003082 0.006249 0.011146
v -0.003082 0.006249 0.010646
v -0.003560 0.007220 0.010021
v -0.003560 0.007220 0.009771
v -0.003082 0.006249 0.009146
v -0.003082 0.006249 0.008646
v -0.003560 0.007220 0.008021
v -0.003560 0.007220 0.007771
v -0.003082 0.006249 0.007146
v -0.003082 0.006249 0.006646
v -0.003560 0.007220 0.006021
v -0.003560 0.007220 0.005771
v -0.003082 0.006249 0.005146
v -0.003082 0.006249 0.004646
v -0.003560 0.007220 0.004021
v -0.003560 0.007220 0.003771
v -0.003082 0.006249 0.003146
v -0.003082 0.006249 0.002646
v -0.003560 0.007220 0.002021
v -0.003560 0.007220 0.001771
v -0.003238 0.006565 0.001146
v -0.003533 0.007164 0.000646
v -0.003909 0.007927 0.000021
v -0.004408 0.007636 0.014042
v -0.004338 0.007513 0.013792
v -0.003802 0.006585 0.013167
v -0.003484 0.006034 0.012667
v -0.004025 0.006972 0.012042
v -0.004025 0.006972 0.011792
v -0.003484 0.006034 0.011167
v -0.003484 0.006034 0.010667
v -0.004025 0.006972 0.010042
v -0.004025 0.006972 0.009792
v -0.003484 0.006034 0.009167
v -0.003484 0.006034 0.008667
v -0.004025 0.006972 0.008042
v -0.004025 0.006972 0.007792
v -0.003484 0.006034 0.007167
v -0.003484 0.006034 0.006667
v -0.004025 0.006972 0.006042
v -0.004025 0.006972 0.005792
v -0.003484 0.006034 0.005167
v -0.003484 0.006034 0.004667
v -0.004025 0.006972 0.004042
v -0.004025 0.006972 0.003792
v -0.003484 0.006034 0.003167
v -0.003484 0.006034 0.002667
v -0.004025 0.006972 0.002042
v -0.004025 0.006972 0.001792
v -0.003646 0.006315 0.001167
v -0.003980 0.006893 0.000667
v -0.004413 0.007644 0.000042
v -0.004905 0.007341 0.014062
v -0.004826 0.007223 0.013812
v -0.004240 0.006346 0.013187
v -0.003871 0.005793 0.012687
v -0.004472 0.006693 0.012062
v -0.004472 0.006693 0.011812
v -0.003871 0.005793 0.011187
v -0.003871 0.005793 0.010687
v -0.004472 0.006693 0.010062
v -0.004472 0.006693 0.009812
v -0.003871 0.005793 0.009187
v -0.003871 0.005793 0.008687
v -0.004472 0.006693 0.008062
v -0.004472 0.006693 0.007812
v -0.003871 0.005793 0.007187
v -0.003871 0.005793 0.006687
v -0.004472 0.006693 0.006063
v -0.004472 0.006693 0.005813
v -0.003871 0.005793 0.005188
v -0.003871 0.005793 0.004688
v -0.004472 0.006693 0.004063
v -0.004472 0.006693 0.003813
v -0.003871 0.005793 0.003188
v -0.003871 0.005793 0.002688
v -0.004472 0.006693 0.002062
v -0.004472 0.006693 0.001812
v -0.004036 0.006040 0.001187
v -0.004407 0.006595 0.000687
v -0.004897 0.007329 0.000063
v -0.005382 0.007014 0.014083
v -0.005295 0.006901 0.013833
v -0.004663 0.006077 0.013208
v -0.004256 0.005547 0.012708
v -0.004901 0.006386 0.012083
v -0.004901 0.006386 0.011833
v -0.004242 0.005528 0.011208
v -0.004242 0.005528 0.010708
v -0.004901 0.006386 0.010083
v -0.004901 0.006386 0.009833
v -0.004242 0.005528 0.009208
v -0.004242 0.005528 0.008708
v -0.004901 0.006386 0.008083
v -0.004901 0.006386 0.007833
v -0.004242 0.005528 0.007208
v -0.004242 0.005528 0.006708
v -0.004901 0.006386 0.006083
v -0.004901 0.006386 0.005833
v -0.004242 0.005528 0.005208
v -0.004242 0.005528 0.004708
v -0.004901 0.006386 0.004083
v -0.004901 0.006386 0.003833
v -0.004242 0.005528 0.003208
v -0.004242 0.005528 0.002708
v -0.004901 0.006386 0.002083
v -0.004901 0.006386 0.001833
v -0.004405 0.005741 0.001208
v -0.004812 0.006271 0.000708
v -0.005359 0.006984 0.000083
v -0.005743 0.006549 0.013854
v -0.005069 0.005780 0.013229
v -0.004628 0.005278 0.012729
v -0.005308 0.006052 0.012104
v -0.005308 0.006052 0.011854
v -0.004594 0.005238 0.011229
v -0.004594 0.005238 0.010729
v -0.005308 0.006052 0.010104
v -0.005308 0.006052 0.009854
v -0.004594 0.005238 0.009229
v -0.004594 0.005238 0.008729
v -0.005308 0.006052 0.008104
v -0.005308 0.006052 0.007854
v -0.004594 0.005238 0.007229
v -0.004594 0.005238 0.006729
v -0.005308 0.006052 0.006104
v -0.005308 0.006052 0.005854
v -0.004594 0.005238 0.005229
v -0.004594 0.005238 0.004729
v -0.005308 0.006052 0.004104
v -0.005308 0.006052 0.003854
v -0.004594 0.005238 0.003229
v -0.004594 0.005238 0.002729
v -0.005308 0.006052 0.002104
v -0.005308 0.006052 0.001854
v -0.004753 0.005420 0.001229
v -0.005193 0.005922 0.000729
v -0.005796 0.006609 0.000104
v -0.006168 0.006168 0.013875
v -0.005455 0.005455 0.013250
v -0.004983 0.004983 0.012750
v -0.005692 0.005692 0.012125
v -0.005692 0.005692 0.011875
v -0.004927 0.004927 0.011250
v -0.004927 0.004927 0.010750
v -0.005692 0.005692 0.010125
v -0.005692 0.005692 0.009875
v -0.004927 0.004927 0.009250
v -0.004927 0.004927 0.008750
v -0.005692 0.005692 0.008125
v -0.005692 0.005692 0.007875
v -0.004927 0.004927 0.007250
v -0.004927 0.004927 0.006750
v -0.005692 0.005692 0.006125
v -0.005692 0.005692 0.005875
v -0.004927 0.004927 0.005250
v -0.004927 0.004927 0.004750
v -0.005692 0.005692 0.004125
v -0.005692 0.005692 0.003875
v -0.004927 0.004927 0.003250
v -0.004927 0.004927 0.002750
v -0.005692 0.005692 0.002125
v -0.005692 0.005692 0.001875
v -0.005078 0.005078 0.001250
v -0.005550 0.005550 0.000750
v -0.006208 0.006208 0.000125
v -0.006567 0.005759 0.013896
v -0.005821 0.005105 0.013271
v -0.005320 0.004665 0.012771
v -0.006052 0.005308 0.012146
v -0.006052 0.005308 0.011896
v -0.005238 0.004594 0.011271
v -0.005238 0.004594 0.010771
v -0.006052 0.005308 0.010146
v -0.006052 0.005308 0.009896
v -0.005238 0.004594 0.009271
v -0.005238 0.004594 0.008771
v -0.006052 0.005308 0.008146
v -0.006052 0.005308 0.007896
v -0.005238 0.004594 0.007271
v -0.005238 0.004594 0.006771
v -0.006052 0.005308 0.006146
v -0.006052 0.005308 0.005896
v -0.005238 0.004594 0.005271
v -0.005238 0.004594 0.004771
v -0.006052 0.005308 0.004146
v -0.006052 0.005308 0.003896
v -0.005238 0.004594 0.003271
v -0.005238 0.004594 0.002771
v -0.006052 0.005308 0.002146
v -0.006052 0.005308 0.001896
v -0.005378 0.004716 0.001271
v -0.005880 0.005157 0.000771
v -0.006592 0.005781 0.000146
v -0.006939 0.005324 0.013917
v -0.006165 0.004731 0.013292
v -0.005635 0.004324 0.012792
v -0.006387 0.004901 0.012167
v -0.006387 0.004901 0.011917
v -0.005528 0.004242 0.011292
v -0.005528 0.004242 0.010792
v -0.006387 0.004901 0.010167
v -0.006387 0.004901 0.009917
v -0.005528 0.004242 0.009292
v -0.005528 0.004242 0.008792
v -0.006387 0.004901 0.008167
v -0.006387 0.004901 0.007917
v -0.005528 0.004242 0.007292
v -0.005528 0.004242 0.006792
v -0.006387 0.004901 0.006167
v -0.006387 0.004901 0.005917
v -0.005528 0.004242 0.005292
v -0.005528 0.004242 0.004792
v -0.006387 0.004901 0.004167
v -0.006387 0.004901 0.003917
v -0.005528 0.004242 0.003292
v -0.005528 0.004242 0.002792
v -0.006387 0.004901 0.002167
v -0.006387 0.004901 0.001917
v -0.005653 0.004338 0.001292
v -0.006183 0.004744 0.000792
v -0.006946 0.005330 0.000167
v -0.007282 0.004866 0.013937
v -0.006484 0.004333 0.013312
v -0.005929 0.003962 0.012812
v -0.006693 0.004472 0.012187
v -0.006693 0.004472 0.011937
v -0.005793 0.003871 0.011312
v -0.005793 0.003871 0.010812
v -0.006693 0.004472 0.010187
v -0.006693 0.004472 0.009937
v -0.005793 0.003871 0.009312
v -0.005793 0.003871 0.008812
v -0.006693 0.004472 0.008187
v -0.006693 0.004472 0.007937
v -0.005793 0.003871 0.007312
v -0.005793 0.003871 0.006812
v -0.006693 0.004472 0.006188
v -0.006693 0.004472 0.005938
v -0.005793 0.003871 0.005313
v -0.005793 0.003871 0.004813
v -0.006693 0.004472 0.004188
v -0.006693 0.004472 0.003938
v -0.005793 0.003871 0.003313
v -0.005793 0.003871 0.002813
v -0.006693 0.004472 0.002187
v -0.006693 0.004472 0.001937
v -0.005901 0.003943 0.001312
v -0.006457 0.004314 0.000812
v -0.007270 0.004858 0.000188
v -0.007595 0.004385 0.013958
v -0.006778 0.003913 0.013333
v -0.006200 0.003579 0.012833
v -0.006972 0.004025 0.012208
v -0.006972 0.004025 0.011958
v -0.006034 0.003484 0.011333
v -0.006034 0.003484 0.010833
v -0.006972 0.004025 0.010208
v -0.006972 0.004025 0.009958
v -0.006034 0.003484 0.009333
v -0.006034 0.003484 0.008833
v -0.006972 0.004025 0.008208
v -0.006972 0.004025 0.007958
v -0.006034 0.003484 0.007333
v -0.006034 0.003484 0.006833
v -0.006972 0.004025 0.006208
v -0.006972 0.004025 0.005958
v -0.006034 0.003484 0.005333
v -0.006034 0.003484 0.004833
v -0.006972 0.004025 0.004208
v -0.006972 0.004025 0.003958
v -0.006034 0.003484 0.003333
v -0.006034 0.003484 0.002833
v -0.006972 0.004025 0.002208
v -0.006972 0.004025 0.001958
v -0.006123 0.003535 0.001333
v -0.006701 0.003869 0.000833
v -0.007562 0.004366 0.000208
v -0.007876 0.003884 0.013979
v -0.007044 0.003474 0.013354
v -0.006446 0.003179 0.012854
v -0.007220 0.003560 0.012229
v -0.007220 0.003560 0.011979
v -0.006249 0.003082 0.011354
v -0.006249 0.003082 0.010854
v -0.007220 0.003560 0.010229
v -0.007220 0.003560 0.009979
v -0.006249 0.003082 0.009354
v -0.006249 0.003082 0.008854
v -0.007220 0.003560 0.008229
v -0.007220 0.003560 0.007979
v -0.006249 0.003082 0.007354
v -0.006249 0.003082 0.006854
v -0.007220 0.003560 0.006229
v -0.007220 0.003560 0.005979
v -0.006249 0.003082 0.005354
v -0.006249 0.003082 0.004854
v -0.007220 0.003560 0.004229
v -0.007220 0.003560 0.003979
v -0.006249 0.003082 0.003354
v -0.006249 0.003082 0.002854
v -0.007220 0.003560 0.002229
v -0.007220 0.003560 0.001979
v -0.006316 0.003115 0.001354
v -0.006915 0.003410 0.000854
v -0.007821 0.003857 0.000229
v -0.008124 0.003365 0.014000
v -0.007282 0.003016 0.013375
v -0.006665 0.002761 0.012875
v -0.007437 0.003081 0.012250
v -0.007437 0.003081 0.012000
v -0.006437 0.002666 0.011375
v -0.006437 0.002666 0.010875
v -0.007437 0.003081 0.010250
v -0.007437 0.003081 0.010000
v -0.006437 0.002666 0.009375
v -0.006437 0.002666 0.008875
v -0.007437 0.003081 0.008250
v -0.007437 0.003081 0.008000
v -0.006437 0.002666 0.007375
v -0.006437 0.002666 0.006875
v -0.007437 0.003081 0.006250
v -0.007437 0.003081 0.006000
v -0.006437 0.002666 0.005375
v -0.006437 0.002666 0.004875
v -0.007437 0.003081 0.004250
v -0.007437 0.003081 0.004000
v -0.006437 0.002666 0.003375
v -0.006437 0.002666 0.002875
v -0.007437 0.003081 0.002250
v -0.007437 0.003081 0.002000
v -0.006480 0.002684 0.001375
v -0.007097 0.002940 0.000875
v -0.008045 0.003332 0.000250
v -0.008176 0.003387 0.000000
v -0.008338 0.002830 0.014021
v -0.007490 0.002543 0.013396
v -0.006858 0.002328 0.012896
v -0.007623 0.002588 0.012271
v -0.007623 0.002588 0.012021
v -0.006598 0.002240 0.011396
v -0.006598 0.002240 0.010896
v -0.007623 0.002588 0.010271
v -0.007623 0.002588 0.010021
v -0.006598 0.002240 0.009396
v -0.006598 0.002240 0.008896
v -0.007623 0.002588 0.008271
v -0.007623 0.002588 0.008021
v -0.006598 0.002240 0.007396
v -0.006598 0.002240 0.006896
v -0.007623 0.002588 0.006271
v -0.007623 0.002588 0.006021
v -0.006598 0.002240 0.005396
v -0.006598 0.002240 0.004896
v -0.007623 0.002588 0.004271
v -0.007623 0.002588 0.004021
v -0.006598 0.002240 0.003396
v -0.006598 0.002240 0.002896
v -0.007623 0.002588 0.002271
v -0.007623 0.002588 0.002021
v -0.006616 0.002246 0.001396
v -0.007248 0.002460 0.000896
v -0.008235 0.002795 0.000271
v -0.008369 0.002841 0.000021
v -0.008516 0.002282 0.014042
v -0.007667 0.002054 0.013417
v -0.007022 0.001882 0.012917
v -0.007776 0.002083 0.012292
v -0.007776 0.002083 0.012042
v -0.006730 0.001803 0.011417
v -0.006730 0.001803 0.010917
v -0.007776 0.002083 0.010292
v -0.007776 0.002083 0.010042
v -0.006730 0.001803 0.009417
v -0.006730 0.001803 0.008917
v -0.007776 0.002083 0.008292
v -0.007776 0.002083 0.008042
v -0.006730 0.001803 0.007417
v -0.006730 0.001803 0.006917
v -0.007776 0.002083 0.006292
v -0.007776 0.002083 0.006042
v -0.006730 0.001803 0.005417
v -0.006730 0.001803 0.004917
v -0.007776 0.002083 0.004292
v -0.007776 0.002083 0.004042
v -0.006730 0.001803 0.003417
v -0.006730 0.001803 0.002917
v -0.007776 0.002083 0.002292
v -0.007776 0.002083 0.002042
v -0.006730 0.001803 0.001417
v -0.007366 0.001974 0.000917
v -0.008389 0.002248 0.000292
v -0.008526 0.002284 0.000042
v -0.008659 0.001722 0.014062
v -0.007812 0.001554 0.013437
v -0.007158 0.001424 0.012937
v -0.007895 0.001570 0.012312
v -0.007895 0.001570 0.012062
v -0.006834 0.001359 0.011437
v -0.006834 0.001359 0.010937
v -0.007895 0.001570 0.010312
v -0.007895 0.001570 0.010062
v -0.006834 0.001359 0.009437
v -0.006834 0.001359 0.008937
v -0.007895 0.001570 0.008312
v -0.007895 0.001570 0.008062
v -0.006834 0.001359 0.007437
v -0.006834 0.001359 0.006937
v -0.007895 0.001570 0.006312
v -0.007895 0.001570 0.006063
v -0.006834 0.001359 0.005438
v -0.006834 0.001359 0.004938
v -0.007895 0.001570 0.004313
v -0.007895 0.001570 0.004063
v -0.006834 0.001359 0.003438
v -0.006834 0.001359 0.002938
v -0.007895 0.001570 0.002312
v -0.007895 0.001570 0.002062
v -0.006834 0.001359 0.001437
v -0.007452 0.001482 0.000937
v -0.008506 0.001692 0.000312
v -0.008645 0.001720 0.000063
v -0.008765 0.001154 0.014083
v -0.007925 0.001043 0.013458
v -0.007263 0.000956 0.012958
v -0.007981 0.001051 0.012333
v -0.007981 0.001051 0.012083
v -0.006908 0.000909 0.011458
v -0.006908 0.000909 0.010958
v -0.007981 0.001051 0.010333
v -0.007981 0.001051 0.010083
v -0.006908 0.000909 0.009458
v -0.006908 0.000909 0.008958
v -0.007981 0.001051 0.008333
v -0.007981 0.001051 0.008083
v -0.006908 0.000909 0.007458
v -0.006908 0.000909 0.006958
v -0.007981 0.001051 0.006333
v -0.007981 0.001051 0.006083
v -0.006908 0.000909 0.005458
v -0.006908 0.000909 0.004958
v -0.007981 0.001051 0.004333
v -0.007981 0.001051 0.004083
v -0.006908 0.000909 0.003458
v -0.006908 0.000909 0.002958
v -0.007981 0.001051 0.002333
v -0.007981 0.001051 0.002083
v -0.006908 0.000909 0.001458
v -0.007506 0.000988 0.000958
v -0.008587 0.001130 0.000333
v -0.008727 0.001149 0.000083
v -0.008004 0.000525 0.013479
v -0.007338 0.000481 0.012979
v -0.008033 0.000526 0.012354
v -0.008033 0.000526 0.012104
v -0.006953 0.000456 0.011479
v -0.006953 0.000456 0.010979
v -0.008033 0.000526 0.010354
v -0.008033 0.000526 0.010104
v -0.006953 0.000456 0.009479
v -0.006953 0.000456 0.008979
v -0.008033 0.000526 0.008354
v -0.008033 0.000526 0.008104
v -0.006953 0.000456 0.007479
v -0.006953 0.000456 0.006979
v -0.008033 0.000526 0.006354
v -0.008033 0.000526 0.006104
v -0.006953 0.000456 0.005479
v -0.006953 0.000456 0.004979
v -0.008033 0.000526 0.004354
v -0.008033 0.000526 0.004104
v -0.006953 0.000456 0.003479
v -0.006953 0.000456 0.002979
v -0.008033 0.000526 0.002354
v -0.008033 0.000526 0.002104
v -0.006953 0.000456 0.001479
v -0.007527 0.000493 0.000979
v -0.008631 0.000566 0.000354
v -0.008772 0.000575 0.000104
v -0.008049 -0.000000 0.013500
v -0.007381 -0.000000 0.013000
v -0.008050 -0.000000 0.012375
v -0.008050 -0.000000 0.012125
v -0.006967 -0.000000 0.011500
v -0.006967 -0.000000 0.011000
v -0.008050 -0.000000 0.010375
v -0.008050 -0.000000 0.010125
v -0.006967 -0.000000 0.009500
v -0.006967 -0.000000 0.009000
v -0.008050 -0.000000 0.008375
v -0.008050 -0.000000 0.008125
v -0.006967 -0.000000 0.007500
v -0.006967 -0.000000 0.007000
v -0.008050 -0.000000 0.006375
v -0.008050 -0.000000 0.006125
v -0.006967 -0.000000 0.005500
v -0.006967 -0.000000 0.005000
v -0.008050 -0.000000 0.004375
v -0.008050 -0.000000 0.004125
v -0.006967 -0.000000 0.003500
v -0.006967 -0.000000 0.003000
v -0.008050 -0.000000 0.002375
v -0.008050 -0.000000 0.002125
v -0.006967 -0.000000 0.001500
v -0.007515 -0.000000 0.001000
v -0.008637 -0.000000 0.000375
v -0.008779 -0.000000 0.000125
v -0.008059 -0.000528 0.013521
v -0.007393 -0.000485 0.013021
v -0.008033 -0.000526 0.012396
v -0.008033 -0.000526 0.012146
v -0.006953 -0.000456 0.011521
v -0.006953 -0.000456 0.011021
v -0.008033 -0.000526 0.010396
v -0.008033 -0.000526 0.010146
v -0.006953 -0.000456 0.009521
v -0.006953 -0.000456 0.009021
v -0.008033 -0.000526 0.008396
v -0.008033 -0.000526 0.008146
v -0.006953 -0.000456 0.007521
v -0.006953 -0.000456 0.007021
v -0.008033 -0.000526 0.006396
v -0.008033 -0.000526 0.006146
v -0.006953 -0.000456 0.005521
v -0.006953 -0.000456 0.005021
v -0.008033 -0.000526 0.004396
v -0.008033 -0.000526 0.004146
v -0.006953 -0.000456 0.003521
v -0.006953 -0.000456 0.003021
v -0.008033 -0.000526 0.002396
v -0.008033 -0.000526 0.002146
v -0.006953 -0.000456 0.001521
v -0.007471 -0.000490 0.001021
v -0.008607 -0.000564 0.000396
v -0.008748 -0.000573 0.000146
v -0.008035 -0.001058 0.013542
v -0.007373 -0.000971 0.013042
v -0.007981 -0.001051 0.012417
v -0.007981 -0.001051 0.012167
v -0.006908 -0.000909 0.011542
v -0.006908 -0.000909 0.011042
v -0.007981 -0.001051 0.010417
v -0.007981 -0.001051 0.010167
v -0.006908 -0.000909 0.009542
v -0.006908 -0.000909 0.009042
v -0.007981 -0.001051 0.008417
v -0.007981 -0.001051 0.008167
v -0.006908 -0.000909 0.007542
v -0.006908 -0.000909 0.007042
v -0.007981 -0.001051 0.006417
v -0.007981 -0.001051 0.006167
v -0.006908 -0.000909 0.005542
v -0.006908 -0.000909 0.005042
v -0.007981 -0.001051 0.004417
v -0.007981 -0.001051 0.004167
v -0.006908 -0.000909 0.003542
v -0.006908 -0.000909 0.003042
v -0.007981 -0.001051 0.002417
v -0.007981 -0.001051 0.002167
v -0.006908 -0.000909 0.001542
v -0.007395 -0.000974 0.001042
v -0.008540 -0.001124 0.000417
v -0.008681 -0.001143 0.000167
v -0.007976 -0.001587 0.013562
v -0.007321 -0.001456 0.013062
v -0.007895 -0.001570 0.012437
v -0.007895 -0.001570 0.012187
v -0.006834 -0.001359 0.011562
v -0.006834 -0.001359 0.011062
v -0.007895 -0.001570 0.010437
v -0.007895 -0.001570 0.010187
v -0.006834 -0.001359 0.009562
v -0.006834 -0.001359 0.009062
v -0.007895 -0.001570 0.008437
v -0.007895 -0.001570 0.008187
v -0.006834 -0.001359 0.007562
v -0.006834 -0.001359 0.007062
v -0.007895 -0.001570 0.006437
v -0.007895 -0.001570 0.006188
v -0.006834 -0.001359 0.005563
v -0.006834 -0.001359 0.005063
v -0.007895 -0.001570 0.004438
v -0.007895 -0.001570 0.004188
v -0.006834 -0.001359 0.003563
v -0.006834 -0.001359 0.003063
v -0.007895 -0.001570 0.002438
v -0.007895 -0.001570 0.002187
v -0.006834 -0.001359 0.001562
v -0.007289 -0.001450 0.001062
v -0.008436 -0.001678 0.000437
v -0.008576 -0.001706 0.000188
v -0.007882 -0.002112 0.013583
v -0.007237 -0.001939 0.013083
v -0.007776 -0.002083 0.012458
v -0.007776 -0.002083 0.012208
v -0.006730 -0.001803 0.011583
v -0.006730 -0.001803 0.011083
v -0.007776 -0.002083 0.010458
v -0.007776 -0.002083 0.010208
v -0.006730 -0.001803 0.009583
v -0.006730 -0.001803 0.009083
v -0.007776 -0.002083 0.008458
v -0.007776 -0.002083 0.008208
v -0.006730 -0.001803 0.007583
v -0.006730 -0.001803 0.007083
v -0.007776 -0.002083 0.006458
v -0.007776 -0.002083 0.006208
v -0.006730 -0.001803 0.005583
v -0.006730 -0.001803 0.005083
v -0.007776 -0.002083 0.004458
v -0.007776 -0.002083 0.004208
v -0.006730 -0.001803 0.003583
v -0.006730 -0.001803 0.003083
v -0.007776 -0.002083 0.002458
v -0.007776 -0.002083 0.002208
v -0.006730 -0.001803 0.001583
v -0.007151 -0.001916 0.001083
v -0.008297 -0.002223 0.000458
v -0.008434 -0.002260 0.000208
v -0.007753 -0.002632 0.013604
v -0.007121 -0.002417 0.013104
v -0.007623 -0.002588 0.012479
v -0.007623 -0.002588 0.012229
v -0.006598 -0.002240 0.011604
v -0.006598 -0.002240 0.011104
v -0.007623 -0.002588 0.010479
v -0.007623 -0.002588 0.010229
v -0.006598 -0.002240 0.009604
v -0.006598 -0.002240 0.009104
v -0.007623 -0.002588 0.008479
v -0.007623 -0.002588 0.008229
v -0.006598 -0.002240 0.007604
v -0.006598 -0.002240 0.007104
v -0.007623 -0.002588 0.006479
v -0.007623 -0.002588 0.006229
v -0.006598 -0.002240 0.005604
v -0.006598 -0.002240 0.005104
v -0.007623 -0.002588 0.004479
v -0.007623 -0.002588 0.004229
v -0.006598 -0.002240 0.003604
v -0.006598 -0.002240 0.003104
v -0.007623 -0.002588 0.002479
v -0.007623 -0.002588 0.002229
v -0.006598 -0.002240 0.001604
v -0.006984 -0.002371 0.001104
v -0.008123 -0.002757 0.000479
v -0.008257 -0.002803 0.000229
v -0.007590 -0.003144 0.013625
v -0.006974 -0.002889 0.013125
v -0.007437 -0.003081 0.012500
v -0.007437 -0.003081 0.012250
v -0.006437 -0.002666 0.011625
v -0.006437 -0.002666 0.011125
v -0.007437 -0.003081 0.010500
v -0.007437 -0.003081 0.010250
v -0.006437 -0.002666 0.009625
v -0.006437 -0.002666 0.009125
v -0.007437 -0.003081 0.008500
v -0.007437 -0.003081 0.008250
v -0.006437 -0.002666 0.007625
v -0.006437 -0.002666 0.007125
v -0.007437 -0.003081 0.006500
v -0.007437 -0.003081 0.006250
v -0.006437 -0.002666 0.005625
v -0.006437 -0.002666 0.005125
v -0.007437 -0.003081 0.004500
v -0.007437 -0.003081 0.004250
v -0.006437 -0.002666 0.003625
v -0.006437 -0.002666 0.003125
v -0.007437 -0.003081 0.002500
v -0.007437 -0.003081 0.002250
v -0.006437 -0.002666 0.001625
v -0.006789 -0.002812 0.001125
v -0.007914 -0.003278 0.000500
v -0.008045 -0.003332 0.000250
v -0.007393 -0.003646 0.013646
v -0.006795 -0.003351 0.013146
v -0.007220 -0.003560 0.012521
v -0.007220 -0.003560 0.012271
v -0.006249 -0.003082 0.011646
v -0.006249 -0.003082 0.011146
v -0.007220 -0.003560 0.010521
v -0.007220 -0.003560 0.010271
v -0.006249 -0.003082 0.009646
v -0.006249 -0.003082 0.009146
v -0.007220 -0.003560 0.008521
v -0.007220 -0.003560 0.008271
v -0.006249 -0.003082 0.007646
v -0.006249 -0.003082 0.007146
v -0.007220 -0.003560 0.006521
v -0.007220 -0.003560 0.006271
v -0.006249 -0.003082 0.005646
v -0.006249 -0.003082 0.005146
v -0.007220 -0.003560 0.004521
v -0.007220 -0.003560 0.004271
v -0.006249 -0.003082 0.003646
v -0.006249 -0.003082 0.003146
v -0.007220 -0.003560 0.002521
v -0.007220 -0.003560 0.002271
v -0.006249 -0.003082 0.001646
v -0.006565 -0.003238 0.001146
v -0.007672 -0.003784 0.000521
v -0.007800 -0.003846 0.000271
v -0.007163 -0.004136 0.013667
v -0.006585 -0.003802 0.013167
v -0.006972 -0.004025 0.012542
v -0.006972 -0.004025 0.012292
v -0.006034 -0.003484 0.011667
v -0.006034 -0.003484 0.011167
v -0.006972 -0.004025 0.010542
v -0.006972 -0.004025 0.010292
v -0.006034 -0.003484 0.009667
v -0.006034 -0.003484 0.009167
v -0.006972 -0.004025 0.008542
v -0.006972 -0.004025 0.008292
v -0.006034 -0.003484 0.007667
v -0.006034 -0.003484 0.007167
v -0.006972 -0.004025 0.006542
v -0.006972 -0.004025 0.006292
v -0.006034 -0.003484 0.005667
v -0.006034 -0.003484 0.005167
v -0.006972 -0.004025 0.004542
v -0.006972 -0.004025 0.004292
v -0.006034 -0.003484 0.003667
v -0.006034 -0.003484 0.003167
v -0.006972 -0.004025 0.002542
v -0.006972 -0.004025 0.002292
v -0.006034 -0.003484 0.001667
v -0.006315 -0.003646 0.001167
v -0.007398 -0.004271 0.000542
v -0.007521 -0.004342 0.000292
v -0.006901 -0.004611 0.013687
v -0.006346 -0.004240 0.013187
v -0.006693 -0.004472 0.012562
v -0.006693 -0.004472 0.012312
v -0.005793 -0.003871 0.011687
v -0.005793 -0.003871 0.011187
v -0.006693 -0.004472 0.010562
v -0.006693 -0.004472 0.010312
v -0.005793 -0.003871 0.009687
v -0.005793 -0.003871 0.009187
v -0.006693 -0.004472 0.008562
v -0.006693 -0.004472 0.008312
v -0.005793 -0.003871 0.007687
v -0.005793 -0.003871 0.007187
v -0.006693 -0.004472 0.006562
v -0.006693 -0.004472 0.006313
v -0.005793 -0.003871 0.005688
v -0.005793 -0.003871 0.005188
v -0.006693 -0.004472 0.004563
v -0.006693 -0.004472 0.004313
v -0.005793 -0.003871 0.003688
v -0.005793 -0.003871 0.003188
v -0.006693 -0.004472 0.002563
v -0.006693 -0.004472 0.002312
v -0.005793 -0.003871 0.001687
v -0.006040 -0.004036 0.001187
v -0.007093 -0.004739 0.000562
v -0.007211 -0.004818 0.000313
v -0.006606 -0.005069 0.013708
v -0.006077 -0.004663 0.013208
v -0.006387 -0.004901 0.012583
v -0.006387 -0.004901 0.012333
v -0.005528 -0.004242 0.011708
v -0.005528 -0.004242 0.011208
v -0.006387 -0.004901 0.010583
v -0.006387 -0.004901 0.010333
v -0.005528 -0.004242 0.009708
v -0.005528 -0.004242 0.009208
v -0.006387 -0.004901 0.008583
v -0.006387 -0.004901 0.008333
v -0.005528 -0.004242 0.007708
v -0.005528 -0.004242 0.007208
v -0.006387 -0.004901 0.006583
v -0.006387 -0.004901 0.006333
v -0.005528 -0.004242 0.005708
v -0.005528 -0.004242 0.005208
v -0.006387 -0.004901 0.004583
v -0.006387 -0.004901 0.004333
v -0.005528 -0.004242 0.003708
v -0.005528 -0.004242 0.003208
v -0.006387 -0.004901 0.002583
v -0.006387 -0.004901 0.002333
v -0.005528 -0.004242 0.001708
v -0.005741 -0.004405 0.001208
v -0.006759 -0.005186 0.000583
v -0.006871 -0.005272 0.000333
v -0.006282 -0.005509 0.013729
v -0.005780 -0.005069 0.013229
v -0.006052 -0.005308 0.012604
v -0.006052 -0.005308 0.012354
v -0.005238 -0.004594 0.011729
v -0.005238 -0.004594 0.011229
v -0.006052 -0.005308 0.010604
v -0.006052 -0.005308 0.010354
v -0.005238 -0.004594 0.009729
v -0.005238 -0.004594 0.009229
v -0.006052 -0.005308 0.008604
v -0.006052 -0.005308 0.008354
v -0.005238 -0.004594 0.007729
v -0.005238 -0.004594 0.007229
v -0.006052 -0.005308 0.006604
v -0.006052 -0.005308 0.006354
v -0.005238 -0.004594 0.005729
v -0.005238 -0.004594 0.005229
v -0.006052 -0.005308 0.004604
v -0.006052 -0.005308 0.004354
v -0.005238 -0.004594 0.003729
v -0.005238 -0.004594 0.003229
v -0.006052 -0.005308 0.002604
v -0.006052 -0.005308 0.002354
v -0.005238 -0.004594 0.001729
v -0.005420 -0.004753 0.001229
v -0.006396 -0.005609 0.000604
v -0.006503 -0.005703 0.000354
v -0.005927 -0.005927 0.013750
v -0.005455 -0.005455 0.013250
v -0.005692 -0.005692 0.012625
v -0.005692 -0.005692 0.012375
v -0.004927 -0.004927 0.011750
v -0.004927 -0.004927 0.011250
v -0.005692 -0.005692 0.010625
v -0.005692 -0.005692 0.010375
v -0.004927 -0.004927 0.009750
v -0.004927 -0.004927 0.009250
v -0.005692 -0.005692 0.008625
v -0.005692 -0.005692 0.008375
v -0.004927 -0.004927 0.007750
v -0.004927 -0.004927 0.007250
v -0.005692 -0.005692 0.006625
v -0.005692 -0.005692 0.006375
v -0.004927 -0.004927 0.005750
v -0.004927 -0.004927 0.005250
v -0.005692 -0.005692 0.004625
v -0.005692 -0.005692 0.004375
v -0.004927 -0.004927 0.003750
v -0.004927 -0.004927 0.003250
v -0.005692 -0.005692 0.002625
v -0.005692 -0.005692 0.002375
v -0.004927 -0.004927 0.001750
v -0.005078 -0.005078 0.001250
v -0.006007 -0.006007 0.000625
v -0.006107 -0.006107 0.000375
v -0.005545 -0.006323 0.013771
v -0.005105 -0.005821 0.013271
v -0.005308 -0.006052 0.012646
v -0.005308 -0.006052 0.012396
v -0.004594 -0.005238 0.011771
v -0.004594 -0.005238 0.011271
v -0.005308 -0.006052 0.010646
v -0.005308 -0.006052 0.010396
v -0.004594 -0.005238 0.009771
v -0.004594 -0.005238 0.009271
v -0.005308 -0.006052 0.008646
v -0.005308 -0.006052 0.008396
v -0.004594 -0.005238 0.007771
v -0.004594 -0.005238 0.007271
v -0.005308 -0.006052 0.006646
v -0.005308 -0.006052 0.006396
v -0.004594 -0.005238 0.005771
v -0.004594 -0.005238 0.005271
v -0.005308 -0.006052 0.004646
v -0.005308 -0.006052 0.004396
v -0.004594 -0.005238 0.003771
v -0.004594 -0.005238 0.003271
v -0.005308 -0.006052 0.002646
v -0.005308 -0.006052 0.002396
v -0.004594 -0.005238 0.001771
v -0.004716 -0.005378 0.001271
v -0.005594 -0.006378 0.000646
v -0.005687 -0.006485 0.000396
v -0.005137 -0.006695 0.013792
v -0.004731 -0.006165 0.013292
v -0.004901 -0.006387 0.012667
v -0.004901 -0.006387 0.012417
v -0.004242 -0.005528 0.011792
v -0.004242 -0.005528 0.011292
v -0.004901 -0.006387 0.010667
v -0.004901 -0.006387 0.010417
v -0.004242 -0.005528 0.009792
v -0.004242 -0.005528 0.009292
v -0.004901 -0.006387 0.008667
v -0.004901 -0.006387 0.008417
v -0.004242 -0.005528 0.007792
v -0.004242 -0.005528 0.007292
v -0.004901 -0.006387 0.006667
v -0.004901 -0.006387 0.006417
v -0.004242 -0.005528 0.005792
v -0.004242 -0.005528 0.005292
v -0.004901 -0.006387 0.004667
v -0.004901 -0.006387 0.004417
v -0.004242 -0.005528 0.003792
v -0.004242 -0.005528 0.003292
v -0.004901 -0.006387 0.002667
v -0.004901 -0.006387 0.002417
v -0.004242 -0.005528 0.001792
v -0.004338 -0.005653 0.001292
v -0.005157 -0.006721 0.000667
v -0.005244 -0.006834 0.000417
v -0.004704 -0.007039 0.013812
v -0.004333 -0.006484 0.013312
v -0.004472 -0.006693 0.012687
v -0.004472 -0.006693 0.012437
v -0.003871 -0.005793 0.011812
v -0.003871 -0.005793 0.011312
v -0.004472 -0.006693 0.010687
v -0.004472 -0.006693 0.010437
v -0.003871 -0.005793 0.009812
v -0.003871 -0.005793 0.009312
v -0.004472 -0.006693 0.008687
v -0.004472 -0.006693 0.008437
v -0.003871 -0.005793 0.007812
v -0.003871 -0.005793 0.007312
v -0.004472 -0.006693 0.006687
v -0.004472 -0.006693 0.006437
v -0.003871 -0.005793 0.005813
v -0.003871 -0.005793 0.005313
v -0.004472 -0.006693 0.004688
v -0.004472 -0.006693 0.004438
v -0.003871 -0.005793 0.003813
v -0.003871 -0.005793 0.003313
v -0.004472 -0.006693 0.002688
v -0.004472 -0.006693 0.002437
v -0.003871 -0.005793 0.001812
v -0.003943 -0.005901 0.001312
v -0.004700 -0.007034 0.000687
v -0.004779 -0.007152 0.000437
v -0.004247 -0.007356 0.013833
v -0.003913 -0.006778 0.013333
v -0.004030 -0.006981 0.012708
v -0.004025 -0.006972 0.012458
v -0.003484 -0.006034 0.011833
v -0.003484 -0.006034 0.011333
v -0.004025 -0.006972 0.010708
v -0.004025 -0.006972 0.010458
v -0.003484 -0.006034 0.009833
v -0.003484 -0.006034 0.009333
v -0.004025 -0.006972 0.008708
v -0.004025 -0.006972 0.008458
v -0.003484 -0.006034 0.007833
v -0.003484 -0.006034 0.007333
v -0.004025 -0.006972 0.006708
v -0.004025 -0.006972 0.006458
v -0.003484 -0.006034 0.005833
v -0.003484 -0.006034 0.005333
v -0.004025 -0.006972 0.004708
v -0.004025 -0.006972 0.004458
v -0.003484 -0.006034 0.003833
v -0.003484 -0.006034 0.003333
v -0.004025 -0.006972 0.002708
v -0.004025 -0.006972 0.002458
v -0.003484 -0.006034 0.001833
v -0.003535 -0.006123 0.001333
v -0.004224 -0.007316 0.000708
v -0.004295 -0.007439 0.000458
v -0.003769 -0.007643 0.013854
v -0.003474 -0.007044 0.013354
v -0.003570 -0.007240 0.012729
v -0.003560 -0.007220 0.012479
v -0.003082 -0.006249 0.011854
v -0.003082 -0.006249 0.011354
v -0.003560 -0.007220 0.010729
v -0.003560 -0.007220 0.010479
v -0.003082 -0.006249 0.009854
v -0.003082 -0.006249 0.009354
v -0.003560 -0.007220 0.008729
v -0.003560 -0.007220 0.008479
v -0.003082 -0.006249 0.007854
v -0.003082 -0.006249 0.007354
v -0.003560 -0.007220 0.006729
v -0.003560 -0.007220 0.006479
v -0.003082 -0.006249 0.005854
v -0.003082 -0.006249 0.005354
v -0.003560 -0.007220 0.004729
v -0.003560 -0.007220 0.004479
v -0.003082 -0.006249 0.003854
v -0.003082 -0.006249 0.003354
v -0.003560 -0.007220 0.002729
v -0.003560 -0.007220 0.002479
v -0.003082 -0.006249 0.001854
v -0.003115 -0.006316 0.001354
v -0.003731 -0.007566 0.000729
v -0.003794 -0.007693 0.000479
v -0.003272 -0.007899 0.013875
v -0.003016 -0.007282 0.013375
v -0.003094 -0.007469 0.012750
v -0.003081 -0.007437 0.012500
v -0.002666 -0.006437 0.011875
v -0.002666 -0.006437 0.011375
v -0.003081 -0.007437 0.010750
v -0.003081 -0.007437 0.010500
v -0.002666 -0.006437 0.009875
v -0.002666 -0.006437 0.009375
v -0.003081 -0.007437 0.008750
v -0.003081 -0.007437 0.008500
v -0.002666 -0.006437 0.007875
v -0.002666 -0.006437 0.007375
v -0.003081 -0.007437 0.006750
v -0.003081 -0.007437 0.006500
v -0.002666 -0.006437 0.005875
v -0.002666 -0.006437 0.005375
v -0.003081 -0.007437 0.004750
v -0.003081 -0.007437 0.004500
v -0.002666 -0.006437 0.003875
v -0.002666 -0.006437 0.003375
v -0.003081 -0.007437 0.002750
v -0.003081 -0.007437 0.002500
v -0.002666 -0.006437 0.001875
v -0.002684 -0.006480 0.001375
v -0.003224 -0.007783 0.000750
v -0.003278 -0.007914 0.000500
v -0.002757 -0.008122 0.013896
v -0.002543 -0.007490 0.013396
v -0.002602 -0.007666 0.012771
v -0.002588 -0.007623 0.012521
v -0.002240 -0.006598 0.011896
v -0.002240 -0.006598 0.011396
v -0.002588 -0.007623 0.010771
v -0.002588 -0.007623 0.010521
v -0.002240 -0.006598 0.009896
v -0.002240 -0.006598 0.009396
v -0.002588 -0.007623 0.008771
v -0.002588 -0.007623 0.008521
v -0.002240 -0.006598 0.007896
v -0.002240 -0.006598 0.007396
v -0.002588 -0.007623 0.006771
v -0.002588 -0.007623 0.006521
v -0.002240 -0.006598 0.005896
v -0.002240 -0.006598 0.005396
v -0.002588 -0.007623 0.004771
v -0.002588 -0.007623 0.004521
v -0.002240 -0.006598 0.003896
v -0.002240 -0.006598 0.003396
v -0.002588 -0.007623 0.002771
v -0.002588 -0.007623 0.002521
v -0.002240 -0.006598 0.001896
v -0.002246 -0.006616 0.001396
v -0.002704 -0.007966 0.000771
v -0.002750 -0.008101 0.000521
v -0.002227 -0.008312 0.013917
v -0.002054 -0.007667 0.013417
v -0.002098 -0.007831 0.012792
v -0.002083 -0.007776 0.012542
v -0.001803 -0.006730 0.011917
v -0.001803 -0.006730 0.011417
v -0.002083 -0.007776 0.010792
v -0.002083 -0.007776 0.010542
v -0.001803 -0.006730 0.009917
v -0.001803 -0.006730 0.009417
v -0.002083 -0.007776 0.008792
v -0.002083 -0.007776 0.008542
v -0.001803 -0.006730 0.007917
v -0.001803 -0.006730 0.007417
v -0.002083 -0.007776 0.006792
v -0.002083 -0.007776 0.006542
v -0.001803 -0.006730 0.005917
v -0.001803 -0.006730 0.005417
v -0.002083 -0.007776 0.004792
v -0.002083 -0.007776 0.004542
v -0.001803 -0.006730 0.003917
v -0.001803 -0.006730 0.003417
v -0.002083 -0.007776 0.002792
v -0.002083 -0.007776 0.002542
v -0.001803 -0.006730 0.001917
v -0.001803 -0.006730 0.001417
v -0.002174 -0.008115 0.000792
v -0.002211 -0.008252 0.000542
v -0.001684 -0.008467 0.013937
v -0.001554 -0.007812 0.013437
v -0.001584 -0.007963 0.012812
v -0.001570 -0.007895 0.012562
v -0.001359 -0.006834 0.011937
v -0.001359 -0.006834 0.011437
v -0.001570 -0.007895 0.010812
v -0.001570 -0.007895 0.010562
v -0.001359 -0.006834 0.009937
v -0.001359 -0.006834 0.009437
v -0.001570 -0.007895 0.008812
v -0.001570 -0.007895 0.008562
v -0.001359 -0.006834 0.007937
v -0.001359 -0.006834 0.007437
v -0.001570 -0.007895 0.006812
v -0.001570 -0.007895 0.006562
v -0.001359 -0.006834 0.005938
v -0.001359 -0.006834 0.005438
v -0.001570 -0.007895 0.004813
v -0.001570 -0.007895 0.004563
v -0.001359 -0.006834 0.003938
v -0.001359 -0.006834 0.003438
v -0.001570 -0.007895 0.002813
v -0.001570 -0.007895 0.002563
v -0.001359 -0.006834 0.001937
v -0.001359 -0.006834 0.001437
v -0.001637 -0.008228 0.000812
v -0.001664 -0.008367 0.000562
v -0.001130 -0.008587 0.013958
v -0.001043 -0.007925 0.013458
v -0.001061 -0.008062 0.012833
v -0.001051 -0.007981 0.012583
v -0.000909 -0.006908 0.011958
v -0.000909 -0.006908 0.011458
v -0.001051 -0.007981 0.010833
v -0.001051 -0.007981 0.010583
v -0.000909 -0.006908 0.009958
v -0.000909 -0.006908 0.009458
v -0.001051 -0.007981 0.008833
v -0.001051 -0.007981 0.008583
v -0.000909 -0.006908 0.007958
v -0.000909 -0.006908 0.007458
v -0.001051 -0.007981 0.006833
v -0.001051 -0.007981 0.006583
v -0.000909 -0.006908 0.005958
v -0.000909 -0.006908 0.005458
v -0.001051 -0.007981 0.004833
v -0.001051 -0.007981 0.004583
v -0.000909 -0.006908 0.003958
v -0.000909 -0.006908 0.003458
v -0.001051 -0.007981 0.002833
v -0.001051 -0.007981 0.002583
v -0.000909 -0.006908 0.001958
v -0.000909 -0.006908 0.001458
v -0.001093 -0.008306 0.000833
v -0.001112 -0.008446 0.000583
v -0.000568 -0.008670 0.013979
v -0.000525 -0.008004 0.013479
v -0.000533 -0.008126 0.012854
v -0.000526 -0.008033 0.012604
v -0.000456 -0.006953 0.011979
v -0.000456 -0.006953 0.011479
v -0.000526 -0.008033 0.010854
v -0.000526 -0.008033 0.010604
v -0.000456 -0.006953 0.009979
v -0.000456 -0.006953 0.009479
v -0.000526 -0.008033 0.008854
v -0.000526 -0.008033 0.008604
v -0.000456 -0.006953 0.007979
v -0.000456 -0.006953 0.007479
v -0.000526 -0.008033 0.006854
v -0.000526 -0.008033 0.006604
v -0.000456 -0.006953 0.005979
v -0.000456 -0.006953 0.005479
v -0.000526 -0.008033 0.004854
v -0.000526 -0.008033 0.004604
v -0.000456 -0.006953 0.003979
v -0.000456 -0.006953 0.003479
v -0.000526 -0.008033 0.002854
v -0.000526 -0.008033 0.002604
v -0.000456 -0.006953 0.001979
v -0.000456 -0.006953 0.001479
v -0.000547 -0.008347 0.000854
v -0.000556 -0.008489 0.000604
v 0.000000 -0.008716 0.014000
v 0.000000 -0.008049 0.013500
v 0.000000 -0.008155 0.012875
v 0.000000 -0.008050 0.012625
v 0.000000 -0.006967 0.012000
v 0.000000 -0.006967 0.011500
v 0.000000 -0.008050 0.010875
v 0.000000 -0.008050 0.010625
v 0.000000 -0.006967 0.010000
v 0.000000 -0.006967 0.009500
v 0.000000 -0.008050 0.008875
v 0.000000 -0.008050 0.008625
v 0.000000 -0.006967 0.008000
v 0.000000 -0.006967 0.007500
v 0.000000 -0.008050 0.006875
v 0.000000 -0.008050 0.006625
v 0.000000 -0.006967 0.006000
v 0.000000 -0.006967 0.005500
v 0.000000 -0.008050 0.004875
v 0.000000 -0.008050 0.004625
v 0.000000 -0.006967 0.004000
v 0.000000 -0.006967 0.003500
v 0.000000 -0.008050 0.002875
v 0.000000 -0.008050 0.002625
v 0.000000 -0.006967 0.002000
v 0.000000 -0.006967 0.001500
v 0.000000 -0.008354 0.000875
v 0.000000 -0.008495 0.000625
v 0.000000 -0.008850 0.000000
v 0.000572 -0.008726 0.014021
v 0.000528 -0.008059 0.013521
v 0.000534 -0.008149 0.012896
v 0.000526 -0.008033 0.012646
v 0.000456 -0.006953 0.012021
v 0.000456 -0.006953 0.011521
v 0.000526 -0.008033 0.010896
v 0.000526 -0.008033 0.010646
v 0.000456 -0.006953 0.010021
v 0.000456 -0.006953 0.009521
v 0.000526 -0.008033 0.008896
v 0.000526 -0.008033 0.008646
v 0.000456 -0.006953 0.008021
v 0.000456 -0.006953 0.007521
v 0.000526 -0.008033 0.006896
v 0.000526 -0.008033 0.006646
v 0.000456 -0.006953 0.006021
v 0.000456 -0.006953 0.005521
v 0.000526 -0.008033 0.004896
v 0.000526 -0.008033 0.004646
v 0.000456 -0.006953 0.004021
v 0.000456 -0.006953 0.003521
v 0.000526 -0.008033 0.002896
v 0.000526 -0.008033 0.002646
v 0.000456 -0.006953 0.002021
v 0.000456 -0.006953 0.001521
v 0.000546 -0.008324 0.000896
v 0.000555 -0.008465 0.000646
v 0.000577 -0.008803 0.000021
v 0.001145 -0.008697 0.014042
v 0.001058 -0.008035 0.013542
v 0.001068 -0.008109 0.012917
v 0.001051 -0.007981 0.012667
v 0.000909 -0.006908 0.012042
v 0.000909 -0.006908 0.011542
v 0.001051 -0.007981 0.010917
v 0.001051 -0.007981 0.010667
v 0.000909 -0.006908 0.010042
v 0.000909 -0.006908 0.009542
v 0.001051 -0.007981 0.008917
v 0.001051 -0.007981 0.008667
v 0.000909 -0.006908 0.008042
v 0.000909 -0.006908 0.007542
v 0.001051 -0.007981 0.006917
v 0.001051 -0.007981 0.006667
v 0.000909 -0.006908 0.006042
v 0.000909 -0.006908 0.005542
v 0.001051 -0.007981 0.004917
v 0.001051 -0.007981 0.004667
v 0.000909 -0.006908 0.004042
v 0.000909 -0.006908 0.003542
v 0.001051 -0.007981 0.002917
v 0.001051 -0.007981 0.002667
v 0.000909 -0.006908 0.002042
v 0.000909 -0.006908 0.001542
v 0.001087 -0.008259 0.000917
v 0.001106 -0.008399 0.000667
v 0.001148 -0.008719 0.000042
v 0.001717 -0.008631 0.014062
v 0.001587 -0.007976 0.013562
v 0.001598 -0.008033 0.012937
v 0.001570 -0.007895 0.012687
v 0.001359 -0.006834 0.012062
v 0.001359 -0.006834 0.011562
v 0.001570 -0.007895 0.010937
v 0.001570 -0.007895 0.010687
v 0.001359 -0.006834 0.010062
v 0.001359 -0.006834 0.009562
v 0.001570 -0.007895 0.008937
v 0.001570 -0.007895 0.008687
v 0.001359 -0.006834 0.008062
v 0.001359 -0.006834 0.007562
v 0.001570 -0.007895 0.006937
v 0.001570 -0.007895 0.006687
v 0.001359 -0.006834 0.006063
v 0.001359 -0.006834 0.005563
v 0.001570 -0.007895 0.004938
v 0.001570 -0.007895 0.004688
v 0.001359 -0.006834 0.004063
v 0.001359 -0.006834 0.003563
v 0.001570 -0.007895 0.002938
v 0.001570 -0.007895 0.002688
v 0.001359 -0.006834 0.002062
v 0.001359 -0.006834 0.001562
v 0.001623 -0.008158 0.000937
v 0.001650 -0.008297 0.000687
v 0.001710 -0.008598 0.000063
v 0.002285 -0.008527 0.014083
v 0.002112 -0.007882 0.013583
v 0.002123 -0.007923 0.012958
v 0.002086 -0.007786 0.012708
v 0.001803 -0.006730 0.012083
v 0.001803 -0.006730 0.011583
v 0.002083 -0.007776 0.010958
v 0.002083 -0.007776 0.010708
v 0.001803 -0.006730 0.010083
v 0.001803 -0.006730 0.009583
v 0.002083 -0.007776 0.008958
v 0.002083 -0.007776 0.008708
v 0.001803 -0.006730 0.008083
v 0.001803 -0.006730 0.007583
v 0.002083 -0.007776 0.006958
v 0.002083 -0.007776 0.006708
v 0.001803 -0.006730 0.006083
v 0.001803 -0.006730 0.005583
v 0.002083 -0.007776 0.004958
v 0.002083 -0.007776 0.004708
v 0.001803 -0.006730 0.004083
v 0.001803 -0.006730 0.003583
v 0.002083 -0.007776 0.002958
v 0.002083 -0.007776 0.002708
v 0.001803 -0.006730 0.002083
v 0.001803 -0.006730 0.001583
v 0.002150 -0.008023 0.000958
v 0.002187 -0.008160 0.000708
v 0.002262 -0.008441 0.000083
v 0.002632 -0.007753 0.013604
v 0.002640 -0.007778 0.012979
v 0.002595 -0.007644 0.012729
v 0.002240 -0.006598 0.012104
v 0.002240 -0.006598 0.011604
v 0.002588 -0.007623 0.010979
v 0.002588 -0.007623 0.010729
v 0.002240 -0.006598 0.010104
v 0.002240 -0.006598 0.009604
v 0.002588 -0.007623 0.008979
v 0.002588 -0.007623 0.008729
v 0.002240 -0.006598 0.008104
v 0.002240 -0.006598 0.007604
v 0.002588 -0.007623 0.006979
v 0.002588 -0.007623 0.006729
v 0.002240 -0.006598 0.006104
v 0.002240 -0.006598 0.005604
v 0.002588 -0.007623 0.004979
v 0.002588 -0.007623 0.004729
v 0.002240 -0.006598 0.004104
v 0.002240 -0.006598 0.003604
v 0.002588 -0.007623 0.002979
v 0.002588 -0.007623 0.002729
v 0.002240 -0.006598 0.002104
v 0.002240 -0.006598 0.001604
v 0.002666 -0.007854 0.000979
v 0.002712 -0.007989 0.000729
v 0.002800 -0.008249 0.000104
v 0.003144 -0.007590 0.013625
v 0.003148 -0.007600 0.013000
v 0.003094 -0.007469 0.012750
v 0.002666 -0.006437 0.012125
v 0.002666 -0.006437 0.011625
v 0.003081 -0.007437 0.011000
v 0.003081 -0.007437 0.010750
v 0.002666 -0.006437 0.010125
v 0.002666 -0.006437 0.009625
v 0.003081 -0.007437 0.009000
v 0.003081 -0.007437 0.008750
v 0.002666 -0.006437 0.008125
v 0.002666 -0.006437 0.007625
v 0.003081 -0.007437 0.007000
v 0.003081 -0.007437 0.006750
v 0.002666 -0.006437 0.006125
v 0.002666 -0.006437 0.005625
v 0.003081 -0.007437 0.005000
v 0.003081 -0.007437 0.004750
v 0.002666 -0.006437 0.004125
v 0.002666 -0.006437 0.003625
v 0.003081 -0.007437 0.003000
v 0.003081 -0.007437 0.002750
v 0.002666 -0.006437 0.002125
v 0.002666 -0.006437 0.001625
v 0.003170 -0.007652 0.001000
v 0.003224 -0.007783 0.000750
v 0.003323 -0.008022 0.000125
v 0.003646 -0.007393 0.013646
v 0.003643 -0.007388 0.013021
v 0.003581 -0.007261 0.012771
v 0.003082 -0.006249 0.012146
v 0.003082 -0.006249 0.011646
v 0.003560 -0.007220 0.011021
v 0.003560 -0.007220 0.010771
v 0.003082 -0.006249 0.010146
v 0.003082 -0.006249 0.009646
v 0.003560 -0.007220 0.009021
v 0.003560 -0.007220 0.008771
v 0.003082 -0.006249 0.008146
v 0.003082 -0.006249 0.007646
v 0.003560 -0.007220 0.007021
v 0.003560 -0.007220 0.006771
v 0.003082 -0.006249 0.006146
v 0.003082 -0.006249 0.005646
v 0.003560 -0.007220 0.005021
v 0.003560 -0.007220 0.004771
v 0.003082 -0.006249 0.004146
v 0.003082 -0.006249 0.003646
v 0.003560 -0.007220 0.003021
v 0.003560 -0.007220 0.002771
v 0.003082 -0.006249 0.002146
v 0.003082 -0.006249 0.001646
v 0.003658 -0.007418 0.001021
v 0.003721 -0.007545 0.000771
v 0.003828 -0.007763 0.000146
v 0.004136 -0.007163 0.013667
v 0.004125 -0.007144 0.013042
v 0.004054 -0.007021 0.012792
v 0.003484 -0.006034 0.012167
v 0.003484 -0.006034 0.011667
v 0.004025 -0.006972 0.011042
v 0.004025 -0.006972 0.010792
v 0.003484 -0.006034 0.010167
v 0.003484 -0.006034 0.009667
v 0.004025 -0.006972 0.009042
v 0.004025 -0.006972 0.008792
v 0.003484 -0.006034 0.008167
v 0.003484 -0.006034 0.007667
v 0.004025 -0.006972 0.007042
v 0.004025 -0.006972 0.006792
v 0.003484 -0.006034 0.006167
v 0.003484 -0.006034 0.005667
v 0.004025 -0.006972 0.005042
v 0.004025 -0.006972 0.004792
v 0.003484 -0.006034 0.004167
v 0.003484 -0.006034 0.003667
v 0.004025 -0.006972 0.003042
v 0.004025 -0.006972 0.002792
v 0.003484 -0.006034 0.002167
v 0.003484 -0.006034 0.001667
v 0.004130 -0.007152 0.001042
v 0.004200 -0.007275 0.000792
v 0.004314 -0.007472 0.000167
v 0.004611 -0.006901 0.013687
v 0.004590 -0.006869 0.013062
v 0.004511 -0.006751 0.012812
v 0.003871 -0.005793 0.012187
v 0.003871 -0.005793 0.011687
v 0.004472 -0.006693 0.011062
v 0.004472 -0.006693 0.010812
v 0.003871 -0.005793 0.010187
v 0.003871 -0.005793 0.009687
v 0.004472 -0.006693 0.009062
v 0.004472 -0.006693 0.008812
v 0.003871 -0.005793 0.008187
v 0.003871 -0.005793 0.007687
v 0.004472 -0.006693 0.007062
v 0.004472 -0.006693 0.006812
v 0.003871 -0.005793 0.006188
v 0.003871 -0.005793 0.005688
v 0.004472 -0.006693 0.005063
v 0.004472 -0.006693 0.004813
v 0.003871 -0.005793 0.004188
v 0.003871 -0.005793 0.003688
v 0.004472 -0.006693 0.003063
v 0.004472 -0.006693 0.002813
v 0.003871 -0.005793 0.002187
v 0.003871 -0.005793 0.001687
v 0.004582 -0.006857 0.001062
v 0.004661 -0.006975 0.000812
v 0.004778 -0.007150 0.000188
v 0.005069 -0.006606 0.013708
v 0.005036 -0.006564 0.013083
v 0.004950 -0.006451 0.012833
v 0.004242 -0.005528 0.012208
v 0.004242 -0.005528 0.011708
v 0.004901 -0.006387 0.011083
v 0.004901 -0.006387 0.010833
v 0.004242 -0.005528 0.010208
v 0.004242 -0.005528 0.009708
v 0.004901 -0.006387 0.009083
v 0.004901 -0.006387 0.008833
v 0.004242 -0.005528 0.008208
v 0.004242 -0.005528 0.007708
v 0.004901 -0.006387 0.007083
v 0.004901 -0.006387 0.006833
v 0.004242 -0.005528 0.006208
v 0.004242 -0.005528 0.005708
v 0.004901 -0.006387 0.005083
v 0.004901 -0.006387 0.004833
v 0.004242 -0.005528 0.004208
v 0.004242 -0.005528 0.003708
v 0.004901 -0.006387 0.003083
v 0.004901 -0.006387 0.002833
v 0.004242 -0.005528 0.002208
v 0.004242 -0.005528 0.001708
v 0.005013 -0.006534 0.001083
v 0.005100 -0.006646 0.000833
v 0.005218 -0.006801 0.000208
v 0.005509 -0.006282 0.013729
v 0.005463 -0.006229 0.013104
v 0.005369 -0.006122 0.012854
v 0.004594 -0.005238 0.012229
v 0.004594 -0.005238 0.011729
v 0.005308 -0.006052 0.011104
v 0.005308 -0.006052 0.010854
v 0.004594 -0.005238 0.010229
v 0.004594 -0.005238 0.009729
v 0.005308 -0.006052 0.009104
v 0.005308 -0.006052 0.008854
v 0.004594 -0.005238 0.008229
v 0.004594 -0.005238 0.007729
v 0.005308 -0.006052 0.007104
v 0.005308 -0.006052 0.006854
v 0.004594 -0.005238 0.006229
v 0.004594 -0.005238 0.005729
v 0.005308 -0.006052 0.005104
v 0.005308 -0.006052 0.004854
v 0.004594 -0.005238 0.004229
v 0.004594 -0.005238 0.003729
v 0.005308 -0.006052 0.003104
v 0.005308 -0.006052 0.002854
v 0.004594 -0.005238 0.002229
v 0.004594 -0.005238 0.001729
v 0.005422 -0.006183 0.001104
v 0.005516 -0.006289 0.000854
v 0.005633 -0.006424 0.000229
v 0.005927 -0.005927 0.013750
v 0.005867 -0.005867 0.013125
v 0.005766 -0.005766 0.012875
v 0.004927 -0.004927 0.012250
v 0.004927 -0.004927 0.011750
v 0.005692 -0.005692 0.011125
v 0.005692 -0.005692 0.010875
v 0.004927 -0.004927 0.010250
v 0.004927 -0.004927 0.009750
v 0.005692 -0.005692 0.009125
v 0.005692 -0.005692 0.008875
v 0.004927 -0.004927 0.008250
v 0.004927 -0.004927 0.007750
v 0.005692 -0.005692 0.007125
v 0.005692 -0.005692 0.006875
v 0.004927 -0.004927 0.006250
v 0.004927 -0.004927 0.005750
v 0.005692 -0.005692 0.005125
v 0.005692 -0.005692 0.004875
v 0.004927 -0.004927 0.004250
v 0.004927 -0.004927 0.003750
v 0.005692 -0.005692 0.003125
v 0.005692 -0.005692 0.002875
v 0.004927 -0.004927 0.002250
v 0.004927 -0.004927 0.001750
v 0.005807 -0.005807 0.001125
v 0.005907 -0.005907 0.000875
v 0.006022 -0.006022 0.000250
v 0.006323 -0.005545 0.013771
v 0.006247 -0.005478 0.013146
v 0.006140 -0.005385 0.012896
v 0.005238 -0.004594 0.012271
v 0.005238 -0.004594 0.011771
v 0.006052 -0.005308 0.011146
v 0.006052 -0.005308 0.010896
v 0.005238 -0.004594 0.010271
v 0.005238 -0.004594 0.009771
v 0.006052 -0.005308 0.009146
v 0.006052 -0.005308 0.008896
v 0.005238 -0.004594 0.008271
v 0.005238 -0.004594 0.007771
v 0.006052 -0.005308 0.007146
v 0.006052 -0.005308 0.006896
v 0.005238 -0.004594 0.006271
v 0.005238 -0.004594 0.005771
v 0.006052 -0.005308 0.005146
v 0.006052 -0.005308 0.004896
v 0.005238 -0.004594 0.004271
v 0.005238 -0.004594 0.003771
v 0.006052 -0.005308 0.003146
v 0.006052 -0.005308 0.002896
v 0.005238 -0.004594 0.002271
v 0.005238 -0.004594 0.001771
v 0.006165 -0.005407 0.001146
v 0.006272 -0.005500 0.000896
v 0.006382 -0.005597 0.000271
v 0.006695 -0.005137 0.013792
v 0.006601 -0.005065 0.013167
v 0.006489 -0.004979 0.012917
v 0.005528 -0.004242 0.012292
v 0.005528 -0.004242 0.011792
v 0.006387 -0.004901 0.011167
v 0.006387 -0.004901 0.010917
v 0.005528 -0.004242 0.010292
v 0.005528 -0.004242 0.009792
v 0.006387 -0.004901 0.009167
v 0.006387 -0.004901 0.008917
v 0.005528 -0.004242 0.008292
v 0.005528 -0.004242 0.007792
v 0.006387 -0.004901 0.007167
v 0.006387 -0.004901 0.006917
v 0.005528 -0.004242 0.006292
v 0.005528 -0.004242 0.005792
v 0.006387 -0.004901 0.005167
v 0.006387 -0.004901 0.004917
v 0.005528 -0.004242 0.004292
v 0.005528 -0.004242 0.003792
v 0.006387 -0.004901 0.003167
v 0.006387 -0.004901 0.002917
v 0.005528 -0.004242 0.002292
v 0.005528 -0.004242 0.001792
v 0.006496 -0.004985 0.001167
v 0.006609 -0.005071 0.000917
v 0.006712 -0.005150 0.000292
v 0.007039 -0.004704 0.013812
v 0.006928 -0.004629 0.013187
v 0.006810 -0.004550 0.012937
v 0.005793 -0.003871 0.012312
v 0.005793 -0.003871 0.011812
v 0.006693 -0.004472 0.011187
v 0.006693 -0.004472 0.010937
v 0.005793 -0.003871 0.010312
v 0.005793 -0.003871 0.009812
v 0.006693 -0.004472 0.009187
v 0.006693 -0.004472 0.008937
v 0.005793 -0.003871 0.008312
v 0.005793 -0.003871 0.007812
v 0.006693 -0.004472 0.007187
v 0.006693 -0.004472 0.006937
v 0.005793 -0.003871 0.006313
v 0.005793 -0.003871 0.005813
v 0.006693 -0.004472 0.005188
v 0.006693 -0.004472 0.004938
v 0.005793 -0.003871 0.004313
v 0.005793 -0.003871 0.003813
v 0.006693 -0.004472 0.003188
v 0.006693 -0.004472 0.002938
v 0.005793 -0.003871 0.002312
v 0.005793 -0.003871 0.001812
v 0.006798 -0.004542 0.001187
v 0.006916 -0.004621 0.000937
v 0.007012 -0.004685 0.000313
v 0.007356 -0.004247 0.013833
v 0.007226 -0.004172 0.013208
v 0.007103 -0.004101 0.012958
v 0.006034 -0.003484 0.012333
v 0.006034 -0.003484 0.011833
v 0.006972 -0.004025 0.011208
v 0.006972 -0.004025 0.010958
v 0.006034 -0.003484 0.010333
v 0.006034 -0.003484 0.009833
v 0.006972 -0.004025 0.009208
v 0.006972 -0.004025 0.008958
v 0.006034 -0.003484 0.008333
v 0.006034 -0.003484 0.007833
v 0.006972 -0.004025 0.007208
v 0.006972 -0.004025 0.006958
v 0.006034 -0.003484 0.006333
v 0.006034 -0.003484 0.005833
v 0.006972 -0.004025 0.005208
v 0.006972 -0.004025 0.004958
v 0.006034 -0.003484 0.004333
v 0.006034 -0.003484 0.003833
v 0.006972 -0.004025 0.003208
v 0.006972 -0.004025 0.002958
v 0.006034 -0.003484 0.002333
v 0.006034 -0.003484 0.001833
v 0.007071 -0.004082 0.001208
v 0.007193 -0.004153 0.000958
v 0.007279 -0.004202 0.000333
v 0.007643 -0.003769 0.013854
v 0.007494 -0.003696 0.013229
v 0.007367 -0.003633 0.012979
v 0.006249 -0.003082 0.012354
v 0.006249 -0.003082 0.011854
v 0.007220 -0.003560 0.011229
v 0.007220 -0.003560 0.010979
v 0.006249 -0.003082 0.010354
v 0.006249 -0.003082 0.009854
v 0.007220 -0.003560 0.009229
v 0.007220 -0.003560 0.008979
v 0.006249 -0.003082 0.008354
v 0.006249 -0.003082 0.007854
v 0.007220 -0.003560 0.007229
v 0.007220 -0.003560 0.006979
v 0.006249 -0.003082 0.006354
v 0.006249 -0.003082 0.005854
v 0.007220 -0.003560 0.005229
v 0.007220 -0.003560 0.004979
v 0.006249 -0.003082 0.004354
v 0.006249 -0.003082 0.003854
v 0.007220 -0.003560 0.003229
v 0.007220 -0.003560 0.002979
v 0.006249 -0.003082 0.002354
v 0.006249 -0.003082 0.001854
v 0.007312 -0.003606 0.001229
v 0.007439 -0.003669 0.000979
v 0.007513 -0.003705 0.000354
v 0.007899 -0.003272 0.013875
v 0.007731 -0.003202 0.013250
v 0.007600 -0.003148 0.013000
v 0.006437 -0.002666 0.012375
v 0.006437 -0.002666 0.011875
v 0.007437 -0.003081 0.011250
v 0.007437 -0.003081 0.011000
v 0.006437 -0.002666 0.010375
v 0.006437 -0.002666 0.009875
v 0.007437 -0.003081 0.009250
v 0.007437 -0.003081 0.009000
v 0.006437 -0.002666 0.008375
v 0.006437 -0.002666 0.007875
v 0.007437 -0.003081 0.007250
v 0.007437 -0.003081 0.007000
v 0.006437 -0.002666 0.006375
v 0.006437 -0.002666 0.005875
v 0.007437 -0.003081 0.005250
v 0.007437 -0.003081 0.005000
v 0.006437 -0.002666 0.004375
v 0.006437 -0.002666 0.003875
v 0.007437 -0.003081 0.003250
v 0.007437 -0.003081 0.003000
v 0.006437 -0.002666 0.002375
v 0.006437 -0.002666 0.001875
v 0.007521 -0.003115 0.001250
v 0.007652 -0.003170 0.001000
v 0.007714 -0.003195 0.000375
v 0.008122 -0.002757 0.013896
v 0.007935 -0.002694 0.013271
v 0.007801 -0.002648 0.013021
v 0.006598 -0.002240 0.012396
v 0.006598 -0.002240 0.011896
v 0.007623 -0.002588 0.011271
v 0.007623 -0.002588 0.011021
v 0.006598 -0.002240 0.010396
v 0.006598 -0.002240 0.009896
v 0.007623 -0.002588 0.009271
v 0.007623 -0.002588 0.009021
v 0.006598 -0.002240 0.008396
v 0.006598 -0.002240 0.007896
v 0.007623 -0.002588 0.007271
v 0.007623 -0.002588 0.007021
v 0.006598 -0.002240 0.006396
v 0.006598 -0.002240 0.005896
v 0.007623 -0.002588 0.005271
v 0.007623 -0.002588 0.005021
v 0.006598 -0.002240 0.004396
v 0.006598 -0.002240 0.003896
v 0.007623 -0.002588 0.003271
v 0.007623 -0.002588 0.003021
v 0.006598 -0.002240 0.002396
v 0.006598 -0.002240 0.001896
v 0.007698 -0.002613 0.001271
v 0.007832 -0.002659 0.001021
v 0.007880 -0.002675 0.000396
v 0.008312 -0.002227 0.013917
v 0.008105 -0.002172 0.013292
v 0.007968 -0.002135 0.013042
v 0.006730 -0.001803 0.012417
v 0.006730 -0.001803 0.011917
v 0.007776 -0.002083 0.011292
v 0.007776 -0.002083 0.011042
v 0.006730 -0.001803 0.010417
v 0.006730 -0.001803 0.009917
v 0.007776 -0.002083 0.009292
v 0.007776 -0.002083 0.009042
v 0.006730 -0.001803 0.008417
v 0.006730 -0.001803 0.007917
v 0.007776 -0.002083 0.007292
v 0.007776 -0.002083 0.007042
v 0.006730 -0.001803 0.006417
v 0.006730 -0.001803 0.005917
v 0.007776 -0.002083 0.005292
v 0.007776 -0.002083 0.005042
v 0.006730 -0.001803 0.004417
v 0.006730 -0.001803 0.003917
v 0.007776 -0.002083 0.003292
v 0.007776 -0.002083 0.003042
v 0.006730 -0.001803 0.002417
v 0.006730 -0.001803 0.001917
v 0.007841 -0.002101 0.001292
v 0.007978 -0.002138 0.001042
v 0.008011 -0.002147 0.000417
v 0.008467 -0.001684 0.013937
v 0.008242 -0.001639 0.013312
v 0.008103 -0.001612 0.013062
v 0.006834 -0.001359 0.012437
v 0.006834 -0.001359 0.011937
v 0.007895 -0.001570 0.011312
v 0.007895 -0.001570 0.011062
v 0.006834 -0.001359 0.010437
v 0.006834 -0.001359 0.009937
v 0.007895 -0.001570 0.009312
v 0.007895 -0.001570 0.009062
v 0.006834 -0.001359 0.008437
v 0.006834 -0.001359 0.007937
v 0.007895 -0.001570 0.007312
v 0.007895 -0.001570 0.007062
v 0.006834 -0.001359 0.006438
v 0.006834 -0.001359 0.005938
v 0.007895 -0.001570 0.005313
v 0.007895 -0.001570 0.005063
v 0.006834 -0.001359 0.004438
v 0.006834 -0.001359 0.003938
v 0.007895 -0.001570 0.003313
v 0.007895 -0.001570 0.003063
v 0.006834 -0.001359 0.002437
v 0.006834 -0.001359 0.001937
v 0.007950 -0.001581 0.001312
v 0.008089 -0.001609 0.001062
v 0.008107 -0.001613 0.000437
v 0.008587 -0.001130 0.013958
v 0.008343 -0.001098 0.013333
v 0.008202 -0.001080 0.013083
v 0.006908 -0.000909 0.012458
v 0.006908 -0.000909 0.011958
v 0.007981 -0.001051 0.011333
v 0.007981 -0.001051 0.011083
v 0.006908 -0.000909 0.010458
v 0.006908 -0.000909 0.009958
v 0.007981 -0.001051 0.009333
v 0.007981 -0.001051 0.009083
v 0.006908 -0.000909 0.008458
v 0.006908 -0.000909 0.007958
v 0.007981 -0.001051 0.007333
v 0.007981 -0.001051 0.007083
v 0.006908 -0.000909 0.006458
v 0.006908 -0.000909 0.005958
v 0.007981 -0.001051 0.005333
v 0.007981 -0.001051 0.005083
v 0.006908 -0.000909 0.004458
v 0.006908 -0.000909 0.003958
v 0.007981 -0.001051 0.003333
v 0.007981 -0.001051 0.003083
v 0.006908 -0.000909 0.002458
v 0.006908 -0.000909 0.001958
v 0.008024 -0.001056 0.001333
v 0.008165 -0.001075 0.001083
v 0.008168 -0.001075 0.000458
v 0.008670 -0.000568 0.013979
v 0.008409 -0.000551 0.013354
v 0.008267 -0.000542 0.013104
v 0.006953 -0.000456 0.012479
v 0.006953 -0.000456 0.011979
v 0.008033 -0.000526 0.011354
v 0.008033 -0.000526 0.011104
v 0.006953 -0.000456 0.010479
v 0.006953 -0.000456 0.009979
v 0.008033 -0.000526 0.009354
v 0.008033 -0.000526 0.009104
v 0.006953 -0.000456 0.008479
v 0.006953 -0.000456 0.007979
v 0.008033 -0.000526 0.007354
v 0.008033 -0.000526 0.007104
v 0.006953 -0.000456 0.006479
v 0.006953 -0.000456 0.005979
v 0.008033 -0.000526 0.005354
v 0.008033 -0.000526 0.005104
v 0.006953 -0.000456 0.004479
v 0.006953 -0.000456 0.003979
v 0.008033 -0.000526 0.003354
v 0.008033 -0.000526 0.003104
v 0.006953 -0.000456 0.002479
v 0.006953 -0.000456 0.001979
v 0.008064 -0.000529 0.001354
v 0.008206 -0.000538 0.001104
v 0.008193 -0.000537 0.000479
v -0.001155 -0.008774 0.000000
v -0.001727 -0.008680 0.000000
v -0.002291 -0.008548 0.000000
v -0.002845 -0.008380 0.000000
v -0.003387 -0.008176 0.000000
v -0.003914 -0.007937 0.000000
v -0.004425 -0.007664 0.000000
v -0.004917 -0.007359 0.000000
v -0.005388 -0.007021 0.000000
v -0.005835 -0.006654 0.000000
v -0.006258 -0.006258 0.000000
v -0.006654 -0.005835 0.000000
v -0.007021 -0.005388 0.000000
v -0.007359 -0.004917 0.000000
v -0.007664 -0.004425 0.000000
v -0.007937 -0.003914 0.000000
v -0.008176 -0.003387 0.000000
v -0.008380 -0.002845 0.000000
v -0.008548 -0.002291 0.000000
v -0.008680 -0.001727 0.000000
v -0.008774 -0.001155 0.000000
v -0.008831 -0.000579 0.000000
v -0.008850 -0.000000 0.000000
v -0.008831 0.000579 0.000000
v -0.008774 0.001155 0.000000
v -0.008680 0.001727 0.000000
v -0.008548 0.002291 0.000000
v -0.008380 0.002845 0.000000
v -0.007937 0.003914 0.000000
v -0.007664 0.004425 0.000000
v -0.007359 0.004917 0.000000
v -0.007021 0.005388 0.000000
v -0.006654 0.005835 0.000000
v -0.006258 0.006258 0.000000
v -0.005835 0.006654 0.000000
v -0.005388 0.007021 0.000000
v -0.004917 0.007359 0.000000
v -0.004425 0.007664 0.000000
v -0.003914 0.007937 0.000000
v -0.002845 0.008380 0.000000
v -0.002291 0.008548 0.000000
v -0.001727 0.008680 0.000000
v -0.001155 0.008774 0.000000
v -0.000579 0.008831 0.000000
v -0.000000 0.008850 0.000000
v 0.000579 0.008831 0.000000
v 0.001155 0.008774 0.000000
v 0.001727 0.008680 0.000000
v 0.002291 0.008548 0.000000
v 0.002845 0.008380 0.000000
v 0.003387 0.008176 0.000000
v 0.003914 0.007937 0.000000
v 0.004425 0.007664 0.000000
v 0.004917 0.007359 0.000000
v 0.005388 0.007021 0.000000
v 0.005835 0.006654 0.000000
v 0.006258 0.006258 0.000000
v 0.006654 0.005835 0.000000
v 0.007021 0.005388 0.000000
v 0.007359 0.004917 0.000000
v 0.007664 0.004425 0.000000
v 0.007937 0.003914 0.000000
v 0.008176 0.003387 0.000000
v 0.008380 0.002845 0.000000
v 0.008548 0.002291 0.000000
v 0.008680 0.001727 0.000000
v 0.008774 0.001155 0.000000
v 0.008831 0.000579 0.000000
v -0.000579 -0.008831 0.000000
v 0.000579 -0.008831 0.000000
v 0.001155 -0.008774 0.000000
v 0.001727 -0.008680 0.000000
v 0.002291 -0.008548 0.000000
v 0.002845 -0.008380 0.000000
v 0.003387 -0.008176 0.000000
v 0.003914 -0.007937 0.000000
v 0.004425 -0.007664 0.000000
v 0.004917 -0.007359 0.000000
v 0.005388 -0.007021 0.000000
v 0.005835 -0.006654 0.000000
v 0.006258 -0.006258 0.000000
v 0.006654 -0.005835 0.000000
v 0.007021 -0.005388 0.000000
v 0.007359 -0.004917 0.000000
v 0.007664 -0.004425 0.000000
v 0.007937 -0.003914 0.000000
v 0.008176 -0.003387 0.000000
v 0.008380 -0.002845 0.000000
v 0.008548 -0.002291 0.000000
v 0.008680 -0.001727 0.000000
v 0.008774 -0.001155 0.000000
v 0.008831 -0.000579 0.000000
vn -0.5000 0.8660 -0.0000
vn 0.5000 -0.8660 -0.0000
vn -0.5000 -0.8660 -0.0000
vn 0.5000 0.8660 -0.0000
vn 1.0000 -0.0000 -0.0000
vn -0.0107 -0.0439 -0.9990
vn 0.0433 -0.0126 -0.9990
vn 0.1322 0.0763 -0.9883
vn 0.0326 -0.0312 -0.9990
vn -1.0000 -0.0000 -0.0000
vn 0.0433 0.0126 -0.9990
vn 0.0107 0.0439 0.9990
vn -0.0000 0.1526 0.9883
vn -0.0107 0.0439 0.9990
vn 0.0326 0.0312 0.9990
vn 0.0433 0.0126 0.9990
vn 0.1322 0.0763 0.9883
vn 0.0433 -0.0126 0.9990
vn 0.0326 -0.0312 0.9990
vn 0.1322 -0.0763 0.9883
vn 0.0107 -0.0439 0.9990
vn -0.0107 -0.0439 0.9990
vn -0.0000 -0.1526 0.9883
vn -0.0326 -0.0312 0.9990
vn -0.0433 -0.0126 0.9990
vn -0.1322 -0.0763 0.9883
vn -0.0433 0.0126 0.9990
vn -0.0326 0.0312 0.9990
vn -0.1322 0.0763 0.9883
vn -0.0433 0.0126 -0.9990
vn 0.0107 0.0439 -0.9990
vn -0.0107 0.0439 -0.9990
vn -0.0433 -0.0126 -0.9990
vn -0.1322 -0.0763 -0.9883
vn -0.0000 0.1526 -0.9883
vn -0.0326 0.0312 -0.9990
vn -0.1322 0.0763 -0.9883
vn -0.0326 -0.0312 -0.9990
vn 0.0107 -0.0439 -0.9990
vn -0.0000 -0.1526 -0.9883
vn 0.1322 -0.0763 -0.9883
vn 0.0326 0.0312 -0.9990
vn -0.9995 -0.0327 -0.0000
vn -0.5008 0.0203 -0.8653
vn -0.4984 -0.0530 0.8653
vn -0.4959 0.0146 -0.8683
vn -0.8694 -0.0285 -0.4933
vn -0.5994 -0.0196 0.8002
vn -0.9956 -0.0718 0.0595
vn -0.9094 -0.0131 0.4157
vn -0.5994 -0.0196 -0.8002
vn -0.8694 -0.0285 0.4933
vn -0.4226 -0.0466 0.9051
vn -0.9952 -0.0980 -0.0000
vn -0.5011 -0.0125 -0.8653
vn -0.4939 -0.0855 0.8653
vn -0.4993 -0.0164 -0.8663
vn -0.8688 -0.0827 -0.4883
vn -0.5968 -0.0588 0.8002
vn -0.9869 -0.1376 0.0848
vn -0.8977 -0.0727 0.4346
vn -0.5968 -0.0588 -0.8002
vn -0.8657 -0.0853 0.4933
vn -0.4156 -0.0739 0.9065
vn -0.9866 -0.1629 -0.0000
vn -0.4992 -0.0452 -0.8653
vn -0.4872 -0.1176 0.8653
vn -0.8737 -0.1356 -0.4671
vn -0.5917 -0.0977 0.8002
vn -0.9731 -0.2024 0.1100
vn -0.8818 -0.1308 0.4530
vn -0.5917 -0.0977 -0.8002
vn -0.8583 -0.1417 0.4933
vn -0.4069 -0.1005 0.9079
vn -0.9739 -0.2271 -0.0000
vn -0.4785 -0.1492 0.8653
vn -0.4951 -0.0778 -0.8653
vn -0.8792 -0.1978 -0.4335
vn -0.5840 -0.1362 0.8002
vn -0.9545 -0.2658 0.1350
vn -0.8621 -0.1871 0.4709
vn -0.5840 -0.1362 -0.8002
vn -0.8471 -0.1975 0.4933
vn -0.3965 -0.1263 0.9093
vn -0.9569 -0.2903 -0.0000
vn -0.4677 -0.1802 0.8653
vn -0.4890 -0.1100 -0.8653
vn -0.8795 -0.2611 -0.3980
vn -0.5749 -0.1703 0.8003
vn -0.9313 -0.3275 0.1597
vn -0.5739 -0.1741 -0.8002
vn -0.8324 -0.2525 0.4933
vn -0.3846 -0.1511 0.9106
vn -0.1739 0.5730 0.8009
vn -0.9359 -0.3523 -0.0000
vn -0.4807 -0.1417 -0.8653
vn -0.9359 -0.3522 -0.0000
vn -0.4549 -0.2104 0.8653
vn -0.4808 -0.1417 -0.8653
vn -0.8743 -0.3250 -0.3606
vn -0.9035 -0.3871 0.1841
vn -0.8141 -0.3064 0.4933
vn -0.5613 -0.2112 -0.8002
vn -0.3711 -0.1750 0.9119
vn -0.9109 -0.4127 -0.0000
vn -0.4704 -0.1729 -0.8653
vn -0.4402 -0.2397 0.8653
vn -0.4705 -0.1729 -0.8653
vn -0.8634 -0.3889 -0.3213
vn -0.8714 -0.4441 0.2082
vn -0.7923 -0.3590 0.4933
vn -0.5462 -0.2475 -0.8002
vn -0.3562 -0.1978 0.9132
vn -0.8819 -0.4714 -0.0000
vn -0.4235 -0.2680 0.8653
vn -0.4581 -0.2033 -0.8653
vn -0.8467 -0.4522 -0.2803
vn -0.8354 -0.4984 0.2319
vn -0.7672 -0.4101 0.4933
vn -0.5289 -0.2827 -0.8002
vn -0.3400 -0.2194 0.9145
vn -0.8492 -0.5281 -0.0000
vn -0.4051 -0.2951 0.8653
vn -0.4439 -0.2328 -0.8653
vn -0.8241 -0.5142 -0.2378
vn -0.7956 -0.5495 0.2552
vn -0.7387 -0.4594 0.4933
vn -0.5093 -0.3167 -0.8002
vn -0.7387 -0.4593 0.4933
vn -0.3225 -0.2397 0.9157
vn -0.8128 -0.5825 -0.0000
vn -0.4277 -0.2613 -0.8653
vn -0.7955 -0.5741 -0.1938
vn -0.7523 -0.5973 0.2780
vn -0.7071 -0.5067 0.4933
vn -0.4875 -0.3493 -0.8002
vn -0.3120 -0.2525 0.9159
vn -0.8273 -0.5612 0.0244
vn -0.3849 -0.3210 0.8653
vn -0.7730 -0.6344 -0.0000
vn -0.4097 -0.2887 -0.8653
vn -0.3631 -0.3455 0.8653
vn -0.7611 -0.6314 -0.1486
vn -0.7059 -0.6415 0.3004
vn -0.6724 -0.5518 0.4933
vn -0.4636 -0.3804 -0.8002
vn -0.2985 -0.2733 0.9144
vn -0.7875 -0.6116 0.0764
vn -0.6566 -0.6819 0.3223
vn -0.6349 -0.5946 0.4933
vn -0.4377 -0.4099 -0.8002
vn -0.2830 -0.2947 0.9127
vn -0.7398 -0.6599 0.1311
vn -0.3899 -0.3149 -0.8653
vn -0.7299 -0.6836 -0.0000
vn -0.3398 -0.3685 0.8653
vn -0.7212 -0.6852 -0.1025
vn -0.6836 -0.7299 -0.0000
vn -0.3685 -0.3397 -0.8653
vn -0.3149 -0.3899 0.8653
vn -0.3685 -0.3398 -0.8653
vn -0.6759 -0.7348 -0.0557
vn -0.6049 -0.7183 0.3437
vn -0.5946 -0.6349 0.4933
vn -0.4099 -0.4377 -0.8002
vn 0.5945 -0.0514 0.8025
vn -0.2660 -0.3152 0.9110
vn -0.6873 -0.7025 0.1846
vn -0.6307 -0.7391 0.2365
vn -0.3455 -0.3631 -0.8653
vn -0.6344 -0.7730 -0.0000
vn -0.2887 -0.4097 0.8653
vn -0.6289 -0.7773 -0.0161
vn -0.5532 -0.7478 0.3671
vn -0.5518 -0.6724 0.4933
vn -0.3804 -0.4636 -0.8002
vn -0.2476 -0.3348 0.9092
vn -0.5825 -0.8128 -0.0000
vn -0.2613 -0.4277 0.8653
vn -0.3210 -0.3849 -0.8653
vn -0.5011 -0.7689 0.3972
vn -0.5067 -0.7071 0.4933
vn -0.3493 -0.4875 -0.8002
vn -0.2277 -0.3534 0.9073
vn -0.5709 -0.7694 0.2865
vn -0.5281 -0.8492 -0.0000
vn -0.2328 -0.4439 0.8653
vn -0.2951 -0.4051 -0.8653
vn -0.4408 -0.7876 0.4307
vn -0.4594 -0.7387 0.4933
vn -0.3167 -0.5093 -0.8002
vn -0.2066 -0.3709 0.9054
vn 0.5505 -0.6706 0.4973
vn -0.5089 -0.7933 0.3343
vn -0.4714 -0.8819 -0.0000
vn -0.2680 -0.4235 -0.8653
vn -0.2033 -0.4581 0.8653
vn -0.3800 -0.8011 0.4625
vn -0.4101 -0.7672 0.4933
vn -0.2827 -0.5289 -0.8002
vn -0.1841 -0.3872 0.9034
vn -0.4455 -0.8108 0.3796
vn -0.4127 -0.9109 -0.0000
vn -0.2397 -0.4402 -0.8653
vn -0.1729 -0.4704 0.8653
vn -0.1729 -0.4705 0.8653
vn -0.3192 -0.8096 0.4925
vn -0.3590 -0.7923 0.4933
vn -0.2475 -0.5462 -0.8002
vn -0.1604 -0.4022 0.9014
vn -0.3816 -0.8222 0.4223
vn -0.3523 -0.9359 -0.0000
vn -0.1417 -0.4807 0.8653
vn -0.2104 -0.4549 -0.8653
vn -0.2590 -0.8134 0.5210
vn -0.3064 -0.8141 0.4933
vn -0.2112 -0.5613 -0.8002
vn -0.1356 -0.4158 0.8993
vn -0.3177 -0.8278 0.4624
vn -0.2903 -0.9569 -0.0000
vn -0.1100 -0.4890 0.8653
vn -0.1802 -0.4677 -0.8653
vn -0.1996 -0.8125 0.5477
vn -0.2525 -0.8324 0.4933
vn -0.1741 -0.5739 -0.8002
vn -0.1097 -0.4279 0.8971
vn -0.2548 -0.8278 0.4998
vn -0.1492 -0.4785 -0.8653
vn -0.2271 -0.9739 -0.0000
vn -0.1415 -0.8073 0.5729
vn -0.1975 -0.8471 0.4933
vn -0.1362 -0.5840 -0.8002
vn -0.0828 -0.4385 0.8949
vn -0.1932 -0.8227 0.5347
vn -0.0778 -0.4951 0.8653
vn -0.1176 -0.4872 -0.8653
vn -0.1629 -0.9866 -0.0000
vn -0.0452 -0.4992 0.8653
vn -0.0851 -0.7980 0.5966
vn -0.1417 -0.8583 0.4933
vn -0.0977 -0.5917 -0.8002
vn -0.0550 -0.4475 0.8926
vn -0.1334 -0.8129 0.5670
vn -0.0305 -0.7850 0.6188
vn -0.0853 -0.8657 0.4933
vn -0.0588 -0.5968 -0.8002
vn -0.0264 -0.4547 0.8902
vn -0.0759 -0.7987 0.5969
vn -0.0855 -0.4939 -0.8653
vn -0.0980 -0.9952 -0.0000
vn -0.0125 -0.5011 0.8653
vn 0.0203 -0.5008 0.8653
vn -0.0327 -0.9995 -0.0000
vn -0.0530 -0.4984 -0.8653
vn 0.0219 -0.7684 0.6396
vn -0.0196 -0.5994 -0.8002
vn -0.0285 -0.8694 0.4933
vn -0.8373 -0.2435 0.4895
vn 0.0029 -0.4602 0.8878
vn -0.0210 -0.7808 0.6245
vn 0.0312 -0.7594 0.6499
vn -0.0203 -0.5008 -0.8653
vn 0.0327 -0.9995 -0.0000
vn 0.0530 -0.4984 0.8653
vn 0.0720 -0.7486 0.6591
vn 0.0285 -0.8694 0.4933
vn 0.0196 -0.5994 -0.8002
vn 0.0329 -0.4639 0.8853
vn 0.0980 -0.9952 -0.0000
vn 0.0855 -0.4939 0.8653
vn 0.0125 -0.5011 -0.8653
vn 0.1196 -0.7259 0.6773
vn 0.0853 -0.8657 0.4933
vn 0.0588 -0.5968 -0.8002
vn 0.0633 -0.4657 0.8827
vn 0.0804 -0.7350 0.6733
vn 0.0125 -0.5010 -0.8653
vn 0.1629 -0.9866 -0.0000
vn 0.1176 -0.4872 0.8653
vn 0.0452 -0.4992 -0.8653
vn 0.1645 -0.7006 0.6943
vn 0.1417 -0.8583 0.4933
vn 0.0977 -0.5917 -0.8002
vn 0.0941 -0.4656 0.8800
vn 0.1265 -0.7079 0.6949
vn 0.2271 -0.9739 -0.0000
vn 0.0778 -0.4951 -0.8653
vn 0.1492 -0.4785 0.8653
vn 0.2067 -0.6729 0.7103
vn 0.1975 -0.8471 0.4933
vn 0.1362 -0.5840 -0.8002
vn 0.1252 -0.4635 0.8772
vn 0.1695 -0.6786 0.7147
vn 0.2903 -0.9569 -0.0000
vn 0.1100 -0.4890 -0.8653
vn 0.1802 -0.4677 0.8653
vn 0.2461 -0.6430 0.7252
vn 0.2525 -0.8324 0.4933
vn 0.1741 -0.5739 -0.8002
vn 0.1564 -0.4594 0.8743
vn 0.2092 -0.6473 0.7329
vn 0.3522 -0.9359 -0.0000
vn 0.2104 -0.4549 0.8653
vn 0.3523 -0.9359 -0.0000
vn 0.1417 -0.4808 -0.8653
vn 0.2825 -0.6114 0.7392
vn 0.3064 -0.8141 0.4933
vn 0.2112 -0.5613 -0.8002
vn 0.1877 -0.4533 0.8714
vn 0.2457 -0.6145 0.7497
vn 0.1417 -0.4807 -0.8653
vn 0.4127 -0.9109 -0.0000
vn 0.2397 -0.4402 0.8653
vn 0.1729 -0.4704 -0.8653
vn 0.1729 -0.4705 -0.8653
vn 0.3160 -0.5781 0.7523
vn 0.3590 -0.7923 0.4933
vn 0.2475 -0.5462 -0.8002
vn 0.2378 -0.5466 -0.8029
vn 0.2188 -0.4452 0.8683
vn 0.2790 -0.5802 0.7652
vn 0.2033 -0.4581 -0.8653
vn 0.4714 -0.8819 -0.0000
vn 0.3466 -0.5435 0.7645
vn 0.4101 -0.7672 0.4933
vn 0.2827 -0.5289 -0.8002
vn 0.2692 -0.5237 -0.8082
vn 0.2497 -0.4349 0.8651
vn 0.3092 -0.5449 0.7794
vn 0.2680 -0.4235 0.8653
vn 0.2328 -0.4439 -0.8653
vn 0.5281 -0.8492 -0.0000
vn 0.2951 -0.4051 0.8653
vn 0.3742 -0.5078 0.7759
vn 0.4594 -0.7387 0.4933
vn 0.3167 -0.5093 -0.8002
vn 0.2988 -0.4992 -0.8134
vn 0.2803 -0.4226 0.8619
vn 0.3362 -0.5088 0.7925
vn 0.3989 -0.4712 0.7867
vn 0.5067 -0.7071 0.4933
vn 0.3493 -0.4875 -0.8002
vn 0.3263 -0.4732 -0.8183
vn 0.3104 -0.4083 0.8585
vn 0.3515 -0.4871 0.7995
vn 0.2536 -0.4381 -0.8624
vn 0.5825 -0.8128 -0.0000
vn 0.3210 -0.3849 0.8653
vn 0.2613 -0.4277 -0.8653
vn 0.3455 -0.3631 0.8653
vn 0.6344 -0.7730 -0.0000
vn 0.2887 -0.4097 -0.8653
vn 0.2888 -0.4097 -0.8653
vn 0.4207 -0.4339 0.7967
vn 0.5474 -0.6760 0.4934
vn 0.3804 -0.4636 -0.8002
vn 0.3519 -0.4458 -0.8231
vn 0.3398 -0.3919 0.8550
vn 0.3804 -0.4636 0.8002
vn 0.2863 -0.4288 -0.8568
vn 0.5946 -0.6349 0.4933
vn 0.3754 -0.4172 -0.8277
vn 0.3685 -0.3734 0.8514
vn 0.4099 -0.4377 0.8002
vn 0.3208 -0.4166 -0.8506
vn 0.6836 -0.7299 -0.0000
vn 0.3685 -0.3398 0.8653
vn 0.3149 -0.3899 -0.8653
vn 0.4396 -0.3961 0.8062
vn 0.4099 -0.4377 -0.8002
vn 0.3397 -0.3685 -0.8653
vn 0.7299 -0.6836 -0.0000
vn 0.3899 -0.3149 0.8653
vn 0.3398 -0.3685 -0.8653
vn 0.4557 -0.3580 0.8150
vn 0.4377 -0.4099 -0.8002
vn 0.6349 -0.5946 0.4933
vn 0.3967 -0.3876 -0.8321
vn 0.3962 -0.3529 0.8476
vn 0.4377 -0.4099 0.8002
vn 0.3551 -0.4019 -0.8440
vn 0.3891 -0.3847 -0.8370
vn 0.7730 -0.6344 -0.0000
vn 0.4097 -0.2887 0.8653
vn 0.3631 -0.3455 -0.8653
vn 0.4689 -0.3198 0.8233
vn 0.4636 -0.3804 -0.8002
vn 0.6724 -0.5518 0.4933
vn 0.4159 -0.3570 -0.8364
vn 0.4230 -0.3305 0.8437
vn 0.4636 -0.3804 0.8002
vn 0.4277 -0.2613 0.8653
vn 0.8128 -0.5825 -0.0000
vn 0.3849 -0.3210 -0.8653
vn 0.4795 -0.2816 0.8311
vn 0.4875 -0.3493 -0.8002
vn 0.7071 -0.5067 0.4933
vn 0.4330 -0.3257 -0.8405
vn 0.4485 -0.3061 0.8397
vn 0.4875 -0.3493 0.8002
vn 0.4226 -0.3649 -0.8296
vn 0.4439 -0.2328 0.8653
vn 0.8492 -0.5281 -0.0000
vn 0.4051 -0.2951 -0.8653
vn 0.4875 -0.2436 0.8385
vn 0.5093 -0.3167 -0.8002
vn 0.7387 -0.4593 0.4933
vn 0.4478 -0.2937 -0.8445
vn 0.4728 -0.2798 0.8355
vn 0.5093 -0.3167 0.8002
vn 0.4555 -0.3425 -0.8217
vn 0.4235 -0.2680 -0.8653
vn 0.8819 -0.4714 -0.0000
vn 0.4581 -0.2033 0.8653
vn 0.4928 -0.2061 0.8454
vn 0.5289 -0.2827 -0.8002
vn 0.7672 -0.4101 0.4933
vn 0.4605 -0.2613 -0.8484
vn 0.4956 -0.2518 0.8312
vn 0.5289 -0.2827 0.8002
vn 0.4876 -0.3175 -0.8133
vn 0.4402 -0.2397 -0.8653
vn 0.9109 -0.4127 -0.0000
vn 0.4704 -0.1729 0.8653
vn 0.4957 -0.1690 0.8519
vn 0.5462 -0.2475 -0.8002
vn 0.7923 -0.3590 0.4933
vn 0.4709 -0.2285 -0.8521
vn 0.5169 -0.2220 0.8268
vn 0.5462 -0.2475 0.8002
vn 0.5186 -0.2900 -0.8043
vn 0.4807 -0.1417 0.8653
vn 0.9359 -0.3523 -0.0000
vn 0.4549 -0.2104 -0.8653
vn 0.4962 -0.1326 0.8580
vn 0.5613 -0.2112 -0.8002
vn 0.8141 -0.3064 0.4933
vn 0.4792 -0.1955 -0.8557
vn 0.5365 -0.1905 0.8221
vn 0.8141 -0.3064 -0.4933
vn 0.5613 -0.2112 0.8002
vn 0.5485 -0.2598 -0.7948
vn 0.9359 -0.3522 -0.0000
vn 0.4890 -0.1100 0.8653
vn 0.9569 -0.2903 -0.0000
vn 0.4677 -0.1802 -0.8653
vn 0.4947 -0.1017 0.8631
vn 0.5748 -0.1800 -0.7983
vn 0.8324 -0.2525 0.4933
vn 0.4853 -0.1624 -0.8592
vn 0.5542 -0.1574 0.8173
vn 0.8324 -0.2525 -0.4933
vn 0.5739 -0.1741 0.8002
vn 0.5770 -0.2271 -0.7846
vn 0.4785 -0.1492 -0.8653
vn 0.9739 -0.2271 -0.0000
vn 0.4951 -0.0778 0.8653
vn 0.5931 -0.1554 -0.7900
vn 0.8471 -0.1975 0.4933
vn 0.4892 -0.1294 -0.8625
vn 0.5701 -0.1229 0.8124
vn 0.8471 -0.1975 -0.4933
vn 0.5840 -0.1362 0.8002
vn 0.6038 -0.1917 -0.7737
vn 0.4872 -0.1176 -0.8653
vn 0.9866 -0.1629 -0.0000
vn 0.4992 -0.0452 0.8653
vn 0.6188 -0.1180 -0.7766
vn 0.8583 -0.1417 0.4933
vn 0.4910 -0.0966 -0.8658
vn 0.5838 -0.0869 0.8072
vn 0.8583 -0.1417 -0.4933
vn 0.5917 -0.0977 0.8002
vn 0.6289 -0.1539 -0.7621
vn 0.9952 -0.0980 -0.0000
vn 0.8651 -0.0909 0.4933
vn 0.4939 -0.0855 -0.8653
vn 0.5968 -0.0588 0.8002
vn 0.5011 -0.0125 0.8653
vn 0.6519 -0.1137 -0.7497
vn 0.6427 -0.0778 -0.7622
vn 0.4908 -0.0641 -0.8689
vn 0.8657 -0.0853 -0.4933
vn 0.8694 -0.0285 -0.4933
vn 0.5994 -0.0196 0.8002
vn 0.6727 -0.0711 -0.7365
vn 0.9995 -0.0327 -0.0000
vn 0.5008 0.0203 0.8653
vn 0.4984 -0.0530 -0.8653
vn 0.6645 -0.0351 -0.7465
vn 0.4885 -0.0320 -0.8720
vn 0.9995 0.0327 -0.0000
vn 0.4984 0.0530 0.8653
vn 0.5008 -0.0203 -0.8653
vn 0.6840 0.0104 -0.7294
vn 0.4843 -0.0005 -0.8749
vn 0.5994 0.0196 0.8002
vn 0.8694 0.0285 -0.4933
vn 0.6911 -0.0262 -0.7223
vn 0.9952 0.0980 -0.0000
vn 0.4939 0.0855 0.8653
vn 0.5011 0.0125 -0.8653
vn 0.5010 0.0125 -0.8653
vn 0.7009 0.0583 -0.7109
vn 0.4782 0.0303 -0.8778
vn 0.5968 0.0588 0.8002
vn 0.8657 0.0853 -0.4933
vn 0.7067 0.0209 -0.7072
vn 0.4992 0.0452 -0.8653
vn 0.9866 0.1629 -0.0000
vn 0.4872 0.1176 0.8653
vn 0.7149 0.1087 -0.6907
vn 0.4702 0.0603 -0.8805
vn 0.5917 0.0977 0.8002
vn 0.8583 0.1417 -0.4933
vn 0.7194 0.0700 -0.6910
vn 0.4951 0.0778 -0.8653
vn 0.9739 0.2271 -0.0000
vn 0.4785 0.1492 0.8653
vn 0.7257 0.1614 -0.6688
vn 0.4604 0.0895 -0.8832
vn 0.5840 0.1362 0.8002
vn 0.8471 0.1975 -0.4933
vn 0.7290 0.1209 -0.6737
vn 0.4677 0.1802 0.8653
vn 0.9569 0.2903 -0.0000
vn 0.4890 0.1100 -0.8653
vn 0.7330 0.2161 -0.6450
vn 0.4490 0.1177 -0.8858
vn 0.5739 0.1741 0.8002
vn 0.8324 0.2525 -0.4933
vn 0.7352 0.1735 -0.6553
vn 0.4549 0.2104 0.8653
vn 0.9359 0.3522 -0.0000
vn 0.4807 0.1417 -0.8653
vn 0.9359 0.3523 -0.0000
vn 0.4808 0.1417 -0.8653
vn 0.7364 0.2727 -0.6191
vn 0.4359 0.1448 -0.8883
vn 0.5613 0.2112 0.8002
vn 0.8141 0.3064 -0.4933
vn 0.7378 0.2275 -0.6355
vn 0.4705 0.1729 -0.8653
vn 0.9109 0.4127 -0.0000
vn 0.4402 0.2397 0.8653
vn 0.7357 0.3307 -0.5911
vn 0.4213 0.1707 -0.8907
vn 0.5462 0.2475 0.8002
vn 0.7923 0.3590 -0.4933
vn 0.7366 0.2827 -0.6145
vn 0.4704 0.1729 -0.8653
vn 0.4581 0.2033 -0.8653
vn 0.8819 0.4714 -0.0000
vn 0.4235 0.2680 0.8653
vn 0.7304 0.3900 -0.5607
vn 0.4053 0.1954 -0.8931
vn 0.5289 0.2827 0.8002
vn 0.7672 0.4101 -0.4933
vn 0.7313 0.3388 -0.5920
vn 0.4051 0.2951 0.8653
vn 0.7203 0.4499 -0.5279
vn 0.3879 0.2188 -0.8953
vn 0.5093 0.3167 0.8002
vn 0.7387 0.4594 -0.4933
vn 0.7218 0.3954 -0.5680
vn 0.8492 0.5281 -0.0000
vn 0.4439 0.2328 -0.8653
vn 0.3849 0.3210 0.8653
vn 0.8128 0.5825 -0.0000
vn 0.4277 0.2613 -0.8653
vn 0.7051 0.5101 -0.4926
vn 0.3693 0.2408 -0.8976
vn 0.4875 0.3493 0.8002
vn 0.7071 0.5067 -0.4933
vn 0.7079 0.4523 -0.5425
vn 0.3495 0.2614 -0.8997
vn 0.4636 0.3804 0.8002
vn 0.6724 0.5518 -0.4933
vn 0.6894 0.5089 -0.5154
vn 0.7730 0.6344 -0.0000
vn 0.3631 0.3455 0.8653
vn 0.4097 0.2887 -0.8653
vn 0.4097 0.2888 -0.8653
vn 0.6845 0.5699 -0.4546
vn 0.3899 0.3149 -0.8653
vn 0.7299 0.6836 -0.0000
vn 0.3397 0.3685 0.8653
vn 0.3398 0.3685 0.8653
vn 0.6584 0.6286 -0.4140
vn 0.3287 0.2806 -0.9018
vn 0.4377 0.4099 0.8002
vn 0.6349 0.5946 -0.4933
vn 0.6663 0.5649 -0.4867
vn 0.6385 0.6198 -0.4563
vn 0.6836 0.7299 -0.0000
vn 0.3149 0.3899 0.8653
vn 0.3685 0.3398 -0.8653
vn 0.3685 0.3397 -0.8653
vn 0.6266 0.6855 -0.3707
vn 0.3070 0.2981 -0.9038
vn 0.4099 0.4377 0.8002
vn 0.5946 0.6349 -0.4933
vn 0.2887 0.4097 0.8653
vn 0.6344 0.7730 -0.0000
vn 0.3455 0.3631 -0.8653
vn 0.5892 0.7398 -0.3249
vn 0.2844 0.3142 -0.9058
vn 0.3804 0.4636 0.8002
vn 0.5518 0.6724 -0.4933
vn 0.6059 0.6730 -0.4241
vn 0.2613 0.4277 0.8653
vn 0.5825 0.8128 -0.0000
vn 0.3210 0.3849 -0.8653
vn 0.5463 0.7906 -0.2767
vn 0.2610 0.3286 -0.9077
vn 0.3493 0.4875 0.8002
vn 0.5067 0.7071 -0.4933
vn 0.5686 0.7241 -0.3903
vn 0.2951 0.4051 -0.8653
vn 0.5281 0.8492 -0.0000
vn 0.2328 0.4439 0.8653
vn 0.4980 0.8371 -0.2263
vn 0.2371 0.3413 -0.9095
vn 0.3167 0.5093 0.8002
vn 0.4594 0.7387 -0.4933
vn 0.5331 0.7650 -0.3615
vn 0.5356 0.8442 0.0208
vn 0.2680 0.4235 -0.8653
vn 0.4714 0.8819 -0.0000
vn 0.2033 0.4581 0.8653
vn 0.4448 0.8786 -0.1741
vn 0.2126 0.3525 -0.9113
vn 0.2827 0.5289 0.8002
vn 0.4101 0.7672 -0.4933
vn 0.4863 0.8051 -0.3395
vn 0.4780 0.8760 0.0650
vn 0.4127 0.9109 -0.0000
vn 0.2397 0.4402 -0.8653
vn 0.1729 0.4705 0.8653
vn 0.3871 0.9141 -0.1203
vn 0.1878 0.3620 -0.9131
vn 0.2475 0.5462 0.8002
vn 0.3590 0.7923 -0.4933
vn 0.4351 0.8424 -0.3180
vn 0.4162 0.9024 0.1117
vn 0.1729 0.4704 0.8653
vn 0.3523 0.9359 -0.0000
vn 0.2104 0.4549 -0.8653
vn 0.3522 0.9359 -0.0000
vn 0.1417 0.4807 0.8653
vn 0.1417 0.4808 0.8653
vn 0.3258 0.9432 -0.0654
vn 0.1626 0.3698 -0.9148
vn 0.2112 0.5613 0.8002
vn 0.3064 0.8141 -0.4933
vn 0.3809 0.8760 -0.2960
vn 0.3524 0.9225 0.1577
vn 0.2903 0.9569 -0.0000
vn 0.1100 0.4890 0.8653
vn 0.2712 0.9623 -0.0189
vn 0.1409 0.3759 -0.9159
vn 0.1741 0.5739 0.8002
vn 0.2525 0.8324 -0.4933
vn 0.3240 0.9056 -0.2735
vn 0.2871 0.9362 0.2026
vn 0.1802 0.4677 -0.8653
vn 0.2271 0.9739 -0.0000
vn 0.0778 0.4951 0.8653
vn 0.1492 0.4785 -0.8653
vn 0.1234 0.3830 -0.9155
vn 0.1362 0.5840 0.8002
vn 0.1975 0.8472 -0.4933
vn 0.2647 0.9312 -0.2506
vn 0.2212 0.9436 0.2464
vn 0.1629 0.9866 -0.0000
vn 0.0452 0.4992 0.8653
vn 0.1176 0.4872 -0.8653
vn 0.0985 0.3930 -0.9142
vn 0.0977 0.5917 0.8002
vn 0.1417 0.8583 -0.4933
vn 0.2034 0.9524 -0.2272
vn 0.1553 0.9448 0.2886
vn 0.0980 0.9952 -0.0000
vn 0.0728 0.4015 -0.9130
vn 0.0588 0.5968 0.8002
vn 0.0853 0.8657 -0.4933
vn 0.1404 0.9690 -0.2034
vn 0.0901 0.9399 0.3292
vn 0.0125 0.5011 0.8653
vn 0.0855 0.4939 -0.8653
vn 0.0125 0.5010 0.8653
vn 0.0327 0.9995 -0.0000
vn 0.0530 0.4984 -0.8653
vn -0.0203 0.5008 0.8653
vn 0.0464 0.4083 -0.9117
vn 0.0196 0.5994 0.8002
vn 0.0285 0.8694 -0.4933
vn 0.0759 0.9809 -0.1793
vn 0.0263 0.9294 0.3681
vn -0.0285 0.8694 -0.4933
vn -0.0196 0.5994 0.8002
vn -0.0414 0.8737 -0.4847
vn 0.0106 0.9879 -0.1548
vn -0.0356 0.9135 0.4052
vn -0.0530 0.4984 0.8653
vn -0.0327 0.9995 -0.0000
vn 0.0203 0.5008 -0.8653
vn 0.0195 0.4133 -0.9104
vn -0.0980 0.9952 -0.0000
vn -0.0855 0.4939 0.8653
vn -0.0125 0.5011 -0.8653
vn -0.0080 0.4166 -0.9090
vn -0.0588 0.5968 0.8002
vn -0.0853 0.8657 -0.4933
vn -0.1003 0.8784 -0.4673
vn -0.0553 0.9900 -0.1300
vn -0.0953 0.8928 0.4403
vn -0.0125 0.5010 -0.8653
vn -0.1521 0.8675 0.4736
vn -0.1176 0.4872 0.8653
vn -0.1629 0.9866 -0.0000
vn -0.0452 0.4992 -0.8653
vn -0.0357 0.4182 -0.9077
vn -0.0977 0.5917 0.8002
vn -0.1417 0.8583 -0.4933
vn -0.1601 0.8789 -0.4494
vn -0.1214 0.9870 -0.1050
vn -0.0778 0.4951 -0.8653
vn -0.2271 0.9739 -0.0000
vn -0.1492 0.4785 0.8653
vn -0.0638 0.4179 -0.9063
vn -0.1362 0.5840 0.8002
vn -0.1975 0.8472 -0.4933
vn -0.2203 0.8751 -0.4309
vn -0.1872 0.9791 -0.0798
vn -0.1988 0.8479 0.4914
vn -0.1438 0.4780 0.8665
vn -0.1100 0.4890 -0.8653
vn -0.2903 0.9569 -0.0000
vn -0.1802 0.4677 0.8653
vn -0.0919 0.4157 -0.9048
vn -0.1703 0.5750 0.8003
vn -0.2525 0.8324 -0.4933
vn -0.2806 0.8670 -0.4118
vn -0.2523 0.9661 -0.0544
vn -0.2525 0.8324 0.4933
vn -0.1730 0.4641 0.8687
vn -0.2104 0.4549 0.8653
vn -0.3523 0.9359 -0.0000
vn -0.1417 0.4808 -0.8653
vn -0.3522 0.9359 -0.0000
vn -0.1201 0.4117 -0.9034
vn -0.3064 0.8141 -0.4933
vn -0.2112 0.5613 0.8002
vn -0.3408 0.8545 -0.3921
vn -0.3163 0.9482 -0.0289
vn -0.3064 0.8141 0.4933
vn -0.2017 0.4480 0.8710
vn -0.1417 0.4807 -0.8653
vn -0.2397 0.4402 0.8653
vn -0.4127 0.9109 -0.0000
vn -0.1729 0.4704 -0.8653
vn -0.1729 0.4705 -0.8653
vn -0.1481 0.4058 -0.9019
vn -0.3590 0.7923 -0.4933
vn -0.2475 0.5462 0.8002
vn -0.4003 0.8375 -0.3720
vn -0.3788 0.9255 -0.0034
vn -0.3590 0.7923 0.4933
vn -0.2291 0.4302 0.8732
vn -0.2033 0.4581 -0.8653
vn -0.4714 0.8819 -0.0000
vn -0.2680 0.4235 0.8653
vn -0.1759 0.3980 -0.9004
vn -0.4101 0.7672 -0.4933
vn -0.2827 0.5289 0.8002
vn -0.4590 0.8161 -0.3512
vn -0.4394 0.8980 0.0222
vn -0.4101 0.7672 0.4933
vn -0.2550 0.4109 0.8753
vn -0.2328 0.4439 -0.8653
vn -0.5281 0.8492 -0.0000
vn -0.2951 0.4051 0.8653
vn -0.2033 0.3884 -0.8988
vn -0.4594 0.7387 -0.4933
vn -0.3167 0.5093 0.8002
vn -0.5164 0.7902 -0.3300
vn -0.4977 0.8660 0.0477
vn -0.4594 0.7387 0.4933
vn -0.2794 0.3900 0.8774
vn -0.3210 0.3849 0.8653
vn -0.5825 0.8128 -0.0000
vn -0.2303 0.3769 -0.8972
vn -0.5067 0.7071 -0.4933
vn -0.3493 0.4875 0.8002
vn -0.5721 0.7600 -0.3082
vn -0.5533 0.8298 0.0731
vn -0.5067 0.7071 0.4933
vn -0.3022 0.3678 0.8795
vn -0.2613 0.4277 -0.8653
vn -0.3455 0.3631 0.8653
vn -0.6344 0.7730 -0.0000
vn -0.2887 0.4097 -0.8653
vn -0.2888 0.4097 -0.8653
vn -0.2566 0.3635 -0.8956
vn -0.5518 0.6724 -0.4933
vn -0.3804 0.4636 0.8002
vn -0.6259 0.7256 -0.2859
vn -0.6059 0.7894 0.0984
vn -0.5518 0.6724 0.4933
vn -0.3233 0.3443 0.8815
vn -0.2822 0.3483 -0.8939
vn -0.5946 0.6349 -0.4933
vn -0.4099 0.4377 0.8002
vn -0.6773 0.6871 -0.2632
vn -0.6552 0.7453 0.1235
vn -0.5946 0.6349 0.4933
vn -0.3427 0.3196 0.8834
vn -0.6836 0.7299 -0.0000
vn -0.3149 0.3899 -0.8653
vn -0.3685 0.3398 0.8653
vn -0.3685 0.3397 0.8653
vn -0.3397 0.3685 -0.8653
vn -0.7299 0.6836 -0.0000
vn -0.3899 0.3149 0.8653
vn -0.3398 0.3685 -0.8653
vn -0.3069 0.3314 -0.8922
vn -0.6349 0.5946 -0.4933
vn -0.4377 0.4099 0.8002
vn -0.7259 0.6446 -0.2400
vn -0.7008 0.6977 0.1484
vn -0.6349 0.5946 0.4933
vn -0.3603 0.2940 0.8853
vn -0.7715 0.5983 -0.2164
vn -0.7426 0.6470 0.1729
vn -0.6724 0.5518 0.4933
vn -0.3760 0.2674 0.8872
vn -0.7730 0.6344 -0.0000
vn -0.3631 0.3455 -0.8653
vn -0.4097 0.2887 0.8653
vn -0.4097 0.2888 0.8653
vn -0.3306 0.3127 -0.8904
vn -0.6724 0.5518 -0.4933
vn -0.4636 0.3804 0.8002
vn -0.4277 0.2613 0.8653
vn -0.8128 0.5825 -0.0000
vn -0.3849 0.3210 -0.8653
vn -0.3533 0.2924 -0.8886
vn -0.7071 0.5067 -0.4933
vn -0.4875 0.3493 0.8002
vn -0.8137 0.5485 -0.1924
vn -0.7803 0.5935 0.1972
vn -0.7071 0.5067 0.4933
vn -0.3899 0.2401 0.8890
vn -0.4018 0.2122 0.8908
vn -0.8492 0.5281 -0.0000
vn -0.4051 0.2951 -0.8653
vn -0.4439 0.2328 0.8653
vn -0.3747 0.2705 -0.8868
vn -0.7387 0.4594 -0.4933
vn -0.5093 0.3167 0.8002
vn -0.8522 0.4955 -0.1681
vn -0.8138 0.5375 0.2211
vn -0.7387 0.4594 0.4933
vn -0.4235 0.2680 -0.8653
vn -0.8819 0.4714 -0.0000
vn -0.4581 0.2033 0.8653
vn -0.3948 0.2470 -0.8849
vn -0.7672 0.4101 -0.4933
vn -0.5289 0.2827 0.8002
vn -0.8867 0.4395 -0.1434
vn -0.8428 0.4795 0.2446
vn -0.7672 0.4101 0.4933
vn -0.4119 0.1838 0.8925
vn -0.4402 0.2397 -0.8653
vn -0.9109 0.4127 -0.0000
vn -0.4704 0.1729 0.8653
vn -0.4705 0.1729 0.8653
vn -0.4135 0.2220 -0.8830
vn -0.7923 0.3590 -0.4933
vn -0.5462 0.2475 0.8002
vn -0.9170 0.3809 -0.1185
vn -0.8672 0.4198 0.2677
vn -0.7923 0.3590 0.4933
vn -0.4199 0.1549 0.8942
vn -0.9359 0.3523 -0.0000
vn -0.4549 0.2104 -0.8653
vn -0.4808 0.1417 0.8653
vn -0.4306 0.1957 -0.8811
vn -0.8141 0.3064 -0.4933
vn -0.5613 0.2112 0.8002
vn -0.9428 0.3199 -0.0934
vn -0.8871 0.3588 0.2904
vn -0.8141 0.3064 0.4933
vn -0.4261 0.1259 0.8959
vn -0.9359 0.3522 -0.0000
vn -0.4807 0.1417 0.8653
vn -0.9569 0.2903 -0.0000
vn -0.4677 0.1802 -0.8653
vn -0.4890 0.1100 0.8653
vn -0.4461 0.1681 -0.8791
vn -0.8324 0.2525 -0.4933
vn -0.5739 0.1741 0.8002
vn -0.9640 0.2571 -0.0681
vn -0.9023 0.2969 0.3126
vn -0.8324 0.2525 0.4933
vn -0.4303 0.0967 0.8975
vn -0.4785 0.1492 -0.8653
vn -0.9739 0.2271 -0.0000
vn -0.4951 0.0778 0.8653
vn -0.4598 0.1394 -0.8770
vn -0.8472 0.1975 -0.4933
vn -0.5840 0.1362 0.8002
vn -0.9803 0.1927 -0.0426
vn -0.9129 0.2344 0.3342
vn -0.8472 0.1975 0.4933
vn -0.4325 0.0675 0.8991
vn -0.9917 0.1272 -0.0171
vn -0.9188 0.1719 0.3554
vn -0.8583 0.1417 0.4933
vn -0.4328 0.0385 0.9007
vn -0.9866 0.1629 -0.0000
vn -0.4872 0.1176 -0.8653
vn -0.4992 0.0452 0.8653
vn -0.4718 0.1095 -0.8749
vn -0.8583 0.1417 -0.4933
vn -0.5917 0.0977 0.8002
vn -0.5010 0.0125 0.8653
vn -0.9952 0.0980 -0.0000
vn -0.4939 0.0855 -0.8653
vn -0.5011 0.0125 0.8653
vn -0.4818 0.0787 -0.8727
vn -0.8657 0.0853 -0.4933
vn -0.5968 0.0588 0.8002
vn -0.9981 0.0610 0.0085
vn -0.9201 0.1095 0.3760
vn -0.8657 0.0853 0.4933
vn -0.4313 0.0097 0.9022
vn -0.4278 -0.0187 0.9037
vn -0.9995 0.0327 -0.0000
vn -0.4984 0.0531 -0.8653
vn -0.5008 -0.0204 0.8653
vn -0.5008 -0.0203 0.8653
vn -0.4984 0.0530 -0.8653
vn -0.4899 0.0470 -0.8705
vn -0.8694 0.0284 -0.4933
vn -0.5994 0.0196 0.8002
vn -0.9994 -0.0055 0.0340
vn -0.9170 0.0478 0.3961
vn -0.8694 0.0284 0.4933
vn -0.5968 0.0588 -0.8002
vn -0.5917 0.0977 -0.8002
vn -0.5840 0.1362 -0.8002
vn -0.5739 0.1741 -0.8002
vn -0.5613 0.2112 -0.8002
vn -0.5462 0.2475 -0.8002
vn -0.5289 0.2827 -0.8002
vn -0.5093 0.3167 -0.8002
vn -0.4875 0.3493 -0.8002
vn -0.4636 0.3804 -0.8002
vn -0.4377 0.4099 -0.8002
vn -0.4099 0.4377 -0.8002
vn -0.3804 0.4636 -0.8002
vn -0.3493 0.4875 -0.8002
vn -0.3167 0.5093 -0.8002
vn -0.2827 0.5289 -0.8002
vn -0.2475 0.5462 -0.8002
vn -0.2112 0.5613 -0.8002
vn -0.1741 0.5739 -0.8002
vn -0.1362 0.5840 -0.8002
vn -0.0977 0.5917 -0.8002
vn -0.0588 0.5968 -0.8002
vn -0.0196 0.5994 -0.8002
vn 0.1975 0.8471 -0.4933
vn 0.8472 0.1975 -0.4933
vn 0.8472 -0.1975 -0.4933
vn 0.7923 -0.3590 -0.4933
vn 0.7672 -0.4101 -0.4933
vn 0.7387 -0.4594 -0.4933
vn 0.7071 -0.5067 -0.4933
vn 0.6724 -0.5518 -0.4933
vn 0.6349 -0.5946 -0.4933
vn 0.5946 -0.6349 -0.4933
vn 0.5518 -0.6724 -0.4933
vn 0.5067 -0.7071 -0.4933
vn 0.4594 -0.7387 -0.4933
vn 0.4101 -0.7672 -0.4933
vn 0.3590 -0.7923 -0.4933
vn -0.5994 0.0196 -0.8002
vn -0.0000 -0.0000 1.0000
vn -0.0000 -0.0000 -1.0000
vt 0.083333 0.875000
vt 0.083333 1.000000
vt 0.024408 0.963388
vt -0.000000 0.875000
vt 0.583333 0.875000
vt 0.583333 1.000000
vt 0.524408 0.963388
vt 0.500000 0.875000
vt 0.416667 0.875000
vt 0.416667 1.000000
vt 0.357741 0.963388
vt 0.333333 0.875000
vt 0.916667 0.875000
vt 0.916667 1.000000
vt 0.857741 0.963388
vt 0.833333 0.875000
vt 0.750000 0.875000
vt 0.750000 1.000000
vt 0.691074 0.963388
vt 0.666667 0.875000
vt 0.353923 0.070000
vt 0.250000 0.045147
vt 0.417244 0.664671
vt 0.280438 0.027574
vt 0.250000 1.000000
vt 0.308925 0.963388
vt 0.236851 0.701305
vt 0.321129 1.000000
vt 0.166667 0.875000
vt 0.191074 0.963388
vt 0.122825 0.779622
vt 0.142259 0.963388
vt 0.000000 0.000000
vt 1.000000 0.875000
vt 0.975592 0.963388
vt 0.146077 0.070000
vt 0.072592 0.147574
vt 0.072592 0.112426
vt 0.042154 0.250000
vt 0.072592 0.352426
vt 0.042154 0.334853
vt 0.916667 1.000000
vt 0.411414 0.821305
vt 0.987796 1.000000
vt -0.012204 0.963388
vt 0.146077 0.430000
vt 0.250000 0.454853
vt 0.219562 0.472426
vt 0.353923 0.430000
vt 0.427408 0.352426
vt 0.702918 0.784671
vt 0.427408 0.387574
vt 0.808926 0.963388
vt 0.821129 1.000000
vt 0.457846 0.250000
vt 0.427408 0.147574
vt 0.594722 0.706354
vt 0.457846 0.165147
vt 0.583333 1.000000
vt 0.642259 0.963388
vt 0.654463 1.000000
vt 0.475592 0.963388
vt 0.487796 1.000000
vt 0.083333 1.000000
vt 0.154463 1.000000
vt 0.083333 1.000000
s 0
f 49/1/1 61/2/1 8/3/1 5/4/1
f 46/5/2 55/6/2 20/7/2 17/8/2
f 45/9/3 57/10/3 24/11/3 21/12/3
f 48/13/4 52/14/4 12/15/4 9/16/4
f 47/17/5 53/18/5 16/19/5 13/20/5
f 77/21/6 78/22/6 31/23/6 29/24/6
f 81/25/7 2/26/7 3/27/7 80/28/7
f 63/29/8 66/30/8 64/31/8 65/32/8
f 72/33/5 63/33/5 9/16/5 47/17/5
f 4/12/2 13/20/2 46/5/2 67/9/2
f 44/34/1 43/35/1 74/14/1 70/13/1
f 79/36/9 80/37/9 3/27/9 1/38/9
f 50/33/10 25/33/10 40/16/10 69/17/10
f 81/39/11 82/40/11 64/31/11 66/41/11
f 52/42/12 6/35/12 7/43/12 51/44/12
f 5/4/13 8/3/13 7/43/13 6/45/13
f 61/46/14 51/47/14 7/43/14 8/48/14
f 52/49/15 62/50/15 10/51/15 12/52/15
f 53/18/16 11/53/16 10/51/16 62/54/16
f 9/16/17 12/15/17 10/51/17 11/53/17
f 53/55/18 54/56/18 14/57/18 16/58/18
f 55/59/19 15/60/19 14/57/19 54/61/19
f 13/20/20 16/19/20 14/57/20 15/60/20
f 55/21/21 56/22/21 18/23/21 20/24/21
f 57/10/22 19/62/22 18/23/22 56/63/22
f 17/8/23 20/7/23 18/23/23 19/62/23
f 57/36/24 58/37/24 22/27/24 24/38/24
f 59/25/25 23/26/25 22/27/25 58/28/25
f 21/12/26 24/11/26 22/27/26 23/26/26
f 59/39/27 60/40/27 26/31/27 28/41/27
f 61/64/28 27/32/28 26/31/28 60/65/28
f 25/29/29 28/30/29 26/31/29 27/32/29
f 75/18/30 38/53/30 39/51/30 84/54/30
f 83/46/31 73/47/31 42/43/31 41/48/31
f 74/42/32 43/35/32 42/43/32 73/44/32
f 70/13/1 74/14/1 37/15/1 40/16/1
f 68/5/3 77/6/3 29/7/3 32/8/3
f 75/55/33 76/56/33 35/57/33 33/58/33
f 40/16/10 38/53/10 75/18/10 69/17/10
f 36/20/34 33/19/34 35/57/34 34/60/34
f 36/20/3 34/60/3 77/6/3 68/5/3
f 69/17/10 75/18/10 33/19/10 36/20/10
f 5/34/4 48/13/4 71/1/4 44/4/4
f 17/8/3 45/9/3 68/5/3 32/8/3
f 63/29/4 71/1/4 48/13/4 9/16/4
f 44/4/35 41/3/35 42/43/35 43/45/35
f 67/9/2 46/5/2 17/8/2 32/8/2
f 25/29/1 49/1/1 70/13/1 40/16/1
f 74/49/36 84/50/36 39/51/36 37/52/36
f 40/16/37 37/15/37 39/51/37 38/53/37
f 77/59/38 34/60/38 35/57/38 76/61/38
f 79/10/39 30/62/39 31/23/39 78/63/39
f 32/8/40 29/7/40 31/23/40 30/62/40
f 71/1/4 83/2/4 41/3/4 44/4/4
f 4/12/41 1/11/41 3/27/41 2/26/41
f 67/9/2 79/10/2 1/11/2 4/12/2
f 83/64/42 65/32/42 64/31/42 82/65/42
f 32/8/2 30/62/2 79/10/2 67/9/2
f 17/8/3 19/62/3 57/10/3 45/9/3
f 13/20/2 15/60/2 55/6/2 46/5/2
f 9/16/5 11/53/5 53/18/5 47/17/5
f 68/5/3 45/9/3 21/12/3 36/20/3
f 70/13/1 49/1/1 5/4/1 44/34/1
f 5/34/4 6/35/4 52/14/4 48/13/4
f 50/33/10 69/17/10 36/20/10 21/33/10
f 25/29/1 27/32/1 61/66/1 49/1/1
f 59/33/10 28/33/10 25/33/10 50/33/10
f 59/39/10 50/33/10 21/33/10 23/26/10
f 63/29/4 65/32/4 83/66/4 71/1/4
f 81/33/5 66/33/5 63/33/5 72/33/5
f 81/39/5 72/33/5 4/33/5 2/26/5
f 72/33/5 47/17/5 13/20/5 4/33/5
f 92/33/43 125/33/43 126/33/43 93/33/43
f 93/33/44 126/33/44 127/33/44 94/33/44
f 94/33/43 127/33/43 128/33/43 95/33/43
f 95/33/45 128/33/45 129/33/45 96/33/45
f 96/33/43 129/33/43 130/33/43 97/33/43
f 97/33/44 130/33/44 131/33/44 98/33/44
f 98/33/43 131/33/43 132/33/43 99/33/43
f 99/33/45 132/33/45 133/33/45 100/33/45
f 100/33/43 133/33/43 134/33/43 101/33/43
f 101/33/44 134/33/44 135/33/44 102/33/44
f 102/33/43 135/33/43 136/33/43 103/33/43
f 103/33/45 136/33/45 137/33/45 104/33/45
f 104/33/43 137/33/43 138/33/43 105/33/43
f 105/33/44 138/33/44 139/33/44 106/33/44
f 106/33/43 139/33/43 140/33/43 107/33/43
f 107/33/45 140/33/45 141/33/45 108/33/45
f 108/33/43 141/33/43 142/33/43 109/33/43
f 109/33/46 142/33/46 143/33/46 110/33/46
f 110/33/47 143/33/47 144/33/47 111/33/47
f 114/33/48 115/33/48 118/33/48 85/33/48
f 111/33/49 144/33/49 145/33/49 112/33/49
f 85/33/50 118/33/50 119/33/50 86/33/50
f 112/33/51 145/33/51 146/33/51 113/33/51
f 86/33/52 119/33/52 120/33/52 87/33/52
f 87/33/53 120/33/53 121/33/53 88/33/53
f 88/33/43 121/33/43 122/33/43 89/33/43
f 89/33/44 122/33/44 123/33/44 90/33/44
f 90/33/43 123/33/43 124/33/43 91/33/43
f 91/33/45 124/33/45 125/33/45 92/33/45
f 133/33/54 166/33/54 167/33/54 134/33/54
f 134/33/55 167/33/55 168/33/55 135/33/55
f 135/33/54 168/33/54 169/33/54 136/33/54
f 136/33/56 169/33/56 170/33/56 137/33/56
f 137/33/54 170/33/54 171/33/54 138/33/54
f 138/33/55 171/33/55 172/33/55 139/33/55
f 139/33/54 172/33/54 173/33/54 140/33/54
f 140/33/56 173/33/56 174/33/56 141/33/56
f 141/33/54 174/33/54 175/33/54 142/33/54
f 142/33/57 175/33/57 176/33/57 143/33/57
f 143/33/58 176/33/58 177/33/58 144/33/58
f 115/33/59 116/33/59 151/33/59 118/33/59
f 144/33/60 177/33/60 178/33/60 145/33/60
f 118/33/61 151/33/61 152/33/61 119/33/61
f 145/33/62 178/33/62 179/33/62 146/33/62
f 119/33/63 152/33/63 153/33/63 120/33/63
f 120/33/64 153/33/64 154/33/64 121/33/64
f 121/33/54 154/33/54 155/33/54 122/33/54
f 122/33/55 155/33/55 156/33/55 123/33/55
f 123/33/54 156/33/54 157/33/54 124/33/54
f 124/33/56 157/33/56 158/33/56 125/33/56
f 125/33/54 158/33/54 159/33/54 126/33/54
f 126/33/55 159/33/55 160/33/55 127/33/55
f 127/33/54 160/33/54 161/33/54 128/33/54
f 128/33/56 161/33/56 162/33/56 129/33/56
f 129/33/54 162/33/54 163/33/54 130/33/54
f 130/33/55 163/33/55 164/33/55 131/33/55
f 131/33/54 164/33/54 165/33/54 132/33/54
f 132/33/56 165/33/56 166/33/56 133/33/56
f 154/33/65 187/33/65 188/33/65 155/33/65
f 155/33/66 188/33/66 189/33/66 156/33/66
f 156/33/65 189/33/65 190/33/65 157/33/65
f 157/33/67 190/33/67 191/33/67 158/33/67
f 158/33/65 191/33/65 192/33/65 159/33/65
f 159/33/66 192/33/66 193/33/66 160/33/66
f 160/33/65 193/33/65 194/33/65 161/33/65
f 161/33/67 194/33/67 195/33/67 162/33/67
f 162/33/65 195/33/65 196/33/65 163/33/65
f 163/33/66 196/33/66 197/33/66 164/33/66
f 164/33/65 197/33/65 198/33/65 165/33/65
f 165/33/67 198/33/67 199/33/67 166/33/67
f 166/33/65 199/33/65 200/33/65 167/33/65
f 167/33/66 200/33/66 201/33/66 168/33/66
f 168/33/65 201/33/65 202/33/65 169/33/65
f 169/33/67 202/33/67 203/33/67 170/33/67
f 170/33/65 203/33/65 204/33/65 171/33/65
f 171/33/66 204/33/66 205/33/66 172/33/66
f 172/33/65 205/33/65 206/33/65 173/33/65
f 173/33/67 206/33/67 207/33/67 174/33/67
f 174/33/65 207/33/65 208/33/65 175/33/65
f 175/33/66 208/33/66 209/33/66 176/33/66
f 176/33/68 209/33/68 210/33/68 177/33/68
f 116/33/69 117/33/69 184/33/69 151/33/69
f 177/33/70 210/33/70 211/33/70 178/33/70
f 151/33/71 184/33/71 185/33/71 152/33/71
f 178/33/72 211/33/72 212/33/72 179/33/72
f 152/33/73 185/33/73 186/33/73 153/33/73
f 153/33/74 186/33/74 187/33/74 154/33/74
f 201/33/75 234/33/75 235/33/75 202/33/75
f 202/33/76 235/33/76 236/33/76 203/33/76
f 203/33/75 236/33/75 237/33/75 204/33/75
f 204/33/77 237/33/77 238/33/77 205/33/77
f 205/33/75 238/33/75 239/33/75 206/33/75
f 206/33/76 239/33/76 240/33/76 207/33/76
f 207/33/75 240/33/75 241/33/75 208/33/75
f 208/33/77 241/33/77 242/33/77 209/33/77
f 209/33/78 242/33/78 243/33/78 210/33/78
f 117/33/79 147/33/79 217/33/79 184/33/79
f 210/33/80 243/33/80 244/33/80 211/33/80
f 184/33/81 217/33/81 218/33/81 185/33/81
f 211/33/82 244/33/82 245/33/82 212/33/82
f 185/33/83 218/33/83 219/33/83 186/33/83
f 186/33/84 219/33/84 220/33/84 187/33/84
f 187/33/75 220/33/75 221/33/75 188/33/75
f 188/33/77 221/33/77 222/33/77 189/33/77
f 189/33/75 222/33/75 223/33/75 190/33/75
f 190/33/76 223/33/76 224/33/76 191/33/76
f 191/33/75 224/33/75 225/33/75 192/33/75
f 192/33/77 225/33/77 226/33/77 193/33/77
f 193/33/75 226/33/75 227/33/75 194/33/75
f 194/33/76 227/33/76 228/33/76 195/33/76
f 195/33/75 228/33/75 229/33/75 196/33/75
f 196/33/77 229/33/77 230/33/77 197/33/77
f 197/33/75 230/33/75 231/33/75 198/33/75
f 198/33/76 231/33/76 232/33/76 199/33/76
f 199/33/75 232/33/75 233/33/75 200/33/75
f 200/33/77 233/33/77 234/33/77 201/33/77
f 222/33/85 254/33/85 255/33/85 223/33/85
f 223/33/86 255/33/86 256/33/86 224/33/86
f 224/33/85 256/33/85 257/33/85 225/33/85
f 225/33/87 257/33/87 258/33/87 226/33/87
f 226/33/85 258/33/85 259/33/85 227/33/85
f 227/33/86 259/33/86 260/33/86 228/33/86
f 228/33/85 260/33/85 261/33/85 229/33/85
f 229/33/87 261/33/87 262/33/87 230/33/87
f 230/33/85 262/33/85 263/33/85 231/33/85
f 231/33/86 263/33/86 264/33/86 232/33/86
f 232/33/85 264/33/85 265/33/85 233/33/85
f 233/33/87 265/33/87 266/33/87 234/33/87
f 234/33/85 266/33/85 267/33/85 235/33/85
f 235/33/86 267/33/86 268/33/86 236/33/86
f 236/33/85 268/33/85 269/33/85 237/33/85
f 237/33/87 269/33/87 270/33/87 238/33/87
f 238/33/85 270/33/85 271/33/85 239/33/85
f 239/33/86 271/33/86 272/33/86 240/33/86
f 240/33/85 272/33/85 273/33/85 241/33/85
f 241/33/87 273/33/87 274/33/87 242/33/87
f 242/33/88 274/33/88 275/33/88 243/33/88
f 147/33/89 149/33/89 217/33/89
f 243/33/90 275/33/90 276/33/90 244/33/90
f 244/33/91 276/33/91 277/33/91 245/33/91
f 218/33/92 250/33/92 251/33/92 219/33/92
f 219/33/93 251/33/93 252/33/93 220/33/93
f 2332/33/94 759/33/94 758/33/94 2361/33/94 2333/33/94
f 220/33/85 252/33/85 253/33/85 221/33/85
f 221/33/87 253/33/87 254/33/87 222/33/87
f 268/33/95 300/33/95 301/33/95 269/33/95
f 269/33/96 301/33/96 302/33/96 270/33/96
f 270/33/97 302/33/97 303/33/97 271/33/97
f 271/33/98 303/33/98 304/33/98 272/33/98
f 272/33/95 304/33/95 305/33/95 273/33/95
f 273/33/99 305/33/99 306/33/99 274/33/99
f 274/33/100 306/33/100 307/33/100 275/33/100
f 275/33/101 307/33/101 308/33/101 276/33/101
f 148/33/102 150/33/102 282/33/102 250/33/102
f 276/33/103 308/33/103 309/33/103 277/33/103
f 250/33/102 282/33/102 283/33/102 251/33/102
f 251/33/104 283/33/104 284/33/104 252/33/104
f 252/33/95 284/33/95 285/33/95 253/33/95
f 253/33/96 285/33/96 286/33/96 254/33/96
f 254/33/97 286/33/97 287/33/97 255/33/97
f 255/33/98 287/33/98 288/33/98 256/33/98
f 256/33/95 288/33/95 289/33/95 257/33/95
f 257/33/96 289/33/96 290/33/96 258/33/96
f 258/33/97 290/33/97 291/33/97 259/33/97
f 259/33/98 291/33/98 292/33/98 260/33/98
f 260/33/95 292/33/95 293/33/95 261/33/95
f 261/33/96 293/33/96 294/33/96 262/33/96
f 262/33/97 294/33/97 295/33/97 263/33/97
f 263/33/98 295/33/98 296/33/98 264/33/98
f 264/33/95 296/33/95 297/33/95 265/33/95
f 265/33/96 297/33/96 298/33/96 266/33/96
f 266/33/97 298/33/97 299/33/97 267/33/97
f 267/33/98 299/33/98 300/33/98 268/33/98
f 288/33/105 320/33/105 321/33/105 289/33/105
f 289/33/106 321/33/106 322/33/106 290/33/106
f 290/33/105 322/33/105 323/33/105 291/33/105
f 291/33/107 323/33/107 324/33/107 292/33/107
f 292/33/105 324/33/105 325/33/105 293/33/105
f 293/33/108 325/33/108 326/33/108 294/33/108
f 294/33/105 326/33/105 327/33/105 295/33/105
f 295/33/107 327/33/107 328/33/107 296/33/107
f 296/33/105 328/33/105 329/33/105 297/33/105
f 297/33/106 329/33/106 330/33/106 298/33/106
f 298/33/105 330/33/105 331/33/105 299/33/105
f 299/33/107 331/33/107 332/33/107 300/33/107
f 300/33/105 332/33/105 333/33/105 301/33/105
f 301/33/106 333/33/106 334/33/106 302/33/106
f 302/33/105 334/33/105 335/33/105 303/33/105
f 303/33/107 335/33/107 336/33/107 304/33/107
f 304/33/105 336/33/105 337/33/105 305/33/105
f 305/33/108 337/33/108 338/33/108 306/33/108
f 306/33/109 338/33/109 339/33/109 307/33/109
f 307/33/110 339/33/110 340/33/110 308/33/110
f 150/33/111 180/33/111 314/33/111 282/33/111
f 308/33/112 340/33/112 341/33/112 309/33/112
f 282/33/111 314/33/111 315/33/111 283/33/111
f 283/33/113 315/33/113 316/33/113 284/33/113
f 284/33/105 316/33/105 317/33/105 285/33/105
f 285/33/106 317/33/106 318/33/106 286/33/106
f 286/33/105 318/33/105 319/33/105 287/33/105
f 287/33/107 319/33/107 320/33/107 288/33/107
f 334/33/114 366/33/114 367/33/114 335/33/114
f 335/33/115 367/33/115 368/33/115 336/33/115
f 336/33/114 368/33/114 369/33/114 337/33/114
f 337/33/116 369/33/116 370/33/116 338/33/116
f 338/33/117 370/33/117 371/33/117 339/33/117
f 339/33/118 371/33/118 372/33/118 340/33/118
f 180/33/119 181/33/119 346/33/119 314/33/119
f 340/33/120 372/33/120 373/33/120 341/33/120
f 314/33/119 346/33/119 347/33/119 315/33/119
f 315/33/121 347/33/121 348/33/121 316/33/121
f 316/33/114 348/33/114 349/33/114 317/33/114
f 317/33/116 349/33/116 350/33/116 318/33/116
f 318/33/114 350/33/114 351/33/114 319/33/114
f 319/33/115 351/33/115 352/33/115 320/33/115
f 320/33/114 352/33/114 353/33/114 321/33/114
f 321/33/116 353/33/116 354/33/116 322/33/116
f 322/33/114 354/33/114 355/33/114 323/33/114
f 323/33/115 355/33/115 356/33/115 324/33/115
f 324/33/114 356/33/114 357/33/114 325/33/114
f 325/33/116 357/33/116 358/33/116 326/33/116
f 326/33/114 358/33/114 359/33/114 327/33/114
f 327/33/115 359/33/115 360/33/115 328/33/115
f 328/33/114 360/33/114 361/33/114 329/33/114
f 329/33/116 361/33/116 362/33/116 330/33/116
f 330/33/114 362/33/114 363/33/114 331/33/114
f 331/33/115 363/33/115 364/33/115 332/33/115
f 332/33/114 364/33/114 365/33/114 333/33/114
f 333/33/116 365/33/116 366/33/116 334/33/116
f 354/33/122 386/33/122 387/33/122 355/33/122
f 355/33/123 387/33/123 388/33/123 356/33/123
f 356/33/122 388/33/122 389/33/122 357/33/122
f 357/33/124 389/33/124 390/33/124 358/33/124
f 358/33/122 390/33/122 391/33/122 359/33/122
f 359/33/123 391/33/123 392/33/123 360/33/123
f 360/33/122 392/33/122 393/33/122 361/33/122
f 361/33/124 393/33/124 394/33/124 362/33/124
f 362/33/122 394/33/122 395/33/122 363/33/122
f 363/33/123 395/33/123 396/33/123 364/33/123
f 364/33/122 396/33/122 397/33/122 365/33/122
f 365/33/124 397/33/124 398/33/124 366/33/124
f 366/33/122 398/33/122 399/33/122 367/33/122
f 367/33/123 399/33/123 400/33/123 368/33/123
f 368/33/122 400/33/122 401/33/122 369/33/122
f 369/33/124 401/33/124 402/33/124 370/33/124
f 370/33/125 402/33/125 403/33/125 371/33/125
f 371/33/126 403/33/126 404/33/126 372/33/126
f 181/33/127 182/33/127 378/33/127 346/33/127
f 372/33/128 404/33/128 405/33/128 373/33/128
f 346/33/129 378/33/129 379/33/129 347/33/129
f 347/33/130 379/33/130 380/33/130 348/33/130
f 348/33/122 380/33/122 381/33/122 349/33/122
f 349/33/124 381/33/124 382/33/124 350/33/124
f 350/33/122 382/33/122 383/33/122 351/33/122
f 351/33/123 383/33/123 384/33/123 352/33/123
f 352/33/122 384/33/122 385/33/122 353/33/122
f 353/33/124 385/33/124 386/33/124 354/33/124
f 400/33/131 432/33/131 433/33/131 401/33/131
f 401/33/132 433/33/132 434/33/132 402/33/132
f 402/33/133 434/33/133 435/33/133 403/33/133
f 403/33/134 435/33/134 436/33/134 404/33/134
f 182/33/135 183/33/135 410/33/135 378/33/135
f 404/33/136 436/33/136 437/33/136 405/33/136
f 378/33/135 410/33/135 411/33/135 379/33/135
f 379/33/137 411/33/137 412/33/137 380/33/137
f 380/33/138 412/33/138 413/33/138 381/33/138
f 381/33/132 413/33/132 414/33/132 382/33/132
f 382/33/131 414/33/131 415/33/131 383/33/131
f 383/33/139 415/33/139 416/33/139 384/33/139
f 384/33/131 416/33/131 417/33/131 385/33/131
f 385/33/132 417/33/132 418/33/132 386/33/132
f 386/33/131 418/33/131 419/33/131 387/33/131
f 387/33/139 419/33/139 420/33/139 388/33/139
f 388/33/131 420/33/131 421/33/131 389/33/131
f 389/33/132 421/33/132 422/33/132 390/33/132
f 390/33/131 422/33/131 423/33/131 391/33/131
f 391/33/139 423/33/139 424/33/139 392/33/139
f 392/33/131 424/33/131 425/33/131 393/33/131
f 393/33/132 425/33/132 426/33/132 394/33/132
f 394/33/131 426/33/131 427/33/131 395/33/131
f 395/33/139 427/33/139 428/33/139 396/33/139
f 396/33/131 428/33/131 429/33/131 397/33/131
f 397/33/132 429/33/132 430/33/132 398/33/132
f 398/33/131 430/33/131 431/33/131 399/33/131
f 399/33/139 431/33/139 432/33/139 400/33/139
f 420/33/140 452/33/140 453/33/140 421/33/140
f 421/33/141 453/33/141 454/33/141 422/33/141
f 422/33/140 454/33/140 455/33/140 423/33/140
f 423/33/142 455/33/142 456/33/142 424/33/142
f 424/33/140 456/33/140 457/33/140 425/33/140
f 425/33/141 457/33/141 458/33/141 426/33/141
f 426/33/140 458/33/140 459/33/140 427/33/140
f 427/33/142 459/33/142 460/33/142 428/33/142
f 428/33/140 460/33/140 461/33/140 429/33/140
f 429/33/141 461/33/141 462/33/141 430/33/141
f 430/33/140 462/33/140 463/33/140 431/33/140
f 431/33/142 463/33/142 464/33/142 432/33/142
f 432/33/140 464/33/140 465/33/140 433/33/140
f 433/33/141 465/33/141 466/33/141 434/33/141
f 434/33/143 466/33/143 467/33/143 435/33/143
f 435/33/144 467/33/144 468/33/144 436/33/144
f 183/33/145 213/33/145 442/33/145 410/33/145
f 436/33/146 468/33/146 469/33/146 437/33/146
f 410/33/145 442/33/145 443/33/145 411/33/145
f 411/33/147 443/33/147 444/33/147 412/33/147
f 412/33/148 444/33/148 445/33/148 413/33/148
f 413/33/141 445/33/141 446/33/141 414/33/141
f 414/33/140 446/33/140 447/33/140 415/33/140
f 415/33/142 447/33/142 448/33/142 416/33/142
f 416/33/140 448/33/140 449/33/140 417/33/140
f 417/33/141 449/33/141 450/33/141 418/33/141
f 418/33/140 450/33/140 451/33/140 419/33/140
f 419/33/142 451/33/142 452/33/142 420/33/142
f 467/33/149 499/33/149 500/33/149 468/33/149
f 213/33/150 214/33/150 474/33/150 442/33/150
f 468/33/151 500/33/151 501/33/151 469/33/151
f 442/33/150 474/33/150 475/33/150 443/33/150
f 443/33/152 475/33/152 476/33/152 444/33/152
f 444/33/153 476/33/153 477/33/153 445/33/153
f 445/33/154 477/33/154 478/33/154 446/33/154
f 446/33/155 478/33/155 479/33/155 447/33/155
f 447/33/156 479/33/156 480/33/156 448/33/156
f 448/33/155 480/33/155 481/33/155 449/33/155
f 449/33/154 481/33/154 482/33/154 450/33/154
f 450/33/155 482/33/155 483/33/155 451/33/155
f 451/33/156 483/33/156 484/33/156 452/33/156
f 452/33/155 484/33/155 485/33/155 453/33/155
f 453/33/154 485/33/154 486/33/154 454/33/154
f 454/33/155 486/33/155 487/33/155 455/33/155
f 455/33/156 487/33/156 488/33/156 456/33/156
f 456/33/155 488/33/155 489/33/155 457/33/155
f 457/33/154 489/33/154 490/33/154 458/33/154
f 458/33/155 490/33/155 491/33/155 459/33/155
f 459/33/156 491/33/156 492/33/156 460/33/156
f 460/33/155 492/33/155 493/33/155 461/33/155
f 461/33/154 493/33/154 494/33/154 462/33/154
f 462/33/155 494/33/155 495/33/155 463/33/155
f 463/33/156 495/33/156 496/33/156 464/33/156
f 464/33/155 496/33/155 497/33/155 465/33/155
f 465/33/154 497/33/154 498/33/154 466/33/154
f 466/33/157 498/33/157 499/33/157 467/33/157
f 488/33/158 520/33/158 521/33/158 489/33/158
f 489/33/159 521/33/159 522/33/159 490/33/159
f 490/33/158 522/33/158 523/33/158 491/33/158
f 491/33/160 523/33/160 524/33/160 492/33/160
f 492/33/158 524/33/158 525/33/158 493/33/158
f 493/33/161 525/33/161 526/33/161 494/33/161
f 494/33/158 526/33/158 527/33/158 495/33/158
f 495/33/160 527/33/160 528/33/160 496/33/160
f 496/33/158 528/33/158 529/33/158 497/33/158
f 497/33/161 529/33/161 530/33/161 498/33/161
f 498/33/162 530/33/162 531/33/162 499/33/162
f 499/33/163 531/33/163 532/33/163 500/33/163
f 214/33/164 215/33/164 506/33/164 474/33/164
f 500/33/165 532/33/165 533/33/165 501/33/165
f 474/33/164 506/33/164 507/33/164 475/33/164
f 1487/33/166 504/33/166 503/33/166 1516/33/166 1488/33/166
f 475/33/167 507/33/167 508/33/167 476/33/167
f 476/33/168 508/33/168 509/33/168 477/33/168
f 477/33/161 509/33/161 510/33/161 478/33/161
f 478/33/158 510/33/158 511/33/158 479/33/158
f 479/33/160 511/33/160 512/33/160 480/33/160
f 480/33/158 512/33/158 513/33/158 481/33/158
f 481/33/161 513/33/161 514/33/161 482/33/161
f 482/33/158 514/33/158 515/33/158 483/33/158
f 483/33/160 515/33/160 516/33/160 484/33/160
f 484/33/158 516/33/158 517/33/158 485/33/158
f 485/33/161 517/33/161 518/33/161 486/33/161
f 486/33/158 518/33/158 519/33/158 487/33/158
f 487/33/160 519/33/160 520/33/160 488/33/160
f 508/33/169 540/33/169 541/33/169 509/33/169
f 509/33/170 541/33/170 542/33/170 510/33/170
f 510/33/171 542/33/171 543/33/171 511/33/171
f 511/33/172 543/33/172 544/33/172 512/33/172
f 512/33/171 544/33/171 545/33/171 513/33/171
f 513/33/170 545/33/170 546/33/170 514/33/170
f 514/33/171 546/33/171 547/33/171 515/33/171
f 515/33/172 547/33/172 548/33/172 516/33/172
f 516/33/171 548/33/171 549/33/171 517/33/171
f 517/33/170 549/33/170 550/33/170 518/33/170
f 518/33/171 550/33/171 551/33/171 519/33/171
f 519/33/172 551/33/172 552/33/172 520/33/172
f 520/33/171 552/33/171 553/33/171 521/33/171
f 521/33/170 553/33/170 554/33/170 522/33/170
f 522/33/171 554/33/171 555/33/171 523/33/171
f 523/33/172 555/33/172 556/33/172 524/33/172
f 524/33/171 556/33/171 557/33/171 525/33/171
f 525/33/170 557/33/170 558/33/170 526/33/170
f 526/33/171 558/33/171 559/33/171 527/33/171
f 527/33/172 559/33/172 560/33/172 528/33/172
f 528/33/171 560/33/171 561/33/171 529/33/171
f 529/33/170 561/33/170 562/33/170 530/33/170
f 530/33/173 562/33/173 563/33/173 531/33/173
f 531/33/174 563/33/174 564/33/174 532/33/174
f 215/33/175 216/33/175 538/33/175 506/33/175
f 532/33/176 564/33/176 565/33/176 533/33/176
f 506/33/175 538/33/175 539/33/175 507/33/175
f 507/33/177 539/33/177 540/33/177 508/33/177
f 554/33/178 586/33/178 587/33/178 555/33/178
f 555/33/179 587/33/179 588/33/179 556/33/179
f 556/33/178 588/33/178 589/33/178 557/33/178
f 557/33/180 589/33/180 590/33/180 558/33/180
f 558/33/178 590/33/178 591/33/178 559/33/178
f 559/33/179 591/33/179 592/33/179 560/33/179
f 560/33/178 592/33/178 593/33/178 561/33/178
f 561/33/180 593/33/180 594/33/180 562/33/180
f 562/33/178 594/33/178 595/33/178 563/33/178
f 563/33/181 595/33/181 596/33/181 564/33/181
f 216/33/182 246/33/182 570/33/182 538/33/182
f 564/33/183 596/33/183 597/33/183 565/33/183
f 538/33/182 570/33/182 571/33/182 539/33/182
f 539/33/184 571/33/184 572/33/184 540/33/184
f 540/33/185 572/33/185 573/33/185 541/33/185
f 541/33/180 573/33/180 574/33/180 542/33/180
f 542/33/178 574/33/178 575/33/178 543/33/178
f 543/33/179 575/33/179 576/33/179 544/33/179
f 544/33/178 576/33/178 577/33/178 545/33/178
f 545/33/180 577/33/180 578/33/180 546/33/180
f 546/33/178 578/33/178 579/33/178 547/33/178
f 547/33/179 579/33/179 580/33/179 548/33/179
f 548/33/178 580/33/178 581/33/178 549/33/178
f 549/33/180 581/33/180 582/33/180 550/33/180
f 550/33/178 582/33/178 583/33/178 551/33/178
f 551/33/179 583/33/179 584/33/179 552/33/179
f 552/33/178 584/33/178 585/33/178 553/33/178
f 553/33/180 585/33/180 586/33/180 554/33/180
f 574/33/186 606/33/186 607/33/186 575/33/186
f 575/33/187 607/33/187 608/33/187 576/33/187
f 576/33/186 608/33/186 609/33/186 577/33/186
f 577/33/188 609/33/188 610/33/188 578/33/188
f 578/33/186 610/33/186 611/33/186 579/33/186
f 579/33/187 611/33/187 612/33/187 580/33/187
f 580/33/186 612/33/186 613/33/186 581/33/186
f 581/33/188 613/33/188 614/33/188 582/33/188
f 582/33/186 614/33/186 615/33/186 583/33/186
f 583/33/187 615/33/187 616/33/187 584/33/187
f 584/33/186 616/33/186 617/33/186 585/33/186
f 585/33/188 617/33/188 618/33/188 586/33/188
f 586/33/186 618/33/186 619/33/186 587/33/186
f 587/33/187 619/33/187 620/33/187 588/33/187
f 588/33/186 620/33/186 621/33/186 589/33/186
f 589/33/188 621/33/188 622/33/188 590/33/188
f 590/33/186 622/33/186 623/33/186 591/33/186
f 591/33/187 623/33/187 624/33/187 592/33/187
f 592/33/186 624/33/186 625/33/186 593/33/186
f 593/33/188 625/33/188 626/33/188 594/33/188
f 594/33/186 626/33/186 627/33/186 595/33/186
f 595/33/189 627/33/189 628/33/189 596/33/189
f 246/33/190 247/33/190 602/33/190 570/33/190
f 596/33/191 628/33/191 629/33/191 597/33/191
f 570/33/190 602/33/190 603/33/190 571/33/190
f 571/33/192 603/33/192 604/33/192 572/33/192
f 1146/33/193 407/33/193 406/33/193 1175/33/193 1147/33/193
f 572/33/194 604/33/194 605/33/194 573/33/194
f 573/33/188 605/33/188 606/33/188 574/33/188
f 620/33/195 652/33/195 653/33/195 621/33/195
f 621/33/196 653/33/196 654/33/196 622/33/196
f 622/33/195 654/33/195 655/33/195 623/33/195
f 623/33/197 655/33/197 656/33/197 624/33/197
f 624/33/195 656/33/195 657/33/195 625/33/195
f 625/33/196 657/33/196 658/33/196 626/33/196
f 626/33/195 658/33/195 659/33/195 627/33/195
f 627/33/198 659/33/198 660/33/198 628/33/198
f 247/33/199 248/33/199 634/33/199 602/33/199
f 628/33/200 660/33/200 661/33/200 629/33/200
f 602/33/199 634/33/199 635/33/199 603/33/199
f 603/33/201 635/33/201 636/33/201 604/33/201
f 604/33/202 636/33/202 637/33/202 605/33/202
f 605/33/196 637/33/196 638/33/196 606/33/196
f 606/33/195 638/33/195 639/33/195 607/33/195
f 607/33/197 639/33/197 640/33/197 608/33/197
f 608/33/195 640/33/195 641/33/195 609/33/195
f 609/33/196 641/33/196 642/33/196 610/33/196
f 610/33/195 642/33/195 643/33/195 611/33/195
f 611/33/197 643/33/197 644/33/197 612/33/197
f 612/33/195 644/33/195 645/33/195 613/33/195
f 613/33/196 645/33/196 646/33/196 614/33/196
f 614/33/195 646/33/195 647/33/195 615/33/195
f 615/33/197 647/33/197 648/33/197 616/33/197
f 616/33/195 648/33/195 649/33/195 617/33/195
f 617/33/196 649/33/196 650/33/196 618/33/196
f 618/33/195 650/33/195 651/33/195 619/33/195
f 619/33/197 651/33/197 652/33/197 620/33/197
f 640/33/203 672/33/203 673/33/203 641/33/203
f 641/33/204 673/33/204 674/33/204 642/33/204
f 642/33/203 674/33/203 675/33/203 643/33/203
f 643/33/205 675/33/205 676/33/205 644/33/205
f 644/33/203 676/33/203 677/33/203 645/33/203
f 645/33/204 677/33/204 678/33/204 646/33/204
f 646/33/203 678/33/203 679/33/203 647/33/203
f 647/33/205 679/33/205 680/33/205 648/33/205
f 648/33/203 680/33/203 681/33/203 649/33/203
f 649/33/204 681/33/204 682/33/204 650/33/204
f 650/33/203 682/33/203 683/33/203 651/33/203
f 651/33/206 683/33/206 684/33/206 652/33/206
f 652/33/203 684/33/203 685/33/203 653/33/203
f 653/33/204 685/33/204 686/33/204 654/33/204
f 654/33/203 686/33/203 687/33/203 655/33/203
f 655/33/206 687/33/206 688/33/206 656/33/206
f 656/33/203 688/33/203 689/33/203 657/33/203
f 657/33/204 689/33/204 690/33/204 658/33/204
f 658/33/203 690/33/203 691/33/203 659/33/203
f 659/33/207 691/33/207 692/33/207 660/33/207
f 248/33/208 249/33/208 666/33/208 634/33/208
f 660/33/209 692/33/209 693/33/209 661/33/209
f 634/33/208 666/33/208 667/33/208 635/33/208
f 635/33/210 667/33/210 668/33/210 636/33/210
f 636/33/211 668/33/211 669/33/211 637/33/211
f 637/33/204 669/33/204 670/33/204 638/33/204
f 638/33/203 670/33/203 671/33/203 639/33/203
f 639/33/205 671/33/205 672/33/205 640/33/205
f 686/33/212 718/33/212 719/33/212 687/33/212
f 687/33/213 719/33/213 720/33/213 688/33/213
f 688/33/212 720/33/212 721/33/212 689/33/212
f 689/33/214 721/33/214 722/33/214 690/33/214
f 690/33/212 722/33/212 723/33/212 691/33/212
f 691/33/215 723/33/215 724/33/215 692/33/215
f 249/33/216 278/33/216 698/33/216 666/33/216
f 692/33/217 724/33/217 725/33/217 693/33/217
f 666/33/216 698/33/216 699/33/216 667/33/216
f 667/33/218 699/33/218 700/33/218 668/33/218
f 668/33/219 700/33/219 701/33/219 669/33/219
f 669/33/214 701/33/214 702/33/214 670/33/214
f 670/33/212 702/33/212 703/33/212 671/33/212
f 671/33/213 703/33/213 704/33/213 672/33/213
f 672/33/212 704/33/212 705/33/212 673/33/212
f 673/33/214 705/33/214 706/33/214 674/33/214
f 674/33/212 706/33/212 707/33/212 675/33/212
f 675/33/213 707/33/213 708/33/213 676/33/213
f 676/33/212 708/33/212 709/33/212 677/33/212
f 677/33/214 709/33/214 710/33/214 678/33/214
f 678/33/212 710/33/212 711/33/212 679/33/212
f 679/33/213 711/33/213 712/33/213 680/33/213
f 680/33/212 712/33/212 713/33/212 681/33/212
f 681/33/214 713/33/214 714/33/214 682/33/214
f 682/33/212 714/33/212 715/33/212 683/33/212
f 683/33/213 715/33/213 716/33/213 684/33/213
f 684/33/212 716/33/212 717/33/212 685/33/212
f 685/33/214 717/33/214 718/33/214 686/33/214
f 706/33/220 738/33/220 739/33/220 707/33/220
f 707/33/221 739/33/221 740/33/221 708/33/221
f 708/33/220 740/33/220 741/33/220 709/33/220
f 709/33/222 741/33/222 742/33/222 710/33/222
f 710/33/220 742/33/220 743/33/220 711/33/220
f 711/33/221 743/33/221 744/33/221 712/33/221
f 712/33/220 744/33/220 745/33/220 713/33/220
f 713/33/222 745/33/222 746/33/222 714/33/222
f 714/33/220 746/33/220 747/33/220 715/33/220
f 715/33/221 747/33/221 748/33/221 716/33/221
f 716/33/220 748/33/220 749/33/220 717/33/220
f 717/33/222 749/33/222 750/33/222 718/33/222
f 718/33/220 750/33/220 751/33/220 719/33/220
f 719/33/221 751/33/221 752/33/221 720/33/221
f 720/33/220 752/33/220 753/33/220 721/33/220
f 721/33/222 753/33/222 754/33/222 722/33/222
f 722/33/220 754/33/220 755/33/220 723/33/220
f 723/33/223 755/33/223 756/33/223 724/33/223
f 278/33/224 279/33/224 730/33/224 698/33/224
f 724/33/225 756/33/225 757/33/225 725/33/225
f 698/33/224 730/33/224 731/33/224 699/33/224
f 699/33/226 731/33/226 732/33/226 700/33/226
f 700/33/227 732/33/227 733/33/227 701/33/227
f 701/33/222 733/33/222 734/33/222 702/33/222
f 702/33/220 734/33/220 735/33/220 703/33/220
f 703/33/221 735/33/221 736/33/221 704/33/221
f 704/33/220 736/33/220 737/33/220 705/33/220
f 705/33/222 737/33/222 738/33/222 706/33/222
f 753/33/228 785/33/228 786/33/228 754/33/228
f 754/33/229 786/33/229 787/33/229 755/33/229
f 755/33/230 787/33/230 788/33/230 756/33/230
f 279/33/231 280/33/231 762/33/231 730/33/231
f 756/33/232 788/33/232 789/33/232 757/33/232
f 730/33/231 762/33/231 763/33/231 731/33/231
f 731/33/233 763/33/233 764/33/233 732/33/233
f 732/33/234 764/33/234 765/33/234 733/33/234
f 733/33/228 765/33/228 766/33/228 734/33/228
f 734/33/229 766/33/229 767/33/229 735/33/229
f 735/33/235 767/33/235 768/33/235 736/33/235
f 736/33/229 768/33/229 769/33/229 737/33/229
f 737/33/228 769/33/228 770/33/228 738/33/228
f 738/33/229 770/33/229 771/33/229 739/33/229
f 739/33/235 771/33/235 772/33/235 740/33/235
f 740/33/229 772/33/229 773/33/229 741/33/229
f 741/33/228 773/33/228 774/33/228 742/33/228
f 742/33/229 774/33/229 775/33/229 743/33/229
f 743/33/235 775/33/235 776/33/235 744/33/235
f 744/33/229 776/33/229 777/33/229 745/33/229
f 745/33/228 777/33/228 778/33/228 746/33/228
f 746/33/229 778/33/229 779/33/229 747/33/229
f 747/33/235 779/33/235 780/33/235 748/33/235
f 748/33/229 780/33/229 781/33/229 749/33/229
f 749/33/228 781/33/228 782/33/228 750/33/228
f 750/33/229 782/33/229 783/33/229 751/33/229
f 751/33/235 783/33/235 784/33/235 752/33/235
f 752/33/229 784/33/229 785/33/229 753/33/229
f 773/33/236 805/33/236 806/33/236 774/33/236
f 774/33/237 806/33/237 807/33/237 775/33/237
f 775/33/238 807/33/238 808/33/238 776/33/238
f 776/33/237 808/33/237 809/33/237 777/33/237
f 777/33/236 809/33/236 810/33/236 778/33/236
f 778/33/237 810/33/237 811/33/237 779/33/237
f 779/33/238 811/33/238 812/33/238 780/33/238
f 780/33/237 812/33/237 813/33/237 781/33/237
f 781/33/236 813/33/236 814/33/236 782/33/236
f 782/33/237 814/33/237 815/33/237 783/33/237
f 783/33/238 815/33/238 816/33/238 784/33/238
f 784/33/237 816/33/237 817/33/237 785/33/237
f 785/33/236 817/33/236 818/33/236 786/33/236
f 786/33/237 818/33/237 819/33/237 787/33/237
f 787/33/239 819/33/239 820/33/239 788/33/239
f 280/33/240 281/33/240 794/33/240 762/33/240
f 788/33/241 820/33/241 821/33/241 789/33/241
f 762/33/240 794/33/240 795/33/240 763/33/240
f 763/33/242 795/33/242 796/33/242 764/33/242
f 764/33/243 796/33/243 797/33/243 765/33/243
f 765/33/236 797/33/236 798/33/236 766/33/236
f 766/33/237 798/33/237 799/33/237 767/33/237
f 767/33/238 799/33/238 800/33/238 768/33/238
f 768/33/237 800/33/237 801/33/237 769/33/237
f 769/33/236 801/33/236 802/33/236 770/33/236
f 770/33/237 802/33/237 803/33/237 771/33/237
f 771/33/238 803/33/238 804/33/238 772/33/238
f 772/33/237 804/33/237 805/33/237 773/33/237
f 819/33/244 851/33/244 852/33/244 820/33/244
f 281/33/245 310/33/245 826/33/245 794/33/245
f 820/33/246 852/33/246 853/33/246 821/33/246
f 794/33/245 826/33/245 827/33/245 795/33/245
f 795/33/247 827/33/247 828/33/247 796/33/247
f 796/33/248 828/33/248 829/33/248 797/33/248
f 797/33/249 829/33/249 830/33/249 798/33/249
f 798/33/250 830/33/250 831/33/250 799/33/250
f 799/33/251 831/33/251 832/33/251 800/33/251
f 800/33/250 832/33/250 833/33/250 801/33/250
f 801/33/249 833/33/249 834/33/249 802/33/249
f 802/33/250 834/33/250 835/33/250 803/33/250
f 803/33/251 835/33/251 836/33/251 804/33/251
f 804/33/250 836/33/250 837/33/250 805/33/250
f 805/33/249 837/33/249 838/33/249 806/33/249
f 806/33/250 838/33/250 839/33/250 807/33/250
f 807/33/251 839/33/251 840/33/251 808/33/251
f 808/33/250 840/33/250 841/33/250 809/33/250
f 809/33/249 841/33/249 842/33/249 810/33/249
f 810/33/250 842/33/250 843/33/250 811/33/250
f 811/33/251 843/33/251 844/33/251 812/33/251
f 812/33/250 844/33/250 845/33/250 813/33/250
f 813/33/249 845/33/249 846/33/249 814/33/249
f 814/33/250 846/33/250 847/33/250 815/33/250
f 815/33/251 847/33/251 848/33/251 816/33/251
f 816/33/250 848/33/250 849/33/250 817/33/250
f 817/33/249 849/33/249 850/33/249 818/33/249
f 818/33/250 850/33/250 851/33/250 819/33/250
f 839/33/252 871/33/252 872/33/252 840/33/252
f 840/33/253 872/33/253 873/33/253 841/33/253
f 841/33/254 873/33/254 874/33/254 842/33/254
f 842/33/253 874/33/253 875/33/253 843/33/253
f 843/33/252 875/33/252 876/33/252 844/33/252
f 845/33/254 877/33/254 878/33/254 846/33/254
f 844/33/253 876/33/253 877/33/253 845/33/253
f 846/33/253 878/33/253 879/33/253 847/33/253
f 847/33/252 879/33/252 880/33/252 848/33/252
f 848/33/253 880/33/253 881/33/253 849/33/253
f 849/33/254 881/33/254 882/33/254 850/33/254
f 850/33/253 882/33/253 883/33/253 851/33/253
f 851/33/255 883/33/255 884/33/255 852/33/255
f 852/33/256 884/33/256 885/33/256 853/33/256
f 310/33/257 311/33/257 858/33/257 826/33/257
f 217/33/258 149/33/258 148/33/258 250/33/258 218/33/258
f 826/33/257 858/33/257 859/33/257 827/33/257
f 827/33/259 859/33/259 860/33/259 828/33/259
f 828/33/260 860/33/260 861/33/260 829/33/260
f 829/33/254 861/33/254 862/33/254 830/33/254
f 830/33/253 862/33/253 863/33/253 831/33/253
f 831/33/252 863/33/252 864/33/252 832/33/252
f 832/33/253 864/33/253 865/33/253 833/33/253
f 833/33/254 865/33/254 866/33/254 834/33/254
f 834/33/253 866/33/253 867/33/253 835/33/253
f 835/33/252 867/33/252 868/33/252 836/33/252
f 836/33/253 868/33/253 869/33/253 837/33/253
f 837/33/254 869/33/254 870/33/254 838/33/254
f 838/33/253 870/33/253 871/33/253 839/33/253
f 860/33/261 892/33/261 893/33/261 861/33/261
f 861/33/262 893/33/262 894/33/262 862/33/262
f 862/33/263 894/33/263 895/33/263 863/33/263
f 863/33/264 895/33/264 896/33/264 864/33/264
f 864/33/263 896/33/263 897/33/263 865/33/263
f 865/33/262 897/33/262 898/33/262 866/33/262
f 866/33/263 898/33/263 899/33/263 867/33/263
f 867/33/264 899/33/264 900/33/264 868/33/264
f 868/33/263 900/33/263 901/33/263 869/33/263
f 869/33/262 901/33/262 902/33/262 870/33/262
f 870/33/263 902/33/263 903/33/263 871/33/263
f 871/33/264 903/33/264 904/33/264 872/33/264
f 872/33/263 904/33/263 905/33/263 873/33/263
f 873/33/262 905/33/262 906/33/262 874/33/262
f 874/33/263 906/33/263 907/33/263 875/33/263
f 875/33/264 907/33/264 908/33/264 876/33/264
f 876/33/263 908/33/263 909/33/263 877/33/263
f 877/33/262 909/33/262 910/33/262 878/33/262
f 878/33/263 910/33/263 911/33/263 879/33/263
f 879/33/264 911/33/264 912/33/264 880/33/264
f 880/33/263 912/33/263 913/33/263 881/33/263
f 881/33/262 913/33/262 914/33/262 882/33/262
f 882/33/263 914/33/263 915/33/263 883/33/263
f 883/33/265 915/33/265 916/33/265 884/33/265
f 311/33/266 312/33/266 890/33/266 858/33/266
f 884/33/267 916/33/267 917/33/267 885/33/267
f 858/33/266 890/33/266 891/33/266 859/33/266
f 859/33/268 891/33/268 892/33/268 860/33/268
f 906/33/269 934/33/269 935/33/269 907/33/269
f 907/33/270 935/33/270 936/33/270 908/33/270
f 908/33/269 936/33/269 937/33/269 909/33/269
f 909/33/271 937/33/271 938/33/271 910/33/271
f 910/33/269 938/33/269 939/33/269 911/33/269
f 911/33/270 939/33/270 940/33/270 912/33/270
f 912/33/269 940/33/269 941/33/269 913/33/269
f 913/33/271 941/33/271 942/33/271 914/33/271
f 914/33/269 942/33/269 943/33/269 915/33/269
f 915/33/272 943/33/272 944/33/272 916/33/272
f 312/33/273 313/33/273 918/33/273 890/33/273
f 916/33/274 944/33/274 945/33/274 917/33/274
f 890/33/273 918/33/273 919/33/273 891/33/273
f 891/33/275 919/33/275 920/33/275 892/33/275
f 892/33/276 920/33/276 921/33/276 893/33/276
f 893/33/271 921/33/271 922/33/271 894/33/271
f 894/33/269 922/33/269 923/33/269 895/33/269
f 895/33/270 923/33/270 924/33/270 896/33/270
f 896/33/269 924/33/269 925/33/269 897/33/269
f 897/33/271 925/33/271 926/33/271 898/33/271
f 898/33/269 926/33/269 927/33/269 899/33/269
f 899/33/270 927/33/270 928/33/270 900/33/270
f 900/33/269 928/33/269 929/33/269 901/33/269
f 901/33/271 929/33/271 930/33/271 902/33/271
f 902/33/269 930/33/269 931/33/269 903/33/269
f 903/33/270 931/33/270 932/33/270 904/33/270
f 904/33/269 932/33/269 933/33/269 905/33/269
f 905/33/277 933/33/277 934/33/277 906/33/277
f 922/33/278 950/33/278 951/33/278 923/33/278
f 923/33/279 951/33/279 952/33/279 924/33/279
f 924/33/278 952/33/278 953/33/278 925/33/278
f 925/33/280 953/33/280 954/33/280 926/33/280
f 926/33/278 954/33/278 955/33/278 927/33/278
f 927/33/279 955/33/279 956/33/279 928/33/279
f 928/33/278 956/33/278 957/33/278 929/33/278
f 929/33/280 957/33/280 958/33/280 930/33/280
f 930/33/278 958/33/278 959/33/278 931/33/278
f 931/33/279 959/33/279 960/33/279 932/33/279
f 932/33/278 960/33/278 961/33/278 933/33/278
f 933/33/280 961/33/280 962/33/280 934/33/280
f 934/33/278 962/33/278 963/33/278 935/33/278
f 935/33/279 963/33/279 964/33/279 936/33/279
f 936/33/278 964/33/278 965/33/278 937/33/278
f 937/33/280 965/33/280 966/33/280 938/33/280
f 938/33/278 966/33/278 967/33/278 939/33/278
f 939/33/279 967/33/279 968/33/279 940/33/279
f 940/33/278 968/33/278 969/33/278 941/33/278
f 941/33/280 969/33/280 970/33/280 942/33/280
f 942/33/278 970/33/278 971/33/278 943/33/278
f 943/33/281 971/33/281 972/33/281 944/33/281
f 313/33/282 342/33/282 946/33/282 918/33/282
f 944/33/283 972/33/283 973/33/283 945/33/283
f 918/33/282 946/33/282 947/33/282 919/33/282
f 919/33/284 947/33/284 948/33/284 920/33/284
f 920/33/285 948/33/285 949/33/285 921/33/285
f 921/33/280 949/33/280 950/33/280 922/33/280
f 964/33/286 992/33/286 993/33/286 965/33/286
f 965/33/287 993/33/287 994/33/287 966/33/287
f 966/33/286 994/33/286 995/33/286 967/33/286
f 967/33/288 995/33/288 996/33/288 968/33/288
f 968/33/286 996/33/286 997/33/286 969/33/286
f 969/33/287 997/33/287 998/33/287 970/33/287
f 970/33/286 998/33/286 999/33/286 971/33/286
f 971/33/289 999/33/289 1000/33/289 972/33/289
f 342/33/290 343/33/290 974/33/290 946/33/290
f 972/33/291 1000/33/291 1001/33/291 973/33/291
f 946/33/290 974/33/290 975/33/290 947/33/290
f 947/33/292 975/33/292 976/33/292 948/33/292
f 948/33/293 976/33/293 977/33/293 949/33/293
f 949/33/287 977/33/287 978/33/287 950/33/287
f 950/33/286 978/33/286 979/33/286 951/33/286
f 951/33/288 979/33/288 980/33/288 952/33/288
f 952/33/286 980/33/286 981/33/286 953/33/286
f 953/33/287 981/33/287 982/33/287 954/33/287
f 954/33/286 982/33/286 983/33/286 955/33/286
f 955/33/288 983/33/288 984/33/288 956/33/288
f 956/33/286 984/33/286 985/33/286 957/33/286
f 957/33/287 985/33/287 986/33/287 958/33/287
f 958/33/286 986/33/286 987/33/286 959/33/286
f 959/33/288 987/33/288 988/33/288 960/33/288
f 960/33/286 988/33/286 989/33/286 961/33/286
f 961/33/287 989/33/287 990/33/287 962/33/287
f 962/33/286 990/33/286 991/33/286 963/33/286
f 963/33/288 991/33/288 992/33/288 964/33/288
f 980/33/294 1008/33/294 1009/33/294 981/33/294
f 981/33/295 1009/33/295 1010/33/295 982/33/295
f 982/33/294 1010/33/294 1011/33/294 983/33/294
f 983/33/296 1011/33/296 1012/33/296 984/33/296
f 984/33/294 1012/33/294 1013/33/294 985/33/294
f 985/33/295 1013/33/295 1014/33/295 986/33/295
f 986/33/294 1014/33/294 1015/33/294 987/33/294
f 987/33/296 1015/33/296 1016/33/296 988/33/296
f 988/33/294 1016/33/294 1017/33/294 989/33/294
f 989/33/295 1017/33/295 1018/33/295 990/33/295
f 990/33/294 1018/33/294 1019/33/294 991/33/294
f 991/33/296 1019/33/296 1020/33/296 992/33/296
f 992/33/294 1020/33/294 1021/33/294 993/33/294
f 993/33/295 1021/33/295 1022/33/295 994/33/295
f 994/33/294 1022/33/294 1023/33/294 995/33/294
f 995/33/296 1023/33/296 1024/33/296 996/33/296
f 996/33/294 1024/33/294 1025/33/294 997/33/294
f 997/33/295 1025/33/295 1026/33/295 998/33/295
f 998/33/294 1026/33/294 1027/33/294 999/33/294
f 999/33/297 1027/33/297 1028/33/297 1000/33/297
f 343/33/298 344/33/298 1002/33/298 974/33/298
f 1000/33/299 1028/33/299 1029/33/299 1001/33/299
f 974/33/298 1002/33/298 1003/33/298 975/33/298
f 975/33/300 1003/33/300 1004/33/300 976/33/300
f 976/33/301 1004/33/301 1005/33/301 977/33/301
f 977/33/295 1005/33/295 1006/33/295 978/33/295
f 978/33/294 1006/33/294 1007/33/294 979/33/294
f 979/33/296 1007/33/296 1008/33/296 980/33/296
f 1022/33/302 1050/33/302 1051/33/302 1023/33/302
f 1023/33/303 1051/33/303 1052/33/303 1024/33/303
f 1024/33/304 1052/33/304 1053/33/304 1025/33/304
f 1025/33/305 1053/33/305 1054/33/305 1026/33/305
f 1026/33/302 1054/33/302 1055/33/302 1027/33/302
f 1027/33/306 1055/33/306 1056/33/306 1028/33/306
f 344/33/307 345/33/307 1030/33/307 1002/33/307
f 1028/33/308 1056/33/308 1057/33/308 1029/33/308
f 1002/33/307 1030/33/307 1031/33/307 1003/33/307
f 1003/33/309 1031/33/309 1032/33/309 1004/33/309
f 1004/33/310 1032/33/310 1033/33/310 1005/33/310
f 1005/33/311 1033/33/311 1034/33/311 1006/33/311
f 1006/33/302 1034/33/302 1035/33/302 1007/33/302
f 1007/33/303 1035/33/303 1036/33/303 1008/33/303
f 1008/33/304 1036/33/304 1037/33/304 1009/33/304
f 1009/33/311 1037/33/311 1038/33/311 1010/33/311
f 1010/33/302 1038/33/302 1039/33/302 1011/33/302
f 1011/33/303 1039/33/303 1040/33/303 1012/33/303
f 1012/33/304 1040/33/304 1041/33/304 1013/33/304
f 1013/33/311 1041/33/311 1042/33/311 1014/33/311
f 1014/33/302 1042/33/302 1043/33/302 1015/33/302
f 1015/33/303 1043/33/303 1044/33/303 1016/33/303
f 1016/33/302 1044/33/302 1045/33/302 1017/33/302
f 1017/33/311 1045/33/311 1046/33/311 1018/33/311
f 1018/33/302 1046/33/302 1047/33/302 1019/33/302
f 1019/33/303 1047/33/303 1048/33/303 1020/33/303
f 1020/33/304 1048/33/304 1049/33/304 1021/33/304
f 1021/33/311 1049/33/311 1050/33/311 1022/33/311
f 1038/33/312 1067/33/312 1068/33/312 1039/33/312
f 1039/33/313 1068/33/313 1069/33/313 1040/33/313
f 1040/33/312 1069/33/312 1070/33/312 1041/33/312
f 1041/33/314 1070/33/314 1071/33/314 1042/33/314
f 1042/33/312 1071/33/312 1072/33/312 1043/33/312
f 1043/33/313 1072/33/313 1073/33/313 1044/33/313
f 1044/33/312 1073/33/312 1074/33/312 1045/33/312
f 1045/33/314 1074/33/314 1075/33/314 1046/33/314
f 1046/33/312 1075/33/312 1076/33/312 1047/33/312
f 1047/33/313 1076/33/313 1077/33/313 1048/33/313
f 1048/33/312 1077/33/312 1078/33/312 1049/33/312
f 1049/33/314 1078/33/314 1079/33/314 1050/33/314
f 1050/33/312 1079/33/312 1080/33/312 1051/33/312
f 1051/33/313 1080/33/313 1081/33/313 1052/33/313
f 1052/33/312 1081/33/312 1082/33/312 1053/33/312
f 1053/33/315 1082/33/315 1083/33/315 1054/33/315
f 1054/33/312 1083/33/312 1084/33/312 1055/33/312
f 1055/33/316 1084/33/316 1085/33/316 1056/33/316
f 345/33/317 374/33/317 1059/33/317 1030/33/317
f 1056/33/318 1085/33/318 1086/33/318 1057/33/318
f 1030/33/317 1059/33/317 1060/33/317 1031/33/317
f 1057/33/319 1086/33/319 1087/33/319 1058/33/319
f 1031/33/320 1060/33/320 1061/33/320 1032/33/320
f 1032/33/321 1061/33/321 1062/33/321 1033/33/321
f 1033/33/314 1062/33/314 1063/33/314 1034/33/314
f 1034/33/312 1063/33/312 1064/33/312 1035/33/312
f 1035/33/313 1064/33/313 1065/33/313 1036/33/313
f 1036/33/312 1065/33/312 1066/33/312 1037/33/312
f 1037/33/314 1066/33/314 1067/33/314 1038/33/314
f 1082/33/322 1111/33/322 1112/33/322 1083/33/322
f 1083/33/323 1112/33/323 1113/33/323 1084/33/323
f 1084/33/324 1113/33/324 1114/33/324 1085/33/324
f 374/33/325 375/33/325 1088/33/325 1059/33/325
f 1085/33/326 1114/33/326 1115/33/326 1086/33/326
f 1059/33/325 1088/33/325 1089/33/325 1060/33/325
f 1086/33/327 1115/33/327 1116/33/327 1087/33/327
f 1060/33/328 1089/33/328 1090/33/328 1061/33/328
f 1061/33/329 1090/33/329 1091/33/329 1062/33/329
f 1062/33/322 1091/33/322 1092/33/322 1063/33/322
f 1063/33/323 1092/33/323 1093/33/323 1064/33/323
f 1064/33/330 1093/33/330 1094/33/330 1065/33/330
f 1065/33/323 1094/33/323 1095/33/323 1066/33/323
f 1066/33/322 1095/33/322 1096/33/322 1067/33/322
f 1067/33/323 1096/33/323 1097/33/323 1068/33/323
f 1068/33/330 1097/33/330 1098/33/330 1069/33/330
f 1069/33/323 1098/33/323 1099/33/323 1070/33/323
f 1070/33/322 1099/33/322 1100/33/322 1071/33/322
f 1071/33/323 1100/33/323 1101/33/323 1072/33/323
f 1072/33/330 1101/33/330 1102/33/330 1073/33/330
f 1073/33/323 1102/33/323 1103/33/323 1074/33/323
f 1074/33/322 1103/33/322 1104/33/322 1075/33/322
f 1075/33/323 1104/33/323 1105/33/323 1076/33/323
f 1076/33/330 1105/33/330 1106/33/330 1077/33/330
f 1077/33/323 1106/33/323 1107/33/323 1078/33/323
f 1078/33/322 1107/33/322 1108/33/322 1079/33/322
f 1079/33/323 1108/33/323 1109/33/323 1080/33/323
f 1080/33/330 1109/33/330 1110/33/330 1081/33/330
f 1081/33/323 1110/33/323 1111/33/323 1082/33/323
f 1099/33/331 1128/33/331 1129/33/331 1100/33/331
f 1100/33/332 1129/33/332 1130/33/332 1101/33/332
f 1101/33/333 1130/33/333 1131/33/333 1102/33/333
f 1102/33/332 1131/33/332 1132/33/332 1103/33/332
f 1103/33/331 1132/33/331 1133/33/331 1104/33/331
f 1104/33/332 1133/33/332 1134/33/332 1105/33/332
f 1105/33/333 1134/33/333 1135/33/333 1106/33/333
f 1106/33/332 1135/33/332 1136/33/332 1107/33/332
f 1107/33/331 1136/33/331 1137/33/331 1108/33/331
f 1108/33/332 1137/33/332 1138/33/332 1109/33/332
f 1109/33/333 1138/33/333 1139/33/333 1110/33/333
f 1110/33/332 1139/33/332 1140/33/332 1111/33/332
f 1111/33/331 1140/33/331 1141/33/331 1112/33/331
f 1112/33/332 1141/33/332 1142/33/332 1113/33/332
f 1113/33/334 1142/33/334 1143/33/334 1114/33/334
f 375/33/335 376/33/335 1117/33/335 1088/33/335
f 1114/33/336 1143/33/336 1144/33/336 1115/33/336
f 1088/33/335 1117/33/335 1118/33/335 1089/33/335
f 1115/33/337 1144/33/337 1145/33/337 1116/33/337
f 1089/33/338 1118/33/338 1119/33/338 1090/33/338
f 1090/33/339 1119/33/339 1120/33/339 1091/33/339
f 1091/33/331 1120/33/331 1121/33/331 1092/33/331
f 1092/33/332 1121/33/332 1122/33/332 1093/33/332
f 1093/33/333 1122/33/333 1123/33/333 1094/33/333
f 1094/33/332 1123/33/332 1124/33/332 1095/33/332
f 1095/33/331 1124/33/331 1125/33/331 1096/33/331
f 1096/33/332 1125/33/332 1126/33/332 1097/33/332
f 1097/33/333 1126/33/333 1127/33/333 1098/33/333
f 1098/33/332 1127/33/332 1128/33/332 1099/33/332
f 1142/33/340 1171/33/340 1172/33/340 1143/33/340
f 376/33/341 377/33/341 1146/33/341 1117/33/341
f 1143/33/342 1172/33/342 1173/33/342 1144/33/342
f 1117/33/341 1146/33/341 1147/33/341 1118/33/341
f 1144/33/343 1173/33/343 1174/33/343 1145/33/343
f 1118/33/344 1147/33/344 1148/33/344 1119/33/344
f 1119/33/345 1148/33/345 1149/33/345 1120/33/345
f 1120/33/346 1149/33/346 1150/33/346 1121/33/346
f 1121/33/347 1150/33/347 1151/33/347 1122/33/347
f 1122/33/348 1151/33/348 1152/33/348 1123/33/348
f 1123/33/347 1152/33/347 1153/33/347 1124/33/347
f 1124/33/349 1153/33/349 1154/33/349 1125/33/349
f 1125/33/347 1154/33/347 1155/33/347 1126/33/347
f 1126/33/348 1155/33/348 1156/33/348 1127/33/348
f 1127/33/347 1156/33/347 1157/33/347 1128/33/347
f 1128/33/349 1157/33/349 1158/33/349 1129/33/349
f 1129/33/347 1158/33/347 1159/33/347 1130/33/347
f 1130/33/348 1159/33/348 1160/33/348 1131/33/348
f 1131/33/347 1160/33/347 1161/33/347 1132/33/347
f 1132/33/349 1161/33/349 1162/33/349 1133/33/349
f 1133/33/347 1162/33/347 1163/33/347 1134/33/347
f 1134/33/348 1163/33/348 1164/33/348 1135/33/348
f 1135/33/347 1164/33/347 1165/33/347 1136/33/347
f 1136/33/349 1165/33/349 1166/33/349 1137/33/349
f 1137/33/347 1166/33/347 1167/33/347 1138/33/347
f 1138/33/348 1167/33/348 1168/33/348 1139/33/348
f 1139/33/347 1168/33/347 1169/33/347 1140/33/347
f 1140/33/349 1169/33/349 1170/33/349 1141/33/349
f 1141/33/347 1170/33/347 1171/33/347 1142/33/347
f 1159/33/350 1187/33/350 1188/33/350 1160/33/350
f 1160/33/351 1188/33/351 1189/33/351 1161/33/351
f 1161/33/352 1189/33/352 1190/33/352 1162/33/352
f 1162/33/351 1190/33/351 1191/33/351 1163/33/351
f 1163/33/350 1191/33/350 1192/33/350 1164/33/350
f 1164/33/351 1192/33/351 1193/33/351 1165/33/351
f 1165/33/352 1193/33/352 1194/33/352 1166/33/352
f 1166/33/351 1194/33/351 1195/33/351 1167/33/351
f 1167/33/350 1195/33/350 1196/33/350 1168/33/350
f 1168/33/351 1196/33/351 1197/33/351 1169/33/351
f 1169/33/353 1197/33/353 1198/33/353 1170/33/353
f 1170/33/351 1198/33/351 1199/33/351 1171/33/351
f 1171/33/354 1199/33/354 1200/33/354 1172/33/354
f 377/33/355 407/33/355 1146/33/355
f 1172/33/356 1200/33/356 1201/33/356 1173/33/356
f 1173/33/357 1201/33/357 1202/33/357 1174/33/357
f 1147/33/358 1175/33/358 1176/33/358 1148/33/358
f 1148/33/359 1176/33/359 1177/33/359 1149/33/359
f 1149/33/360 1177/33/360 1178/33/360 1150/33/360
f 1150/33/351 1178/33/351 1179/33/351 1151/33/351
f 1151/33/350 1179/33/350 1180/33/350 1152/33/350
f 1152/33/351 1180/33/351 1181/33/351 1153/33/351
f 1153/33/352 1181/33/352 1182/33/352 1154/33/352
f 1154/33/351 1182/33/351 1183/33/351 1155/33/351
f 1155/33/350 1183/33/350 1184/33/350 1156/33/350
f 1156/33/351 1184/33/351 1185/33/351 1157/33/351
f 1157/33/352 1185/33/352 1186/33/352 1158/33/352
f 1158/33/351 1186/33/351 1187/33/351 1159/33/351
f 406/33/361 408/33/361 1203/33/361 1175/33/361
f 1201/33/362 1229/33/362 1230/33/362 1202/33/362
f 1175/33/363 1203/33/363 1204/33/363 1176/33/363
f 1176/33/364 1204/33/364 1205/33/364 1177/33/364
f 1177/33/365 1205/33/365 1206/33/365 1178/33/365
f 1178/33/366 1206/33/366 1207/33/366 1179/33/366
f 1179/33/367 1207/33/367 1208/33/367 1180/33/367
f 1180/33/366 1208/33/366 1209/33/366 1181/33/366
f 1181/33/368 1209/33/368 1210/33/368 1182/33/368
f 1182/33/366 1210/33/366 1211/33/366 1183/33/366
f 1183/33/367 1211/33/367 1212/33/367 1184/33/367
f 1184/33/366 1212/33/366 1213/33/366 1185/33/366
f 1185/33/368 1213/33/368 1214/33/368 1186/33/368
f 1186/33/366 1214/33/366 1215/33/366 1187/33/366
f 1187/33/367 1215/33/367 1216/33/367 1188/33/367
f 1188/33/366 1216/33/366 1217/33/366 1189/33/366
f 1189/33/368 1217/33/368 1218/33/368 1190/33/368
f 1190/33/366 1218/33/366 1219/33/366 1191/33/366
f 1191/33/367 1219/33/367 1220/33/367 1192/33/367
f 1192/33/366 1220/33/366 1221/33/366 1193/33/366
f 1193/33/368 1221/33/368 1222/33/368 1194/33/368
f 1194/33/366 1222/33/366 1223/33/366 1195/33/366
f 1195/33/367 1223/33/367 1224/33/367 1196/33/367
f 1196/33/366 1224/33/366 1225/33/366 1197/33/366
f 1197/33/368 1225/33/368 1226/33/368 1198/33/368
f 1198/33/366 1226/33/366 1227/33/366 1199/33/366
f 1199/33/369 1227/33/369 1228/33/369 1200/33/369
f 1200/33/370 1228/33/370 1229/33/370 1201/33/370
f 1217/33/371 1245/33/371 1246/33/371 1218/33/371
f 1218/33/372 1246/33/372 1247/33/372 1219/33/372
f 1219/33/373 1247/33/373 1248/33/373 1220/33/373
f 1220/33/372 1248/33/372 1249/33/372 1221/33/372
f 1221/33/374 1249/33/374 1250/33/374 1222/33/374
f 1222/33/372 1250/33/372 1251/33/372 1223/33/372
f 1223/33/373 1251/33/373 1252/33/373 1224/33/373
f 1224/33/372 1252/33/372 1253/33/372 1225/33/372
f 1225/33/374 1253/33/374 1254/33/374 1226/33/374
f 1226/33/372 1254/33/372 1255/33/372 1227/33/372
f 1227/33/375 1255/33/375 1256/33/375 1228/33/375
f 1228/33/376 1256/33/376 1257/33/376 1229/33/376
f 408/33/377 409/33/377 1231/33/377 1203/33/377
f 1229/33/378 1257/33/378 1258/33/378 1230/33/378
f 1203/33/379 1231/33/379 1232/33/379 1204/33/379
f 1204/33/380 1232/33/380 1233/33/380 1205/33/380
f 1205/33/381 1233/33/381 1234/33/381 1206/33/381
f 1206/33/372 1234/33/372 1235/33/372 1207/33/372
f 1207/33/373 1235/33/373 1236/33/373 1208/33/373
f 1208/33/372 1236/33/372 1237/33/372 1209/33/372
f 1209/33/374 1237/33/374 1238/33/374 1210/33/374
f 1210/33/372 1238/33/372 1239/33/372 1211/33/372
f 1211/33/373 1239/33/373 1240/33/373 1212/33/373
f 1212/33/372 1240/33/372 1241/33/372 1213/33/372
f 1213/33/374 1241/33/374 1242/33/374 1214/33/374
f 1214/33/372 1242/33/372 1243/33/372 1215/33/372
f 1215/33/373 1243/33/373 1244/33/373 1216/33/373
f 1216/33/372 1244/33/372 1245/33/372 1217/33/372
f 1233/33/382 1261/33/382 1262/33/382 1234/33/382
f 1234/33/383 1262/33/383 1263/33/383 1235/33/383
f 1235/33/384 1263/33/384 1264/33/384 1236/33/384
f 1236/33/383 1264/33/383 1265/33/383 1237/33/383
f 1237/33/385 1265/33/385 1266/33/385 1238/33/385
f 1238/33/383 1266/33/383 1267/33/383 1239/33/383
f 1239/33/384 1267/33/384 1268/33/384 1240/33/384
f 1240/33/383 1268/33/383 1269/33/383 1241/33/383
f 1241/33/385 1269/33/385 1270/33/385 1242/33/385
f 1242/33/383 1270/33/383 1271/33/383 1243/33/383
f 1243/33/384 1271/33/384 1272/33/384 1244/33/384
f 1244/33/383 1272/33/383 1273/33/383 1245/33/383
f 1245/33/385 1273/33/385 1274/33/385 1246/33/385
f 1246/33/383 1274/33/383 1275/33/383 1247/33/383
f 1247/33/384 1275/33/384 1276/33/384 1248/33/384
f 1248/33/383 1276/33/383 1277/33/383 1249/33/383
f 1249/33/385 1277/33/385 1278/33/385 1250/33/385
f 1250/33/383 1278/33/383 1279/33/383 1251/33/383
f 1251/33/384 1279/33/384 1280/33/384 1252/33/384
f 1252/33/383 1280/33/383 1281/33/383 1253/33/383
f 1253/33/385 1281/33/385 1282/33/385 1254/33/385
f 1254/33/383 1282/33/383 1283/33/383 1255/33/383
f 1255/33/386 1283/33/386 1284/33/386 1256/33/386
f 1256/33/387 1284/33/387 1285/33/387 1257/33/387
f 409/33/388 438/33/388 1259/33/388 1231/33/388
f 1257/33/389 1285/33/389 1286/33/389 1258/33/389
f 1231/33/390 1259/33/390 1260/33/390 1232/33/390
f 1232/33/391 1260/33/391 1261/33/391 1233/33/391
f 1275/33/392 1303/33/392 1304/33/392 1276/33/392
f 1276/33/393 1304/33/393 1305/33/393 1277/33/393
f 1277/33/394 1305/33/394 1306/33/394 1278/33/394
f 1278/33/393 1306/33/393 1307/33/393 1279/33/393
f 1279/33/392 1307/33/392 1308/33/392 1280/33/392
f 1280/33/393 1308/33/393 1309/33/393 1281/33/393
f 1281/33/394 1309/33/394 1310/33/394 1282/33/394
f 1282/33/393 1310/33/393 1311/33/393 1283/33/393
f 1283/33/395 1311/33/395 1312/33/395 1284/33/395
f 1284/33/396 1312/33/396 1313/33/396 1285/33/396
f 438/33/397 439/33/397 1287/33/397 1259/33/397
f 1285/33/398 1313/33/398 1314/33/398 1286/33/398
f 1259/33/399 1287/33/399 1288/33/399 1260/33/399
f 1260/33/400 1288/33/400 1289/33/400 1261/33/400
f 1261/33/401 1289/33/401 1290/33/401 1262/33/401
f 1262/33/393 1290/33/393 1291/33/393 1263/33/393
f 1263/33/392 1291/33/392 1292/33/392 1264/33/392
f 1264/33/393 1292/33/393 1293/33/393 1265/33/393
f 1265/33/394 1293/33/394 1294/33/394 1266/33/394
f 1266/33/393 1294/33/393 1295/33/393 1267/33/393
f 1267/33/392 1295/33/392 1296/33/392 1268/33/392
f 1268/33/393 1296/33/393 1297/33/393 1269/33/393
f 1269/33/394 1297/33/394 1298/33/394 1270/33/394
f 1270/33/393 1298/33/393 1299/33/393 1271/33/393
f 1271/33/392 1299/33/392 1300/33/392 1272/33/392
f 1272/33/393 1300/33/393 1301/33/393 1273/33/393
f 1273/33/394 1301/33/394 1302/33/394 1274/33/394
f 1274/33/393 1302/33/393 1303/33/393 1275/33/393
f 1291/33/402 1319/33/402 1320/33/402 1292/33/402
f 1292/33/403 1320/33/403 1321/33/403 1293/33/403
f 1293/33/404 1321/33/404 1322/33/404 1294/33/404
f 1294/33/403 1322/33/403 1323/33/403 1295/33/403
f 1295/33/402 1323/33/402 1324/33/402 1296/33/402
f 1296/33/403 1324/33/403 1325/33/403 1297/33/403
f 1297/33/404 1325/33/404 1326/33/404 1298/33/404
f 1298/33/403 1326/33/403 1327/33/403 1299/33/403
f 1299/33/402 1327/33/402 1328/33/402 1300/33/402
f 1300/33/403 1328/33/403 1329/33/403 1301/33/403
f 1301/33/404 1329/33/404 1330/33/404 1302/33/404
f 1302/33/403 1330/33/403 1331/33/403 1303/33/403
f 1303/33/402 1331/33/402 1332/33/402 1304/33/402
f 1304/33/403 1332/33/403 1333/33/403 1305/33/403
f 1305/33/404 1333/33/404 1334/33/404 1306/33/404
f 1306/33/403 1334/33/403 1335/33/403 1307/33/403
f 1307/33/402 1335/33/402 1336/33/402 1308/33/402
f 1308/33/403 1336/33/403 1337/33/403 1309/33/403
f 1309/33/404 1337/33/404 1338/33/404 1310/33/404
f 1310/33/403 1338/33/403 1339/33/403 1311/33/403
f 1311/33/405 1339/33/405 1340/33/405 1312/33/405
f 1312/33/406 1340/33/406 1341/33/406 1313/33/406
f 439/33/407 440/33/407 1315/33/407 1287/33/407
f 1313/33/408 1341/33/408 1342/33/408 1314/33/408
f 1287/33/409 1315/33/409 1316/33/409 1288/33/409
f 1288/33/410 1316/33/410 1317/33/410 1289/33/410
f 1289/33/411 1317/33/411 1318/33/411 1290/33/411
f 1290/33/403 1318/33/403 1319/33/403 1291/33/403
f 1333/33/412 1361/33/412 1362/33/412 1334/33/412
f 1334/33/413 1362/33/413 1363/33/413 1335/33/413
f 1335/33/414 1363/33/414 1364/33/414 1336/33/414
f 1336/33/413 1364/33/413 1365/33/413 1337/33/413
f 1337/33/412 1365/33/412 1366/33/412 1338/33/412
f 1338/33/413 1366/33/413 1367/33/413 1339/33/413
f 1339/33/415 1367/33/415 1368/33/415 1340/33/415
f 1340/33/416 1368/33/416 1369/33/416 1341/33/416
f 440/33/417 441/33/417 1343/33/417 1315/33/417
f 1341/33/418 1369/33/418 1370/33/418 1342/33/418
f 1315/33/419 1343/33/419 1344/33/419 1316/33/419
f 1316/33/420 1344/33/420 1345/33/420 1317/33/420
f 1317/33/421 1345/33/421 1346/33/421 1318/33/421
f 1318/33/413 1346/33/413 1347/33/413 1319/33/413
f 1319/33/414 1347/33/414 1348/33/414 1320/33/414
f 1320/33/413 1348/33/413 1349/33/413 1321/33/413
f 1321/33/412 1349/33/412 1350/33/412 1322/33/412
f 1322/33/413 1350/33/413 1351/33/413 1323/33/413
f 1323/33/414 1351/33/414 1352/33/414 1324/33/414
f 1324/33/413 1352/33/413 1353/33/413 1325/33/413
f 1325/33/412 1353/33/412 1354/33/412 1326/33/412
f 1326/33/413 1354/33/413 1355/33/413 1327/33/413
f 1327/33/414 1355/33/414 1356/33/414 1328/33/414
f 1328/33/413 1356/33/413 1357/33/413 1329/33/413
f 1329/33/412 1357/33/412 1358/33/412 1330/33/412
f 1330/33/413 1358/33/413 1359/33/413 1331/33/413
f 1331/33/414 1359/33/414 1360/33/414 1332/33/414
f 1332/33/413 1360/33/413 1361/33/413 1333/33/413
f 1349/33/422 1377/33/422 1378/33/422 1350/33/422
f 1350/33/423 1378/33/423 1379/33/423 1351/33/423
f 1351/33/424 1379/33/424 1380/33/424 1352/33/424
f 1352/33/423 1380/33/423 1381/33/423 1353/33/423
f 1353/33/422 1381/33/422 1382/33/422 1354/33/422
f 1354/33/423 1382/33/423 1383/33/423 1355/33/423
f 1355/33/424 1383/33/424 1384/33/424 1356/33/424
f 1356/33/423 1384/33/423 1385/33/423 1357/33/423
f 1357/33/422 1385/33/422 1386/33/422 1358/33/422
f 1358/33/423 1386/33/423 1387/33/423 1359/33/423
f 1359/33/424 1387/33/424 1388/33/424 1360/33/424
f 1360/33/423 1388/33/423 1389/33/423 1361/33/423
f 1361/33/422 1389/33/422 1390/33/422 1362/33/422
f 1362/33/423 1390/33/423 1391/33/423 1363/33/423
f 1363/33/424 1391/33/424 1392/33/424 1364/33/424
f 1364/33/423 1392/33/423 1393/33/423 1365/33/423
f 1365/33/422 1393/33/422 1394/33/422 1366/33/422
f 1366/33/423 1394/33/423 1395/33/423 1367/33/423
f 1367/33/425 1395/33/425 1396/33/425 1368/33/425
f 1368/33/426 1396/33/426 1397/33/426 1369/33/426
f 441/33/427 470/33/427 1371/33/427 1343/33/427
f 1369/33/428 1397/33/428 1398/33/428 1370/33/428
f 1343/33/429 1371/33/429 1372/33/429 1344/33/429
f 1344/33/430 1372/33/430 1373/33/430 1345/33/430
f 1345/33/431 1373/33/431 1374/33/431 1346/33/431
f 1346/33/423 1374/33/423 1375/33/423 1347/33/423
f 1347/33/424 1375/33/424 1376/33/424 1348/33/424
f 1348/33/423 1376/33/423 1377/33/423 1349/33/423
f 1391/33/432 1420/33/432 1421/33/432 1392/33/432
f 1392/33/433 1421/33/433 1422/33/433 1393/33/433
f 1393/33/434 1422/33/434 1423/33/434 1394/33/434
f 1394/33/433 1423/33/433 1424/33/433 1395/33/433
f 1395/33/435 1424/33/435 1425/33/435 1396/33/435
f 1396/33/436 1425/33/436 1426/33/436 1397/33/436
f 470/33/437 471/33/437 1400/33/437 1371/33/437
f 1397/33/438 1426/33/438 1427/33/438 1398/33/438
f 1371/33/439 1400/33/439 1401/33/439 1372/33/439
f 1398/33/440 1427/33/440 1428/33/440 1399/33/440
f 1372/33/441 1401/33/441 1402/33/441 1373/33/441
f 1373/33/442 1402/33/442 1403/33/442 1374/33/442
f 1374/33/433 1403/33/433 1404/33/433 1375/33/433
f 1375/33/432 1404/33/432 1405/33/432 1376/33/432
f 1376/33/433 1405/33/433 1406/33/433 1377/33/433
f 1377/33/434 1406/33/434 1407/33/434 1378/33/434
f 1378/33/433 1407/33/433 1408/33/433 1379/33/433
f 1379/33/432 1408/33/432 1409/33/432 1380/33/432
f 1380/33/433 1409/33/433 1410/33/433 1381/33/433
f 1381/33/434 1410/33/434 1411/33/434 1382/33/434
f 1382/33/433 1411/33/433 1412/33/433 1383/33/433
f 1383/33/432 1412/33/432 1413/33/432 1384/33/432
f 1384/33/433 1413/33/433 1414/33/433 1385/33/433
f 1385/33/434 1414/33/434 1415/33/434 1386/33/434
f 1386/33/443 1415/33/443 1416/33/443 1387/33/443
f 1387/33/432 1416/33/432 1417/33/432 1388/33/432
f 1388/33/433 1417/33/433 1418/33/433 1389/33/433
f 1389/33/434 1418/33/434 1419/33/434 1390/33/434
f 1390/33/433 1419/33/433 1420/33/433 1391/33/433
f 1408/33/444 1437/33/444 1438/33/444 1409/33/444
f 1409/33/445 1438/33/445 1439/33/445 1410/33/445
f 1410/33/446 1439/33/446 1440/33/446 1411/33/446
f 1411/33/445 1440/33/445 1441/33/445 1412/33/445
f 1412/33/444 1441/33/444 1442/33/444 1413/33/444
f 1413/33/445 1442/33/445 1443/33/445 1414/33/445
f 1414/33/446 1443/33/446 1444/33/446 1415/33/446
f 1415/33/445 1444/33/445 1445/33/445 1416/33/445
f 1416/33/444 1445/33/444 1446/33/444 1417/33/444
f 1417/33/445 1446/33/445 1447/33/445 1418/33/445
f 1418/33/446 1447/33/446 1448/33/446 1419/33/446
f 1419/33/445 1448/33/445 1449/33/445 1420/33/445
f 1420/33/444 1449/33/444 1450/33/444 1421/33/444
f 1421/33/445 1450/33/445 1451/33/445 1422/33/445
f 1422/33/446 1451/33/446 1452/33/446 1423/33/446
f 1423/33/445 1452/33/445 1453/33/445 1424/33/445
f 1424/33/447 1453/33/447 1454/33/447 1425/33/447
f 1425/33/448 1454/33/448 1455/33/448 1426/33/448
f 471/33/449 472/33/449 1429/33/449 1400/33/449
f 1426/33/450 1455/33/450 1456/33/450 1427/33/450
f 1400/33/451 1429/33/451 1430/33/451 1401/33/451
f 1427/33/452 1456/33/452 1457/33/452 1428/33/452
f 1401/33/453 1430/33/453 1431/33/453 1402/33/453
f 1402/33/454 1431/33/454 1432/33/454 1403/33/454
f 1403/33/445 1432/33/445 1433/33/445 1404/33/445
f 1404/33/444 1433/33/444 1434/33/444 1405/33/444
f 1405/33/445 1434/33/445 1435/33/445 1406/33/445
f 1406/33/446 1435/33/446 1436/33/446 1407/33/446
f 1407/33/445 1436/33/445 1437/33/445 1408/33/445
f 1451/33/455 1480/33/455 1481/33/455 1452/33/455
f 1452/33/456 1481/33/456 1482/33/456 1453/33/456
f 1453/33/457 1482/33/457 1483/33/457 1454/33/457
f 1454/33/458 1483/33/458 1484/33/458 1455/33/458
f 472/33/459 473/33/459 1458/33/459 1429/33/459
f 1455/33/460 1484/33/460 1485/33/460 1456/33/460
f 1429/33/461 1458/33/461 1459/33/461 1430/33/461
f 1456/33/462 1485/33/462 1486/33/462 1457/33/462
f 1430/33/463 1459/33/463 1460/33/463 1431/33/463
f 1431/33/464 1460/33/464 1461/33/464 1432/33/464
f 1432/33/456 1461/33/456 1462/33/456 1433/33/456
f 1433/33/457 1462/33/457 1463/33/457 1434/33/457
f 1434/33/456 1463/33/456 1464/33/456 1435/33/456
f 1435/33/455 1464/33/455 1465/33/455 1436/33/455
f 1436/33/456 1465/33/456 1466/33/456 1437/33/456
f 1437/33/457 1466/33/457 1467/33/457 1438/33/457
f 1438/33/456 1467/33/456 1468/33/456 1439/33/456
f 1439/33/455 1468/33/455 1469/33/455 1440/33/455
f 1440/33/456 1469/33/456 1470/33/456 1441/33/456
f 1441/33/457 1470/33/457 1471/33/457 1442/33/457
f 1442/33/456 1471/33/456 1472/33/456 1443/33/456
f 1443/33/455 1472/33/455 1473/33/455 1444/33/455
f 1444/33/456 1473/33/456 1474/33/456 1445/33/456
f 1445/33/457 1474/33/457 1475/33/457 1446/33/457
f 1446/33/456 1475/33/456 1476/33/456 1447/33/456
f 1447/33/455 1476/33/455 1477/33/455 1448/33/455
f 1448/33/456 1477/33/456 1478/33/456 1449/33/456
f 1449/33/457 1478/33/457 1479/33/457 1450/33/457
f 1450/33/456 1479/33/456 1480/33/456 1451/33/456
f 1468/33/465 1497/33/465 1498/33/465 1469/33/465
f 1469/33/466 1498/33/466 1499/33/466 1470/33/466
f 1470/33/467 1499/33/467 1500/33/467 1471/33/467
f 1471/33/466 1500/33/466 1501/33/466 1472/33/466
f 1472/33/465 1501/33/465 1502/33/465 1473/33/465
f 1473/33/466 1502/33/466 1503/33/466 1474/33/466
f 1474/33/467 1503/33/467 1504/33/467 1475/33/467
f 1475/33/466 1504/33/466 1505/33/466 1476/33/466
f 1476/33/465 1505/33/465 1506/33/465 1477/33/465
f 1477/33/466 1506/33/466 1507/33/466 1478/33/466
f 1478/33/467 1507/33/467 1508/33/467 1479/33/467
f 1479/33/466 1508/33/466 1509/33/466 1480/33/466
f 1480/33/465 1509/33/465 1510/33/465 1481/33/465
f 1481/33/466 1510/33/466 1511/33/466 1482/33/466
f 1482/33/467 1511/33/467 1512/33/467 1483/33/467
f 1483/33/468 1512/33/468 1513/33/468 1484/33/468
f 473/33/469 502/33/469 1487/33/469 1458/33/469
f 1484/33/470 1513/33/470 1514/33/470 1485/33/470
f 1458/33/471 1487/33/471 1488/33/471 1459/33/471
f 1485/33/472 1514/33/472 1515/33/472 1486/33/472
f 1459/33/473 1488/33/473 1489/33/473 1460/33/473
f 1460/33/474 1489/33/474 1490/33/474 1461/33/474
f 1461/33/466 1490/33/466 1491/33/466 1462/33/466
f 1462/33/467 1491/33/467 1492/33/467 1463/33/467
f 1463/33/466 1492/33/466 1493/33/466 1464/33/466
f 1464/33/465 1493/33/465 1494/33/465 1465/33/465
f 1465/33/466 1494/33/466 1495/33/466 1466/33/466
f 1466/33/467 1495/33/467 1496/33/467 1467/33/467
f 1467/33/466 1496/33/466 1497/33/466 1468/33/466
f 1500/33/475 1528/33/475 1529/33/475 1501/33/475
f 502/33/476 504/33/476 1487/33/476
f 1501/33/477 1529/33/477 1530/33/477 1502/33/477
f 1502/33/475 1530/33/475 1531/33/475 1503/33/475
f 1488/33/478 1516/33/478 1517/33/478 1489/33/478
f 1503/33/479 1531/33/479 1532/33/479 1504/33/479
f 1489/33/480 1517/33/480 1518/33/480 1490/33/480
f 1504/33/475 1532/33/475 1533/33/475 1505/33/475
f 1490/33/475 1518/33/475 1519/33/475 1491/33/475
f 1505/33/477 1533/33/477 1534/33/477 1506/33/477
f 1491/33/479 1519/33/479 1520/33/479 1492/33/479
f 1506/33/475 1534/33/475 1535/33/475 1507/33/475
f 1507/33/479 1535/33/479 1536/33/479 1508/33/479
f 1508/33/475 1536/33/475 1537/33/475 1509/33/475
f 1509/33/477 1537/33/477 1538/33/477 1510/33/477
f 1510/33/475 1538/33/475 1539/33/475 1511/33/475
f 1511/33/479 1539/33/479 1540/33/479 1512/33/479
f 1512/33/481 1540/33/481 1541/33/481 1513/33/481
f 1513/33/482 1541/33/482 1542/33/482 1514/33/482
f 1514/33/483 1542/33/483 1543/33/483 1515/33/483
f 1492/33/475 1520/33/475 1521/33/475 1493/33/475
f 1493/33/477 1521/33/477 1522/33/477 1494/33/477
f 1494/33/475 1522/33/475 1523/33/475 1495/33/475
f 1495/33/479 1523/33/479 1524/33/479 1496/33/479
f 1496/33/475 1524/33/475 1525/33/475 1497/33/475
f 1497/33/477 1525/33/477 1526/33/477 1498/33/477
f 1498/33/475 1526/33/475 1527/33/475 1499/33/475
f 1499/33/479 1527/33/479 1528/33/479 1500/33/479
f 1542/33/484 1570/33/484 1571/33/484 1543/33/484
f 1516/33/485 1544/33/485 1545/33/485 1517/33/485
f 1517/33/486 1545/33/486 1546/33/486 1518/33/486
f 1518/33/487 1546/33/487 1547/33/487 1519/33/487
f 1519/33/488 1547/33/488 1548/33/488 1520/33/488
f 1520/33/487 1548/33/487 1549/33/487 1521/33/487
f 1521/33/489 1549/33/489 1550/33/489 1522/33/489
f 1522/33/487 1550/33/487 1551/33/487 1523/33/487
f 1523/33/488 1551/33/488 1552/33/488 1524/33/488
f 1524/33/487 1552/33/487 1553/33/487 1525/33/487
f 1525/33/489 1553/33/489 1554/33/489 1526/33/489
f 1526/33/487 1554/33/487 1555/33/487 1527/33/487
f 1527/33/488 1555/33/488 1556/33/488 1528/33/488
f 1528/33/487 1556/33/487 1557/33/487 1529/33/487
f 1529/33/489 1557/33/489 1558/33/489 1530/33/489
f 1530/33/487 1558/33/487 1559/33/487 1531/33/487
f 1531/33/488 1559/33/488 1560/33/488 1532/33/488
f 1532/33/487 1560/33/487 1561/33/487 1533/33/487
f 1533/33/489 1561/33/489 1562/33/489 1534/33/489
f 1534/33/487 1562/33/487 1563/33/487 1535/33/487
f 1535/33/488 1563/33/488 1564/33/488 1536/33/488
f 1536/33/487 1564/33/487 1565/33/487 1537/33/487
f 1537/33/489 1565/33/489 1566/33/489 1538/33/489
f 1538/33/487 1566/33/487 1567/33/487 1539/33/487
f 1539/33/488 1567/33/488 1568/33/488 1540/33/488
f 1540/33/490 1568/33/490 1569/33/490 1541/33/490
f 1541/33/491 1569/33/491 1570/33/491 1542/33/491
f 503/33/485 505/33/485 1544/33/485 1516/33/485
f 1558/33/492 1586/33/492 1587/33/492 1559/33/492
f 1559/33/493 1587/33/493 1588/33/493 1560/33/493
f 1560/33/492 1588/33/492 1589/33/492 1561/33/492
f 1561/33/494 1589/33/494 1590/33/494 1562/33/494
f 1562/33/492 1590/33/492 1591/33/492 1563/33/492
f 1563/33/493 1591/33/493 1592/33/493 1564/33/493
f 1564/33/492 1592/33/492 1593/33/492 1565/33/492
f 1565/33/494 1593/33/494 1594/33/494 1566/33/494
f 1566/33/492 1594/33/492 1595/33/492 1567/33/492
f 1567/33/493 1595/33/493 1596/33/493 1568/33/493
f 1568/33/495 1596/33/495 1597/33/495 1569/33/495
f 1569/33/496 1597/33/496 1598/33/496 1570/33/496
f 505/33/497 534/33/497 1572/33/497 1544/33/497
f 1570/33/498 1598/33/498 1599/33/498 1571/33/498
f 1544/33/497 1572/33/497 1573/33/497 1545/33/497
f 1545/33/499 1573/33/499 1574/33/499 1546/33/499
f 1546/33/492 1574/33/492 1575/33/492 1547/33/492
f 1547/33/493 1575/33/493 1576/33/493 1548/33/493
f 1548/33/492 1576/33/492 1577/33/492 1549/33/492
f 1549/33/494 1577/33/494 1578/33/494 1550/33/494
f 1550/33/492 1578/33/492 1579/33/492 1551/33/492
f 1551/33/493 1579/33/493 1580/33/493 1552/33/493
f 1552/33/492 1580/33/492 1581/33/492 1553/33/492
f 1553/33/494 1581/33/494 1582/33/494 1554/33/494
f 1554/33/492 1582/33/492 1583/33/492 1555/33/492
f 1555/33/493 1583/33/493 1584/33/493 1556/33/493
f 1556/33/492 1584/33/492 1585/33/492 1557/33/492
f 1557/33/494 1585/33/494 1586/33/494 1558/33/494
f 1574/33/500 1602/33/500 1603/33/500 1575/33/500
f 1575/33/501 1603/33/501 1604/33/501 1576/33/501
f 1576/33/500 1604/33/500 1605/33/500 1577/33/500
f 1577/33/502 1605/33/502 1606/33/502 1578/33/502
f 1578/33/500 1606/33/500 1607/33/500 1579/33/500
f 1579/33/501 1607/33/501 1608/33/501 1580/33/501
f 1580/33/500 1608/33/500 1609/33/500 1581/33/500
f 1581/33/502 1609/33/502 1610/33/502 1582/33/502
f 1582/33/500 1610/33/500 1611/33/500 1583/33/500
f 1583/33/501 1611/33/501 1612/33/501 1584/33/501
f 1584/33/500 1612/33/500 1613/33/500 1585/33/500
f 1585/33/503 1613/33/503 1614/33/503 1586/33/503
f 1586/33/500 1614/33/500 1615/33/500 1587/33/500
f 1587/33/501 1615/33/501 1616/33/501 1588/33/501
f 1588/33/500 1616/33/500 1617/33/500 1589/33/500
f 1589/33/502 1617/33/502 1618/33/502 1590/33/502
f 1590/33/500 1618/33/500 1619/33/500 1591/33/500
f 1591/33/501 1619/33/501 1620/33/501 1592/33/501
f 1592/33/500 1620/33/500 1621/33/500 1593/33/500
f 1593/33/502 1621/33/502 1622/33/502 1594/33/502
f 1594/33/500 1622/33/500 1623/33/500 1595/33/500
f 1595/33/501 1623/33/501 1624/33/501 1596/33/501
f 1596/33/504 1624/33/504 1625/33/504 1597/33/504
f 1597/33/505 1625/33/505 1626/33/505 1598/33/505
f 534/33/506 535/33/506 1600/33/506 1572/33/506
f 1598/33/507 1626/33/507 1627/33/507 1599/33/507
f 1572/33/506 1600/33/506 1601/33/506 1573/33/506
f 1573/33/508 1601/33/508 1602/33/508 1574/33/508
f 1617/33/509 1645/33/509 1646/33/509 1618/33/509
f 1618/33/510 1646/33/510 1647/33/510 1619/33/510
f 1619/33/511 1647/33/511 1648/33/511 1620/33/511
f 1620/33/510 1648/33/510 1649/33/510 1621/33/510
f 1621/33/509 1649/33/509 1650/33/509 1622/33/509
f 1622/33/510 1650/33/510 1651/33/510 1623/33/510
f 1623/33/511 1651/33/511 1652/33/511 1624/33/511
f 1624/33/512 1652/33/512 1653/33/512 1625/33/512
f 1625/33/513 1653/33/513 1654/33/513 1626/33/513
f 535/33/514 536/33/514 1628/33/514 1600/33/514
f 1626/33/515 1654/33/515 1655/33/515 1627/33/515
f 1600/33/514 1628/33/514 1629/33/514 1601/33/514
f 1601/33/516 1629/33/516 1630/33/516 1602/33/516
f 1602/33/510 1630/33/510 1631/33/510 1603/33/510
f 1603/33/511 1631/33/511 1632/33/511 1604/33/511
f 1604/33/510 1632/33/510 1633/33/510 1605/33/510
f 1605/33/509 1633/33/509 1634/33/509 1606/33/509
f 1606/33/510 1634/33/510 1635/33/510 1607/33/510
f 1607/33/511 1635/33/511 1636/33/511 1608/33/511
f 1608/33/510 1636/33/510 1637/33/510 1609/33/510
f 1609/33/509 1637/33/509 1638/33/509 1610/33/509
f 1610/33/510 1638/33/510 1639/33/510 1611/33/510
f 1611/33/511 1639/33/511 1640/33/511 1612/33/511
f 1612/33/510 1640/33/510 1641/33/510 1613/33/510
f 1613/33/509 1641/33/509 1642/33/509 1614/33/509
f 1614/33/510 1642/33/510 1643/33/510 1615/33/510
f 1615/33/511 1643/33/511 1644/33/511 1616/33/511
f 1616/33/510 1644/33/510 1645/33/510 1617/33/510
f 1633/33/517 1661/33/517 1662/33/517 1634/33/517
f 1634/33/518 1662/33/518 1663/33/518 1635/33/518
f 1635/33/519 1663/33/519 1664/33/519 1636/33/519
f 1636/33/518 1664/33/518 1665/33/518 1637/33/518
f 1637/33/517 1665/33/517 1666/33/517 1638/33/517
f 1638/33/518 1666/33/518 1667/33/518 1639/33/518
f 1639/33/519 1667/33/519 1668/33/519 1640/33/519
f 1640/33/518 1668/33/518 1669/33/518 1641/33/518
f 1641/33/517 1669/33/517 1670/33/517 1642/33/517
f 1642/33/518 1670/33/518 1671/33/518 1643/33/518
f 1643/33/519 1671/33/519 1672/33/519 1644/33/519
f 1644/33/518 1672/33/518 1673/33/518 1645/33/518
f 1645/33/517 1673/33/517 1674/33/517 1646/33/517
f 1646/33/518 1674/33/518 1675/33/518 1647/33/518
f 1647/33/519 1675/33/519 1676/33/519 1648/33/519
f 1648/33/518 1676/33/518 1677/33/518 1649/33/518
f 1649/33/517 1677/33/517 1678/33/517 1650/33/517
f 1650/33/518 1678/33/518 1679/33/518 1651/33/518
f 1651/33/519 1679/33/519 1680/33/519 1652/33/519
f 1652/33/520 1680/33/520 1681/33/520 1653/33/520
f 1653/33/521 1681/33/521 1682/33/521 1654/33/521
f 536/33/522 537/33/522 1656/33/522 1628/33/522
f 1654/33/523 1682/33/523 1683/33/523 1655/33/523
f 1628/33/522 1656/33/522 1657/33/522 1629/33/522
f 1629/33/524 1657/33/524 1658/33/524 1630/33/524
f 1630/33/518 1658/33/518 1659/33/518 1631/33/518
f 1631/33/519 1659/33/519 1660/33/519 1632/33/519
f 1632/33/518 1660/33/518 1661/33/518 1633/33/518
f 1675/33/525 1703/33/525 1704/33/525 1676/33/525
f 1676/33/526 1704/33/526 1705/33/526 1677/33/526
f 1677/33/527 1705/33/527 1706/33/527 1678/33/527
f 1678/33/526 1706/33/526 1707/33/526 1679/33/526
f 1679/33/525 1707/33/525 1708/33/525 1680/33/525
f 1680/33/528 1708/33/528 1709/33/528 1681/33/528
f 1681/33/529 1709/33/529 1710/33/529 1682/33/529
f 537/33/530 566/33/530 1684/33/530 1656/33/530
f 1682/33/531 1710/33/531 1711/33/531 1683/33/531
f 1656/33/530 1684/33/530 1685/33/530 1657/33/530
f 1657/33/532 1685/33/532 1686/33/532 1658/33/532
f 1658/33/526 1686/33/526 1687/33/526 1659/33/526
f 1659/33/525 1687/33/525 1688/33/525 1660/33/525
f 1660/33/526 1688/33/526 1689/33/526 1661/33/526
f 1661/33/527 1689/33/527 1690/33/527 1662/33/527
f 1662/33/526 1690/33/526 1691/33/526 1663/33/526
f 1663/33/525 1691/33/525 1692/33/525 1664/33/525
f 1664/33/526 1692/33/526 1693/33/526 1665/33/526
f 1665/33/527 1693/33/527 1694/33/527 1666/33/527
f 1666/33/526 1694/33/526 1695/33/526 1667/33/526
f 1667/33/525 1695/33/525 1696/33/525 1668/33/525
f 1668/33/526 1696/33/526 1697/33/526 1669/33/526
f 1669/33/527 1697/33/527 1698/33/527 1670/33/527
f 1670/33/526 1698/33/526 1699/33/526 1671/33/526
f 1671/33/525 1699/33/525 1700/33/525 1672/33/525
f 1672/33/526 1700/33/526 1701/33/526 1673/33/526
f 1673/33/527 1701/33/527 1702/33/527 1674/33/527
f 1674/33/526 1702/33/526 1703/33/526 1675/33/526
f 1691/33/533 1719/33/533 1720/33/533 1692/33/533
f 1692/33/534 1720/33/534 1721/33/534 1693/33/534
f 1693/33/535 1721/33/535 1722/33/535 1694/33/535
f 1694/33/534 1722/33/534 1723/33/534 1695/33/534
f 1695/33/533 1723/33/533 1724/33/533 1696/33/533
f 1696/33/536 1724/33/536 1725/33/536 1697/33/536
f 1697/33/535 1725/33/535 1726/33/535 1698/33/535
f 1698/33/534 1726/33/534 1727/33/534 1699/33/534
f 1699/33/533 1727/33/533 1728/33/533 1700/33/533
f 1700/33/534 1728/33/534 1729/33/534 1701/33/534
f 1701/33/535 1729/33/535 1730/33/535 1702/33/535
f 1702/33/534 1730/33/534 1731/33/534 1703/33/534
f 1703/33/533 1731/33/533 1732/33/533 1704/33/533
f 1704/33/534 1732/33/534 1733/33/534 1705/33/534
f 1705/33/537 1733/33/537 1734/33/537 1706/33/537
f 1706/33/536 1734/33/536 1735/33/536 1707/33/536
f 1707/33/533 1735/33/533 1736/33/533 1708/33/533
f 1708/33/538 1736/33/538 1737/33/538 1709/33/538
f 1709/33/539 1737/33/539 1738/33/539 1710/33/539
f 566/33/540 567/33/540 1712/33/540 1684/33/540
f 1710/33/541 1738/33/541 1739/33/541 1711/33/541
f 1684/33/540 1712/33/540 1713/33/540 1685/33/540
f 1685/33/542 1713/33/542 1714/33/542 1686/33/542
f 1686/33/534 1714/33/534 1715/33/534 1687/33/534
f 1687/33/533 1715/33/533 1716/33/533 1688/33/533
f 1688/33/534 1716/33/534 1717/33/534 1689/33/534
f 1689/33/535 1717/33/535 1718/33/535 1690/33/535
f 1690/33/534 1718/33/534 1719/33/534 1691/33/534
f 1733/33/543 1761/33/543 1762/33/543 1734/33/543
f 1734/33/544 1762/33/544 1763/33/544 1735/33/544
f 1735/33/545 1763/33/545 1764/33/545 1736/33/545
f 1736/33/546 1764/33/546 1765/33/546 1737/33/546
f 1737/33/547 1765/33/547 1766/33/547 1738/33/547
f 567/33/548 568/33/548 1740/33/548 1712/33/548
f 1738/33/549 1766/33/549 1767/33/549 1739/33/549
f 1712/33/548 1740/33/548 1741/33/548 1713/33/548
f 1713/33/550 1741/33/550 1742/33/550 1714/33/550
f 1714/33/544 1742/33/544 1743/33/544 1715/33/544
f 1715/33/545 1743/33/545 1744/33/545 1716/33/545
f 1716/33/544 1744/33/544 1745/33/544 1717/33/544
f 1717/33/551 1745/33/551 1746/33/551 1718/33/551
f 1718/33/544 1746/33/544 1747/33/544 1719/33/544
f 1719/33/545 1747/33/545 1748/33/545 1720/33/545
f 1720/33/544 1748/33/544 1749/33/544 1721/33/544
f 1721/33/551 1749/33/551 1750/33/551 1722/33/551
f 1722/33/544 1750/33/544 1751/33/544 1723/33/544
f 1723/33/545 1751/33/545 1752/33/545 1724/33/545
f 1724/33/544 1752/33/544 1753/33/544 1725/33/544
f 1725/33/551 1753/33/551 1754/33/551 1726/33/551
f 1726/33/544 1754/33/544 1755/33/544 1727/33/544
f 1727/33/545 1755/33/545 1756/33/545 1728/33/545
f 1728/33/544 1756/33/544 1757/33/544 1729/33/544
f 1729/33/551 1757/33/551 1758/33/551 1730/33/551
f 1730/33/544 1758/33/544 1759/33/544 1731/33/544
f 1731/33/545 1759/33/545 1760/33/545 1732/33/545
f 1732/33/544 1760/33/544 1761/33/544 1733/33/544
f 1749/33/552 1777/33/552 1778/33/552 1750/33/552
f 1750/33/553 1778/33/553 1779/33/553 1751/33/553
f 1751/33/554 1779/33/554 1780/33/554 1752/33/554
f 1752/33/553 1780/33/553 1781/33/553 1753/33/553
f 1753/33/552 1781/33/552 1782/33/552 1754/33/552
f 1754/33/553 1782/33/553 1783/33/553 1755/33/553
f 1755/33/554 1783/33/554 1784/33/554 1756/33/554
f 1756/33/553 1784/33/553 1785/33/553 1757/33/553
f 1757/33/552 1785/33/552 1786/33/552 1758/33/552
f 1758/33/553 1786/33/553 1787/33/553 1759/33/553
f 1759/33/554 1787/33/554 1788/33/554 1760/33/554
f 1760/33/553 1788/33/553 1789/33/553 1761/33/553
f 1761/33/552 1789/33/552 1790/33/552 1762/33/552
f 1762/33/553 1790/33/553 1791/33/553 1763/33/553
f 1763/33/554 1791/33/554 1792/33/554 1764/33/554
f 1764/33/555 1792/33/555 1793/33/555 1765/33/555
f 1765/33/556 1793/33/556 1794/33/556 1766/33/556
f 568/33/557 569/33/557 1768/33/557 1740/33/557
f 1766/33/558 1794/33/558 1795/33/558 1767/33/558
f 1740/33/557 1768/33/557 1769/33/557 1741/33/557
f 1741/33/559 1769/33/559 1770/33/559 1742/33/559
f 1742/33/553 1770/33/553 1771/33/553 1743/33/553
f 1743/33/554 1771/33/554 1772/33/554 1744/33/554
f 1744/33/553 1772/33/553 1773/33/553 1745/33/553
f 1745/33/552 1773/33/552 1774/33/552 1746/33/552
f 1746/33/553 1774/33/553 1775/33/553 1747/33/553
f 1747/33/554 1775/33/554 1776/33/554 1748/33/554
f 1748/33/553 1776/33/553 1777/33/553 1749/33/553
f 1791/33/560 1819/33/560 1820/33/560 1792/33/560
f 1792/33/561 1820/33/561 1821/33/561 1793/33/561
f 1793/33/562 1821/33/562 1822/33/562 1794/33/562
f 569/33/563 598/33/563 1796/33/563 1768/33/563
f 1794/33/564 1822/33/564 1823/33/564 1795/33/564
f 1768/33/563 1796/33/563 1797/33/563 1769/33/563
f 1769/33/565 1797/33/565 1798/33/565 1770/33/565
f 1770/33/566 1798/33/566 1799/33/566 1771/33/566
f 1771/33/560 1799/33/560 1800/33/560 1772/33/560
f 1772/33/566 1800/33/566 1801/33/566 1773/33/566
f 1773/33/567 1801/33/567 1802/33/567 1774/33/567
f 1774/33/566 1802/33/566 1803/33/566 1775/33/566
f 1775/33/560 1803/33/560 1804/33/560 1776/33/560
f 1776/33/566 1804/33/566 1805/33/566 1777/33/566
f 1777/33/567 1805/33/567 1806/33/567 1778/33/567
f 1778/33/566 1806/33/566 1807/33/566 1779/33/566
f 1779/33/560 1807/33/560 1808/33/560 1780/33/560
f 1780/33/566 1808/33/566 1809/33/566 1781/33/566
f 1781/33/567 1809/33/567 1810/33/567 1782/33/567
f 1782/33/566 1810/33/566 1811/33/566 1783/33/566
f 1783/33/560 1811/33/560 1812/33/560 1784/33/560
f 1784/33/566 1812/33/566 1813/33/566 1785/33/566
f 1785/33/567 1813/33/567 1814/33/567 1786/33/567
f 1786/33/566 1814/33/566 1815/33/566 1787/33/566
f 1787/33/560 1815/33/560 1816/33/560 1788/33/560
f 1788/33/566 1816/33/566 1817/33/566 1789/33/566
f 1789/33/567 1817/33/567 1818/33/567 1790/33/567
f 1790/33/566 1818/33/566 1819/33/566 1791/33/566
f 1807/33/568 1835/33/568 1836/33/568 1808/33/568
f 1808/33/569 1836/33/569 1837/33/569 1809/33/569
f 1809/33/570 1837/33/570 1838/33/570 1810/33/570
f 1810/33/569 1838/33/569 1839/33/569 1811/33/569
f 1811/33/568 1839/33/568 1840/33/568 1812/33/568
f 1812/33/569 1840/33/569 1841/33/569 1813/33/569
f 1813/33/570 1841/33/570 1842/33/570 1814/33/570
f 1814/33/569 1842/33/569 1843/33/569 1815/33/569
f 1815/33/568 1843/33/568 1844/33/568 1816/33/568
f 1816/33/569 1844/33/569 1845/33/569 1817/33/569
f 1817/33/570 1845/33/570 1846/33/570 1818/33/570
f 1818/33/569 1846/33/569 1847/33/569 1819/33/569
f 1819/33/568 1847/33/568 1848/33/568 1820/33/568
f 1820/33/571 1848/33/571 1849/33/571 1821/33/571
f 1821/33/572 1849/33/572 1850/33/572 1822/33/572
f 598/33/573 599/33/573 1824/33/573 1796/33/573
f 1822/33/574 1850/33/574 1851/33/574 1823/33/574
f 1796/33/573 1824/33/573 1825/33/573 1797/33/573
f 1797/33/575 1825/33/575 1826/33/575 1798/33/575
f 1798/33/569 1826/33/569 1827/33/569 1799/33/569
f 1799/33/568 1827/33/568 1828/33/568 1800/33/568
f 1800/33/569 1828/33/569 1829/33/569 1801/33/569
f 1801/33/570 1829/33/570 1830/33/570 1802/33/570
f 1802/33/569 1830/33/569 1831/33/569 1803/33/569
f 1803/33/568 1831/33/568 1832/33/568 1804/33/568
f 1804/33/569 1832/33/569 1833/33/569 1805/33/569
f 1805/33/570 1833/33/570 1834/33/570 1806/33/570
f 1806/33/569 1834/33/569 1835/33/569 1807/33/569
f 1849/33/576 1877/33/576 1878/33/576 1850/33/576
f 599/33/577 600/33/577 1852/33/577 1824/33/577
f 1850/33/578 1878/33/578 1879/33/578 1851/33/578
f 1824/33/577 1852/33/577 1853/33/577 1825/33/577
f 1825/33/579 1853/33/579 1854/33/579 1826/33/579
f 1826/33/580 1854/33/580 1855/33/580 1827/33/580
f 1827/33/581 1855/33/581 1856/33/581 1828/33/581
f 1828/33/580 1856/33/580 1857/33/580 1829/33/580
f 1829/33/582 1857/33/582 1858/33/582 1830/33/582
f 1830/33/580 1858/33/580 1859/33/580 1831/33/580
f 1831/33/581 1859/33/581 1860/33/581 1832/33/581
f 1832/33/580 1860/33/580 1861/33/580 1833/33/580
f 1833/33/582 1861/33/582 1862/33/582 1834/33/582
f 1834/33/580 1862/33/580 1863/33/580 1835/33/580
f 1835/33/581 1863/33/581 1864/33/581 1836/33/581
f 1836/33/580 1864/33/580 1865/33/580 1837/33/580
f 1837/33/582 1865/33/582 1866/33/582 1838/33/582
f 1838/33/580 1866/33/580 1867/33/580 1839/33/580
f 1839/33/581 1867/33/581 1868/33/581 1840/33/581
f 1840/33/580 1868/33/580 1869/33/580 1841/33/580
f 1841/33/582 1869/33/582 1870/33/582 1842/33/582
f 1842/33/580 1870/33/580 1871/33/580 1843/33/580
f 1843/33/581 1871/33/581 1872/33/581 1844/33/581
f 1844/33/580 1872/33/580 1873/33/580 1845/33/580
f 1845/33/583 1873/33/583 1874/33/583 1846/33/583
f 1846/33/580 1874/33/580 1875/33/580 1847/33/580
f 1847/33/581 1875/33/581 1876/33/581 1848/33/581
f 1848/33/584 1876/33/584 1877/33/584 1849/33/584
f 1865/33/585 1893/33/585 1894/33/585 1866/33/585
f 1866/33/586 1894/33/586 1895/33/586 1867/33/586
f 1867/33/587 1895/33/587 1896/33/587 1868/33/587
f 1868/33/586 1896/33/586 1897/33/586 1869/33/586
f 1869/33/585 1897/33/585 1898/33/585 1870/33/585
f 1870/33/586 1898/33/586 1899/33/586 1871/33/586
f 1871/33/588 1899/33/588 1900/33/588 1872/33/588
f 1872/33/586 1900/33/586 1901/33/586 1873/33/586
f 1873/33/585 1901/33/585 1902/33/585 1874/33/585
f 1874/33/586 1902/33/586 1903/33/586 1875/33/586
f 1875/33/588 1903/33/588 1904/33/588 1876/33/588
f 1876/33/589 1904/33/589 1905/33/589 1877/33/589
f 1877/33/590 1905/33/590 1906/33/590 1878/33/590
f 600/33/591 601/33/591 1880/33/591 1852/33/591
f 1878/33/592 1906/33/592 1907/33/592 1879/33/592
f 1852/33/591 1880/33/591 1881/33/591 1853/33/591
f 1853/33/593 1881/33/593 1882/33/593 1854/33/593
f 1854/33/586 1882/33/586 1883/33/586 1855/33/586
f 1855/33/588 1883/33/588 1884/33/588 1856/33/588
f 1856/33/586 1884/33/586 1885/33/586 1857/33/586
f 1857/33/585 1885/33/585 1886/33/585 1858/33/585
f 1858/33/586 1886/33/586 1887/33/586 1859/33/586
f 1859/33/588 1887/33/588 1888/33/588 1860/33/588
f 1860/33/586 1888/33/586 1889/33/586 1861/33/586
f 1861/33/585 1889/33/585 1890/33/585 1862/33/585
f 1862/33/586 1890/33/586 1891/33/586 1863/33/586
f 1863/33/588 1891/33/588 1892/33/588 1864/33/588
f 1864/33/586 1892/33/586 1893/33/586 1865/33/586
f 1881/33/594 1909/33/594 1910/33/594 1882/33/594
f 1882/33/595 1910/33/595 1911/33/595 1883/33/595
f 1883/33/596 1911/33/596 1912/33/596 1884/33/596
f 1884/33/595 1912/33/595 1913/33/595 1885/33/595
f 1885/33/597 1913/33/597 1914/33/597 1886/33/597
f 1886/33/595 1914/33/595 1915/33/595 1887/33/595
f 1887/33/596 1915/33/596 1916/33/596 1888/33/596
f 1888/33/595 1916/33/595 1917/33/595 1889/33/595
f 1889/33/597 1917/33/597 1918/33/597 1890/33/597
f 1890/33/595 1918/33/595 1919/33/595 1891/33/595
f 1891/33/596 1919/33/596 1920/33/596 1892/33/596
f 1892/33/595 1920/33/595 1921/33/595 1893/33/595
f 1893/33/598 1921/33/598 1922/33/598 1894/33/598
f 1894/33/595 1922/33/595 1923/33/595 1895/33/595
f 1895/33/596 1923/33/596 1924/33/596 1896/33/596
f 1896/33/595 1924/33/595 1925/33/595 1897/33/595
f 1897/33/597 1925/33/597 1926/33/597 1898/33/597
f 1898/33/595 1926/33/595 1927/33/595 1899/33/595
f 1899/33/596 1927/33/596 1928/33/596 1900/33/596
f 1900/33/595 1928/33/595 1929/33/595 1901/33/595
f 1901/33/597 1929/33/597 1930/33/597 1902/33/597
f 1902/33/595 1930/33/595 1931/33/595 1903/33/595
f 1903/33/596 1931/33/596 1932/33/596 1904/33/596
f 1904/33/599 1932/33/599 1933/33/599 1905/33/599
f 1905/33/600 1933/33/600 1934/33/600 1906/33/600
f 601/33/601 630/33/601 1908/33/601 1880/33/601
f 1906/33/602 1934/33/602 1935/33/602 1907/33/602
f 1880/33/601 1908/33/601 1909/33/601 1881/33/601
f 1923/33/603 1951/33/603 1952/33/603 1924/33/603
f 1924/33/604 1952/33/604 1953/33/604 1925/33/604
f 1925/33/605 1953/33/605 1954/33/605 1926/33/605
f 1926/33/604 1954/33/604 1955/33/604 1927/33/604
f 1927/33/603 1955/33/603 1956/33/603 1928/33/603
f 1928/33/604 1956/33/604 1957/33/604 1929/33/604
f 1929/33/605 1957/33/605 1958/33/605 1930/33/605
f 1930/33/604 1958/33/604 1959/33/604 1931/33/604
f 1931/33/603 1959/33/603 1960/33/603 1932/33/603
f 1932/33/606 1960/33/606 1961/33/606 1933/33/606
f 1933/33/607 1961/33/607 1962/33/607 1934/33/607
f 630/33/608 631/33/608 1936/33/608 1908/33/608
f 1934/33/609 1962/33/609 1963/33/609 1935/33/609
f 1908/33/608 1936/33/608 1937/33/608 1909/33/608
f 1909/33/610 1937/33/610 1938/33/610 1910/33/610
f 1910/33/604 1938/33/604 1939/33/604 1911/33/604
f 1911/33/603 1939/33/603 1940/33/603 1912/33/603
f 1912/33/604 1940/33/604 1941/33/604 1913/33/604
f 1913/33/605 1941/33/605 1942/33/605 1914/33/605
f 1914/33/604 1942/33/604 1943/33/604 1915/33/604
f 1915/33/603 1943/33/603 1944/33/603 1916/33/603
f 1916/33/604 1944/33/604 1945/33/604 1917/33/604
f 1917/33/605 1945/33/605 1946/33/605 1918/33/605
f 1918/33/604 1946/33/604 1947/33/604 1919/33/604
f 1919/33/603 1947/33/603 1948/33/603 1920/33/603
f 1920/33/604 1948/33/604 1949/33/604 1921/33/604
f 1921/33/605 1949/33/605 1950/33/605 1922/33/605
f 1922/33/604 1950/33/604 1951/33/604 1923/33/604
f 1939/33/611 1967/33/611 1968/33/611 1940/33/611
f 1940/33/612 1968/33/612 1969/33/612 1941/33/612
f 1941/33/613 1969/33/613 1970/33/613 1942/33/613
f 1942/33/612 1970/33/612 1971/33/612 1943/33/612
f 1943/33/611 1971/33/611 1972/33/611 1944/33/611
f 1944/33/612 1972/33/612 1973/33/612 1945/33/612
f 1945/33/613 1973/33/613 1974/33/613 1946/33/613
f 1946/33/612 1974/33/612 1975/33/612 1947/33/612
f 1947/33/611 1975/33/611 1976/33/611 1948/33/611
f 1948/33/612 1976/33/612 1977/33/612 1949/33/612
f 1949/33/613 1977/33/613 1978/33/613 1950/33/613
f 1950/33/612 1978/33/612 1979/33/612 1951/33/612
f 1951/33/611 1979/33/611 1980/33/611 1952/33/611
f 1952/33/612 1980/33/612 1981/33/612 1953/33/612
f 1953/33/613 1981/33/613 1982/33/613 1954/33/613
f 1954/33/612 1982/33/612 1983/33/612 1955/33/612
f 1955/33/611 1983/33/611 1984/33/611 1956/33/611
f 1956/33/612 1984/33/612 1985/33/612 1957/33/612
f 1957/33/613 1985/33/613 1986/33/613 1958/33/613
f 1958/33/612 1986/33/612 1987/33/612 1959/33/612
f 1959/33/611 1987/33/611 1988/33/611 1960/33/611
f 1960/33/614 1988/33/614 1989/33/614 1961/33/614
f 1961/33/615 1989/33/615 1990/33/615 1962/33/615
f 631/33/616 632/33/616 1964/33/616 1936/33/616
f 1962/33/617 1990/33/617 1991/33/617 1963/33/617
f 1936/33/616 1964/33/616 1965/33/616 1937/33/616
f 1937/33/618 1965/33/618 1966/33/618 1938/33/618
f 1938/33/612 1966/33/612 1967/33/612 1939/33/612
f 1981/33/619 2009/33/619 2010/33/619 1982/33/619
f 1982/33/620 2010/33/620 2011/33/620 1983/33/620
f 1983/33/621 2011/33/621 2012/33/621 1984/33/621
f 1984/33/620 2012/33/620 2013/33/620 1985/33/620
f 1985/33/619 2013/33/619 2014/33/619 1986/33/619
f 1986/33/620 2014/33/620 2015/33/620 1987/33/620
f 1987/33/621 2015/33/621 2016/33/621 1988/33/621
f 1988/33/622 2016/33/622 2017/33/622 1989/33/622
f 1989/33/623 2017/33/623 2018/33/623 1990/33/623
f 632/33/624 633/33/624 1992/33/624 1964/33/624
f 1990/33/625 2018/33/625 2019/33/625 1991/33/625
f 1964/33/624 1992/33/624 1993/33/624 1965/33/624
f 1965/33/626 1993/33/626 1994/33/626 1966/33/626
f 1966/33/627 1994/33/627 1995/33/627 1967/33/627
f 1967/33/621 1995/33/621 1996/33/621 1968/33/621
f 1968/33/620 1996/33/620 1997/33/620 1969/33/620
f 1969/33/619 1997/33/619 1998/33/619 1970/33/619
f 1970/33/620 1998/33/620 1999/33/620 1971/33/620
f 1971/33/621 1999/33/621 2000/33/621 1972/33/621
f 1972/33/620 2000/33/620 2001/33/620 1973/33/620
f 1973/33/619 2001/33/619 2002/33/619 1974/33/619
f 1974/33/620 2002/33/620 2003/33/620 1975/33/620
f 1975/33/621 2003/33/621 2004/33/621 1976/33/621
f 1976/33/620 2004/33/620 2005/33/620 1977/33/620
f 1977/33/619 2005/33/619 2006/33/619 1978/33/619
f 1978/33/620 2006/33/620 2007/33/620 1979/33/620
f 1979/33/621 2007/33/621 2008/33/621 1980/33/621
f 1980/33/620 2008/33/620 2009/33/620 1981/33/620
f 1997/33/628 2025/33/628 2026/33/628 1998/33/628
f 1998/33/629 2026/33/629 2027/33/629 1999/33/629
f 1999/33/630 2027/33/630 2028/33/630 2000/33/630
f 2000/33/629 2028/33/629 2029/33/629 2001/33/629
f 2001/33/628 2029/33/628 2030/33/628 2002/33/628
f 2002/33/629 2030/33/629 2031/33/629 2003/33/629
f 2003/33/630 2031/33/630 2032/33/630 2004/33/630
f 2004/33/629 2032/33/629 2033/33/629 2005/33/629
f 2005/33/628 2033/33/628 2034/33/628 2006/33/628
f 2006/33/629 2034/33/629 2035/33/629 2007/33/629
f 2007/33/630 2035/33/630 2036/33/630 2008/33/630
f 2008/33/629 2036/33/629 2037/33/629 2009/33/629
f 2009/33/628 2037/33/628 2038/33/628 2010/33/628
f 2010/33/629 2038/33/629 2039/33/629 2011/33/629
f 2011/33/630 2039/33/630 2040/33/630 2012/33/630
f 2012/33/629 2040/33/629 2041/33/629 2013/33/629
f 2013/33/628 2041/33/628 2042/33/628 2014/33/628
f 2014/33/629 2042/33/629 2043/33/629 2015/33/629
f 2015/33/630 2043/33/630 2044/33/630 2016/33/630
f 2016/33/631 2044/33/631 2045/33/631 2017/33/631
f 2017/33/632 2045/33/632 2046/33/632 2018/33/632
f 633/33/633 662/33/633 2020/33/633 1992/33/633
f 2018/33/634 2046/33/634 2047/33/634 2019/33/634
f 1992/33/633 2020/33/633 2021/33/633 1993/33/633
f 1993/33/635 2021/33/635 2022/33/635 1994/33/635
f 1994/33/636 2022/33/636 2023/33/636 1995/33/636
f 1995/33/630 2023/33/630 2024/33/630 1996/33/630
f 1996/33/629 2024/33/629 2025/33/629 1997/33/629
f 2040/33/637 2068/33/637 2069/33/637 2041/33/637
f 2041/33/638 2069/33/638 2070/33/638 2042/33/638
f 2042/33/637 2070/33/637 2071/33/637 2043/33/637
f 2043/33/639 2071/33/639 2072/33/639 2044/33/639
f 2044/33/640 2072/33/640 2073/33/640 2045/33/640
f 2045/33/641 2073/33/641 2074/33/641 2046/33/641
f 662/33/642 663/33/642 2048/33/642 2020/33/642
f 2046/33/643 2074/33/643 2075/33/643 2047/33/643
f 2020/33/642 2048/33/642 2049/33/642 2021/33/642
f 2021/33/644 2049/33/644 2050/33/644 2022/33/644
f 2022/33/645 2050/33/645 2051/33/645 2023/33/645
f 2023/33/646 2051/33/646 2052/33/646 2024/33/646
f 2024/33/637 2052/33/637 2053/33/637 2025/33/637
f 2025/33/638 2053/33/638 2054/33/638 2026/33/638
f 2026/33/637 2054/33/637 2055/33/637 2027/33/637
f 2027/33/646 2055/33/646 2056/33/646 2028/33/646
f 2028/33/637 2056/33/637 2057/33/637 2029/33/637
f 2029/33/638 2057/33/638 2058/33/638 2030/33/638
f 2030/33/637 2058/33/637 2059/33/637 2031/33/637
f 2031/33/646 2059/33/646 2060/33/646 2032/33/646
f 2032/33/637 2060/33/637 2061/33/637 2033/33/637
f 2033/33/638 2061/33/638 2062/33/638 2034/33/638
f 2034/33/637 2062/33/637 2063/33/637 2035/33/637
f 2035/33/646 2063/33/646 2064/33/646 2036/33/646
f 2036/33/637 2064/33/637 2065/33/637 2037/33/637
f 2037/33/638 2065/33/638 2066/33/638 2038/33/638
f 2038/33/637 2066/33/637 2067/33/637 2039/33/637
f 2039/33/646 2067/33/646 2068/33/646 2040/33/646
f 2056/33/647 2084/33/647 2085/33/647 2057/33/647
f 2057/33/648 2085/33/648 2086/33/648 2058/33/648
f 2058/33/649 2086/33/649 2087/33/649 2059/33/649
f 2059/33/650 2087/33/650 2088/33/650 2060/33/650
f 2060/33/647 2088/33/647 2089/33/647 2061/33/647
f 2061/33/648 2089/33/648 2090/33/648 2062/33/648
f 2062/33/649 2090/33/649 2091/33/649 2063/33/649
f 2063/33/650 2091/33/650 2092/33/650 2064/33/650
f 2064/33/647 2092/33/647 2093/33/647 2065/33/647
f 2065/33/648 2093/33/648 2094/33/648 2066/33/648
f 2066/33/649 2094/33/649 2095/33/649 2067/33/649
f 2067/33/650 2095/33/650 2096/33/650 2068/33/650
f 2068/33/647 2096/33/647 2097/33/647 2069/33/647
f 2069/33/648 2097/33/648 2098/33/648 2070/33/648
f 2070/33/649 2098/33/649 2099/33/649 2071/33/649
f 2071/33/651 2099/33/651 2100/33/651 2072/33/651
f 2072/33/652 2100/33/652 2101/33/652 2073/33/652
f 2073/33/653 2101/33/653 2102/33/653 2074/33/653
f 663/33/654 664/33/654 2076/33/654 2048/33/654
f 2074/33/655 2102/33/655 2103/33/655 2075/33/655
f 2048/33/654 2076/33/654 2077/33/654 2049/33/654
f 2049/33/656 2077/33/656 2078/33/656 2050/33/656
f 2050/33/657 2078/33/657 2079/33/657 2051/33/657
f 2051/33/650 2079/33/650 2080/33/650 2052/33/650
f 2052/33/647 2080/33/647 2081/33/647 2053/33/647
f 2053/33/648 2081/33/648 2082/33/648 2054/33/648
f 2054/33/649 2082/33/649 2083/33/649 2055/33/649
f 2055/33/650 2083/33/650 2084/33/650 2056/33/650
f 2098/33/658 2126/33/658 2127/33/658 2099/33/658
f 2099/33/659 2127/33/659 2128/33/659 2100/33/659
f 2100/33/660 2128/33/660 2129/33/660 2101/33/660
f 2101/33/661 2129/33/661 2130/33/661 2102/33/661
f 664/33/662 665/33/662 2104/33/662 2076/33/662
f 2102/33/663 2130/33/663 2131/33/663 2103/33/663
f 2076/33/662 2104/33/662 2105/33/662 2077/33/662
f 2077/33/664 2105/33/664 2106/33/664 2078/33/664
f 2078/33/665 2106/33/665 2107/33/665 2079/33/665
f 2079/33/659 2107/33/659 2108/33/659 2080/33/659
f 2080/33/658 2108/33/658 2109/33/658 2081/33/658
f 2081/33/666 2109/33/666 2110/33/666 2082/33/666
f 2082/33/658 2110/33/658 2111/33/658 2083/33/658
f 2083/33/659 2111/33/659 2112/33/659 2084/33/659
f 2084/33/658 2112/33/658 2113/33/658 2085/33/658
f 2085/33/666 2113/33/666 2114/33/666 2086/33/666
f 2086/33/658 2114/33/658 2115/33/658 2087/33/658
f 2087/33/659 2115/33/659 2116/33/659 2088/33/659
f 2088/33/658 2116/33/658 2117/33/658 2089/33/658
f 2089/33/666 2117/33/666 2118/33/666 2090/33/666
f 2090/33/658 2118/33/658 2119/33/658 2091/33/658
f 2091/33/659 2119/33/659 2120/33/659 2092/33/659
f 2092/33/658 2120/33/658 2121/33/658 2093/33/658
f 2093/33/666 2121/33/666 2122/33/666 2094/33/666
f 2094/33/658 2122/33/658 2123/33/658 2095/33/658
f 2095/33/659 2123/33/659 2124/33/659 2096/33/659
f 2096/33/658 2124/33/658 2125/33/658 2097/33/658
f 2097/33/666 2125/33/666 2126/33/666 2098/33/666
f 2114/33/667 2142/33/667 2143/33/667 2115/33/667
f 2115/33/668 2143/33/668 2144/33/668 2116/33/668
f 2116/33/667 2144/33/667 2145/33/667 2117/33/667
f 2117/33/669 2145/33/669 2146/33/669 2118/33/669
f 2118/33/667 2146/33/667 2147/33/667 2119/33/667
f 2119/33/668 2147/33/668 2148/33/668 2120/33/668
f 2120/33/667 2148/33/667 2149/33/667 2121/33/667
f 2121/33/669 2149/33/669 2150/33/669 2122/33/669
f 2122/33/667 2150/33/667 2151/33/667 2123/33/667
f 2123/33/668 2151/33/668 2152/33/668 2124/33/668
f 2124/33/667 2152/33/667 2153/33/667 2125/33/667
f 2125/33/669 2153/33/669 2154/33/669 2126/33/669
f 2126/33/667 2154/33/667 2155/33/667 2127/33/667
f 2127/33/668 2155/33/668 2156/33/668 2128/33/668
f 2128/33/667 2156/33/667 2157/33/667 2129/33/667
f 2129/33/670 2157/33/670 2158/33/670 2130/33/670
f 665/33/671 694/33/671 2132/33/671 2104/33/671
f 2130/33/672 2158/33/672 2159/33/672 2131/33/672
f 2104/33/671 2132/33/671 2133/33/671 2105/33/671
f 2105/33/673 2133/33/673 2134/33/673 2106/33/673
f 2106/33/674 2134/33/674 2135/33/674 2107/33/674
f 2107/33/668 2135/33/668 2136/33/668 2108/33/668
f 2108/33/667 2136/33/667 2137/33/667 2109/33/667
f 2109/33/669 2137/33/669 2138/33/669 2110/33/669
f 2110/33/667 2138/33/667 2139/33/667 2111/33/667
f 2111/33/668 2139/33/668 2140/33/668 2112/33/668
f 2112/33/667 2140/33/667 2141/33/667 2113/33/667
f 2113/33/669 2141/33/669 2142/33/669 2114/33/669
f 2142/33/675 2170/33/675 2171/33/675 2143/33/675
f 2143/33/676 2171/33/676 2172/33/676 2144/33/676
f 2144/33/675 2172/33/675 2173/33/675 2145/33/675
f 2145/33/677 2173/33/677 2174/33/677 2146/33/677
f 2146/33/675 2174/33/675 2175/33/675 2147/33/675
f 2147/33/676 2175/33/676 2176/33/676 2148/33/676
f 2148/33/675 2176/33/675 2177/33/675 2149/33/675
f 2149/33/677 2177/33/677 2178/33/677 2150/33/677
f 2150/33/675 2178/33/675 2179/33/675 2151/33/675
f 2151/33/676 2179/33/676 2180/33/676 2152/33/676
f 2152/33/675 2180/33/675 2181/33/675 2153/33/675
f 2153/33/677 2181/33/677 2182/33/677 2154/33/677
f 2154/33/675 2182/33/675 2183/33/675 2155/33/675
f 2155/33/676 2183/33/676 2184/33/676 2156/33/676
f 2156/33/675 2184/33/675 2185/33/675 2157/33/675
f 2157/33/678 2185/33/678 2186/33/678 2158/33/678
f 694/33/679 695/33/679 2160/33/679 2132/33/679
f 2158/33/680 2186/33/680 2187/33/680 2159/33/680
f 2132/33/679 2160/33/679 2161/33/679 2133/33/679
f 2133/33/681 2161/33/681 2162/33/681 2134/33/681
f 2134/33/682 2162/33/682 2163/33/682 2135/33/682
f 2135/33/676 2163/33/676 2164/33/676 2136/33/676
f 2136/33/675 2164/33/675 2165/33/675 2137/33/675
f 2137/33/677 2165/33/677 2166/33/677 2138/33/677
f 2138/33/675 2166/33/675 2167/33/675 2139/33/675
f 2139/33/676 2167/33/676 2168/33/676 2140/33/676
f 2140/33/675 2168/33/675 2169/33/675 2141/33/675
f 2141/33/677 2169/33/677 2170/33/677 2142/33/677
f 2184/33/683 2212/33/683 2213/33/683 2185/33/683
f 2185/33/684 2213/33/684 2214/33/684 2186/33/684
f 695/33/685 696/33/685 2188/33/685 2160/33/685
f 2186/33/686 2214/33/686 2215/33/686 2187/33/686
f 2160/33/685 2188/33/685 2189/33/685 2161/33/685
f 2161/33/687 2189/33/687 2190/33/687 2162/33/687
f 2162/33/688 2190/33/688 2191/33/688 2163/33/688
f 2163/33/689 2191/33/689 2192/33/689 2164/33/689
f 2164/33/683 2192/33/683 2193/33/683 2165/33/683
f 2165/33/690 2193/33/690 2194/33/690 2166/33/690
f 2166/33/683 2194/33/683 2195/33/683 2167/33/683
f 2167/33/689 2195/33/689 2196/33/689 2168/33/689
f 2168/33/683 2196/33/683 2197/33/683 2169/33/683
f 2169/33/690 2197/33/690 2198/33/690 2170/33/690
f 2170/33/683 2198/33/683 2199/33/683 2171/33/683
f 2171/33/689 2199/33/689 2200/33/689 2172/33/689
f 2172/33/683 2200/33/683 2201/33/683 2173/33/683
f 2173/33/690 2201/33/690 2202/33/690 2174/33/690
f 2174/33/683 2202/33/683 2203/33/683 2175/33/683
f 2175/33/691 2203/33/691 2204/33/691 2176/33/691
f 2176/33/683 2204/33/683 2205/33/683 2177/33/683
f 2177/33/690 2205/33/690 2206/33/690 2178/33/690
f 2178/33/683 2206/33/683 2207/33/683 2179/33/683
f 2179/33/689 2207/33/689 2208/33/689 2180/33/689
f 2180/33/683 2208/33/683 2209/33/683 2181/33/683
f 2181/33/690 2209/33/690 2210/33/690 2182/33/690
f 2182/33/683 2210/33/683 2211/33/683 2183/33/683
f 2183/33/689 2211/33/689 2212/33/689 2184/33/689
f 2200/33/692 2228/33/692 2229/33/692 2201/33/692
f 2201/33/693 2229/33/693 2230/33/693 2202/33/693
f 2202/33/692 2230/33/692 2231/33/692 2203/33/692
f 2203/33/694 2231/33/694 2232/33/694 2204/33/694
f 2204/33/692 2232/33/692 2233/33/692 2205/33/692
f 2205/33/693 2233/33/693 2234/33/693 2206/33/693
f 2206/33/692 2234/33/692 2235/33/692 2207/33/692
f 2207/33/694 2235/33/694 2236/33/694 2208/33/694
f 2208/33/692 2236/33/692 2237/33/692 2209/33/692
f 2209/33/693 2237/33/693 2238/33/693 2210/33/693
f 2210/33/692 2238/33/692 2239/33/692 2211/33/692
f 2211/33/694 2239/33/694 2240/33/694 2212/33/694
f 2212/33/692 2240/33/692 2241/33/692 2213/33/692
f 2213/33/695 2241/33/695 2242/33/695 2214/33/695
f 696/33/696 697/33/696 2216/33/696 2188/33/696
f 2214/33/697 2242/33/697 2243/33/697 2215/33/697
f 2188/33/696 2216/33/696 2217/33/696 2189/33/696
f 2189/33/698 2217/33/698 2218/33/698 2190/33/698
f 2190/33/699 2218/33/699 2219/33/699 2191/33/699
f 2191/33/694 2219/33/694 2220/33/694 2192/33/694
f 2192/33/692 2220/33/692 2221/33/692 2193/33/692
f 2193/33/693 2221/33/693 2222/33/693 2194/33/693
f 2194/33/692 2222/33/692 2223/33/692 2195/33/692
f 2195/33/694 2223/33/694 2224/33/694 2196/33/694
f 2196/33/692 2224/33/692 2225/33/692 2197/33/692
f 2197/33/693 2225/33/693 2226/33/693 2198/33/693
f 2198/33/692 2226/33/692 2227/33/692 2199/33/692
f 2199/33/694 2227/33/694 2228/33/694 2200/33/694
f 2242/33/700 2271/33/700 2272/33/700 2243/33/700
f 2216/33/701 2245/33/701 2246/33/701 2217/33/701
f 2243/33/702 2272/33/702 2273/33/702 2244/33/702
f 2217/33/703 2246/33/703 2247/33/703 2218/33/703
f 2218/33/704 2247/33/704 2248/33/704 2219/33/704
f 2219/33/705 2248/33/705 2249/33/705 2220/33/705
f 2220/33/706 2249/33/706 2250/33/706 2221/33/706
f 2221/33/707 2250/33/707 2251/33/707 2222/33/707
f 2222/33/706 2251/33/706 2252/33/706 2223/33/706
f 2223/33/705 2252/33/705 2253/33/705 2224/33/705
f 2224/33/706 2253/33/706 2254/33/706 2225/33/706
f 2225/33/707 2254/33/707 2255/33/707 2226/33/707
f 2226/33/706 2255/33/706 2256/33/706 2227/33/706
f 2227/33/705 2256/33/705 2257/33/705 2228/33/705
f 2228/33/706 2257/33/706 2258/33/706 2229/33/706
f 2229/33/707 2258/33/707 2259/33/707 2230/33/707
f 2230/33/706 2259/33/706 2260/33/706 2231/33/706
f 2231/33/705 2260/33/705 2261/33/705 2232/33/705
f 2232/33/706 2261/33/706 2262/33/706 2233/33/706
f 2233/33/707 2262/33/707 2263/33/707 2234/33/707
f 2234/33/706 2263/33/706 2264/33/706 2235/33/706
f 2235/33/705 2264/33/705 2265/33/705 2236/33/705
f 2236/33/706 2265/33/706 2266/33/706 2237/33/706
f 2237/33/707 2266/33/707 2267/33/707 2238/33/707
f 2238/33/706 2267/33/706 2268/33/706 2239/33/706
f 2239/33/705 2268/33/705 2269/33/705 2240/33/705
f 2240/33/706 2269/33/706 2270/33/706 2241/33/706
f 2241/33/708 2270/33/708 2271/33/708 2242/33/708
f 697/33/701 726/33/701 2245/33/701 2216/33/701
f 2259/33/709 2288/33/709 2289/33/709 2260/33/709
f 2260/33/710 2289/33/710 2290/33/710 2261/33/710
f 2261/33/709 2290/33/709 2291/33/709 2262/33/709
f 2262/33/711 2291/33/711 2292/33/711 2263/33/711
f 2263/33/709 2292/33/709 2293/33/709 2264/33/709
f 2264/33/710 2293/33/710 2294/33/710 2265/33/710
f 2265/33/709 2294/33/709 2295/33/709 2266/33/709
f 2266/33/711 2295/33/711 2296/33/711 2267/33/711
f 2267/33/709 2296/33/709 2297/33/709 2268/33/709
f 2268/33/710 2297/33/710 2298/33/710 2269/33/710
f 2269/33/709 2298/33/709 2299/33/709 2270/33/709
f 2270/33/712 2299/33/712 2300/33/712 2271/33/712
f 726/33/713 727/33/713 2274/33/713 2245/33/713
f 2271/33/714 2300/33/714 2301/33/714 2272/33/714
f 2245/33/713 2274/33/713 2275/33/713 2246/33/713
f 2272/33/715 2301/33/715 2302/33/715 2273/33/715
f 2246/33/716 2275/33/716 2276/33/716 2247/33/716
f 2247/33/717 2276/33/717 2277/33/717 2248/33/717
f 2248/33/710 2277/33/710 2278/33/710 2249/33/710
f 2249/33/709 2278/33/709 2279/33/709 2250/33/709
f 2250/33/711 2279/33/711 2280/33/711 2251/33/711
f 2251/33/709 2280/33/709 2281/33/709 2252/33/709
f 2252/33/710 2281/33/710 2282/33/710 2253/33/710
f 2253/33/709 2282/33/709 2283/33/709 2254/33/709
f 2254/33/711 2283/33/711 2284/33/711 2255/33/711
f 2255/33/709 2284/33/709 2285/33/709 2256/33/709
f 2256/33/710 2285/33/710 2286/33/710 2257/33/710
f 2257/33/709 2286/33/709 2287/33/709 2258/33/709
f 2258/33/718 2287/33/718 2288/33/718 2259/33/718
f 2276/33/719 2305/33/719 2306/33/719 2277/33/719
f 2277/33/720 2306/33/720 2307/33/720 2278/33/720
f 2278/33/721 2307/33/721 2308/33/721 2279/33/721
f 2279/33/722 2308/33/722 2309/33/722 2280/33/722
f 2280/33/721 2309/33/721 2310/33/721 2281/33/721
f 2281/33/720 2310/33/720 2311/33/720 2282/33/720
f 2282/33/721 2311/33/721 2312/33/721 2283/33/721
f 2283/33/722 2312/33/722 2313/33/722 2284/33/722
f 2284/33/721 2313/33/721 2314/33/721 2285/33/721
f 2285/33/720 2314/33/720 2315/33/720 2286/33/720
f 2286/33/721 2315/33/721 2316/33/721 2287/33/721
f 2287/33/722 2316/33/722 2317/33/722 2288/33/722
f 2288/33/721 2317/33/721 2318/33/721 2289/33/721
f 2289/33/720 2318/33/720 2319/33/720 2290/33/720
f 2290/33/721 2319/33/721 2320/33/721 2291/33/721
f 2291/33/722 2320/33/722 2321/33/722 2292/33/722
f 2292/33/721 2321/33/721 2322/33/721 2293/33/721
f 2293/33/720 2322/33/720 2323/33/720 2294/33/720
f 2294/33/721 2323/33/721 2324/33/721 2295/33/721
f 2295/33/722 2324/33/722 2325/33/722 2296/33/722
f 2296/33/721 2325/33/721 2326/33/721 2297/33/721
f 2297/33/720 2326/33/720 2327/33/720 2298/33/720
f 2298/33/721 2327/33/721 2328/33/721 2299/33/721
f 2299/33/723 2328/33/723 2329/33/723 2300/33/723
f 727/33/724 728/33/724 2303/33/724 2274/33/724
f 2300/33/725 2329/33/725 2330/33/725 2301/33/725
f 2274/33/724 2303/33/724 2304/33/724 2275/33/724
f 2301/33/726 2330/33/726 2331/33/726 2302/33/726
f 2275/33/727 2304/33/727 2305/33/727 2276/33/727
f 2320/33/728 2349/33/728 2350/33/728 2321/33/728
f 2321/33/729 2350/33/729 2351/33/729 2322/33/729
f 2322/33/730 2351/33/730 2352/33/730 2323/33/730
f 2323/33/729 2352/33/729 2353/33/729 2324/33/729
f 2324/33/728 2353/33/728 2354/33/728 2325/33/728
f 2325/33/729 2354/33/729 2355/33/729 2326/33/729
f 2326/33/730 2355/33/730 2356/33/730 2327/33/730
f 2327/33/729 2356/33/729 2357/33/729 2328/33/729
f 2328/33/731 2357/33/731 2358/33/731 2329/33/731
f 728/33/732 729/33/732 2332/33/732 2303/33/732
f 2329/33/733 2358/33/733 2359/33/733 2330/33/733
f 2303/33/732 2332/33/732 2333/33/732 2304/33/732
f 2330/33/734 2359/33/734 2360/33/734 2331/33/734
f 2304/33/735 2333/33/735 2334/33/735 2305/33/735
f 2305/33/736 2334/33/736 2335/33/736 2306/33/736
f 2306/33/737 2335/33/737 2336/33/737 2307/33/737
f 2307/33/729 2336/33/729 2337/33/729 2308/33/729
f 2308/33/728 2337/33/728 2338/33/728 2309/33/728
f 2309/33/729 2338/33/729 2339/33/729 2310/33/729
f 2310/33/730 2339/33/730 2340/33/730 2311/33/730
f 2311/33/729 2340/33/729 2341/33/729 2312/33/729
f 2312/33/728 2341/33/728 2342/33/728 2313/33/728
f 2313/33/729 2342/33/729 2343/33/729 2314/33/729
f 2314/33/730 2343/33/730 2344/33/730 2315/33/730
f 2315/33/729 2344/33/729 2345/33/729 2316/33/729
f 2316/33/728 2345/33/728 2346/33/728 2317/33/728
f 2317/33/729 2346/33/729 2347/33/729 2318/33/729
f 2318/33/730 2347/33/730 2348/33/730 2319/33/730
f 2319/33/729 2348/33/729 2349/33/729 2320/33/729
f 2337/33/738 2365/33/738 2366/33/738 2338/33/738
f 2338/33/739 2366/33/739 2367/33/739 2339/33/739
f 2339/33/740 2367/33/740 2368/33/740 2340/33/740
f 2340/33/739 2368/33/739 2369/33/739 2341/33/739
f 2341/33/738 2369/33/738 2370/33/738 2342/33/738
f 2342/33/739 2370/33/739 2371/33/739 2343/33/739
f 2343/33/740 2371/33/740 2372/33/740 2344/33/740
f 2344/33/739 2372/33/739 2373/33/739 2345/33/739
f 2345/33/738 2373/33/738 2374/33/738 2346/33/738
f 2346/33/739 2374/33/739 2375/33/739 2347/33/739
f 2347/33/740 2375/33/740 2376/33/740 2348/33/740
f 2348/33/739 2376/33/739 2377/33/739 2349/33/739
f 2349/33/738 2377/33/738 2378/33/738 2350/33/738
f 2350/33/739 2378/33/739 2379/33/739 2351/33/739
f 2351/33/740 2379/33/740 2380/33/740 2352/33/740
f 2352/33/739 2380/33/739 2381/33/739 2353/33/739
f 2353/33/738 2381/33/738 2382/33/738 2354/33/738
f 2354/33/739 2382/33/739 2383/33/739 2355/33/739
f 2355/33/740 2383/33/740 2384/33/740 2356/33/740
f 2356/33/739 2384/33/739 2385/33/739 2357/33/739
f 2357/33/741 2385/33/741 2386/33/741 2358/33/741
f 729/33/742 759/33/742 2332/33/742
f 2358/33/743 2386/33/743 2387/33/743 2359/33/743
f 2359/33/744 2387/33/744 2388/33/744 2360/33/744
f 2333/33/745 2361/33/745 2362/33/745 2334/33/745
f 2334/33/746 2362/33/746 2363/33/746 2335/33/746
f 2335/33/747 2363/33/747 2364/33/747 2336/33/747
f 2336/33/739 2364/33/739 2365/33/739 2337/33/739
f 2379/33/748 2407/33/748 2408/33/748 2380/33/748
f 2380/33/749 2408/33/749 2409/33/749 2381/33/749
f 2381/33/750 2409/33/750 2410/33/750 2382/33/750
f 2382/33/751 2410/33/751 2411/33/751 2383/33/751
f 2383/33/748 2411/33/748 2412/33/748 2384/33/748
f 2384/33/751 2412/33/751 2413/33/751 2385/33/751
f 2385/33/752 2413/33/752 2414/33/752 2386/33/752
f 2386/33/753 2414/33/753 2415/33/753 2387/33/753
f 758/33/754 760/33/754 2389/33/754 2361/33/754
f 2387/33/755 2415/33/755 2416/33/755 2388/33/755
f 2361/33/756 2389/33/756 2390/33/756 2362/33/756
f 2362/33/757 2390/33/757 2391/33/757 2363/33/757
f 2363/33/758 2391/33/758 2392/33/758 2364/33/758
f 2364/33/751 2392/33/751 2393/33/751 2365/33/751
f 2365/33/759 2393/33/759 2394/33/759 2366/33/759
f 2366/33/749 2394/33/749 2395/33/749 2367/33/749
f 2367/33/748 2395/33/748 2396/33/748 2368/33/748
f 2368/33/751 2396/33/751 2397/33/751 2369/33/751
f 2369/33/759 2397/33/759 2398/33/759 2370/33/759
f 2370/33/751 2398/33/751 2399/33/751 2371/33/751
f 2371/33/748 2399/33/748 2400/33/748 2372/33/748
f 2372/33/751 2400/33/751 2401/33/751 2373/33/751
f 2373/33/759 2401/33/759 2402/33/759 2374/33/759
f 2374/33/751 2402/33/751 2403/33/751 2375/33/751
f 2375/33/748 2403/33/748 2404/33/748 2376/33/748
f 2376/33/751 2404/33/751 2405/33/751 2377/33/751
f 2377/33/759 2405/33/759 2406/33/759 2378/33/759
f 2378/33/751 2406/33/751 2407/33/751 2379/33/751
f 2395/33/760 2423/33/760 2424/33/760 2396/33/760
f 2396/33/761 2424/33/761 2425/33/761 2397/33/761
f 2397/33/762 2425/33/762 2426/33/762 2398/33/762
f 2398/33/761 2426/33/761 2427/33/761 2399/33/761
f 2399/33/760 2427/33/760 2428/33/760 2400/33/760
f 2400/33/761 2428/33/761 2429/33/761 2401/33/761
f 2401/33/762 2429/33/762 2430/33/762 2402/33/762
f 2402/33/761 2430/33/761 2431/33/761 2403/33/761
f 2403/33/760 2431/33/760 2432/33/760 2404/33/760
f 2404/33/761 2432/33/761 2433/33/761 2405/33/761
f 2405/33/762 2433/33/762 2434/33/762 2406/33/762
f 2406/33/761 2434/33/761 2435/33/761 2407/33/761
f 2407/33/760 2435/33/760 2436/33/760 2408/33/760
f 2408/33/761 2436/33/761 2437/33/761 2409/33/761
f 2409/33/763 2437/33/763 2438/33/763 2410/33/763
f 2410/33/761 2438/33/761 2439/33/761 2411/33/761
f 2411/33/760 2439/33/760 2440/33/760 2412/33/760
f 2412/33/761 2440/33/761 2441/33/761 2413/33/761
f 2413/33/764 2441/33/764 2442/33/764 2414/33/764
f 2414/33/765 2442/33/765 2443/33/765 2415/33/765
f 760/33/766 761/33/766 2417/33/766 2389/33/766
f 2415/33/767 2443/33/767 2444/33/767 2416/33/767
f 2389/33/768 2417/33/768 2418/33/768 2390/33/768
f 2390/33/769 2418/33/769 2419/33/769 2391/33/769
f 2391/33/770 2419/33/770 2420/33/770 2392/33/770
f 2392/33/761 2420/33/761 2421/33/761 2393/33/761
f 2393/33/762 2421/33/762 2422/33/762 2394/33/762
f 2394/33/761 2422/33/761 2423/33/761 2395/33/761
f 2437/33/771 2465/33/771 2466/33/771 2438/33/771
f 2438/33/772 2466/33/772 2467/33/772 2439/33/772
f 2439/33/773 2467/33/773 2468/33/773 2440/33/773
f 2440/33/772 2468/33/772 2469/33/772 2441/33/772
f 2441/33/774 2469/33/774 2470/33/774 2442/33/774
f 2442/33/775 2470/33/775 2471/33/775 2443/33/775
f 761/33/776 790/33/776 2445/33/776 2417/33/776
f 2443/33/777 2471/33/777 2472/33/777 2444/33/777
f 2417/33/778 2445/33/778 2446/33/778 2418/33/778
f 2418/33/779 2446/33/779 2447/33/779 2419/33/779
f 2419/33/780 2447/33/780 2448/33/780 2420/33/780
f 2420/33/772 2448/33/772 2449/33/772 2421/33/772
f 2421/33/771 2449/33/771 2450/33/771 2422/33/771
f 2422/33/772 2450/33/772 2451/33/772 2423/33/772
f 2423/33/773 2451/33/773 2452/33/773 2424/33/773
f 2424/33/772 2452/33/772 2453/33/772 2425/33/772
f 2425/33/771 2453/33/771 2454/33/771 2426/33/771
f 2426/33/772 2454/33/772 2455/33/772 2427/33/772
f 2427/33/773 2455/33/773 2456/33/773 2428/33/773
f 2428/33/772 2456/33/772 2457/33/772 2429/33/772
f 2429/33/771 2457/33/771 2458/33/771 2430/33/771
f 2430/33/772 2458/33/772 2459/33/772 2431/33/772
f 2431/33/773 2459/33/773 2460/33/773 2432/33/773
f 2432/33/772 2460/33/772 2461/33/772 2433/33/772
f 2433/33/771 2461/33/771 2462/33/771 2434/33/771
f 2434/33/772 2462/33/772 2463/33/772 2435/33/772
f 2435/33/773 2463/33/773 2464/33/773 2436/33/773
f 2436/33/772 2464/33/772 2465/33/772 2437/33/772
f 2453/33/781 2481/33/781 2482/33/781 2454/33/781
f 2454/33/782 2482/33/782 2483/33/782 2455/33/782
f 2455/33/783 2483/33/783 2484/33/783 2456/33/783
f 2456/33/782 2484/33/782 2485/33/782 2457/33/782
f 2457/33/781 2485/33/781 2486/33/781 2458/33/781
f 2458/33/782 2486/33/782 2487/33/782 2459/33/782
f 2459/33/783 2487/33/783 2488/33/783 2460/33/783
f 2460/33/782 2488/33/782 2489/33/782 2461/33/782
f 2461/33/781 2489/33/781 2490/33/781 2462/33/781
f 2462/33/782 2490/33/782 2491/33/782 2463/33/782
f 2463/33/783 2491/33/783 2492/33/783 2464/33/783
f 2464/33/782 2492/33/782 2493/33/782 2465/33/782
f 2465/33/781 2493/33/781 2494/33/781 2466/33/781
f 2466/33/782 2494/33/782 2495/33/782 2467/33/782
f 2467/33/783 2495/33/783 2496/33/783 2468/33/783
f 2468/33/782 2496/33/782 2497/33/782 2469/33/782
f 2469/33/784 2497/33/784 2498/33/784 2470/33/784
f 2470/33/785 2498/33/785 2499/33/785 2471/33/785
f 790/33/786 791/33/786 2473/33/786 2445/33/786
f 2471/33/787 2499/33/787 2500/33/787 2472/33/787
f 2445/33/788 2473/33/788 2474/33/788 2446/33/788
f 2446/33/789 2474/33/789 2475/33/789 2447/33/789
f 2447/33/790 2475/33/790 2476/33/790 2448/33/790
f 2448/33/782 2476/33/782 2477/33/782 2449/33/782
f 2449/33/781 2477/33/781 2478/33/781 2450/33/781
f 2450/33/782 2478/33/782 2479/33/782 2451/33/782
f 2451/33/783 2479/33/783 2480/33/783 2452/33/783
f 2452/33/782 2480/33/782 2481/33/782 2453/33/782
f 2495/33/791 2523/33/791 2524/33/791 2496/33/791
f 2496/33/792 2524/33/792 2525/33/792 2497/33/792
f 2497/33/793 2525/33/793 2526/33/793 2498/33/793
f 2498/33/794 2526/33/794 2527/33/794 2499/33/794
f 791/33/795 792/33/795 2501/33/795 2473/33/795
f 2499/33/796 2527/33/796 2528/33/796 2500/33/796
f 2473/33/797 2501/33/797 2502/33/797 2474/33/797
f 2474/33/798 2502/33/798 2503/33/798 2475/33/798
f 2475/33/799 2503/33/799 2504/33/799 2476/33/799
f 2476/33/792 2504/33/792 2505/33/792 2477/33/792
f 2477/33/800 2505/33/800 2506/33/800 2478/33/800
f 2478/33/792 2506/33/792 2507/33/792 2479/33/792
f 2479/33/791 2507/33/791 2508/33/791 2480/33/791
f 2480/33/792 2508/33/792 2509/33/792 2481/33/792
f 2481/33/800 2509/33/800 2510/33/800 2482/33/800
f 2482/33/792 2510/33/792 2511/33/792 2483/33/792
f 2483/33/791 2511/33/791 2512/33/791 2484/33/791
f 2484/33/792 2512/33/792 2513/33/792 2485/33/792
f 2485/33/800 2513/33/800 2514/33/800 2486/33/800
f 2486/33/792 2514/33/792 2515/33/792 2487/33/792
f 2487/33/791 2515/33/791 2516/33/791 2488/33/791
f 2488/33/792 2516/33/792 2517/33/792 2489/33/792
f 2489/33/800 2517/33/800 2518/33/800 2490/33/800
f 2490/33/792 2518/33/792 2519/33/792 2491/33/792
f 2491/33/791 2519/33/791 2520/33/791 2492/33/791
f 2492/33/792 2520/33/792 2521/33/792 2493/33/792
f 2493/33/800 2521/33/800 2522/33/800 2494/33/800
f 2494/33/792 2522/33/792 2523/33/792 2495/33/792
f 2511/33/801 2539/33/801 2540/33/801 2512/33/801
f 2512/33/802 2540/33/802 2541/33/802 2513/33/802
f 2513/33/803 2541/33/803 2542/33/803 2514/33/803
f 2514/33/802 2542/33/802 2543/33/802 2515/33/802
f 2515/33/801 2543/33/801 2544/33/801 2516/33/801
f 2516/33/802 2544/33/802 2545/33/802 2517/33/802
f 2517/33/803 2545/33/803 2546/33/803 2518/33/803
f 2518/33/802 2546/33/802 2547/33/802 2519/33/802
f 2519/33/801 2547/33/801 2548/33/801 2520/33/801
f 2520/33/802 2548/33/802 2549/33/802 2521/33/802
f 2521/33/804 2549/33/804 2550/33/804 2522/33/804
f 2522/33/802 2550/33/802 2551/33/802 2523/33/802
f 2523/33/801 2551/33/801 2552/33/801 2524/33/801
f 2524/33/802 2552/33/802 2553/33/802 2525/33/802
f 2525/33/805 2553/33/805 2554/33/805 2526/33/805
f 2526/33/806 2554/33/806 2555/33/806 2527/33/806
f 792/33/807 793/33/807 2529/33/807 2501/33/807
f 2527/33/808 2555/33/808 2556/33/808 2528/33/808
f 2501/33/809 2529/33/809 2530/33/809 2502/33/809
f 2502/33/810 2530/33/810 2531/33/810 2503/33/810
f 2503/33/811 2531/33/811 2532/33/811 2504/33/811
f 2504/33/802 2532/33/802 2533/33/802 2505/33/802
f 2505/33/803 2533/33/803 2534/33/803 2506/33/803
f 2506/33/802 2534/33/802 2535/33/802 2507/33/802
f 2507/33/801 2535/33/801 2536/33/801 2508/33/801
f 2508/33/802 2536/33/802 2537/33/802 2509/33/802
f 2509/33/803 2537/33/803 2538/33/803 2510/33/803
f 2510/33/802 2538/33/802 2539/33/802 2511/33/802
f 2553/33/812 2581/33/812 2582/33/812 2554/33/812
f 2554/33/813 2582/33/813 2583/33/813 2555/33/813
f 793/33/814 822/33/814 2557/33/814 2529/33/814
f 2555/33/815 2583/33/815 2584/33/815 2556/33/815
f 2529/33/816 2557/33/816 2558/33/816 2530/33/816
f 2530/33/817 2558/33/817 2559/33/817 2531/33/817
f 2531/33/818 2559/33/818 2560/33/818 2532/33/818
f 2532/33/819 2560/33/819 2561/33/819 2533/33/819
f 2533/33/820 2561/33/820 2562/33/820 2534/33/820
f 2534/33/819 2562/33/819 2563/33/819 2535/33/819
f 2535/33/821 2563/33/821 2564/33/821 2536/33/821
f 2536/33/819 2564/33/819 2565/33/819 2537/33/819
f 2537/33/820 2565/33/820 2566/33/820 2538/33/820
f 2538/33/819 2566/33/819 2567/33/819 2539/33/819
f 2539/33/821 2567/33/821 2568/33/821 2540/33/821
f 2540/33/819 2568/33/819 2569/33/819 2541/33/819
f 2541/33/820 2569/33/820 2570/33/820 2542/33/820
f 2542/33/819 2570/33/819 2571/33/819 2543/33/819
f 2543/33/822 2571/33/822 2572/33/822 2544/33/822
f 2544/33/819 2572/33/819 2573/33/819 2545/33/819
f 2545/33/820 2573/33/820 2574/33/820 2546/33/820
f 2546/33/819 2574/33/819 2575/33/819 2547/33/819
f 2547/33/821 2575/33/821 2576/33/821 2548/33/821
f 2548/33/819 2576/33/819 2577/33/819 2549/33/819
f 2549/33/820 2577/33/820 2578/33/820 2550/33/820
f 2550/33/819 2578/33/819 2579/33/819 2551/33/819
f 2551/33/821 2579/33/821 2580/33/821 2552/33/821
f 2552/33/819 2580/33/819 2581/33/819 2553/33/819
f 2569/33/823 2597/33/823 2598/33/823 2570/33/823
f 2570/33/824 2598/33/824 2599/33/824 2571/33/824
f 2571/33/825 2599/33/825 2600/33/825 2572/33/825
f 2572/33/824 2600/33/824 2601/33/824 2573/33/824
f 2573/33/826 2601/33/826 2602/33/826 2574/33/826
f 2574/33/824 2602/33/824 2603/33/824 2575/33/824
f 2575/33/825 2603/33/825 2604/33/825 2576/33/825
f 2576/33/824 2604/33/824 2605/33/824 2577/33/824
f 2577/33/826 2605/33/826 2606/33/826 2578/33/826
f 2578/33/824 2606/33/824 2607/33/824 2579/33/824
f 2579/33/825 2607/33/825 2608/33/825 2580/33/825
f 2580/33/824 2608/33/824 2609/33/824 2581/33/824
f 2581/33/827 2609/33/827 2610/33/827 2582/33/827
f 2582/33/828 2610/33/828 2611/33/828 2583/33/828
f 822/33/829 823/33/829 2585/33/829 2557/33/829
f 2583/33/830 2611/33/830 2612/33/830 2584/33/830
f 2557/33/831 2585/33/831 2586/33/831 2558/33/831
f 2558/33/832 2586/33/832 2587/33/832 2559/33/832
f 2559/33/833 2587/33/833 2588/33/833 2560/33/833
f 2560/33/824 2588/33/824 2589/33/824 2561/33/824
f 2561/33/826 2589/33/826 2590/33/826 2562/33/826
f 2562/33/824 2590/33/824 2591/33/824 2563/33/824
f 2563/33/825 2591/33/825 2592/33/825 2564/33/825
f 2564/33/824 2592/33/824 2593/33/824 2565/33/824
f 2565/33/826 2593/33/826 2594/33/826 2566/33/826
f 2566/33/824 2594/33/824 2595/33/824 2567/33/824
f 2567/33/825 2595/33/825 2596/33/825 2568/33/825
f 2568/33/824 2596/33/824 2597/33/824 2569/33/824
f 2611/33/834 2639/33/834 2640/33/834 2612/33/834
f 2585/33/835 2613/33/835 2614/33/835 2586/33/835
f 2586/33/836 2614/33/836 2615/33/836 2587/33/836
f 2587/33/837 2615/33/837 2616/33/837 2588/33/837
f 2588/33/838 2616/33/838 2617/33/838 2589/33/838
f 2589/33/839 2617/33/839 2618/33/839 2590/33/839
f 2590/33/838 2618/33/838 2619/33/838 2591/33/838
f 2591/33/840 2619/33/840 2620/33/840 2592/33/840
f 2592/33/838 2620/33/838 2621/33/838 2593/33/838
f 2593/33/839 2621/33/839 2622/33/839 2594/33/839
f 2594/33/838 2622/33/838 2623/33/838 2595/33/838
f 2595/33/840 2623/33/840 2624/33/840 2596/33/840
f 2596/33/838 2624/33/838 2625/33/838 2597/33/838
f 2597/33/839 2625/33/839 2626/33/839 2598/33/839
f 2598/33/838 2626/33/838 2627/33/838 2599/33/838
f 2599/33/840 2627/33/840 2628/33/840 2600/33/840
f 2600/33/838 2628/33/838 2629/33/838 2601/33/838
f 2601/33/839 2629/33/839 2630/33/839 2602/33/839
f 2602/33/838 2630/33/838 2631/33/838 2603/33/838
f 2603/33/840 2631/33/840 2632/33/840 2604/33/840
f 2604/33/838 2632/33/838 2633/33/838 2605/33/838
f 2605/33/839 2633/33/839 2634/33/839 2606/33/839
f 2606/33/838 2634/33/838 2635/33/838 2607/33/838
f 2607/33/841 2635/33/841 2636/33/841 2608/33/841
f 2608/33/838 2636/33/838 2637/33/838 2609/33/838
f 2609/33/842 2637/33/842 2638/33/842 2610/33/842
f 2610/33/843 2638/33/843 2639/33/843 2611/33/843
f 823/33/844 824/33/844 2613/33/844 2585/33/844
f 2627/33/845 2655/33/845 2656/33/845 2628/33/845
f 2628/33/846 2656/33/846 2657/33/846 2629/33/846
f 2629/33/847 2657/33/847 2658/33/847 2630/33/847
f 2630/33/846 2658/33/846 2659/33/846 2631/33/846
f 2631/33/845 2659/33/845 2660/33/845 2632/33/845
f 2632/33/846 2660/33/846 2661/33/846 2633/33/846
f 2633/33/847 2661/33/847 2662/33/847 2634/33/847
f 2634/33/846 2662/33/846 2663/33/846 2635/33/846
f 2635/33/845 2663/33/845 2664/33/845 2636/33/845
f 2636/33/846 2664/33/846 2665/33/846 2637/33/846
f 2637/33/848 2665/33/848 2666/33/848 2638/33/848
f 2638/33/849 2666/33/849 2667/33/849 2639/33/849
f 824/33/850 825/33/850 2641/33/850 2613/33/850
f 2639/33/851 2667/33/851 2668/33/851 2640/33/851
f 2613/33/852 2641/33/852 2642/33/852 2614/33/852
f 2614/33/853 2642/33/853 2643/33/853 2615/33/853
f 2615/33/854 2643/33/854 2644/33/854 2616/33/854
f 2616/33/846 2644/33/846 2645/33/846 2617/33/846
f 2617/33/847 2645/33/847 2646/33/847 2618/33/847
f 2618/33/846 2646/33/846 2647/33/846 2619/33/846
f 2619/33/845 2647/33/845 2648/33/845 2620/33/845
f 2620/33/846 2648/33/846 2649/33/846 2621/33/846
f 2621/33/847 2649/33/847 2650/33/847 2622/33/847
f 2622/33/846 2650/33/846 2651/33/846 2623/33/846
f 2623/33/845 2651/33/845 2652/33/845 2624/33/845
f 2624/33/846 2652/33/846 2653/33/846 2625/33/846
f 2625/33/847 2653/33/847 2654/33/847 2626/33/847
f 2626/33/846 2654/33/846 2655/33/846 2627/33/846
f 2643/33/855 2671/33/855 2672/33/855 2644/33/855
f 2644/33/856 2672/33/856 2673/33/856 2645/33/856
f 2645/33/857 2673/33/857 2674/33/857 2646/33/857
f 2646/33/856 2674/33/856 2675/33/856 2647/33/856
f 2647/33/858 2675/33/858 2676/33/858 2648/33/858
f 2648/33/856 2676/33/856 2677/33/856 2649/33/856
f 2649/33/857 2677/33/857 2678/33/857 2650/33/857
f 2650/33/856 2678/33/856 2679/33/856 2651/33/856
f 2651/33/858 2679/33/858 2680/33/858 2652/33/858
f 2652/33/856 2680/33/856 2681/33/856 2653/33/856
f 2653/33/857 2681/33/857 2682/33/857 2654/33/857
f 2654/33/856 2682/33/856 2683/33/856 2655/33/856
f 2655/33/858 2683/33/858 2684/33/858 2656/33/858
f 2656/33/856 2684/33/856 2685/33/856 2657/33/856
f 2657/33/857 2685/33/857 2686/33/857 2658/33/857
f 2658/33/856 2686/33/856 2687/33/856 2659/33/856
f 2659/33/858 2687/33/858 2688/33/858 2660/33/858
f 2660/33/856 2688/33/856 2689/33/856 2661/33/856
f 2661/33/857 2689/33/857 2690/33/857 2662/33/857
f 2662/33/856 2690/33/856 2691/33/856 2663/33/856
f 2663/33/858 2691/33/858 2692/33/858 2664/33/858
f 2664/33/856 2692/33/856 2693/33/856 2665/33/856
f 2665/33/859 2693/33/859 2694/33/859 2666/33/859
f 2666/33/860 2694/33/860 2695/33/860 2667/33/860
f 825/33/861 854/33/861 2669/33/861 2641/33/861
f 2667/33/862 2695/33/862 2696/33/862 2668/33/862
f 2641/33/863 2669/33/863 2670/33/863 2642/33/863
f 2642/33/864 2670/33/864 2671/33/864 2643/33/864
f 2685/33/865 2713/33/865 2714/33/865 2686/33/865
f 2686/33/866 2714/33/866 2715/33/866 2687/33/866
f 2687/33/867 2715/33/867 2716/33/867 2688/33/867
f 2688/33/866 2716/33/866 2717/33/866 2689/33/866
f 2689/33/865 2717/33/865 2718/33/865 2690/33/865
f 2690/33/866 2718/33/866 2719/33/866 2691/33/866
f 2691/33/867 2719/33/867 2720/33/867 2692/33/867
f 2692/33/866 2720/33/866 2721/33/866 2693/33/866
f 2693/33/868 2721/33/868 2722/33/868 2694/33/868
f 2694/33/869 2722/33/869 2723/33/869 2695/33/869
f 854/33/870 855/33/870 2697/33/870 2669/33/870
f 2695/33/871 2723/33/871 2724/33/871 2696/33/871
f 2669/33/872 2697/33/872 2698/33/872 2670/33/872
f 2670/33/873 2698/33/873 2699/33/873 2671/33/873
f 2671/33/874 2699/33/874 2700/33/874 2672/33/874
f 2672/33/866 2700/33/866 2701/33/866 2673/33/866
f 2673/33/865 2701/33/865 2702/33/865 2674/33/865
f 2674/33/866 2702/33/866 2703/33/866 2675/33/866
f 2675/33/867 2703/33/867 2704/33/867 2676/33/867
f 2676/33/866 2704/33/866 2705/33/866 2677/33/866
f 2677/33/865 2705/33/865 2706/33/865 2678/33/865
f 2678/33/866 2706/33/866 2707/33/866 2679/33/866
f 2679/33/867 2707/33/867 2708/33/867 2680/33/867
f 2680/33/866 2708/33/866 2709/33/866 2681/33/866
f 2681/33/865 2709/33/865 2710/33/865 2682/33/865
f 2682/33/866 2710/33/866 2711/33/866 2683/33/866
f 2683/33/867 2711/33/867 2712/33/867 2684/33/867
f 2684/33/866 2712/33/866 2713/33/866 2685/33/866
f 2701/33/875 2729/33/875 2730/33/875 2702/33/875
f 2702/33/876 2730/33/876 2731/33/876 2703/33/876
f 2703/33/877 2731/33/877 2732/33/877 2704/33/877
f 2704/33/876 2732/33/876 2733/33/876 2705/33/876
f 2705/33/875 2733/33/875 2734/33/875 2706/33/875
f 2706/33/876 2734/33/876 2735/33/876 2707/33/876
f 2707/33/877 2735/33/877 2736/33/877 2708/33/877
f 2708/33/876 2736/33/876 2737/33/876 2709/33/876
f 2709/33/875 2737/33/875 2738/33/875 2710/33/875
f 2710/33/876 2738/33/876 2739/33/876 2711/33/876
f 2711/33/877 2739/33/877 2740/33/877 2712/33/877
f 2712/33/876 2740/33/876 2741/33/876 2713/33/876
f 2713/33/875 2741/33/875 2742/33/875 2714/33/875
f 2714/33/876 2742/33/876 2743/33/876 2715/33/876
f 2715/33/877 2743/33/877 2744/33/877 2716/33/877
f 2716/33/876 2744/33/876 2745/33/876 2717/33/876
f 2717/33/875 2745/33/875 2746/33/875 2718/33/875
f 2718/33/876 2746/33/876 2747/33/876 2719/33/876
f 2719/33/878 2747/33/878 2748/33/878 2720/33/878
f 2720/33/876 2748/33/876 2749/33/876 2721/33/876
f 2721/33/879 2749/33/879 2750/33/879 2722/33/879
f 2722/33/880 2750/33/880 2751/33/880 2723/33/880
f 855/33/881 856/33/881 2725/33/881 2697/33/881
f 2723/33/882 2751/33/882 2752/33/882 2724/33/882
f 2697/33/883 2725/33/883 2726/33/883 2698/33/883
f 2698/33/884 2726/33/884 2727/33/884 2699/33/884
f 2699/33/885 2727/33/885 2728/33/885 2700/33/885
f 2700/33/876 2728/33/876 2729/33/876 2701/33/876
f 2744/33/886 2772/33/886 2773/33/886 2745/33/886
f 2745/33/887 2773/33/887 2774/33/887 2746/33/887
f 2746/33/886 2774/33/886 2775/33/886 2747/33/886
f 2747/33/888 2775/33/888 2776/33/888 2748/33/888
f 2748/33/886 2776/33/886 2777/33/886 2749/33/886
f 2749/33/889 2777/33/889 2778/33/889 2750/33/889
f 2750/33/890 2778/33/890 2779/33/890 2751/33/890
f 856/33/891 857/33/891 2753/33/891 2725/33/891
f 2751/33/892 2779/33/892 2780/33/892 2752/33/892
f 2725/33/893 2753/33/893 2754/33/893 2726/33/893
f 2726/33/894 2754/33/894 2755/33/894 2727/33/894
f 2727/33/895 2755/33/895 2756/33/895 2728/33/895
f 2728/33/886 2756/33/886 2757/33/886 2729/33/886
f 2729/33/887 2757/33/887 2758/33/887 2730/33/887
f 2730/33/896 2758/33/896 2759/33/896 2731/33/896
f 2731/33/897 2759/33/897 2760/33/897 2732/33/897
f 2732/33/886 2760/33/886 2761/33/886 2733/33/886
f 2733/33/887 2761/33/887 2762/33/887 2734/33/887
f 2734/33/896 2762/33/896 2763/33/896 2735/33/896
f 2735/33/897 2763/33/897 2764/33/897 2736/33/897
f 2736/33/886 2764/33/886 2765/33/886 2737/33/886
f 2737/33/887 2765/33/887 2766/33/887 2738/33/887
f 2738/33/886 2766/33/886 2767/33/886 2739/33/886
f 2739/33/897 2767/33/897 2768/33/897 2740/33/897
f 2740/33/886 2768/33/886 2769/33/886 2741/33/886
f 2741/33/887 2769/33/887 2770/33/887 2742/33/887
f 2742/33/886 2770/33/886 2771/33/886 2743/33/886
f 2743/33/897 2771/33/897 2772/33/897 2744/33/897
f 2760/33/898 2788/33/898 2789/33/898 2761/33/898
f 2761/33/899 2789/33/899 2790/33/899 2762/33/899
f 2762/33/898 2790/33/898 2791/33/898 2763/33/898
f 2763/33/900 2791/33/900 2792/33/900 2764/33/900
f 2764/33/898 2792/33/898 2793/33/898 2765/33/898
f 2765/33/899 2793/33/899 2794/33/899 2766/33/899
f 2766/33/898 2794/33/898 2795/33/898 2767/33/898
f 2767/33/900 2795/33/900 2796/33/900 2768/33/900
f 2768/33/898 2796/33/898 2797/33/898 2769/33/898
f 2769/33/899 2797/33/899 2798/33/899 2770/33/899
f 2770/33/898 2798/33/898 2799/33/898 2771/33/898
f 2771/33/900 2799/33/900 2800/33/900 2772/33/900
f 2772/33/898 2800/33/898 2801/33/898 2773/33/898
f 2773/33/899 2801/33/899 2802/33/899 2774/33/899
f 2774/33/898 2802/33/898 2803/33/898 2775/33/898
f 2775/33/900 2803/33/900 2804/33/900 2776/33/900
f 2776/33/898 2804/33/898 2805/33/898 2777/33/898
f 2777/33/901 2805/33/901 2806/33/901 2778/33/901
f 2778/33/902 2806/33/902 2807/33/902 2779/33/902
f 857/33/903 886/33/903 2781/33/903 2753/33/903
f 2779/33/904 2807/33/904 2808/33/904 2780/33/904
f 2753/33/905 2781/33/905 2782/33/905 2754/33/905
f 2754/33/906 2782/33/906 2783/33/906 2755/33/906
f 2755/33/907 2783/33/907 2784/33/907 2756/33/907
f 2756/33/898 2784/33/898 2785/33/898 2757/33/898
f 2757/33/899 2785/33/899 2786/33/899 2758/33/899
f 2758/33/898 2786/33/898 2787/33/898 2759/33/898
f 2759/33/900 2787/33/900 2788/33/900 2760/33/900
f 2793/33/908 2821/33/908 2822/33/908 2794/33/908
f 2794/33/909 2822/33/909 2823/33/909 2795/33/909
f 2795/33/910 2823/33/910 2824/33/910 2796/33/910
f 2796/33/909 2824/33/909 2825/33/909 2797/33/909
f 2797/33/908 2825/33/908 2826/33/908 2798/33/908
f 2798/33/909 2826/33/909 2827/33/909 2799/33/909
f 2799/33/910 2827/33/910 2828/33/910 2800/33/910
f 2800/33/909 2828/33/909 2829/33/909 2801/33/909
f 2801/33/908 2829/33/908 2830/33/908 2802/33/908
f 2802/33/909 2830/33/909 2831/33/909 2803/33/909
f 2803/33/910 2831/33/910 2832/33/910 2804/33/910
f 2804/33/909 2832/33/909 2833/33/909 2805/33/909
f 2805/33/911 2833/33/911 2834/33/911 2806/33/911
f 2806/33/912 2834/33/912 2835/33/912 2807/33/912
f 886/33/913 887/33/913 2809/33/913 2781/33/913
f 2807/33/914 2835/33/914 2836/33/914 2808/33/914
f 2781/33/915 2809/33/915 2810/33/915 2782/33/915
f 2782/33/916 2810/33/916 2811/33/916 2783/33/916
f 2783/33/917 2811/33/917 2812/33/917 2784/33/917
f 2784/33/909 2812/33/909 2813/33/909 2785/33/909
f 2785/33/908 2813/33/908 2814/33/908 2786/33/908
f 2786/33/909 2814/33/909 2815/33/909 2787/33/909
f 2787/33/910 2815/33/910 2816/33/910 2788/33/910
f 2788/33/909 2816/33/909 2817/33/909 2789/33/909
f 2789/33/908 2817/33/908 2818/33/908 2790/33/908
f 2790/33/909 2818/33/909 2819/33/909 2791/33/909
f 2791/33/910 2819/33/910 2820/33/910 2792/33/910
f 2792/33/909 2820/33/909 2821/33/909 2793/33/909
f 2835/33/918 2863/33/918 2864/33/918 2836/33/918
f 2809/33/919 2837/33/919 2838/33/919 2810/33/919
f 2810/33/920 2838/33/920 2839/33/920 2811/33/920
f 2811/33/921 2839/33/921 2840/33/921 2812/33/921
f 2812/33/922 2840/33/922 2841/33/922 2813/33/922
f 2813/33/923 2841/33/923 2842/33/923 2814/33/923
f 2814/33/922 2842/33/922 2843/33/922 2815/33/922
f 2815/33/924 2843/33/924 2844/33/924 2816/33/924
f 2816/33/922 2844/33/922 2845/33/922 2817/33/922
f 2817/33/923 2845/33/923 2846/33/923 2818/33/923
f 2818/33/922 2846/33/922 2847/33/922 2819/33/922
f 2819/33/924 2847/33/924 2848/33/924 2820/33/924
f 2820/33/922 2848/33/922 2849/33/922 2821/33/922
f 2821/33/923 2849/33/923 2850/33/923 2822/33/923
f 2822/33/922 2850/33/922 2851/33/922 2823/33/922
f 2823/33/924 2851/33/924 2852/33/924 2824/33/924
f 2824/33/922 2852/33/922 2853/33/922 2825/33/922
f 2825/33/923 2853/33/923 2854/33/923 2826/33/923
f 2826/33/922 2854/33/922 2855/33/922 2827/33/922
f 2827/33/924 2855/33/924 2856/33/924 2828/33/924
f 2828/33/922 2856/33/922 2857/33/922 2829/33/922
f 2829/33/923 2857/33/923 2858/33/923 2830/33/923
f 2830/33/922 2858/33/922 2859/33/922 2831/33/922
f 2831/33/924 2859/33/924 2860/33/924 2832/33/924
f 2832/33/922 2860/33/922 2861/33/922 2833/33/922
f 2833/33/925 2861/33/925 2862/33/925 2834/33/925
f 2834/33/926 2862/33/926 2863/33/926 2835/33/926
f 887/33/927 888/33/927 2837/33/927 2809/33/927
f 2851/33/928 2879/33/928 2880/33/928 2852/33/928
f 2852/33/929 2880/33/929 2881/33/929 2853/33/929
f 2853/33/930 2881/33/930 2882/33/930 2854/33/930
f 2854/33/929 2882/33/929 2883/33/929 2855/33/929
f 2855/33/931 2883/33/931 2884/33/931 2856/33/931
f 2856/33/929 2884/33/929 2885/33/929 2857/33/929
f 2857/33/930 2885/33/930 2886/33/930 2858/33/930
f 2858/33/929 2886/33/929 2887/33/929 2859/33/929
f 2859/33/931 2887/33/931 2888/33/931 2860/33/931
f 2860/33/929 2888/33/929 2889/33/929 2861/33/929
f 2861/33/932 2889/33/932 2890/33/932 2862/33/932
f 2862/33/933 2890/33/933 2891/33/933 2863/33/933
f 888/33/934 889/33/934 2865/33/934 2837/33/934
f 2863/33/935 2891/33/935 2892/33/935 2864/33/935
f 2837/33/936 2865/33/936 2866/33/936 2838/33/936
f 2838/33/937 2866/33/937 2867/33/937 2839/33/937
f 2839/33/938 2867/33/938 2868/33/938 2840/33/938
f 2840/33/929 2868/33/929 2869/33/929 2841/33/929
f 2841/33/930 2869/33/930 2870/33/930 2842/33/930
f 2842/33/929 2870/33/929 2871/33/929 2843/33/929
f 2843/33/931 2871/33/931 2872/33/931 2844/33/931
f 2844/33/929 2872/33/929 2873/33/929 2845/33/929
f 2845/33/930 2873/33/930 2874/33/930 2846/33/930
f 2846/33/929 2874/33/929 2875/33/929 2847/33/929
f 2847/33/931 2875/33/931 2876/33/931 2848/33/931
f 2848/33/929 2876/33/929 2877/33/929 2849/33/929
f 2849/33/930 2877/33/930 2878/33/930 2850/33/930
f 2850/33/929 2878/33/929 2879/33/929 2851/33/929
f 2867/33/939 87/33/939 88/33/939 2868/33/939
f 2868/33/940 88/33/940 89/33/940 2869/33/940
f 2869/33/941 89/33/941 90/33/941 2870/33/941
f 2870/33/940 90/33/940 91/33/940 2871/33/940
f 2871/33/942 91/33/942 92/33/942 2872/33/942
f 2872/33/940 92/33/940 93/33/940 2873/33/940
f 2873/33/941 93/33/941 94/33/941 2874/33/941
f 2874/33/940 94/33/940 95/33/940 2875/33/940
f 2875/33/942 95/33/942 96/33/942 2876/33/942
f 2876/33/940 96/33/940 97/33/940 2877/33/940
f 2877/33/941 97/33/941 98/33/941 2878/33/941
f 2878/33/940 98/33/940 99/33/940 2879/33/940
f 2879/33/943 99/33/943 100/33/943 2880/33/943
f 2880/33/940 100/33/940 101/33/940 2881/33/940
f 2881/33/944 101/33/944 102/33/944 2882/33/944
f 2882/33/940 102/33/940 103/33/940 2883/33/940
f 2883/33/943 103/33/943 104/33/943 2884/33/943
f 2884/33/940 104/33/940 105/33/940 2885/33/940
f 2885/33/944 105/33/944 106/33/944 2886/33/944
f 2886/33/940 106/33/940 107/33/940 2887/33/940
f 2887/33/943 107/33/943 108/33/943 2888/33/943
f 2888/33/940 108/33/940 109/33/940 2889/33/940
f 2889/33/945 109/33/945 110/33/945 2890/33/945
f 2890/33/946 110/33/946 111/33/946 2891/33/946
f 889/33/947 114/33/947 85/33/947 2865/33/947
f 2891/33/948 111/33/948 112/33/948 2892/33/948
f 2865/33/949 85/33/949 86/33/949 2866/33/949
f 2866/33/950 86/33/950 87/33/950 2867/33/950
f 2864/33/951 2892/33/951 2984/33/951 2983/33/951
f 2836/33/952 2864/33/952 2983/33/952 2982/33/952
f 2808/33/953 2836/33/953 2982/33/953 2981/33/953
f 2780/33/954 2808/33/954 2981/33/954 2980/33/954
f 2752/33/955 2780/33/955 2980/33/955 2979/33/955
f 2724/33/956 2752/33/956 2979/33/956 2978/33/956
f 2696/33/957 2724/33/957 2978/33/957 2977/33/957
f 2668/33/958 2696/33/958 2977/33/958 2976/33/958
f 2640/33/959 2668/33/959 2976/33/959 2975/33/959
f 2612/33/960 2640/33/960 2975/33/960 2974/33/960
f 2584/33/961 2612/33/961 2974/33/961 2973/33/961
f 2556/33/962 2584/33/962 2973/33/962 2972/33/962
f 2528/33/963 2556/33/963 2972/33/963 2971/33/963
f 2500/33/964 2528/33/964 2971/33/964 2970/33/964
f 2472/33/965 2500/33/965 2970/33/965 2969/33/965
f 2444/33/966 2472/33/966 2969/33/966 2968/33/966
f 2416/33/967 2444/33/967 2968/33/967 2967/33/967
f 2388/33/968 2416/33/968 2967/33/968 2966/33/968
f 2360/33/969 2388/33/969 2966/33/969 2965/33/969
f 2331/33/970 2360/33/970 2965/33/970 2964/33/970
f 2302/33/971 2331/33/971 2964/33/971 2963/33/971
f 2273/33/972 2302/33/972 2963/33/972 2962/33/972
f 2273/33/973 2962/33/973 2244/33/973
f 2215/33/697 2243/33/697 2244/33/697 2961/33/697
f 2187/33/686 2215/33/686 2961/33/686 2893/33/686
f 2159/33/680 2187/33/680 2893/33/680 2894/33/680
f 2131/33/974 2159/33/974 2894/33/974 2895/33/974
f 2103/33/663 2131/33/663 2895/33/663 2896/33/663
f 2075/33/655 2103/33/655 2896/33/655 2897/33/655
f 2047/33/643 2075/33/643 2897/33/643 2898/33/643
f 2019/33/634 2047/33/634 2898/33/634 2899/33/634
f 1991/33/625 2019/33/625 2899/33/625 2900/33/625
f 1963/33/617 1991/33/617 2900/33/617 2901/33/617
f 1935/33/609 1963/33/609 2901/33/609 2902/33/609
f 1907/33/602 1935/33/602 2902/33/602 2903/33/602
f 1879/33/592 1907/33/592 2903/33/592 2904/33/592
f 1851/33/578 1879/33/578 2904/33/578 2905/33/578
f 1823/33/574 1851/33/574 2905/33/574 2906/33/574
f 1795/33/564 1823/33/564 2906/33/564 2907/33/564
f 1767/33/558 1795/33/558 2907/33/558 2908/33/558
f 1739/33/549 1767/33/549 2908/33/549 2909/33/549
f 1711/33/541 1739/33/541 2909/33/541 2910/33/541
f 1683/33/531 1711/33/531 2910/33/531 2911/33/531
f 1655/33/975 1683/33/975 2911/33/975 2912/33/975
f 1627/33/515 1655/33/515 2912/33/515 2913/33/515
f 1599/33/507 1627/33/507 2913/33/507 2914/33/507
f 1571/33/498 1599/33/498 2914/33/498 2915/33/498
f 1543/33/484 1571/33/484 2915/33/484 2916/33/484
f 1515/33/483 1543/33/483 2916/33/483 2917/33/483
f 1486/33/472 1515/33/472 2917/33/472 2918/33/472
f 1457/33/976 1486/33/976 2918/33/976 2919/33/976
f 1428/33/452 1457/33/452 2919/33/452 2920/33/452
f 1428/33/440 2920/33/440 1399/33/440
f 1370/33/977 1398/33/977 1399/33/977 2921/33/977
f 1342/33/978 1370/33/978 2921/33/978 2922/33/978
f 1314/33/979 1342/33/979 2922/33/979 2923/33/979
f 1286/33/980 1314/33/980 2923/33/980 2924/33/980
f 1258/33/981 1286/33/981 2924/33/981 2925/33/981
f 1230/33/982 1258/33/982 2925/33/982 2926/33/982
f 1202/33/983 1230/33/983 2926/33/983 2927/33/983
f 1174/33/984 1202/33/984 2927/33/984 2928/33/984
f 1145/33/985 1174/33/985 2928/33/985 2929/33/985
f 1116/33/986 1145/33/986 2929/33/986 2930/33/986
f 1087/33/987 1116/33/987 2930/33/987 2931/33/987
f 1087/33/988 2931/33/988 1058/33/988
f 1029/33/308 1057/33/308 1058/33/308 2932/33/308
f 1001/33/299 1029/33/299 2932/33/299 2933/33/299
f 973/33/291 1001/33/291 2933/33/291 2934/33/291
f 945/33/283 973/33/283 2934/33/283 2935/33/283
f 917/33/274 945/33/274 2935/33/274 2936/33/274
f 885/33/267 917/33/267 2936/33/267 2937/33/267
f 853/33/256 885/33/256 2937/33/256 2938/33/256
f 821/33/246 853/33/246 2938/33/246 2939/33/246
f 789/33/241 821/33/241 2939/33/241 2940/33/241
f 757/33/232 789/33/232 2940/33/232 2941/33/232
f 725/33/225 757/33/225 2941/33/225 2942/33/225
f 693/33/217 725/33/217 2942/33/217 2943/33/217
f 661/33/209 693/33/209 2943/33/209 2944/33/209
f 629/33/200 661/33/200 2944/33/200 2945/33/200
f 597/33/191 629/33/191 2945/33/191 2946/33/191
f 565/33/183 597/33/183 2946/33/183 2947/33/183
f 533/33/176 565/33/176 2947/33/176 2948/33/176
f 501/33/165 533/33/165 2948/33/165 2949/33/165
f 469/33/151 501/33/151 2949/33/151 2950/33/151
f 437/33/146 469/33/146 2950/33/146 2951/33/146
f 405/33/136 437/33/136 2951/33/136 2952/33/136
f 373/33/128 405/33/128 2952/33/128 2953/33/128
f 341/33/120 373/33/120 2953/33/120 2954/33/120
f 309/33/112 341/33/112 2954/33/112 2955/33/112
f 277/33/103 309/33/103 2955/33/103 2956/33/103
f 245/33/91 277/33/91 2956/33/91 2957/33/91
f 212/33/82 245/33/82 2957/33/82 2958/33/82
f 179/33/72 212/33/72 2958/33/72 2959/33/72
f 146/33/62 179/33/62 2959/33/62 2960/33/62
f 146/33/51 2960/33/51 113/33/51
f 2892/33/989 112/33/989 113/33/989 2984/33/989
f 53/55/990 889/33/990 888/33/990
f 53/55/990 114/33/990 889/33/990
f 53/55/990 115/33/990 114/33/990
f 53/55/990 116/33/990 115/33/990
f 53/55/990 117/33/990 116/33/990
f 53/18/990 62/54/990 117/33/990
f 54/61/990 822/33/990 793/33/990
f 62/54/990 148/33/990 149/33/990
f 62/54/990 150/33/990 148/33/990
f 62/54/990 180/33/990 150/33/990
f 62/54/990 181/33/990 180/33/990
f 62/54/990 182/33/990 181/33/990
f 62/54/990 183/33/990 182/33/990
f 62/54/990 213/33/990 183/33/990
f 62/54/990 214/33/990 213/33/990
f 52/49/990 214/33/990 62/50/990
f 52/42/990 216/33/990 215/33/990
f 52/42/990 246/33/990 216/33/990
f 52/42/990 247/33/990 246/33/990
f 52/42/990 248/33/990 247/33/990
f 52/42/990 249/33/990 248/33/990
f 52/42/990 278/33/990 249/33/990
f 52/42/990 279/33/990 278/33/990
f 51/44/990 279/33/990 52/42/990
f 51/44/990 281/33/990 280/33/990
f 51/44/990 310/33/990 281/33/990
f 51/44/990 311/33/990 310/33/990
f 51/44/990 312/33/990 311/33/990
f 51/44/990 313/33/990 312/33/990
f 51/44/990 342/33/990 313/33/990
f 51/47/990 61/46/990 342/33/990
f 60/40/990 59/39/990 473/33/990
f 61/64/990 345/33/990 344/33/990
f 61/64/990 374/33/990 345/33/990
f 61/64/990 375/33/990 374/33/990
f 61/64/990 376/33/990 375/33/990
f 61/64/990 377/33/990 376/33/990
f 61/64/990 407/33/990 377/33/990
f 61/64/990 406/33/990 407/33/990
f 61/64/990 408/33/990 406/33/990
f 60/65/990 408/33/990 61/64/990
f 60/40/990 438/33/990 409/33/990
f 60/40/990 439/33/990 438/33/990
f 60/40/990 440/33/990 439/33/990
f 60/40/990 441/33/990 440/33/990
f 60/40/990 470/33/990 441/33/990
f 60/40/990 471/33/990 470/33/990
f 60/40/990 472/33/990 471/33/990
f 59/25/990 58/37/990 566/33/990
f 59/33/990 502/33/990 473/33/990
f 59/33/990 504/33/990 502/33/990
f 59/33/990 503/33/990 504/33/990
f 59/33/990 505/33/990 503/33/990
f 59/33/990 534/33/990 505/33/990
f 59/33/990 535/33/990 534/33/990
f 59/33/990 536/33/990 535/33/990
f 59/25/990 537/33/990 536/33/990
f 537/33/990 59/25/990 566/33/990
f 58/37/990 567/33/990 566/33/990
f 58/37/990 568/33/990 567/33/990
f 58/37/990 569/33/990 568/33/990
f 58/37/990 598/33/990 569/33/990
f 58/37/990 599/33/990 598/33/990
f 58/37/990 600/33/990 599/33/990
f 58/37/990 601/33/990 600/33/990
f 62/54/990 147/33/990 117/33/990
f 57/36/990 631/33/990 630/33/990
f 57/36/990 632/33/990 631/33/990
f 57/36/990 633/33/990 632/33/990
f 57/36/990 662/33/990 633/33/990
f 57/36/990 663/33/990 662/33/990
f 57/36/990 664/33/990 663/33/990
f 57/36/990 665/33/990 664/33/990
f 56/63/990 665/33/990 57/10/990
f 56/22/990 695/33/990 694/33/990
f 56/22/990 696/33/990 695/33/990
f 56/22/990 697/33/990 696/33/990
f 56/22/990 726/33/990 697/33/990
f 56/22/990 727/33/990 726/33/990
f 56/22/990 728/33/990 727/33/990
f 56/22/990 729/33/990 728/33/990
f 55/21/990 729/33/990 56/22/990
f 55/21/990 758/33/990 759/33/990
f 55/21/990 760/33/990 758/33/990
f 55/21/990 761/33/990 760/33/990
f 55/21/990 790/33/990 761/33/990
f 55/21/990 791/33/990 790/33/990
f 55/21/990 792/33/990 791/33/990
f 55/21/990 793/33/990 792/33/990
f 55/59/990 54/61/990 793/33/990
f 61/46/990 343/33/990 342/33/990
f 54/56/990 824/33/990 823/33/990
f 54/56/990 825/33/990 824/33/990
f 54/56/990 854/33/990 825/33/990
f 54/56/990 855/33/990 854/33/990
f 54/56/990 856/33/990 855/33/990
f 54/56/990 857/33/990 856/33/990
f 54/56/990 886/33/990 857/33/990
f 53/55/990 886/33/990 54/56/990
f 53/55/990 888/33/990 887/33/990
f 62/54/990 149/33/990 147/33/990
f 52/49/990 215/33/990 214/33/990
f 51/44/990 280/33/990 279/33/990
f 61/46/990 344/33/990 343/33/990
f 60/65/990 409/33/990 408/33/990
f 472/33/990 60/40/990 473/33/990
f 2912/33/991 76/56/991 2913/33/991
f 601/33/990 58/37/990 630/33/990
f 56/63/990 694/33/990 665/33/990
f 55/21/990 759/33/990 729/33/990
f 54/61/990 823/33/990 822/33/990
f 53/55/990 887/33/990 886/33/990
f 58/37/990 57/36/990 630/33/990
f 75/55/991 2914/33/991 2913/33/991
f 75/55/991 2915/33/991 2914/33/991
f 75/55/991 2916/33/991 2915/33/991
f 75/55/991 2917/33/991 2916/33/991
f 75/55/991 2918/33/991 2917/33/991
f 75/18/991 2919/33/991 2918/33/991
f 84/50/991 2920/33/991 2919/33/991
f 84/50/991 1399/33/991 2920/33/991
f 84/50/991 2921/33/991 1399/33/991
f 84/50/991 2922/33/991 2921/33/991
f 84/50/991 2923/33/991 2922/33/991
f 84/50/991 2924/33/991 2923/33/991
f 84/50/991 2925/33/991 2924/33/991
f 84/50/991 2926/33/991 2925/33/991
f 2926/33/991 84/50/991 2927/33/991
f 74/42/991 2928/33/991 2927/33/991
f 74/42/991 2929/33/991 2928/33/991
f 74/42/991 2930/33/991 2929/33/991
f 74/42/991 2931/33/991 2930/33/991
f 74/42/991 1058/33/991 2931/33/991
f 74/42/991 2932/33/991 1058/33/991
f 77/59/991 76/56/991 2904/33/991
f 73/44/991 2934/33/991 2933/33/991
f 73/44/991 2935/33/991 2934/33/991
f 73/44/991 2936/33/991 2935/33/991
f 73/44/991 2937/33/991 2936/33/991
f 73/44/991 2938/33/991 2937/33/991
f 73/44/991 2939/33/991 2938/33/991
f 73/44/991 2940/33/991 2939/33/991
f 73/47/991 2941/33/991 2940/33/991
f 83/66/991 2942/33/991 2941/33/991
f 83/66/991 2943/33/991 2942/33/991
f 83/66/991 2944/33/991 2943/33/991
f 83/66/991 2945/33/991 2944/33/991
f 83/66/991 2946/33/991 2945/33/991
f 83/66/991 2947/33/991 2946/33/991
f 83/66/991 2948/33/991 2947/33/991
f 81/25/991 80/37/991 2980/33/991
f 82/65/991 2950/33/991 2949/33/991
f 82/65/991 2951/33/991 2950/33/991
f 82/65/991 2952/33/991 2951/33/991
f 82/65/991 2953/33/991 2952/33/991
f 82/65/991 2954/33/991 2953/33/991
f 82/65/991 2955/33/991 2954/33/991
f 82/65/991 2956/33/991 2955/33/991
f 82/40/991 2957/33/991 2956/33/991
f 2957/33/991 82/40/991 2958/33/991
f 81/33/991 2959/33/991 2958/33/991
f 81/33/991 2960/33/991 2959/33/991
f 81/33/991 113/33/991 2960/33/991
f 81/33/991 2984/33/991 113/33/991
f 81/33/991 2983/33/991 2984/33/991
f 81/33/991 2982/33/991 2983/33/991
f 81/25/991 2981/33/991 2982/33/991
f 2981/33/991 81/25/991 2980/33/991
f 80/37/991 2979/33/991 2980/33/991
f 80/37/991 2978/33/991 2979/33/991
f 80/37/991 2977/33/991 2978/33/991
f 80/37/991 2976/33/991 2977/33/991
f 80/37/991 2975/33/991 2976/33/991
f 80/37/991 2974/33/991 2975/33/991
f 82/40/991 81/33/991 2958/33/991
f 79/36/991 2972/33/991 2973/33/991
f 79/36/991 2971/33/991 2972/33/991
f 79/36/991 2970/33/991 2971/33/991
f 79/36/991 2969/33/991 2970/33/991
f 79/36/991 2968/33/991 2969/33/991
f 79/36/991 2967/33/991 2968/33/991
f 79/36/991 2966/33/991 2967/33/991
f 79/10/991 2965/33/991 2966/33/991
f 78/22/991 2964/33/991 2965/33/991
f 78/22/991 2963/33/991 2964/33/991
f 78/22/991 2962/33/991 2963/33/991
f 78/22/991 2244/33/991 2962/33/991
f 78/22/991 2961/33/991 2244/33/991
f 78/22/991 2893/33/991 2961/33/991
f 78/22/991 2894/33/991 2893/33/991
f 78/22/991 2895/33/991 2894/33/991
f 77/21/991 2896/33/991 2895/33/991
f 77/21/991 2897/33/991 2896/33/991
f 77/21/991 2898/33/991 2897/33/991
f 77/21/991 2899/33/991 2898/33/991
f 77/21/991 2900/33/991 2899/33/991
f 77/21/991 2901/33/991 2900/33/991
f 77/21/991 2902/33/991 2901/33/991
f 77/59/991 2903/33/991 2902/33/991
f 2903/33/991 77/59/991 2904/33/991
f 76/56/991 2905/33/991 2904/33/991
f 76/56/991 2906/33/991 2905/33/991
f 76/56/991 2907/33/991 2906/33/991
f 76/56/991 2908/33/991 2907/33/991
f 76/56/991 2909/33/991 2908/33/991
f 76/56/991 2910/33/991 2909/33/991
f 76/56/991 2911/33/991 2910/33/991
f 2911/33/991 76/56/991 2912/33/991
f 75/18/991 84/54/991 2919/33/991
f 2932/33/991 74/42/991 73/44/991
f 2933/33/991 2932/33/991 73/44/991
f 73/47/991 83/46/991 2941/33/991
f 2949/33/991 2948/33/991 82/65/991
f 84/50/991 74/42/991 2927/33/991
f 2973/33/991 2974/33/991 79/36/991
f 79/10/991 78/63/991 2965/33/991
f 78/22/991 77/21/991 2895/33/991
f 2974/33/991 80/37/991 79/36/991
f 76/56/991 75/55/991 2913/33/991
f 2948/33/991 83/64/991 82/65/991
