$MeshFormat
4.1 0 8
$EndMeshFormat
$Entities
0 0 1 1
1 -0.01385640725493431 -0.01600000075995922 -1.788139358804841e-10 0.01385640725493431 0.01599999889731407 0.01410000026226044 0 0 
1 -0.01385640725493431 -0.01600000075995922 -1.788139358804841e-10 0.01385640725493431 0.01599999889731407 0.01410000026226044 0 1 1 
$EndEntities
$Nodes
2 3141 1 3141
2 1 0 2984
1
2
3
4
5
6
7
8
9
10
11
12
13
14
15
16
17
18
19
20
21
22
23
24
25
26
27
28
29
30
31
32
33
34
35
36
37
38
39
40
41
42
43
44
45
46
47
48
49
50
51
52
53
54
55
56
57
58
59
60
61
62
63
64
65
66
67
68
69
70
71
72
73
74
75
76
77
78
79
80
81
82
83
84
85
86
87
88
89
90
91
92
93
94
95
96
97
98
99
100
101
102
103
104
105
106
107
108
109
110
111
112
113
114
115
116
117
118
119
120
121
122
123
124
125
126
127
128
129
130
131
132
133
134
135
136
137
138
139
140
141
142
143
144
145
146
147
148
149
150
151
152
153
154
155
156
157
158
159
160
161
162
163
164
165
166
167
168
169
170
171
172
173
174
175
176
177
178
179
180
181
182
183
184
185
186
187
188
189
190
191
192
193
194
195
196
197
198
199
200
201
202
203
204
205
206
207
208
209
210
211
212
213
214
215
216
217
218
219
220
221
222
223
224
225
226
227
228
229
230
231
232
233
234
235
236
237
238
239
240
241
242
243
244
245
246
247
248
249
250
251
252
253
254
255
256
257
258
259
260
261
262
263
264
265
266
267
268
269
270
271
272
273
274
275
276
277
278
279
280
281
282
283
284
285
286
287
288
289
290
291
292
293
294
295
296
297
298
299
300
301
302
303
304
305
306
307
308
309
310
311
312
313
314
315
316
317
318
319
320
321
322
323
324
325
326
327
328
329
330
331
332
333
334
335
336
337
338
339
340
341
342
343
344
345
346
347
348
349
350
351
352
353
354
355
356
357
358
359
360
361
362
363
364
365
366
367
368
369
370
371
372
373
374
375
376
377
378
379
380
381
382
383
384
385
386
387
388
389
390
391
392
393
394
395
396
397
398
399
400
401
402
403
404
405
406
407
408
409
410
411
412
413
414
415
416
417
418
419
420
421
422
423
424
425
426
427
428
429
430
431
432
433
434
435
436
437
438
439
440
441
442
443
444
445
446
447
448
449
450
451
452
453
454
455
456
457
458
459
460
461
462
463
464
465
466
467
468
469
470
471
472
473
474
475
476
477
478
479
480
481
482
483
484
485
486
487
488
489
490
491
492
493
494
495
496
497
498
499
500
501
502
503
504
505
506
507
508
509
510
511
512
513
514
515
516
517
518
519
520
521
522
523
524
525
526
527
528
529
530
531
532
533
534
535
536
537
538
539
540
541
542
543
544
545
546
547
548
549
550
551
552
553
554
555
556
557
558
559
560
561
562
563
564
565
566
567
568
569
570
571
572
573
574
575
576
577
578
579
580
581
582
583
584
585
586
587
588
589
590
591
592
593
594
595
596
597
598
599
600
601
602
603
604
605
606
607
608
609
610
611
612
613
614
615
616
617
618
619
620
621
622
623
624
625
626
627
628
629
630
631
632
633
634
635
636
637
638
639
640
641
642
643
644
645
646
647
648
649
650
651
652
653
654
655
656
657
658
659
660
661
662
663
664
665
666
667
668
669
670
671
672
673
674
675
676
677
678
679
680
681
682
683
684
685
686
687
688
689
690
691
692
693
694
695
696
697
698
699
700
701
702
703
704
705
706
707
708
709
710
711
712
713
714
715
716
717
718
719
720
721
722
723
724
725
726
727
728
729
730
731
732
733
734
735
736
737
738
739
740
741
742
743
744
745
746
747
748
749
750
751
752
753
754
755
756
757
758
759
760
761
762
763
764
765
766
767
768
769
770
771
772
773
774
775
776
777
778
779
780
781
782
783
784
785
786
787
788
789
790
791
792
793
794
795
796
797
798
799
800
801
802
803
804
805
806
807
808
809
810
811
812
813
814
815
816
817
818
819
820
821
822
823
824
825
826
827
828
829
830
831
832
833
834
835
836
837
838
839
840
841
842
843
844
845
846
847
848
849
850
851
852
853
854
855
856
857
858
859
860
861
862
863
864
865
866
867
868
869
870
871
872
873
874
875
876
877
878
879
880
881
882
883
884
885
886
887
888
889
890
891
892
893
894
895
896
897
898
899
900
901
902
903
904
905
906
907
908
909
910
911
912
913
914
915
916
917
918
919
920
921
922
923
924
925
926
927
928
929
930
931
932
933
934
935
936
937
938
939
940
941
942
943
944
945
946
947
948
949
950
951
952
953
954
955
956
957
958
959
960
961
962
963
964
965
966
967
968
969
970
971
972
973
974
975
976
977
978
979
980
981
982
983
984
985
986
987
988
989
990
991
992
993
994
995
996
997
998
999
1000
1001
1002
1003
1004
1005
1006
1007
1008
1009
1010
1011
1012
1013
1014
1015
1016
1017
1018
1019
1020
1021
1022
1023
1024
1025
1026
1027
1028
1029
1030
1031
1032
1033
1034
1035
1036
1037
1038
1039
1040
1041
1042
1043
1044
1045
1046
1047
1048
1049
1050
1051
1052
1053
1054
1055
1056
1057
1058
1059
1060
1061
1062
1063
1064
1065
1066
1067
1068
1069
1070
1071
1072
1073
1074
1075
1076
1077
1078
1079
1080
1081
1082
1083
1084
1085
1086
1087
1088
1089
1090
1091
1092
1093
1094
1095
1096
1097
1098
1099
1100
1101
1102
1103
1104
1105
1106
1107
1108
1109
1110
1111
1112
1113
1114
1115
1116
1117
1118
1119
1120
1121
1122
1123
1124
1125
1126
1127
1128
1129
1130
1131
1132
1133
1134
1135
1136
1137
1138
1139
1140
1141
1142
1143
1144
1145
1146
1147
1148
1149
1150
1151
1152
1153
1154
1155
1156
1157
1158
1159
1160
1161
1162
1163
1164
1165
1166
1167
1168
1169
1170
1171
1172
1173
1174
1175
1176
1177
1178
1179
1180
1181
1182
1183
1184
1185
1186
1187
1188
1189
1190
1191
1192
1193
1194
1195
1196
1197
1198
1199
1200
1201
1202
1203
1204
1205
1206
1207
1208
1209
1210
1211
1212
1213
1214
1215
1216
1217
1218
1219
1220
1221
1222
1223
1224
1225
1226
1227
1228
1229
1230
1231
1232
1233
1234
1235
1236
1237
1238
1239
1240
1241
1242
1243
1244
1245
1246
1247
1248
1249
1250
1251
1252
1253
1254
1255
1256
1257
1258
1259
1260
1261
1262
1263
1264
1265
1266
1267
1268
1269
1270
1271
1272
1273
1274
1275
1276
1277
1278
1279
1280
1281
1282
1283
1284
1285
1286
1287
1288
1289
1290
1291
1292
1293
1294
1295
1296
1297
1298
1299
1300
1301
1302
1303
1304
1305
1306
1307
1308
1309
1310
1311
1312
1313
1314
1315
1316
1317
1318
1319
1320
1321
1322
1323
1324
1325
1326
1327
1328
1329
1330
1331
1332
1333
1334
1335
1336
1337
1338
1339
1340
1341
1342
1343
1344
1345
1346
1347
1348
1349
1350
1351
1352
1353
1354
1355
1356
1357
1358
1359
1360
1361
1362
1363
1364
1365
1366
1367
1368
1369
1370
1371
1372
1373
1374
1375
1376
1377
1378
1379
1380
1381
1382
1383
1384
1385
1386
1387
1388
1389
1390
1391
1392
1393
1394
1395
1396
1397
1398
1399
1400
1401
1402
1403
1404
1405
1406
1407
1408
1409
1410
1411
1412
1413
1414
1415
1416
1417
1418
1419
1420
1421
1422
1423
1424
1425
1426
1427
1428
1429
1430
1431
1432
1433
1434
1435
1436
1437
1438
1439
1440
1441
1442
1443
1444
1445
1446
1447
1448
1449
1450
1451
1452
1453
1454
1455
1456
1457
1458
1459
1460
1461
1462
1463
1464
1465
1466
1467
1468
1469
1470
1471
1472
1473
1474
1475
1476
1477
1478
1479
1480
1481
1482
1483
1484
1485
1486
1487
1488
1489
1490
1491
1492
1493
1494
1495
1496
1497
1498
1499
1500
1501
1502
1503
1504
1505
1506
1507
1508
1509
1510
1511
1512
1513
1514
1515
1516
1517
1518
1519
1520
1521
1522
1523
1524
1525
1526
1527
1528
1529
1530
1531
1532
1533
1534
1535
1536
1537
1538
1539
1540
1541
1542
1543
1544
1545
1546
1547
1548
1549
1550
1551
1552
1553
1554
1555
1556
1557
1558
1559
1560
1561
1562
1563
1564
1565
1566
1567
1568
1569
1570
1571
1572
1573
1574
1575
1576
1577
1578
1579
1580
1581
1582
1583
1584
1585
1586
1587
1588
1589
1590
1591
1592
1593
1594
1595
1596
1597
1598
1599
1600
1601
1602
1603
1604
1605
1606
1607
1608
1609
1610
1611
1612
1613
1614
1615
1616
1617
1618
1619
1620
1621
1622
1623
1624
1625
1626
1627
1628
1629
1630
1631
1632
1633
1634
1635
1636
1637
1638
1639
1640
1641
1642
1643
1644
1645
1646
1647
1648
1649
1650
1651
1652
1653
1654
1655
1656
1657
1658
1659
1660
1661
1662
1663
1664
1665
1666
1667
1668
1669
1670
1671
1672
1673
1674
1675
1676
1677
1678
1679
1680
1681
1682
1683
1684
1685
1686
1687
1688
1689
1690
1691
1692
1693
1694
1695
1696
1697
1698
1699
1700
1701
1702
1703
1704
1705
1706
1707
1708
1709
1710
1711
1712
1713
1714
1715
1716
1717
1718
1719
1720
1721
1722
1723
1724
1725
1726
1727
1728
1729
1730
1731
1732
1733
1734
1735
1736
1737
1738
1739
1740
1741
1742
1743
1744
1745
1746
1747
1748
1749
1750
1751
1752
1753
1754
1755
1756
1757
1758
1759
1760
1761
1762
1763
1764
1765
1766
1767
1768
1769
1770
1771
1772
1773
1774
1775
1776
1777
1778
1779
1780
1781
1782
1783
1784
1785
1786
1787
1788
1789
1790
1791
1792
1793
1794
1795
1796
1797
1798
1799
1800
1801
1802
1803
1804
1805
1806
1807
1808
1809
1810
1811
1812
1813
1814
1815
1816
1817
1818
1819
1820
1821
1822
1823
1824
1825
1826
1827
1828
1829
1830
1831
1832
1833
1834
1835
1836
1837
1838
1839
1840
1841
1842
1843
1844
1845
1846
1847
1848
1849
1850
1851
1852
1853
1854
1855
1856
1857
1858
1859
1860
1861
1862
1863
1864
1865
1866
1867
1868
1869
1870
1871
1872
1873
1874
1875
1876
1877
1878
1879
1880
1881
1882
1883
1884
1885
1886
1887
1888
1889
1890
1891
1892
1893
1894
1895
1896
1897
1898
1899
1900
1901
1902
1903
1904
1905
1906
1907
1908
1909
1910
1911
1912
1913
1914
1915
1916
1917
1918
1919
1920
1921
1922
1923
1924
1925
1926
1927
1928
1929
1930
1931
1932
1933
1934
1935
1936
1937
1938
1939
1940
1941
1942
1943
1944
1945
1946
1947
1948
1949
1950
1951
1952
1953
1954
1955
1956
1957
1958
1959
1960
1961
1962
1963
1964
1965
1966
1967
1968
1969
1970
1971
1972
1973
1974
1975
1976
1977
1978
1979
1980
1981
1982
1983
1984
1985
1986
1987
1988
1989
1990
1991
1992
1993
1994
1995
1996
1997
1998
1999
2000
2001
2002
2003
2004
2005
2006
2007
2008
2009
2010
2011
2012
2013
2014
2015
2016
2017
2018
2019
2020
2021
2022
2023
2024
2025
2026
2027
2028
2029
2030
2031
2032
2033
2034
2035
2036
2037
2038
2039
2040
2041
2042
2043
2044
2045
2046
2047
2048
2049
2050
2051
2052
2053
2054
2055
2056
2057
2058
2059
2060
2061
2062
2063
2064
2065
2066
2067
2068
2069
2070
2071
2072
2073
2074
2075
2076
2077
2078
2079
2080
2081
2082
2083
2084
2085
2086
2087
2088
2089
2090
2091
2092
2093
2094
2095
2096
2097
2098
2099
2100
2101
2102
2103
2104
2105
2106
2107
2108
2109
2110
2111
2112
2113
2114
2115
2116
2117
2118
2119
2120
2121
2122
2123
2124
2125
2126
2127
2128
2129
2130
2131
2132
2133
2134
2135
2136
2137
2138
2139
2140
2141
2142
2143
2144
2145
2146
2147
2148
2149
2150
2151
2152
2153
2154
2155
2156
2157
2158
2159
2160
2161
2162
2163
2164
2165
2166
2167
2168
2169
2170
2171
2172
2173
2174
2175
2176
2177
2178
2179
2180
2181
2182
2183
2184
2185
2186
2187
2188
2189
2190
2191
2192
2193
2194
2195
2196
2197
2198
2199
2200
2201
2202
2203
2204
2205
2206
2207
2208
2209
2210
2211
2212
2213
2214
2215
2216
2217
2218
2219
2220
2221
2222
2223
2224
2225
2226
2227
2228
2229
2230
2231
2232
2233
2234
2235
2236
2237
2238
2239
2240
2241
2242
2243
2244
2245
2246
2247
2248
2249
2250
2251
2252
2253
2254
2255
2256
2257
2258
2259
2260
2261
2262
2263
2264
2265
2266
2267
2268
2269
2270
2271
2272
2273
2274
2275
2276
2277
2278
2279
2280
2281
2282
2283
2284
2285
2286
2287
2288
2289
2290
2291
2292
2293
2294
2295
2296
2297
2298
2299
2300
2301
2302
2303
2304
2305
2306
2307
2308
2309
2310
2311
2312
2313
2314
2315
2316
2317
2318
2319
2320
2321
2322
2323
2324
2325
2326
2327
2328
2329
2330
2331
2332
2333
2334
2335
2336
2337
2338
2339
2340
2341
2342
2343
2344
2345
2346
2347
2348
2349
2350
2351
2352
2353
2354
2355
2356
2357
2358
2359
2360
2361
2362
2363
2364
2365
2366
2367
2368
2369
2370
2371
2372
2373
2374
2375
2376
2377
2378
2379
2380
2381
2382
2383
2384
2385
2386
2387
2388
2389
2390
2391
2392
2393
2394
2395
2396
2397
2398
2399
2400
2401
2402
2403
2404
2405
2406
2407
2408
2409
2410
2411
2412
2413
2414
2415
2416
2417
2418
2419
2420
2421
2422
2423
2424
2425
2426
2427
2428
2429
2430
2431
2432
2433
2434
2435
2436
2437
2438
2439
2440
2441
2442
2443
2444
2445
2446
2447
2448
2449
2450
2451
2452
2453
2454
2455
2456
2457
2458
2459
2460
2461
2462
2463
2464
2465
2466
2467
2468
2469
2470
2471
2472
2473
2474
2475
2476
2477
2478
2479
2480
2481
2482
2483
2484
2485
2486
2487
2488
2489
2490
2491
2492
2493
2494
2495
2496
2497
2498
2499
2500
2501
2502
2503
2504
2505
2506
2507
2508
2509
2510
2511
2512
2513
2514
2515
2516
2517
2518
2519
2520
2521
2522
2523
2524
2525
2526
2527
2528
2529
2530
2531
2532
2533
2534
2535
2536
2537
2538
2539
2540
2541
2542
2543
2544
2545
2546
2547
2548
2549
2550
2551
2552
2553
2554
2555
2556
2557
2558
2559
2560
2561
2562
2563
2564
2565
2566
2567
2568
2569
2570
2571
2572
2573
2574
2575
2576
2577
2578
2579
2580
2581
2582
2583
2584
2585
2586
2587
2588
2589
2590
2591
2592
2593
2594
2595
2596
2597
2598
2599
2600
2601
2602
2603
2604
2605
2606
2607
2608
2609
2610
2611
2612
2613
2614
2615
2616
2617
2618
2619
2620
2621
2622
2623
2624
2625
2626
2627
2628
2629
2630
2631
2632
2633
2634
2635
2636
2637
2638
2639
2640
2641
2642
2643
2644
2645
2646
2647
2648
2649
2650
2651
2652
2653
2654
2655
2656
2657
2658
2659
2660
2661
2662
2663
2664
2665
2666
2667
2668
2669
2670
2671
2672
2673
2674
2675
2676
2677
2678
2679
2680
2681
2682
2683
2684
2685
2686
2687
2688
2689
2690
2691
2692
2693
2694
2695
2696
2697
2698
2699
2700
2701
2702
2703
2704
2705
2706
2707
2708
2709
2710
2711
2712
2713
2714
2715
2716
2717
2718
2719
2720
2721
2722
2723
2724
2725
2726
2727
2728
2729
2730
2731
2732
2733
2734
2735
2736
2737
2738
2739
2740
2741
2742
2743
2744
2745
2746
2747
2748
2749
2750
2751
2752
2753
2754
2755
2756
2757
2758
2759
2760
2761
2762
2763
2764
2765
2766
2767
2768
2769
2770
2771
2772
2773
2774
2775
2776
2777
2778
2779
2780
2781
2782
2783
2784
2785
2786
2787
2788
2789
2790
2791
2792
2793
2794
2795
2796
2797
2798
2799
2800
2801
2802
2803
2804
2805
2806
2807
2808
2809
2810
2811
2812
2813
2814
2815
2816
2817
2818
2819
2820
2821
2822
2823
2824
2825
2826
2827
2828
2829
2830
2831
2832
2833
2834
2835
2836
2837
2838
2839
2840
2841
2842
2843
2844
2845
2846
2847
2848
2849
2850
2851
2852
2853
2854
2855
2856
2857
2858
2859
2860
2861
2862
2863
2864
2865
2866
2867
2868
2869
2870
2871
2872
2873
2874
2875
2876
2877
2878
2879
2880
2881
2882
2883
2884
2885
2886
2887
2888
2889
2890
2891
2892
2893
2894
2895
2896
2897
2898
2899
2900
2901
2902
2903
2904
2905
2906
2907
2908
2909
2910
2911
2912
2913
2914
2915
2916
2917
2918
2919
2920
2921
2922
2923
2924
2925
2926
2927
2928
2929
2930
2931
2932
2933
2934
2935
2936
2937
2938
2939
2940
2941
2942
2943
2944
2945
2946
2947
2948
2949
2950
2951
2952
2953
2954
2955
2956
2957
2958
2959
2960
2961
2962
2963
2964
2965
2966
2967
2968
2969
2970
2971
2972
2973
2974
2975
2976
2977
2978
2979
2980
2981
2982
2983
2984
-0.006928205024451017 0.0119999973103404 0.01384999975562096
-0.006928205955773592 0.0119999973103404 0.01410000026226044
-0.002029223367571831 0.01482842676341534 0.01402677688747644
0 0.01599999889731407 0.01384999975562096
0.006928201299160719 -0.01200000010430813 0.01384999975562096
0.006928200367838144 -0.01200000010430813 0.01410000026226044
0.002029221970587969 -0.01482842583209276 0.01402677688747644
-1.398764326587809e-09 -0.01599999889731407 0.01384999975562096
-0.006928203627467155 -0.01199999917298555 0.01384999975562096
-0.006928205490112305 -0.0119999973103404 0.01410000026226044
-0.01182718295603991 -0.009171571582555771 0.01402677688747644
-0.01385640725493431 -0.007999998517334461 0.01384999975562096
0.00692820455878973 0.01199999824166298 0.01384999975562096
0.006928202230483294 0.01200000010430813 0.01410000026226044
0.01182718388736248 0.009171571582555771 0.01402677688747644
0.01385640725493431 0.007999999448657036 0.01384999975562096
0.01385640725493431 2.384187847148667e-10 0.01384999975562096
0.01385640632361174 -2.38418573772492e-09 0.01410000026226044
0.01385640632361174 -0.005656855646520853 0.01402677688747644
0.01385640632361174 -0.00800000037997961 0.01384999975562096
-0.006928202696144581 -0.01199999917298555 -1.192092952129187e-10
6.026423249316792e-10 -0.01365685276687145 -1.788139358804841e-10
6.281446474076802e-10 -0.01465361192822456 4.207438541925512e-05
-0.002029222901910543 -0.01482842490077019 7.32231346773915e-05
0.01385640725493431 1.154026540994835e-09 -1.192092952129187e-10
0.01385640725493431 -0.005656852386891842 7.322316378122196e-05
0.01269040163606405 -0.007326804101467133 4.207444362691604e-05
0.01182718295603991 -0.006828424986451864 -1.192092952129187e-10
0.01385640725493431 0.007999997586011887 0.0002499999245628715
0.01385640725493431 0.005656853318214417 7.322326564462855e-05
0.01269040070474148 0.007326805964112282 4.207456368021667e-05
0.01182718109339476 0.00917157344520092 7.32232365407981e-05
0.01385640725493431 -9.957149549322253e-10 0.0002499999245628715
0.01385640725493431 -0.007999999448657036 0.0002499998081475496
0.006928203627467155 -0.01200000010430813 0.0002499997790437192
-1.602339511075357e-10 0.01599999889731407 0.0002500000409781933
-0.002029224298894405 0.01482842676341534 7.3223389335908e-05
-0.006928203161805868 0.01200000196695328 5.960464760645934e-11
-0.00692820455878973 0.0119999973103404 0.0002500000118743628
0.006928203627467155 -0.01199999637901783 -1.788139358804841e-10
0.01182718295603991 -0.009171570651233196 7.322314922930673e-05
-0.01385640725493431 0 0.01384999975562096
-0.01385640725493431 0.007999998517334461 0.01384999975562096
-0.01385640725493431 0.007999998517334461 0.0002500000118743628
-0.01385640725493431 -7.572959481727537e-10 0.0002499999245628715
0.01182718202471733 0.006828426849097013 0
0.002029223367571831 0.01482842583209276 0.01402677688747644
4.369808334625525e-11 0.01465361285954714 0.01405792590230703
0 0.01365685369819403 0.01410000026226044
0.01182718388736248 0.006828426849097013 0.01410000026226044
0.01269040163606405 0.007326806429773569 0.01405792590230703
0.01385640725493431 0.005656853318214417 0.01402677688747644
0.01182718295603991 -0.006828427314758301 0.01410000026226044
0.01269040070474148 -0.007326807361096144 0.01405792590230703
0.01182718202471733 -0.009171572513878345 0.01402677688747644
-1.462258425455332e-09 -0.01365685369819403 0.01410000026226044
-1.370056290639354e-09 -0.01465361285954714 0.01405792590230703
-0.002029224764555693 -0.01482842676341534 0.01402677688747644
-0.01182718295603991 -0.006828425917774439 0.01410000026226044
-0.01269040163606405 -0.007326805032789707 0.01405792590230703
-0.01385640725493431 0 0.01410000026226044
-0.01385640725493431 -0.005656852852553129 0.01402677688747644
-0.01182718202471733 0.006828425917774439 0.01410000026226044
-0.01269040070474148 0.007326805032789707 0.01405792590230703
-0.01385640725493431 0.005656852852553129 0.01402677688747644
-0.01182718109339476 0.009171572513878345 0.01402677688747644
-0.01385640632361174 -1.230159529796993e-09 0
-0.01385640725493431 0.005656853783875704 7.32233384042047e-05
-0.01269040163606405 0.007326807361096144 4.207462188787758e-05
-0.01182718388736248 0.006828427780419588 5.960464760645934e-11
0.006928205024451017 0.01199999824166298 0
-8.5961598950135e-10 0.0136568546295166 5.960464760645934e-11
-7.856093553471055e-10 0.01465361379086971 4.207462188787758e-05
0.002029222436249256 0.01482842769473791 7.322336750803515e-05
-0.01182718388736248 0.009171572513878345 7.322335295611992e-05
-0.006928201299160719 -0.01200000196695328 0.0002499998081475496
1.238530056291154e-09 -0.01600000075995922 0.0002499997790437192
-0.01182718295603991 -0.006828426383435726 -5.960464760645934e-11
-0.01269040070474148 -0.007326806429773569 4.207450183457695e-05
-0.01385640632361174 -0.005656855180859566 7.32232365407981e-05
-0.01385640632361174 -0.008000001311302185 0.0002499998663552105
-0.01182718202471733 -0.009171571582555771 7.322320743696764e-05
0.006928204093128443 0.01199999637901783 0.0002499999827705324
0.002029223833233118 -0.01482842583209276 7.322312012547627e-05
0.006967468187212944 0 0.002499999711290002
0.006952550262212753 0.000455694244010374 0.002520833164453506
0.006952550262212753 0.000455694244010374 0.00202083308249712
0.006967468187212944 0 0.001999999862164259
0.008040783926844597 0.0005270208930596709 0.00139583321288228
0.008069857954978943 0 0.001374999992549419
0.008182324469089508 0.0005362980300560594 0.001145833171904087
0.008211702108383179 0 0.001124999951571226
0.008849999867379665 0 0.01410000026226044
0.008831051178276539 0.0005788176786154509 0.01410000026226044
0.008725578896701336 0.0005719047039747238 0.01402083318680525
0.008716486394405365 0 0.0139999995008111
0.008137160912156105 0.0005333377630449831 0.0005208331858739257
0.008182435296475887 0 0.0004999999073334038
0.008432378992438316 0.0005526873865164816 0.01339583285152912
0.008438652381300926 0 0.01337500009685755
0.008803296834230423 0.0005769985727965832 2.083337494696025e-05
0.008849999867379665 0 0
0.008290838450193405 0.0005434103077277541 0.01314583234488964
0.008296807296574116 0 0.01312499959021807
0.006952550262212753 0.000455694244010374 0.01252083294093609
0.006967468187212944 0 0.01249999925494194
0.006952550262212753 0.000455694244010374 0.0120208328589797
0.006967468187212944 0 0.01199999917298555
0.008032764308154583 0.0005264951614663005 0.01139583252370358
0.008049999363720417 0 0.011374999769032
0.008032764308154583 0.0005264951614663005 0.01114583294838667
0.008049999363720417 0 0.01112499926239252
0.006952550262212753 0.000455694244010374 0.01052083261311054
0.006967468187212944 0 0.01049999985843897
0.006952550262212753 0.000455694244010374 0.01002083253115416
0.006967468187212944 0 0.009999999776482582
0.008032764308154583 0.0005264951614663005 0.009395832195878029
0.008049999363720417 0 0.009374999441206455
0.008032764308154583 0.0005264951614663005 0.009145832620561123
0.008049999363720417 0 0.009124999865889549
0.006952550262212753 0.000455694244010374 0.008520832285284996
0.006967468187212944 0 0.008499999530613422
0.006952550262212753 0.000455694244010374 0.008020832203328609
0.006967468187212944 0 0.007999999448657036
0.008032764308154583 0.0005264951614663005 0.00739583233371377
0.008049999363720417 0 0.007374999579042196
0.008032764308154583 0.0005264951614663005 0.007145832292735577
0.008049999363720417 0 0.007124999538064003
0.006952550262212753 0.000455694244010374 0.006520832423120737
0.006967468187212944 0 0.006499999202787876
0.006952550262212753 0.000455694244010374 0.006020833272486925
0.006967468187212944 0 0.005999999586492777
0.008032764308154583 0.0005264951614663005 0.005395833402872086
0.008049999363720417 0 0.005374999716877937
0.008032764308154583 0.0005264951614663005 0.005145833361893892
0.008049999363720417 0 0.005124999675899744
0.006952550262212753 0.000455694244010374 0.004520833026617765
0.006967468187212944 0 0.004499999806284904
0.006952550262212753 0.000455694244010374 0.004020833410322666
0.006967468187212944 0 0.003999999724328518
0.008032764308154583 0.0005264951614663005 0.003395833075046539
0.008049999363720417 0 0.003374999621883035
0.008032764308154583 0.0005264951614663005 0.00314583326689899
0.008049999363720417 0 0.003124999580904841
0.00690786074846983 0.0009094371343962848 0.01204166561365128
0.007981130853295326 0.001050735823810101 0.01141666527837515
0.007981130853295326 0.001050735823810101 0.01116666570305824
0.00690786074846983 0.0009094371343962848 0.01054166536778212
0.00690786074846983 0.0009094371343962848 0.01004166528582573
0.007981130853295326 0.001050735823810101 0.009416665881872177
0.007981130853295326 0.001050735823810101 0.009166665375232697
0.00690786074846983 0.0009094371343962848 0.00854166503995657
0.00690786074846983 0.0009094371343962848 0.008041665889322758
0.007981130853295326 0.001050735823810101 0.007416665554046631
0.007981130853295326 0.001050735823810101 0.007166665513068438
0.00690786074846983 0.0009094371343962848 0.006541665177792311
0.00690786074846983 0.0009094371343962848 0.006041666492819786
0.007981130853295326 0.001050735823810101 0.005416666623204947
0.007981130853295326 0.001050735823810101 0.005166666582226753
0.00690786074846983 0.0009094371343962848 0.004541666712611914
0.00690786074846983 0.0009094371343962848 0.004041666630655527
0.007981130853295326 0.001050735823810101 0.003416666761040688
0.007981130853295326 0.001050735823810101 0.003166666720062494
0.00690786074846983 0.0009094371343962848 0.002541666617617011
0.00690786074846983 0.0009094371343962848 0.002041666535660625
0.007981130853295326 0.001050735823810101 0.001416666433215141
0.008118011057376862 0.001068756566382945 0.001166666392236948
0.008774287067353725 0.001155156991444528 0.01410000026226044
0.008697070181369781 0.001144991256296635 0.0140416668727994
0.008057279512286186 0.001060761162079871 0.0005416664062067866
0.008389895781874657 0.001104550901800394 0.0134166656062007
0.008719132281839848 0.001147895702160895 4.166662984061986e-05
0.008249266073107719 0.001086036441847682 0.01316666603088379
0.00690786074846983 0.0009094371343962848 0.01254166569560766
0.00789532158523798 0.00157047703396529 0.005187500268220901
0.006833590567111969 0.001359285670332611 0.004562500398606062
0.006833590567111969 0.001359285670332611 0.004062500316649675
0.00789532158523798 0.00157047703396529 0.003437500214204192
0.00789532158523798 0.00157047703396529 0.003187500173225999
0.006833590567111969 0.001359285670332611 0.002562500070780516
0.006833590567111969 0.001359285670332611 0.002062499988824129
0.00789532158523798 0.00157047703396529 0.001437499653548002
0.008019137196242809 0.00159510551020503 0.001187499728985131
0.0086799506098032 0.001726549468003213 0.01410000026226044
0.008630844764411449 0.00171678198967129 0.01406250055879354
0.007943371310830116 0.001580034848302603 0.0005624996847473085
0.008311285637319088 0.001653217244893312 0.01343749836087227
0.008598107844591141 0.001710270065814257 6.249988655326888e-05
0.008172166533768177 0.001625544973649085 0.01318749878555536
0.006833590567111969 0.001359285670332611 0.01256249845027924
0.006833590567111969 0.001359285670332611 0.01206249836832285
0.00789532158523798 0.00157047703396529 0.0114374989643693
0.00789532158523798 0.00157047703396529 0.01118749845772982
0.006833590567111969 0.001359285670332611 0.01056249905377626
0.006833590567111969 0.001359285670332611 0.01006249897181988
0.00789532158523798 0.00157047703396529 0.009437498636543751
0.00789532158523798 0.00157047703396529 0.00918749812990427
0.006833590567111969 0.001359285670332611 0.008562498725950718
0.006833590567111969 0.001359285670332611 0.008062498643994331
0.00789532158523798 0.00157047703396529 0.007437498308718204
0.00789532158523798 0.00157047703396529 0.007187498267740011
0.006833590567111969 0.001359285670332611 0.006562498398125172
0.006833590567111969 0.001359285670332611 0.00606249924749136
0.00789532158523798 0.00157047703396529 0.005437500309199095
0.007775703445076942 0.002083493396639824 0.01120833121240139
0.006730057764798403 0.001803313614800572 0.01058333180844784
0.006730057764798403 0.001803313614800572 0.01008333172649145
0.007775703445076942 0.002083493396639824 0.009458331391215324
0.007775703445076942 0.002083493396639824 0.009208331815898418
0.006730057764798403 0.001803313614800572 0.008583331480622292
0.006730057764798403 0.001803313614800572 0.008083331398665905
0.007775703445076942 0.002083493396639824 0.007458331529051065
0.007775703445076942 0.002083493396639824 0.007208331488072872
0.006730057764798403 0.001803313614800572 0.006583331618458033
0.006730057764798403 0.001803313614800572 0.006083332467824221
0.007775703445076942 0.002083493396639824 0.005458333529531956
0.007775703445076942 0.002083493396639824 0.00520833395421505
0.006730057764798403 0.001803313614800572 0.004583333618938923
0.006730057764798403 0.001803313614800572 0.004083333536982536
0.007775703445076942 0.002083493396639824 0.003458333667367697
0.007775703445076942 0.002083493396639824 0.003208333626389503
0.006730057764798403 0.001803313614800572 0.00258333352394402
0.006730057764798403 0.001803313614800572 0.002083333674818277
0.007775703445076942 0.002083493396639824 0.001458332990296185
0.007886225357651711 0.002113107591867447 0.001208332949317992
0.008548444136977196 0.002290548756718636 0.01410000026226044
0.008526952005922794 0.002284789923578501 0.01408333424478769
0.00779615668579936 0.002088973997160792 0.0005833329050801694
0.008196781389415264 0.002196320565417409 0.01345833204686642
0.008440975099802017 0.002261752495542169 8.333313598996028e-05
0.008059770800173283 0.002159608993679285 0.01320833154022694
0.006730057764798403 0.001803313614800572 0.01258333213627338
0.006730057764798403 0.001803313614800572 0.012083332054317
0.007775703445076942 0.002083493396639824 0.01145833171904087
0.007622787728905678 0.002587588038295507 0.003479167120531201
0.007622787728905678 0.002587588038295507 0.003229167079553008
0.006597705651074648 0.002239619381725788 0.002604167209938169
0.006597705651074648 0.002239619381725788 0.002104167127981782
0.007622787728905678 0.002587588038295507 0.001479166210629046
0.007719942834228277 0.002620567800477147 0.001229166169650853
0.008416851982474327 0.00273479288443923 0.01410000026226044
0.007616500370204449 0.002585453679785132 0.0006041661836206913
0.008248637430369854 0.002800035290420055 0.0001041663927026093
0.008046778850257397 0.002731513464823365 0.01347916480153799
0.007912461645901203 0.002685918938368559 0.01322916429489851
0.006597705651074648 0.002239619381725788 0.01260416489094496
0.002112004207447171 -0.007882104255259037 0.01358330901712179
0.002284782938659191 -0.008526922203600407 0.0140833118930459
0.002735398942604661 -0.008416656404733658 0.01410000026226044
0.002844739938154817 -0.008380331099033356 0.01410000026226044
0.002631937153637409 -0.007753434125334024 0.01360414177179337
0.006597705651074648 0.002239619381725788 0.01210416480898857
0.007622787728905678 0.002587588038295507 0.01147916447371244
0.007622787728905678 0.002587588038295507 0.01122916489839554
0.006597705651074648 0.002239619381725788 0.01060416456311941
0.006597705651074648 0.002239619381725788 0.01010416448116302
0.007622787728905678 0.002587588038295507 0.009479164145886898
0.007622787728905678 0.002587588038295507 0.009229164570569992
0.006597705651074648 0.002239619381725788 0.008604164235293865
0.006597705651074648 0.002239619381725788 0.008104164153337479
0.007622787728905678 0.002587588038295507 0.007479164283722639
0.007622787728905678 0.002587588038295507 0.007229164242744446
0.006597705651074648 0.002239619381725788 0.006604164373129606
0.006597705651074648 0.002239619381725788 0.006104165222495794
0.007622787728905678 0.002587588038295507 0.005479167215526104
0.007622787728905678 0.002587588038295507 0.005229167174547911
0.006597705651074648 0.002239619381725788 0.004604167304933071
0.006597705651074648 0.002239619381725788 0.004104167222976685
0.00743723101913929 0.00308060203678906 0.009499997831881046
0.00743723101913929 0.00308060203678906 0.009249997325241566
0.006437101401388645 0.002666335087269545 0.008624997921288013
0.006437101401388645 0.002666335087269545 0.008124997839331627
0.00743723101913929 0.00308060203678906 0.0074999975040555
0.00743723101913929 0.00308060203678906 0.007249997463077307
0.006437101401388645 0.002666335087269545 0.006624997593462467
0.006437101401388645 0.002666335087269545 0.006124998442828655
0.00743723101913929 0.00308060203678906 0.005500000901520252
0.00743723101913929 0.00308060203678906 0.005250000860542059
0.006437101401388645 0.002666335087269545 0.004625000525265932
0.006437101401388645 0.002666335087269545 0.004125000443309546
0.00743723101913929 0.00308060203678906 0.003500000573694706
0.00743723101913929 0.00308060203678906 0.003250000532716513
0.006437101401388645 0.002666335087269545 0.002625000663101673
0.006437101401388645 0.002666335087269545 0.002125000581145287
0.00743723101913929 0.00308060203678906 0.001499999430961907
0.007521100807934999 0.003115341998636723 0.001249999506399035
0.007405398413538933 0.003067416837438941 0.0006249994621612132
0.008380331099033356 0.002844739239662886 0.01410000026226044
0.008176334202289581 0.003386748721823096 0.01410000026226044
0.007861820980906487 0.003256472991779447 0.01349999755620956
0.008022147230803967 0.003322882577776909 0.0001249996421393007
0.007730774115771055 0.003202191786840558 0.01324999798089266
0.006437101401388645 0.002666335087269545 0.01262499764561653
0.006437101401388645 0.002666335087269545 0.01212499756366014
0.00743723101913929 0.00308060203678906 0.01149999722838402
0.00743723101913929 0.00308060203678906 0.01124999765306711
0.006437101401388645 0.002666335087269545 0.01062499731779099
0.006437101401388645 0.002666335087269545 0.0101249972358346
0.006248932797461748 0.003081632778048515 0.002645834116265178
0.006248932797461748 0.003081632778048515 0.002145834034308791
0.007219826336950064 0.003560424549505115 0.00152083276771009
0.00729064317420125 0.003595347283408046 0.001270832726731896
0.007163978181779385 0.003532883012667298 0.0006458326824940741
0.007937324233353138 0.003914255183190107 0.01410000026226044
0.007642604876309633 0.003768915543332696 0.01352083124220371
0.00776269705966115 0.003828139044344425 0.0001458329061279073
0.00751538947224617 0.003706179792061448 0.01327083073556423
0.006248932797461748 0.003081632778048515 0.01264583040028811
0.006248932797461748 0.003081632778048515 0.01214583031833172
0.007219826336950064 0.003560424549505115 0.01152083091437817
0.007219826336950064 0.003560424549505115 0.01127083040773869
0.006248932797461748 0.003081632778048515 0.01064583100378513
0.006248932797461748 0.003081632778048515 0.01014583092182875
0.007219826336950064 0.003560424549505115 0.00952083058655262
0.007219826336950064 0.003560424549505115 0.009270831011235714
0.006248932797461748 0.003081632778048515 0.008645830675959587
0.006248932797461748 0.003081632778048515 0.008145830594003201
0.007219826336950064 0.003560424549505115 0.007520830724388361
0.007219826336950064 0.003560424549505115 0.007270830683410168
0.006248932797461748 0.003081632778048515 0.006645830348134041
0.006248932797461748 0.003081632778048515 0.006145831197500229
0.007219826336950064 0.003560424549505115 0.005520834121853113
0.007219826336950064 0.003560424549505115 0.00527083408087492
0.006248932797461748 0.003081632778048515 0.00464583421126008
0.006248932797461748 0.003081632778048515 0.004145834129303694
0.007219826336950064 0.003560424549505115 0.003520834026858211
0.007219826336950064 0.003560424549505115 0.003270834218710661
0.006034004967659712 0.003483734559267759 0.008666663430631161
0.006034004967659712 0.003483734559267759 0.008166663348674774
0.006971505470573902 0.004025000613182783 0.007541663479059935
0.006971505470573902 0.004025000613182783 0.007291663438081741
0.006034004967659712 0.003483734559267759 0.006666663568466902
0.006034004967659712 0.003483734559267759 0.00616666441783309
0.006971505470573902 0.004025000613182783 0.005541667807847261
0.006971505470573902 0.004025000613182783 0.005291667766869068
0.006034004967659712 0.003483734559267759 0.004666667897254229
0.006034004967659712 0.003483734559267759 0.004166667815297842
0.006971505470573902 0.004025000613182783 0.003541667712852359
0.006971505470573902 0.004025000613182783 0.003291667671874166
0.006034004967659712 0.003483734559267759 0.002666667569428682
0.006034004967659712 0.003483734559267759 0.002166667487472296
0.006971505470573902 0.004025000613182783 0.001541665988042951
0.007029650267213583 0.004058570601046085 0.001291665947064757
0.006893488112837076 0.003979957662522793 0.000666665961034596
0.007664324715733528 0.004424999468028545 0.01410000026226044
0.007389979902654886 0.004266607109457254 0.01354166399687529
0.007471614982932806 0.004313739016652107 0.0001666661555645987
0.007267139386385679 0.004195685032755136 0.01329166349023581
0.006034004967659712 0.003483734559267759 0.01266666408628225
0.006034004967659712 0.003483734559267759 0.01216666400432587
0.006971505470573902 0.004025000613182783 0.01154166366904974
0.006971505470573902 0.004025000613182783 0.01129166409373283
0.006034004967659712 0.003483734559267759 0.01066666375845671
0.006034004967659712 0.003483734559267759 0.01016666367650032
0.006971505470573902 0.004025000613182783 0.009541663341224194
0.006971505470573902 0.004025000613182783 0.009291663765907288
0.006693331524729729 0.004472341388463974 0.001562499208375812
0.006739328149706125 0.004503075499087572 0.00131249928381294
0.006595300044864416 0.004406838677823544 0.0006874991813674569
0.007358505390584469 0.004916796460747719 0.01410000026226044
0.007104936055839062 0.004747366532683372 0.01356249675154686
0.007150359451770782 0.004777717404067516 0.0001874994195532054
0.006986997090280056 0.004668562207370996 0.01331249717622995
0.005793238990008831 0.003870918415486813 0.01268749684095383
0.005793238990008831 0.003870918415486813 0.01218749675899744
0.006693331524729729 0.004472341388463974 0.01156249642372131
0.006693331524729729 0.004472341388463974 0.01131249684840441
0.005793238990008831 0.003870918415486813 0.01068749651312828
0.005793238990008831 0.003870918415486813 0.01018749643117189
0.006693331524729729 0.004472341388463974 0.009562497027218342
0.006693331524729729 0.004472341388463974 0.009312496520578861
0.005793238990008831 0.003870918415486813 0.008687496185302734
0.005793238990008831 0.003870918415486813 0.008187497034668922
0.006693331524729729 0.004472341388463974 0.007562496699392796
0.006693331524729729 0.004472341388463974 0.007312496658414602
0.005793238990008831 0.003870918415486813 0.006687496323138475
0.005793238990008831 0.003870918415486813 0.006187497638165951
0.006693331524729729 0.004472341388463974 0.005562501028180122
0.006693331524729729 0.004472341388463974 0.005312500987201929
0.005793238990008831 0.003870918415486813 0.00468750111758709
0.005793238990008831 0.003870918415486813 0.004187501035630703
0.006693331524729729 0.004472341388463974 0.003562501166015863
0.006693331524729729 0.004472341388463974 0.00331250112503767
0.005793238990008831 0.003870918415486813 0.002687501022592187
0.005793238990008831 0.003870918415486813 0.002187501173466444
0.006386495195329189 0.004900530446320772 0.007583329454064369
0.006386495195329189 0.004900530446320772 0.007333329413086176
0.005527665372937918 0.004241526126861572 0.006708329543471336
0.005527665372937918 0.004241526126861572 0.006208330392837524
0.006386495195329189 0.004900530446320772 0.005583334714174271
0.006386495195329189 0.004900530446320772 0.005333334673196077
0.005527665372937918 0.004241526126861572 0.004708334803581238
0.005527665372937918 0.004241526126861572 0.004208334721624851
0.006386495195329189 0.004900530446320772 0.003583334619179368
0.006386495195329189 0.004900530446320772 0.003333334578201175
0.005527665372937918 0.004241526126861572 0.002708334475755692
0.005527665372937918 0.004241526126861572 0.002208334626629949
0.006386495195329189 0.004900530446320772 0.001583332545123994
0.006421005353331566 0.004927010741084814 0.001333332504145801
0.006270891521126032 0.00481182336807251 0.0007083324599079788
0.007021176628768444 0.005387538112699986 0.01410000026226044
0.006788609083741903 0.005209082737565041 0.01358332950621843
0.006800505332648754 0.005218211095780134 0.0002083326689898968
0.006676076911389828 0.005122733768075705 0.01333332993090153
0.005547080654650927 0.004256424028426409 0.0127083295956254
0.005527665372937918 0.004241526126861572 0.01220832951366901
0.006386495195329189 0.004900530446320772 0.01158333010971546
0.006386495195329189 0.004900530446320772 0.01133332960307598
0.005527665372937918 0.004241526126861572 0.01070832926779985
0.005527665372937918 0.004241526126861572 0.01020833011716604
0.006386495195329189 0.004900530446320772 0.009583329781889915
0.006386495195329189 0.004900530446320772 0.009333329275250435
0.005527665372937918 0.004241526126861572 0.008708329871296883
0.005527665372937918 0.004241526126861572 0.008208329789340496
0.005921844858676195 0.00519331730902195 0.0007291656802408397
0.006423745770007372 0.005633472930639982 0.0002291659184265882
0.006442270707339048 0.005649719852954149 0.01360416319221258
0.006335626821964979 0.005556195974349976 0.0133541626855731
0.005277733318507671 0.004628446884453297 0.01272916328161955
0.005238421261310577 0.004593971651047468 0.01222916319966316
0.006052311509847641 0.005307735409587622 0.01160416286438704
0.006052311509847641 0.005307735409587622 0.01135416235774755
0.005238421261310577 0.004593971651047468 0.010729162953794
0.005238421261310577 0.004593971651047468 0.01022916287183762
0.006052311509847641 0.005307735409587622 0.009604162536561489
0.006052311509847641 0.005307735409587622 0.009354162961244583
0.005238421261310577 0.004593971651047468 0.008729162625968456
0.005238421261310577 0.004593971651047468 0.00822916254401207
0.006052311509847641 0.005307735409587622 0.00760416267439723
0.006052311509847641 0.005307735409587622 0.007354162633419037
0.005238421261310577 0.004593971651047468 0.006729162763804197
0.005238421261310577 0.004593971651047468 0.006229163613170385
0.006052311509847641 0.005307735409587622 0.005604168400168419
0.006052311509847641 0.005307735409587622 0.005354168359190226
0.005238421261310577 0.004593971651047468 0.004729168023914099
0.005238421261310577 0.004593971651047468 0.004229167941957712
0.006052311509847641 0.005307735409587622 0.003604168072342873
0.006052311509847641 0.005307735409587622 0.003354168031364679
0.005238421261310577 0.004593971651047468 0.00272916816174984
0.005238421261310577 0.004593971651047468 0.002229168079793453
0.006052311509847641 0.005307735409587622 0.001604165765456855
0.006076129153370857 0.00532862264662981 0.001354165724478662
0.006653781980276108 0.005835209973156452 0.01410000026226044
0.004926745314151049 0.004926744382828474 0.006749995518475771
0.004926745314151049 0.004926744382828474 0.006249996367841959
0.005692210514098406 0.00569221144542098 0.00562500162050128
0.005692210514098406 0.00569221144542098 0.005375001579523087
0.004926745314151049 0.004926744382828474 0.004750001709908247
0.004926745314151049 0.004926744382828474 0.00425000162795186
0.005692210514098406 0.00569221144542098 0.003625001525506377
0.005692210514098406 0.00569221144542098 0.003375001484528184
0.004926745314151049 0.004926744382828474 0.002750001614913344
0.004926745314151049 0.004926744382828474 0.002250001532956958
0.005692210514098406 0.00569221144542098 0.001624998985789716
0.005706253461539745 0.00570625439286232 0.001374998944811523
0.005549837835133076 0.005549836903810501 0.0007499989587813616
0.006257894914597273 0.006257894448935986 0.01410000026226044
0.006067325361073017 0.006067326758056879 0.01362499594688416
0.006021876353770494 0.00602187542244792 0.0002499991678632796
0.005967027507722378 0.005967028439044952 0.01337499544024467
0.004983386024832726 0.004983384627848864 0.01274999603629112
0.004926745314151049 0.004926744382828474 0.01224999595433474
0.005692210514098406 0.00569221144542098 0.01162499561905861
0.005692210514098406 0.00569221144542098 0.0113749960437417
0.004926745314151049 0.004926744382828474 0.01074999570846558
0.004926745314151049 0.004926744382828474 0.01024999562650919
0.005692210514098406 0.00569221144542098 0.009624995291233063
0.005692210514098406 0.00569221144542098 0.009374995715916157
0.004926745314151049 0.004926744382828474 0.00874999538064003
0.004926745314151049 0.004926744382828474 0.008249995298683643
0.005692210514098406 0.00569221144542098 0.007624995429068804
0.005692210514098406 0.00569221144542098 0.007374995388090611
-0.007924891076982021 0.00104333134368062 0.0134583180770278
-0.008764903992414474 0.001153919263742864 0.01408332120627165
-0.008822746574878693 0.0006939985323697329 0.01410000026226044
-0.008831051178276539 0.0005788152921013534 0.01410000026226044
-0.008003915660083294 0.0005246038199402392 0.01347915176302195
0.005571783054620028 0.006353401578962803 0.01339582912623882
0.00466512655839324 0.005319556687027216 0.0127708287909627
0.004593972116708755 0.005238420329988003 0.01227082870900631
0.005307734943926334 0.006052311975508928 0.01164582837373018
0.005307734943926334 0.006052311975508928 0.01139582879841328
0.004593972116708755 0.005238420329988003 0.01077082846313715
0.004593972116708755 0.005238420329988003 0.01027082838118076
0.005307734943926334 0.006052311975508928 0.009645828977227211
0.005307734943926334 0.006052311975508928 0.00939582847058773
0.004593972116708755 0.005238420329988003 0.008770829066634178
0.004593972116708755 0.005238420329988003 0.008270828984677792
0.005307734943926334 0.006052311975508928 0.007645828649401665
0.005307734943926334 0.006052311975508928 0.007395828608423471
0.004593972116708755 0.005238420329988003 0.006770828738808632
0.004593972116708755 0.005238420329988003 0.00627082958817482
0.005307734943926334 0.006052311975508928 0.005645835306495428
0.005307734943926334 0.006052311975508928 0.005395835265517235
0.004593972116708755 0.005238420329988003 0.004770834930241108
0.004593972116708755 0.005238420329988003 0.004270835313946009
0.005307734943926334 0.006052311975508928 0.003645835211500525
0.005307734943926334 0.006052311975508928 0.003395835170522332
0.004593972116708755 0.005238420329988003 0.002770835068076849
0.004593972116708755 0.005238420329988003 0.002270834986120462
0.005307734943926334 0.006052311975508928 0.001645832206122577
0.005313034635037184 0.006058355793356895 0.001395832281559706
0.005156638566404581 0.005880018696188927 0.0007708322373218834
0.005835209973156452 0.00665378151461482 0.01410000026226044
0.005665306933224201 0.006460044998675585 0.01364582870155573
0.005596793722361326 0.006381919141858816 0.0002708324464038014
0.00424152659252286 0.00552766490727663 0.006291662342846394
0.004900530446320772 0.006386495660990477 0.005666668526828289
0.004900530446320772 0.006386495660990477 0.005416668485850096
0.00424152659252286 0.00552766490727663 0.004791668616235256
0.00424152659252286 0.00552766490727663 0.00429166853427887
0.004900530446320772 0.006386495660990477 0.00366666866466403
0.004900530446320772 0.006386495660990477 0.003416668623685837
0.00424152659252286 0.00552766490727663 0.002791668521240354
0.00424152659252286 0.00552766490727663 0.002291668439283967
0.004900530446320772 0.006386495660990477 0.00166666554287076
0.004900530446320772 0.006386495660990477 0.001416665501892567
0.004744092933833599 0.006182622164487839 0.0007916654576547444
0.005387538578361273 0.007021176628768444 0.01410000026226044
0.005237865727394819 0.006826119963079691 0.0136666614562273
0.005150480195879936 0.006712236441671848 0.0002916656958404928
0.005151516757905483 0.006713587325066328 0.0134166618809104
0.004324154462665319 0.00563534814864397 0.01279166154563427
0.00424152659252286 0.00552766490727663 0.01229166146367788
0.004900530446320772 0.006386495660990477 0.01166666205972433
0.004900530446320772 0.006386495660990477 0.01141666155308485
0.00424152659252286 0.00552766490727663 0.0107916621491313
0.00424152659252286 0.00552766490727663 0.01029166206717491
0.004900530446320772 0.006386495660990477 0.009666661731898785
0.004900530446320772 0.006386495660990477 0.009416662156581879
0.00424152659252286 0.00552766490727663 0.008791661821305752
0.00424152659252286 0.00552766490727663 0.008291661739349365
0.004900530446320772 0.006386495660990477 0.007666661404073238
0.004900530446320772 0.006386495660990477 0.007416661828756332
0.00424152659252286 0.00552766490727663 0.006791661493480206
0.0038709188811481 0.005793238990008831 0.01231249514967203
0.004472341388463974 0.006693331990391016 0.0116874948143959
0.004472341388463974 0.006693331990391016 0.011437495239079
0.0038709188811481 0.005793238990008831 0.01081249490380287
0.0038709188811481 0.005793238990008831 0.01031249482184649
0.004472341388463974 0.006693331990391016 0.009687494486570358
0.004472341388463974 0.006693331990391016 0.009437494911253452
0.0038709188811481 0.005793238990008831 0.008812494575977325
0.0038709188811481 0.005793238990008831 0.008312494494020939
0.004472341388463974 0.006693331990391016 0.007687494624406099
0.004472341388463974 0.006693331990391016 0.007437494583427906
0.0038709188811481 0.005793238990008831 0.006812494713813066
0.0038709188811481 0.005793238990008831 0.006312495563179255
0.004472341388463974 0.006693331990391016 0.005687502212822437
0.004472341388463974 0.006693331990391016 0.005437502171844244
0.0038709188811481 0.005793238990008831 0.004812502302229404
0.0038709188811481 0.005793238990008831 0.004312502220273018
0.004472341388463974 0.006693331990391016 0.003687502117827535
0.004472341388463974 0.006693331990391016 0.003437502076849341
0.0038709188811481 0.005793238990008831 0.002812501974403858
0.0038709188811481 0.005793238990008831 0.002312502125278115
0.004472341388463974 0.006693331990391016 0.001687498763203621
0.004472341388463974 0.006693331990391016 0.001437498722225428
0.004314119927585125 0.006456536240875721 0.0008124987361952662
0.004916796460747719 0.007358505390584469 0.01410000026226044
0.00478676799684763 0.007163905072957277 0.01368749514222145
0.004684998653829098 0.0070115951821208 0.0003124989452771842
0.004707963671535254 0.007045966107398272 0.01343749463558197
0.003961780574172735 0.005929222796112299 0.01281249523162842
0.004025000613182783 0.006971506401896477 0.005458335857838392
0.003483735024929047 0.006034005433320999 0.004833335522562265
0.003483735024929047 0.006034005433320999 0.004333335440605879
0.004025000613182783 0.006971506401896477 0.003708335570991039
0.004025000613182783 0.006971506401896477 0.003458335530012846
0.003483735024929047 0.006034005433320999 0.002833335427567363
0.003483735024929047 0.006034005433320999 0.00233333557844162
0.004025000613182783 0.006971506401896477 0.001708331983536482
0.004025000613182783 0.006971506401896477 0.00145833205897361
0.003868698142468929 0.006700780708342791 0.0008333319565281272
0.004424999468028545 0.007664324715733528 0.01410000026226044
0.004313887096941471 0.007471872493624687 0.01370832789689302
0.004202479962259531 0.007278908044099808 0.0003333321947138757
0.00424296548590064 0.007349032443016768 0.01345832832157612
0.003579415613785386 0.006199728697538376 0.01283332798629999
-0.005295430775731802 0.006901137065142393 0.01383332256227732
-0.005381780210882425 0.007013670168817043 0.01408332493156195
-0.005747811403125525 0.006729424931108952 0.01410000026226044
-0.005835211370140314 0.006653781048953533 0.01410000026226044
-0.005743241868913174 0.006548910401761532 0.01385415531694889
0.003483735024929047 0.006034005433320999 0.01233332790434361
0.004025000613182783 0.006971506401896477 0.01170832756906748
0.004025000613182783 0.006971506401896477 0.01145832799375057
0.003483735024929047 0.006034005433320999 0.01083332765847445
0.003483735024929047 0.006034005433320999 0.01033332757651806
0.004025000613182783 0.006971506401896477 0.009708328172564507
0.004025000613182783 0.006971506401896477 0.009458327665925026
0.003483735024929047 0.006034005433320999 0.008833327330648899
0.003483735024929047 0.006034005433320999 0.008333327248692513
0.004025000613182783 0.006971506401896477 0.00770832784473896
0.004025000613182783 0.006971506401896477 0.007458327803760767
0.003483735024929047 0.006034005433320999 0.00683332746848464
0.003483735024929047 0.006034005433320999 0.006333328317850828
0.004025000613182783 0.006971506401896477 0.005708335898816586
0.003560424549505115 0.007219827733933926 0.01147916074842215
0.003081633243709803 0.006248933728784323 0.01085416041314602
0.003081633243709803 0.006248933728784323 0.01035416126251221
0.003560424549505115 0.007219827733933926 0.00972916092723608
0.003560424549505115 0.007219827733933926 0.0094791604205966
0.003081633243709803 0.006248933728784323 0.008854161016643047
0.003081633243709803 0.006248933728784323 0.008354160934686661
0.003560424549505115 0.007219827733933926 0.007729160599410534
0.003560424549505115 0.007219827733933926 0.007479160558432341
0.003081633243709803 0.006248933728784323 0.006854160688817501
0.003081633243709803 0.006248933728784323 0.006354161538183689
0.003560424549505115 0.007219827733933926 0.005729169119149446
0.003560424549505115 0.007219827733933926 0.005479169078171253
0.003081633243709803 0.006248933728784323 0.004854169208556414
0.003081633243709803 0.006248933728784323 0.004354169126600027
0.003560424549505115 0.007219827733933926 0.003729169024154544
0.003560424549505115 0.007219827733933926 0.003479168983176351
0.003081633243709803 0.006248933728784323 0.002854169113561511
0.003081633243709803 0.006248933728784323 0.002354169031605124
0.003560424549505115 0.007219827733933926 0.001729165320284665
0.003560424549505115 0.007219827733933926 0.001479165279306471
0.003409860422834754 0.006914512254297733 0.0008541652350686491
0.00391425471752882 0.007937323302030563 0.01410000026226044
0.003821195103228092 0.007748618721961975 0.0137291606515646
0.003705115988850594 0.007513231597840786 0.0003541654441505671
0.003758459351956844 0.007621402852237225 0.01347916107624769
0.003178572282195091 0.00644550658762455 0.01285416074097157
0.003081633243709803 0.006248933728784323 0.01235416065901518
0.003560424549505115 0.007219827733933926 0.01172916125506163
0.002666335552930832 0.006437103264033794 0.004375002812594175
0.003080601803958416 0.007437232416123152 0.003750002477318048
0.003080601803958416 0.007437232416123152 0.003500002436339855
0.002666335552930832 0.006437103264033794 0.002875002566725016
0.002666335552930832 0.006437103264033794 0.002375002484768629
0.003080601803958416 0.007437232416123152 0.001749998540617526
0.003080601803958416 0.007437232416123152 0.001499998499639332
0.002939684549346566 0.007097026333212852 0.0008749985136091709
0.003386748023331165 0.008176334202289581 0.01410000026226044
0.00331075256690383 0.007992865517735481 0.01374999433755875
0.003195149824023247 0.007713774219155312 0.0003749986935872585
0.003256471361964941 0.007861819118261337 0.01349999383091927
0.002760854549705982 0.006665292661637068 0.01287499349564314
0.002666335552930832 0.006437103264033794 0.01237499434500933
0.003080601803958416 0.007437232416123152 0.0117499940097332
0.003080601803958416 0.007437232416123152 0.01149999350309372
0.002666335552930832 0.006437103264033794 0.01087499409914017
0.002666335552930832 0.006437103264033794 0.01037499401718378
0.003080601803958416 0.007437232416123152 0.009749993681907654
0.003080601803958416 0.007437232416123152 0.009499994106590748
0.002666335552930832 0.006437103264033794 0.008874993771314621
0.002666335552930832 0.006437103264033794 0.008374993689358234
0.003080601803958416 0.007437232416123152 0.007749993819743395
0.003080601803958416 0.007437232416123152 0.007499993778765202
0.002666335552930832 0.006437103264033794 0.006874993443489075
0.002666335552930832 0.006437103264033794 0.00637499475851655
0.003080601803958416 0.007437232416123152 0.005750002805143595
0.003080601803958416 0.007437232416123152 0.005500002764165401
0.002666335552930832 0.006437103264033794 0.004875002428889275
0.002239620080217719 0.006597707513719797 0.01039582677185535
0.002587587805464864 0.007622789591550827 0.009770826436579227
0.002587587805464864 0.007622789591550827 0.009520826861262321
0.002239620080217719 0.006597707513719797 0.008895826525986195
0.002239620080217719 0.006597707513719797 0.008395826444029808
0.002587587805464864 0.007622789591550827 0.007770826574414968
0.002587587805464864 0.007622789591550827 0.007520826533436775
0.002239620080217719 0.006597707513719797 0.006895826663821936
0.002239620080217719 0.006597707513719797 0.006395827513188124
0.002587587805464864 0.007622789591550827 0.005770836025476456
0.002587587805464864 0.007622789591550827 0.005520835984498262
0.002239620080217719 0.006597707513719797 0.004895836114883423
0.002239620080217719 0.006597707513719797 0.004395836032927036
0.002587587805464864 0.007622789591550827 0.003770836163312197
0.002587587805464864 0.007622789591550827 0.003520836122334003
0.002239620080217719 0.006597707513719797 0.00289583601988852
0.002239620080217719 0.006597707513719797 0.002395835937932134
0.002587587805464864 0.007622789591550827 0.001770831760950387
0.002587587805464864 0.007622789591550827 0.001520831719972193
0.002460282063111663 0.007247755769640207 0.0008958317339420319
0.002844738774001598 0.008380331099033356 0.01410000026226044
0.00278470478951931 0.008203478530049324 0.01377082709223032
0.002674862975254655 0.007879891432821751 0.0003958319721277803
0.002739110728725791 0.00806916318833828 0.01352082658559084
0.002327953232452273 0.006857928354293108 0.01289582718163729
0.002239620080217719 0.006597707513719797 0.0123958270996809
0.002587587805464864 0.007622789591550827 0.01177082676440477
0.002587587805464864 0.007622789591550827 0.01152082718908787
0.002239620080217719 0.006597707513719797 0.01089582685381174
0.002083493396639824 0.007775705307722092 0.003541669575497508
0.001803314313292503 0.006730059627443552 0.002916669473052025
0.001803314313292503 0.006730059627443552 0.002416669391095638
0.002083493396639824 0.007775705307722092 0.001791665097698569
0.002083493396639824 0.007775705307722092 0.001541665056720376
0.001973789418116212 0.007366280537098646 0.0009166650124825537
0.002290548291057348 0.008548444136977196 0.01410000026226044
0.002245269017294049 0.00837946031242609 0.01379165984690189
0.002146567450836301 0.008011097088456154 0.0004166652215644717
0.002208556979894638 0.008242449723184109 0.01354166027158499
0.001881638076156378 0.007022367790341377 0.01291665993630886
0.001803314313292503 0.006730059627443552 0.01241665985435247
0.002083493396639824 0.007775705307722092 0.01179165951907635
0.002083493396639824 0.007775705307722092 0.01154165994375944
0.001803314313292503 0.006730059627443552 0.01091665960848331
0.001803314313292503 0.006730059627443552 0.01041665952652693
0.002083493396639824 0.007775705307722092 0.009791660122573376
0.002083493396639824 0.007775705307722092 0.009541659615933895
0.001803314313292503 0.006730059627443552 0.008916660211980343
0.001803314313292503 0.006730059627443552 0.008416660130023956
0.002083493396639824 0.007775705307722092 0.007791659794747829
0.002083493396639824 0.007775705307722092 0.007541659753769636
0.001803314313292503 0.006730059627443552 0.006916659884154797
0.001803314313292503 0.006730059627443552 0.006416660733520985
0.002083493396639824 0.007775705307722092 0.005791669711470604
0.002083493396639824 0.007775705307722092 0.005541669670492411
0.001803314313292503 0.006730059627443552 0.004916669800877571
0.001803314313292503 0.006730059627443552 0.004416669718921185
0.002083493396639824 0.007775705307722092 0.003791669616475701
0.00157047703396529 0.007895324379205704 0.009562492370605469
0.001359286368824542 0.006833592429757118 0.008937492966651917
0.001359286368824542 0.006833592429757118 0.00843749288469553
0.00157047703396529 0.007895324379205704 0.007812492549419403
0.00157047703396529 0.007895324379205704 0.00756249250844121
0.001359286368824542 0.006833592429757118 0.00693749263882637
0.001359286368824542 0.006833592429757118 0.006437493488192558
0.00157047703396529 0.007895324379205704 0.005812502931803465
0.00157047703396529 0.007895324379205704 0.005562503356486559
0.001359286368824542 0.006833592429757118 0.004937503021210432
0.001359286368824542 0.006833592429757118 0.004437502939254045
0.00157047703396529 0.007895324379205704 0.003812503069639206
0.00157047703396529 0.007895324379205704 0.003562503028661013
0.001359286368824542 0.006833592429757118 0.002937502926215529
0.001359286368824542 0.006833592429757118 0.002437503077089787
0.00157047703396529 0.007895324379205704 0.00181249831803143
0.00157047703396529 0.007895324379205704 0.001562498277053237
0.001482359017245471 0.007452319841831923 0.0009374982328154147
0.00172654923517257 0.0086799506098032 0.01410000026226044
0.001694724895060062 0.008519959636032581 0.01381249260157347
0.001612594234757125 0.00810705590993166 0.0004374984710011631
0.001667052623815835 0.008380841463804245 0.01356249302625656
0.001423750771209598 0.007157676853239536 0.01293749269098043
0.001359286368824542 0.006833592429757118 0.01243749260902405
0.00157047703396529 0.007895324379205704 0.0118124932050705
0.00157047703396529 0.007895324379205704 0.01156249269843102
0.001359286368824542 0.006833592429757118 0.01093749329447746
0.001359286368824542 0.006833592429757118 0.01043749321252108
0.00157047703396529 0.007895324379205704 0.009812492877244949
0.001050735474564135 0.00798113364726305 0.001833331538364291
0.001050735474564135 0.00798113364726305 0.001583331497386098
0.0009881496662274003 0.007505738642066717 0.0009583315113559365
0.001155156525783241 0.008774287067353725 0.01410000026226044
0.001135406899265945 0.008624277077615261 0.01383332628756762
0.001075284322723746 0.008167591877281666 0.0004583317204378545
0.001116892788559198 0.008483647368848324 0.01358332578092813
0.0009561987826600671 0.007263047620654106 0.01295832637697458
0.0009094377746805549 0.006907862611114979 0.0124583262950182
0.001050735474564135 0.00798113364726305 0.01183332595974207
0.001050735474564135 0.00798113364726305 0.01158332638442516
0.0009094377746805549 0.006907862611114979 0.01095832604914904
0.0009094377746805549 0.006907862611114979 0.01045832596719265
0.001050735474564135 0.00798113364726305 0.009833325631916523
0.001050735474564135 0.00798113364726305 0.009583326056599617
0.0009094377746805549 0.006907862611114979 0.00895832572132349
0.0009094377746805549 0.006907862611114979 0.008458325639367104
0.001050735474564135 0.00798113364726305 0.007833325304090977
0.001050735474564135 0.00798113364726305 0.007583325728774071
0.0009094377746805549 0.006907862611114979 0.006958325859159231
0.0009094377746805549 0.006907862611114979 0.006458326708525419
0.001050735474564135 0.00798113364726305 0.005833336617797613
0.001050735474564135 0.00798113364726305 0.00558333657681942
0.0009094377746805549 0.006907862611114979 0.00495833670720458
0.0009094377746805549 0.006907862611114979 0.004458336625248194
0.001050735474564135 0.00798113364726305 0.003833336522802711
0.001050735474564135 0.00798113364726305 0.003583336481824517
0.0009094377746805549 0.006907862611114979 0.002958336379379034
0.0009094377746805549 0.006907862611114979 0.002458336530253291
0.0005264946375973523 0.008032768033444881 0.007854158990085125
0.0005264946375973523 0.008032768033444881 0.007604158949106932
0.0004556947387754917 0.00695255259051919 0.006979158613830805
0.0004556947387754917 0.00695255259051919 0.006479159463196993
0.0005264946375973523 0.008032768033444881 0.005854170303791761
0.0005264946375973523 0.008032768033444881 0.005604170262813568
0.0004556947387754917 0.00695255259051919 0.004979169927537441
0.0004556947387754917 0.00695255259051919 0.004479169845581055
0.0005264946375973523 0.008032768033444881 0.003854169975966215
0.0005264946375973523 0.008032768033444881 0.003604169934988022
0.0004556947387754917 0.00695255259051919 0.002979170065373182
0.0004556947387754917 0.00695255259051919 0.002479169983416796
0.0005264946375973523 0.008032768033444881 0.001854164758697152
0.0005264946375973523 0.008032768033444881 0.001604164834134281
0.0004933159216307104 0.007526540197432041 0.0009791647316887975
0.0005788173293694854 0.008831051178276539 0.01410000026226044
0.000569694209843874 0.00869186595082283 0.01385415904223919
0.0005369767313823104 0.008192675188183784 0.0004791649698745459
0.0005604171310551465 0.008550325408577919 0.01360415946692228
0.0004809445235878229 0.007337789982557297 0.01297915913164616
0.0004556947387754917 0.00695255259051919 0.01247915904968977
0.0005264946375973523 0.008032768033444881 0.01185415871441364
0.0005264946375973523 0.008032768033444881 0.01160415913909674
0.0004556947387754917 0.00695255259051919 0.01097915880382061
0.0004556947387754917 0.00695255259051919 0.01047915872186422
0.0005264946375973523 0.008032768033444881 0.009854159317910671
0.0005264946375973523 0.008032768033444881 0.009604158811271191
0.0004556947387754917 0.00695255259051919 0.008979158475995064
0.0004556947387754917 0.00695255259051919 0.008479158394038677
-8.395764083957147e-10 0.008722336031496525 0.01387499179691076
-8.259232187057819e-10 0.008580493740737438 0.01362499222159386
3.472988563402168e-10 0.00738134840503335 0.01299999188631773
3.278255722438672e-10 0.006967470515519381 0.01249999180436134
-7.748603980672897e-10 0.008050003089010715 0.01187499240040779
-7.748603980672897e-10 0.008050003089010715 0.01162499189376831
3.278255722438672e-10 0.006967470515519381 0.01099999155849218
3.278255722438672e-10 0.006967470515519381 0.0104999914765358
-7.748603980672897e-10 0.008050003089010715 0.009874992072582245
-7.748603980672897e-10 0.008050003089010715 0.009624991565942764
3.278255722438672e-10 0.006967470515519381 0.008999992161989212
3.278255722438672e-10 0.006967470515519381 0.008499992080032825
-7.748603980672897e-10 0.008050003089010715 0.007874991744756699
-7.748603980672897e-10 0.008050003089010715 0.007624991703778505
3.278255722438672e-10 0.006967470515519381 0.006999991834163666
3.278255722438672e-10 0.006967470515519381 0.006499992683529854
-7.748603980672897e-10 0.008050003089010715 0.005875003524124622
-7.748603980672897e-10 0.008050003089010715 0.005625003483146429
3.278255722438672e-10 0.006967470515519381 0.004500003531575203
-7.748603980672897e-10 0.008050003089010715 0.00387500342912972
3.278255722438672e-10 0.006967470515519381 0.00500000361353159
-7.748603980672897e-10 0.008050003089010715 0.00362500362098217
3.278255722438672e-10 0.006967470515519381 0.003000003518536687
3.278255722438672e-10 0.006967470515519381 0.0025000034365803
-7.748603980672897e-10 0.008050003089010715 0.001874998095445335
-7.748603980672897e-10 0.008050003089010715 0.001624998054467142
3.535814141475413e-10 0.007514874916523695 0.0009999980684369802
3.849908170039384e-10 0.008182437159121037 0.0004999982193112373
-4.365832972919037e-10 0.008849998936057091 0.01410000026226044
-0.0005264962092041969 0.008032768033444881 0.005645837169140577
-0.0004556940693873912 0.00695255259051919 0.005020837299525738
-0.0004556940693873912 0.00695255259051919 0.004520837217569351
-0.0005264962092041969 0.008032768033444881 0.003895837115123868
-0.0005264962092041969 0.008032768033444881 0.003645837074145675
-0.0004556940693873912 0.00695255259051919 0.003020836971700191
-0.0004556940693873912 0.00695255259051919 0.002520836889743805
-0.0005264962092041969 0.008032768033444881 0.001895831315778196
-0.0005264962092041969 0.008032768033444881 0.001645831274800003
-0.0004896768368780613 0.00747102964669466 0.001020831288769841
-0.0005788181442767382 0.008831051178276539 0.01410000026226044
-0.0005712419515475631 0.008715455420315266 0.01389582548290491
-0.0005333374720066786 0.008137163706123829 0.0005208314978517592
-0.0005619649309664965 0.008573915809392929 0.01364582497626543
-0.0004845821531489491 0.00739330006763339 0.0130208246409893
-0.0004556940693873912 0.00695255259051919 0.01252082549035549
-0.0005264962092041969 0.008032768033444881 0.01189582515507936
-0.0005264962092041969 0.008032768033444881 0.01164582464843988
-0.0004556940693873912 0.00695255259051919 0.01102082524448633
-0.0004556940693873912 0.00695255259051919 0.01052082516252995
-0.0005264962092041969 0.008032768033444881 0.009895824827253819
-0.0005264962092041969 0.008032768033444881 0.009645825251936913
-0.0004556940693873912 0.00695255259051919 0.009020824916660786
-0.0004556940693873912 0.00695255259051919 0.008520824834704399
-0.0005264962092041969 0.008032768033444881 0.007895824499428272
-0.0005264962092041969 0.008032768033444881 0.007645824924111366
-0.0004556940693873912 0.00695255259051919 0.007020824588835239
-0.0004556940693873912 0.00695255259051919 0.006520825903862715
-0.0005264962092041969 0.008032768033444881 0.005895837210118771
-0.001050737220793962 0.007981134578585625 0.01166665833443403
-0.0009094370761886239 0.006907863076776266 0.01104165799915791
-0.0009094370761886239 0.006907863076776266 0.01054165791720152
-0.001050737220793962 0.007981134578585625 0.009916657581925392
-0.001050737220793962 0.007981134578585625 0.009666658006608486
-0.0009094370761886239 0.006907863076776266 0.009041657671332359
-0.0009094370761886239 0.006907863076776266 0.008541657589375973
-0.001050737220793962 0.007981134578585625 0.007916658185422421
-0.001050737220793962 0.007981134578585625 0.00766665767878294
-0.0009094370761886239 0.006907863076776266 0.0070416578091681
-0.0009094370761886239 0.006907863076776266 0.006541658658534288
-0.001050737220793962 0.007981134578585625 0.005916670430451632
-0.001050737220793962 0.007981134578585625 0.005666670389473438
-0.0009094370761886239 0.006907863076776266 0.005041670519858599
-0.0009094370761886239 0.006907863076776266 0.004541670437902212
-0.001050737220793962 0.007981134578585625 0.003916670568287373
-0.001050737220793962 0.007981134578585625 0.003666670527309179
-0.0009094370761886239 0.006907863076776266 0.003041670424863696
-0.0009094370761886239 0.006907863076776266 0.00254167034290731
-0.001050737220793962 0.007981134578585625 0.001916664536111057
-0.001050737220793962 0.007981134578585625 0.001666664611548185
-0.0009736265637911856 0.007395430468022823 0.001041664509102702
-0.001155157457105815 0.0087742879986763 0.01410000026226044
-0.001141580054536462 0.008671154268085957 0.01391665823757648
-0.001060760929249227 0.00805728230625391 0.0005416647181846201
-0.00112306559458375 0.008530523627996445 0.013666657730937
-0.0009707200806587934 0.007373353932052851 0.01304165832698345
-0.0009094370761886239 0.006907863076776266 0.01254165824502707
-0.001050737220793962 0.007981134578585625 0.01191665790975094
-0.001359285903163254 0.006833592895418406 0.00456250412389636
-0.001570478780195117 0.007895325310528278 0.003937503788620234
-0.001570478780195117 0.007895325310528278 0.003687503980472684
-0.001359285903163254 0.006833592895418406 0.003062503878027201
-0.001359285903163254 0.006833592895418406 0.002562504028901458
-0.001570478780195117 0.007895325310528278 0.00193749787285924
-0.001570478780195117 0.007895325310528278 0.001687497831881046
-0.001449799980036914 0.007288637105375528 0.001062497729435563
-0.001726549933664501 0.0086799506098032 0.01410000026226044
-0.001708562253043056 0.008589518256485462 0.01393749099224806
-0.001580035081133246 0.007943373173475266 0.000562497996725142
-0.001680890098214149 0.0084504010155797 0.01368749141693115
-0.001456308760680258 0.00732135958969593 0.01306249108165503
-0.001359285903163254 0.006833592895418406 0.01256249099969864
-0.001570478780195117 0.007895325310528278 0.01193749066442251
-0.001570478780195117 0.007895325310528278 0.01168749108910561
-0.001359285903163254 0.006833592895418406 0.01106249075382948
-0.001359285903163254 0.006833592895418406 0.01056249067187309
-0.001570478780195117 0.007895325310528278 0.00993749126791954
-0.001570478780195117 0.007895325310528278 0.00968749076128006
-0.001359285903163254 0.006833592895418406 0.009062491357326508
-0.001359285903163254 0.006833592895418406 0.008562491275370121
-0.001570478780195117 0.007895325310528278 0.007937490940093994
-0.001570478780195117 0.007895325310528278 0.007687490899115801
-0.001359285903163254 0.006833592895418406 0.007062491029500961
-0.001359285903163254 0.006833592895418406 0.006562491878867149
-0.001570478780195117 0.007895325310528278 0.00593750411644578
-0.001570478780195117 0.007895325310528278 0.005687504075467587
-0.001359285903163254 0.006833592895418406 0.005062504205852747
-0.00180331408046186 0.006730060093104839 0.01058332435786724
-0.002083495259284973 0.007775707170367241 0.009958324022591114
-0.002083495259284973 0.007775707170367241 0.009708323515951633
-0.00180331408046186 0.006730060093104839 0.009083324111998081
-0.00180331408046186 0.006730060093104839 0.008583324030041695
-0.002083495259284973 0.007775707170367241 0.007958323694765568
-0.002083495259284973 0.007775707170367241 0.007708323653787374
-0.00180331408046186 0.006730060093104839 0.007083323784172535
-0.00180331408046186 0.006730060093104839 0.006583324633538723
-0.002083495259284973 0.007775707170367241 0.005958337802439928
-0.002083495259284973 0.007775707170367241 0.005708337761461735
-0.00180331408046186 0.006730060093104839 0.005083337426185608
-0.00180331408046186 0.006730060093104839 0.004583337344229221
-0.002083495259284973 0.007775707170367241 0.003958337474614382
-0.002083495259284973 0.007775707170367241 0.003708337433636189
-0.00180331408046186 0.006730060093104839 0.003083337564021349
-0.00180331408046186 0.006730060093104839 0.002583337482064962
-0.002083495259284973 0.007775707170367241 0.001958331093192101
-0.002083495259284973 0.007775707170367241 0.001708331052213907
-0.001916196662932634 0.007151343394070864 0.001083331066183746
-0.002290548989549279 0.008548443205654621 0.01410000026226044
-0.002269744407385588 0.008470798842608929 0.01395832374691963
-0.002088974928483367 0.007796159945428371 0.0005833312752656639
-0.002233032835647464 0.008333789184689522 0.01370832417160273
-0.001939229667186737 0.007237304002046585 0.0130833238363266
-0.00180331408046186 0.006730060093104839 0.01258332375437021
-0.002083495259284973 0.007775707170367241 0.01195832435041666
-0.002083495259284973 0.007775707170367241 0.01170832384377718
-0.00180331408046186 0.006730060093104839 0.01108332443982363
-0.0025875901337713 0.007622791454195976 0.003729170886799693
-0.002239620080217719 0.006597707979381084 0.003104171017184854
-0.002239620080217719 0.006597707979381084 0.002604170935228467
-0.0025875901337713 0.007622791454195976 0.001979164313524961
-0.0025875901337713 0.007622791454195976 0.001729164272546768
-0.002370873233303428 0.006984367500990629 0.001104164286516607
-0.002844739705324173 0.008380330167710781 0.01410000026226044
-0.002822701586410403 0.008315406739711761 0.01397915743291378
-0.002585454611107707 0.00761650362983346 0.0006041644955985248
-0.002777107292786241 0.008181091398000717 0.0137291569262743
-0.002417360665276647 0.007121314760297537 0.01310415752232075
-0.002239620080217719 0.006597707979381084 0.01260415744036436
-0.0025875901337713 0.007622791454195976 0.01197915710508823
-0.0025875901337713 0.007622791454195976 0.01172915659844875
-0.002239620080217719 0.006597707979381084 0.0111041571944952
-0.002239620080217719 0.006597707979381084 0.01060415711253881
-0.0025875901337713 0.007622791454195976 0.009979156777262688
-0.0025875901337713 0.007622791454195976 0.009729157201945782
-0.002239620080217719 0.006597707979381084 0.009104156866669655
-0.002239620080217719 0.006597707979381084 0.008604156784713268
-0.0025875901337713 0.007622791454195976 0.007979156449437141
-0.0025875901337713 0.007622791454195976 0.007729156874120235
-0.002239620080217719 0.006597707979381084 0.007104157004505396
-0.002239620080217719 0.006597707979381084 0.006604157853871584
-0.0025875901337713 0.007622791454195976 0.005979171022772789
-0.0025875901337713 0.007622791454195976 0.005729170981794596
-0.002239620080217719 0.006597707979381084 0.005104171112179756
-0.002239620080217719 0.006597707979381084 0.00460417103022337
-0.0025875901337713 0.007622791454195976 0.00397917116060853
-0.003080604365095496 0.007437234278768301 0.009749989956617355
-0.002666335785761476 0.006437103729695082 0.009124989621341228
-0.002666335785761476 0.006437103729695082 0.008624989539384842
-0.003080604365095496 0.007437234278768301 0.00799999013543129
-0.003080604365095496 0.007437234278768301 0.007749990094453096
-0.002666335785761476 0.006437103729695082 0.00712498975917697
-0.002666335785761476 0.006437103729695082 0.006624990608543158
-0.003080604365095496 0.007437234278768301 0.00600000424310565
-0.003080604365095496 0.007437234278768301 0.005750004667788744
-0.002666335785761476 0.006437103729695082 0.005125004332512617
-0.002666335785761476 0.006437103729695082 0.004625004716217518
-0.003080604365095496 0.007437234278768301 0.004000004380941391
-0.003080604365095496 0.007437234278768301 0.003750004572793841
-0.002666335785761476 0.006437103729695082 0.003125004470348358
-0.002666335785761476 0.006437103729695082 0.002625004388391972
-0.003080604365095496 0.007437234278768301 0.001999997533857822
-0.003080604365095496 0.007437234278768301 0.001749997609294951
-0.002811952261254191 0.00678865285590291 0.001124997506849468
-0.003386749653145671 0.008176334202289581 0.01410000026226044
-0.003365034935995936 0.008123910054564476 0.01399999018758535
-0.003067417768761516 0.007405400741845369 0.0006249977741390467
-0.003310754196718335 0.007992864586412907 0.01374999061226845
-0.002888585673645139 0.006973662413656712 0.01312499027699232
-0.002666335785761476 0.006437103729695082 0.01262499019503593
-0.003080604365095496 0.007437234278768301 0.01199998985975981
-0.003080604365095496 0.007437234278768301 0.0117499902844429
-0.002666335785761476 0.006437103729695082 0.01112498994916677
-0.002666335785761476 0.006437103729695082 0.01062498986721039
-0.003080604365095496 0.007437234278768301 0.009999989531934261
-0.00308163370937109 0.006248935125768185 0.002645837841555476
-0.003560427110642195 0.007219829596579075 0.002020830754190683
-0.003560427110642195 0.007219829596579075 0.001770830829627812
-0.003237628610804677 0.006565261166542768 0.001145830843597651
-0.003914255648851395 0.007937323302030563 0.01410000026226044
-0.003894387511536479 0.007897033356130123 0.01402082294225693
-0.003532883943989873 0.007163980510085821 0.0006458309944719076
-0.003831651760265231 0.007769818417727947 0.01377082336694002
-0.003909028135240078 0.007926721125841141 2.083432809740771e-05
-0.003386749187484384 0.008176333270967007 1.072883670794056e-09
-0.003350802231580019 0.006794755347073078 0.01314582303166389
-0.00308163370937109 0.006248935125768185 0.01264582294970751
-0.003560427110642195 0.007219829596579075 0.01202082354575396
-0.003560427110642195 0.007219829596579075 0.01177082303911448
-0.00308163370937109 0.006248935125768185 0.01114582270383835
-0.00308163370937109 0.006248935125768185 0.01064582262188196
-0.003560427110642195 0.007219829596579075 0.01002082321792841
-0.003560427110642195 0.007219829596579075 0.009770822711288929
-0.00308163370937109 0.006248935125768185 0.009145823307335377
-0.00308163370937109 0.006248935125768185 0.00864582322537899
-0.003560427110642195 0.007219829596579075 0.008020822890102863
-0.003560427110642195 0.007219829596579075 0.00777082284912467
-0.00308163370937109 0.006248935125768185 0.00714582297950983
-0.00308163370937109 0.006248935125768185 0.006645823828876019
-0.003560427110642195 0.007219829596579075 0.006020836997777224
-0.003560427110642195 0.007219829596579075 0.005770837888121605
-0.00308163370937109 0.006248935125768185 0.005145838018506765
-0.00308163370937109 0.006248935125768185 0.004645837936550379
-0.003560427110642195 0.007219829596579075 0.004020838066935539
-0.003560427110642195 0.007219829596579075 0.003770838025957346
-0.00308163370937109 0.006248935125768185 0.003145837923511863
-0.003483735723420978 0.006034007295966148 0.008666655980050564
-0.004025003407150507 0.006971508264541626 0.008041655644774437
-0.004025003407150507 0.006971508264541626 0.007791656069457531
-0.003483735723420978 0.006034007295966148 0.007166655734181404
-0.003483735723420978 0.006034007295966148 0.006666656583547592
-0.004025003407150507 0.006971508264541626 0.006041670218110085
-0.004025003407150507 0.006971508264541626 0.005791671574115753
-0.003483735723420978 0.006034007295966148 0.005166671704500914
-0.003483735723420978 0.006034007295966148 0.004666671622544527
-0.004025003407150507 0.006971508264541626 0.0040416712872684
-0.004025003407150507 0.006971508264541626 0.003791671479120851
-0.003483735723420978 0.006034007295966148 0.003166671376675367
-0.003483735723420978 0.006034007295966148 0.002666671294718981
-0.004025003407150507 0.006971508264541626 0.002041664207354188
-0.004025003407150507 0.006971508264541626 0.001791664049960673
-0.003646177938207984 0.006315364968031645 0.001166664063930511
-0.004425000865012407 0.007664324250072241 0.01410000026226044
-0.004408449865877628 0.007635656278580427 0.01404165755957365
-0.003979959525167942 0.006893492303788662 0.0006666642730124295
-0.00433752778917551 0.00751281576231122 0.0137916561216116
-0.004413180518895388 0.007643850054591894 4.166758299106732e-05
-0.003801933955401182 0.006585142575204372 0.01316665578633547
-0.003483735723420978 0.006034007295966148 0.01266665570437908
-0.004025003407150507 0.006971508264541626 0.01204165630042553
-0.004025003407150507 0.006971508264541626 0.01179165579378605
-0.003483735723420978 0.006034007295966148 0.0111666563898325
-0.003483735723420978 0.006034007295966148 0.01066665630787611
-0.004025003407150507 0.006971508264541626 0.01004165597259998
-0.004025003407150507 0.006971508264541626 0.009791656397283077
-0.003483735723420978 0.006034007295966148 0.00916665606200695
-0.004472344182431698 0.006693333853036165 0.001812497386708856
-0.004035962279886007 0.006040244828909636 0.001187497284263372
-0.004916797857731581 0.007358504924923182 0.01410000026226044
-0.004904973786324263 0.007340810261666775 0.0140624912455678
-0.004406840540468693 0.006595303304493427 0.0006874975515529513
-0.004826169461011887 0.007222870364785194 0.01381248887628317
-0.00489709572866559 0.007329019252210855 6.250083970371634e-05
-0.004239935427904129 0.006345512345433235 0.01318748947232962
-0.003870919812470675 0.005793241318315268 0.01268748939037323
-0.004472344182431698 0.006693333853036165 0.0120624890550971
-0.004472344182431698 0.006693333853036165 0.0118124894797802
-0.003870919812470675 0.005793241318315268 0.01118748914450407
-0.003870919812470675 0.005793241318315268 0.01068748906254768
-0.004472344182431698 0.006693333853036165 0.01006248872727156
-0.004472344182431698 0.006693333853036165 0.009812489151954651
-0.003870919812470675 0.005793241318315268 0.009187488816678524
-0.003870919812470675 0.005793241318315268 0.008687488734722137
-0.004472344182431698 0.006693333853036165 0.008062489330768585
-0.004472344182431698 0.006693333853036165 0.007812488824129105
-0.003870919812470675 0.005793241318315268 0.007187488954514265
-0.003870919812470675 0.005793241318315268 0.006687489803880453
-0.004472344182431698 0.006693333853036165 0.006062502972781658
-0.004472344182431698 0.006693333853036165 0.005812505260109901
-0.003870919812470675 0.005793241318315268 0.005187504924833775
-0.003870919812470675 0.005793241318315268 0.004687504842877388
-0.004472344182431698 0.006693333853036165 0.004062504973262548
-0.004472344182431698 0.006693333853036165 0.003812504932284355
-0.003870919812470675 0.005793241318315268 0.003187504829838872
-0.003870919812470675 0.005793241318315268 0.002687504980713129
-0.004472344182431698 0.006693333853036165 0.002062497660517693
-0.004900533705949783 0.006386497989296913 0.007833321578800678
-0.004241528455168009 0.005527667235583067 0.007208321709185839
-0.004241528455168009 0.005527667235583067 0.006708323024213314
-0.004900533705949783 0.006386497989296913 0.006083336193114519
-0.004900533705949783 0.006386497989296913 0.005833338480442762
-0.004241528455168009 0.005527667235583067 0.005208338610827923
-0.004241528455168009 0.005527667235583067 0.004708338528871536
-0.004900533705949783 0.006386497989296913 0.004083338659256697
-0.004900533705949783 0.006386497989296913 0.00383333838544786
-0.004241528455168009 0.005527667235583067 0.00320833851583302
-0.004241528455168009 0.005527667235583067 0.002708338433876634
-0.004900533705949783 0.006386497989296913 0.002083331113681197
-0.004900533705949783 0.006386497989296913 0.001833330607041717
-0.004405439365655184 0.005741280969232321 0.001208330621011555
-0.005387539509683847 0.007021175697445869 0.01410000026226044
-0.004811826627701521 0.006270893849432468 0.0007083307718858123
-0.005358756985515356 0.006983664818108082 8.333408914040774e-05
-0.004662806633859873 0.006076687946915627 0.01320832222700119
-0.00425642030313611 0.005547074601054192 0.0127083221450448
-0.004900533705949783 0.006386497989296913 0.01208332180976868
-0.004900533705949783 0.006386497989296913 0.01183332223445177
-0.004241528455168009 0.005527667235583067 0.01120832189917564
-0.004241528455168009 0.005527667235583067 0.01070832181721926
-0.004900533705949783 0.006386497989296913 0.01008332241326571
-0.004900533705949783 0.006386497989296913 0.009833321906626225
-0.004241528455168009 0.005527667235583067 0.009208321571350098
-0.004241528455168009 0.005527667235583067 0.008708322420716286
-0.004900533705949783 0.006386497989296913 0.008083322085440159
-0.005068597383797169 0.005779627710580826 0.01322915498167276
-0.004628443159162998 0.005277727264910936 0.01272915489971638
-0.005307738669216633 0.006052313838154078 0.01210415549576283
-0.005307738669216633 0.006052313838154078 0.01185415498912334
-0.004593973979353905 0.005238423123955727 0.01122915558516979
-0.004593973979353905 0.005238423123955727 0.01072915550321341
-0.005307738669216633 0.006052313838154078 0.01010415516793728
-0.005307738669216633 0.006052313838154078 0.009854154661297798
-0.004593973979353905 0.005238423123955727 0.009229155257344246
-0.004593973979353905 0.005238423123955727 0.008729155175387859
-0.005307738669216633 0.006052313838154078 0.008104154840111732
-0.005307738669216633 0.006052313838154078 0.007854155264794827
-0.004593973979353905 0.005238423123955727 0.0072291549295187
-0.004593973979353905 0.005238423123955727 0.006729155778884888
-0.005307738669216633 0.006052313838154078 0.00610416941344738
-0.005307738669216633 0.006052313838154078 0.005854172166436911
-0.004593973979353905 0.005238423123955727 0.005229171831160784
-0.004593973979353905 0.005238423123955727 0.004729171749204397
-0.005307738669216633 0.006052313838154078 0.004104171879589558
-0.005307738669216633 0.006052313838154078 0.003854171838611364
-0.004593973979353905 0.005238423123955727 0.003229171968996525
-0.004593973979353905 0.005238423123955727 0.002729171887040138
-0.005307738669216633 0.006052313838154078 0.002104164799675345
-0.005307738669216633 0.006052313838154078 0.001854163827374578
-0.004753165878355503 0.005419946275651455 0.001229163841344416
-0.005193320568650961 0.005921847186982632 0.0007291640504263341
-0.005796243436634541 0.006609346717596054 0.0001041673458530568
-0.004926747176796198 0.004926747176796198 0.006749988999217749
-0.005692214705049992 0.005692212376743555 0.006125002168118954
-0.005692214705049992 0.005692212376743555 0.005875005386769772
-0.004926747176796198 0.004926747176796198 0.005250005517154932
-0.004926747176796198 0.004926747176796198 0.004750005435198545
-0.005692214705049992 0.005692212376743555 0.004125005565583706
-0.005692214705049992 0.005692212376743555 0.003875005524605513
-0.004926747176796198 0.004926747176796198 0.003250005422160029
-0.004926747176796198 0.004926747176796198 0.002750005340203643
-0.005692214705049992 0.005692212376743555 0.00212499825283885
-0.005692214705049992 0.005692212376743555 0.00187499716412276
-0.005077802576124668 0.005077802576124668 0.001249997061677277
-0.0055498406291008 0.0055498406291008 0.0007499972707591951
-0.006257896311581135 0.006257893983274698 0.01410000026226044
-0.006167623214423656 0.006167620420455933 0.01387498807162046
-0.006207746919244528 0.006207744590938091 0.0001250006025657058
-0.005455419421195984 0.005455419421195984 0.01324998866766691
-0.004983380902558565 0.004983380902558565 0.01274998858571053
-0.005692214705049992 0.005692212376743555 0.0121249882504344
-0.005692214705049992 0.005692212376743555 0.01187498774379492
-0.004926747176796198 0.004926747176796198 0.01124998833984137
-0.004926747176796198 0.004926747176796198 0.01074998825788498
-0.005692214705049992 0.005692212376743555 0.01012498792260885
-0.005692214705049992 0.005692212376743555 0.009874988347291946
-0.004926747176796198 0.004926747176796198 0.00924998801201582
-0.004926747176796198 0.004926747176796198 0.008749987930059433
-0.005692214705049992 0.005692212376743555 0.008124987594783306
-0.005692214705049992 0.005692212376743555 0.0078749880194664
-0.004926747176796198 0.004926747176796198 0.007249988149851561
-0.005319551099091768 0.004665121901780367 0.0127708213403821
-0.006052316166460514 0.005307736340910196 0.01214582100510597
-0.006052316166460514 0.005307736340910196 0.01189582142978907
-0.005238423123955727 0.004593973979353905 0.01127082109451294
-0.005238423123955727 0.004593973979353905 0.01077082101255655
-0.006052316166460514 0.005307736340910196 0.01014582067728043
-0.006052316166460514 0.005307736340910196 0.00989582110196352
-0.005238423123955727 0.004593973979353905 0.009270820766687393
-0.005238423123955727 0.004593973979353905 0.008770820684731007
-0.006052316166460514 0.005307736340910196 0.008145821280777454
-0.006052316166460514 0.005307736340910196 0.007895820774137974
-0.005238423123955727 0.004593973979353905 0.007270820904523134
-0.005238423123955727 0.004593973979353905 0.006770821753889322
-0.006052316166460514 0.005307736340910196 0.006145835388451815
-0.006052316166460514 0.005307736340910196 0.00589583907276392
-0.005238423123955727 0.004593973979353905 0.00527083920314908
-0.005238423123955727 0.004593973979353905 0.004770839121192694
-0.006052316166460514 0.005307736340910196 0.004145838785916567
-0.006052316166460514 0.005307736340910196 0.003895838977769017
-0.005238423123955727 0.004593973979353905 0.003270838875323534
-0.005238423123955727 0.004593973979353905 0.002770838793367147
-0.006052316166460514 0.005307736340910196 0.002145831706002355
-0.006052316166460514 0.005307736340910196 0.001895830384455621
-0.005378121975809336 0.004716486670076847 0.001270830282010138
-0.005880021955817938 0.005156641360372305 0.0007708305492997169
-0.006653783842921257 0.00583520857617259 0.01410000026226044
-0.006566686555743217 0.005758826620876789 0.01389582082629204
-0.006591575685888529 0.005780653096735477 0.0001458338520023972
-0.005821452010422945 0.005105277057737112 0.01327082142233849
-0.00638650031760335 0.004900531843304634 0.005916672293096781
-0.005527667701244354 0.004241528455168009 0.005291672423481941
-0.005527667701244354 0.004241528455168009 0.004791672341525555
-0.00638650031760335 0.004900531843304634 0.004166672471910715
-0.00638650031760335 0.004900531843304634 0.003916672430932522
-0.005527667701244354 0.004241528455168009 0.003291672328487039
-0.005527667701244354 0.004241528455168009 0.002791672246530652
-0.00638650031760335 0.004900531843304634 0.002166665159165859
-0.00638650031760335 0.004900531843304634 0.001916663604788482
-0.00565301300957799 0.004337708931416273 0.001291663618758321
-0.006182625889778137 0.004744095727801323 0.0007916638278402388
-0.007021177560091019 0.005387536715716124 0.01410000026226044
-0.006938649341464043 0.00532421050593257 0.01391665451228619
-0.006946156267076731 0.005329971201717854 0.0001666671159910038
-0.006164955906569958 0.004730536602437496 0.01329165417701006
-0.00563534302636981 0.004324150271713734 0.01279165409505367
-0.00638650031760335 0.004900531843304634 0.01216665375977755
-0.00638650031760335 0.004900531843304634 0.01191665418446064
-0.005527667701244354 0.004241528455168009 0.01129165384918451
-0.005527667701244354 0.004241528455168009 0.01079165376722813
-0.00638650031760335 0.004900531843304634 0.01016665436327457
-0.00638650031760335 0.004900531843304634 0.009916653856635094
-0.005527667701244354 0.004241528455168009 0.009291654452681541
-0.005527667701244354 0.004241528455168009 0.008791654370725155
-0.00638650031760335 0.004900531843304634 0.008166654035449028
-0.00638650031760335 0.004900531843304634 0.007916654460132122
-0.005527667701244354 0.004241528455168009 0.007291654124855995
-0.005527667701244354 0.004241528455168009 0.006791654974222183
-0.00638650031760335 0.004900531843304634 0.006166668143123388
-0.006693336647003889 0.004472342785447836 0.01193748693913221
-0.005793241783976555 0.003870920045301318 0.01131248753517866
-0.005793241783976555 0.003870920045301318 0.01081248745322227
-0.006693336647003889 0.004472342785447836 0.01018748711794615
-0.006693336647003889 0.004472342785447836 0.009937487542629242
-0.005793241783976555 0.003870920045301318 0.009312487207353115
-0.005793241783976555 0.003870920045301318 0.008812487125396729
-0.006693336647003889 0.004472342785447836 0.008187486790120602
-0.006693336647003889 0.004472342785447836 0.007937487214803696
-0.005793241783976555 0.003870920045301318 0.007312486879527569
-0.005793241783976555 0.003870920045301318 0.006812487728893757
-0.006693336647003889 0.004472342785447836 0.006187501363456249
-0.006693336647003889 0.004472342785447836 0.005937505979090929
-0.005793241783976555 0.003870920045301318 0.005312506109476089
-0.005793241783976555 0.003870920045301318 0.004812506027519703
-0.006693336647003889 0.004472342785447836 0.004187505692243576
-0.006693336647003889 0.004472342785447836 0.00393750611692667
-0.005793241783976555 0.003870920045301318 0.003312505781650543
-0.005793241783976555 0.003870920045301318 0.0028125059325248
-0.006693336647003889 0.004472342785447836 0.002187498612329364
-0.006693336647003889 0.004472342785447836 0.001937496825121343
-0.005901481956243515 0.003943243995308876 0.001312496839091182
-0.006456539500504732 0.004314121790230274 0.0008124970481730998
-0.007358507253229618 0.004916795063763857 0.01410000026226044
-0.007281841244548559 0.004865569062530994 0.01393748726695776
-0.007270053029060364 0.004857691936194897 0.0001875003654276952
-0.006484275218099356 0.004332654178142548 0.01331248693168163
-0.005929216742515564 0.003961775917559862 0.01281248684972525
-0.006693336647003889 0.004472342785447836 0.01218748744577169
-0.00603400869295001 0.003483735956251621 0.004833339247852564
-0.00697151105850935 0.004025002010166645 0.004208339378237724
-0.00697151105850935 0.004025002010166645 0.003958339337259531
-0.00603400869295001 0.003483735956251621 0.003333339467644691
-0.00603400869295001 0.003483735956251621 0.002833339385688305
-0.00697151105850935 0.004025002010166645 0.002208332065492868
-0.00697151105850935 0.004025002010166645 0.001958330161869526
-0.006122658494859934 0.003534917952492833 0.001333330059424043
-0.006700784899294376 0.003868699306622148 0.0008333303267136216
-0.007664325181394815 0.004424998536705971 0.01410000026226044
-0.007594709284603596 0.004384805914014578 0.01395832002162933
-0.007561959326267242 0.00436589727178216 0.0002083336148643866
-0.006777849514037371 0.003913192544132471 0.01333332061767578
-0.006199723109602928 0.003579411190003157 0.01283332053571939
-0.00697151105850935 0.004025002010166645 0.01220832020044327
-0.00697151105850935 0.004025002010166645 0.01195832062512636
-0.00603400869295001 0.003483735956251621 0.01133332028985023
-0.00603400869295001 0.003483735956251621 0.01083332020789385
-0.00697151105850935 0.004025002010166645 0.01020831987261772
-0.00697151105850935 0.004025002010166645 0.009958320297300816
-0.00603400869295001 0.003483735956251621 0.009333319962024689
-0.00603400869295001 0.003483735956251621 0.008833319880068302
-0.00697151105850935 0.004025002010166645 0.00820832047611475
-0.00697151105850935 0.004025002010166645 0.007958319969475269
-0.00603400869295001 0.003483735956251621 0.00733332009986043
-0.00603400869295001 0.003483735956251621 0.006833320949226618
-0.00697151105850935 0.004025002010166645 0.006208334118127823
-0.00697151105850935 0.004025002010166645 0.005958339665085077
-0.00603400869295001 0.003483735956251621 0.00533333932980895
-0.006248936988413334 0.003081633942201734 0.01085415296256542
-0.007219832856208086 0.003560425713658333 0.01022915355861187
-0.007219832856208086 0.003560425713658333 0.009979153051972389
-0.006248936988413334 0.003081633942201734 0.009354152716696262
-0.006248936988413334 0.003081633942201734 0.008854152634739876
-0.007219832856208086 0.003560425713658333 0.008229153230786324
-0.007219832856208086 0.003560425713658333 0.007979152724146843
-0.006248936988413334 0.003081633942201734 0.007354152854532003
-0.006248936988413334 0.003081633942201734 0.006854154169559479
-0.007219832856208086 0.003560425713658333 0.006229167338460684
-0.007219832856208086 0.003560425713658333 0.005979172885417938
-0.006248936988413334 0.003081633942201734 0.005354173015803099
-0.006248936988413334 0.003081633942201734 0.004854172933846712
-0.007219832856208086 0.003560425713658333 0.004229173064231873
-0.007219832856208086 0.003560425713658333 0.003979173023253679
-0.006248936988413334 0.003081633942201734 0.003354172920808196
-0.006248936988413334 0.003081633942201734 0.00285417283885181
-0.007219832856208086 0.003560425713658333 0.002229165751487017
-0.007219832856208086 0.003560425713658333 0.001979163382202387
-0.006315798033028841 0.003114606020972133 0.001354163396172225
-0.006914516910910606 0.003409861586987972 0.0008541635470464826
-0.007937324233353138 0.003914252854883671 0.01410000026226044
-0.007875830866396427 0.003883927827700973 0.01397915370762348
-0.007820711471140385 0.003856746014207602 0.0002291668788529932
-0.00704421941190958 0.003473823424428701 0.01335415337234735
-0.006445500534027815 0.003178568324074149 0.01285415329039097
-0.007219832856208086 0.003560425713658333 0.01222915295511484
-0.007219832856208086 0.003560425713658333 0.01197915337979794
-0.006248936988413334 0.003081633942201734 0.01135415304452181
-0.007437237538397312 0.003080602735280991 0.00400000624358654
-0.006437106058001518 0.002666336018592119 0.003375006373971701
-0.006437106058001518 0.002666336018592119 0.002875006292015314
-0.007437237538397312 0.003080602735280991 0.002249999204650521
-0.007437237538397312 0.003080602735280991 0.001999996602535248
-0.006480282172560692 0.00268422020599246 0.001374996616505086
-0.007097029592841864 0.002939685247838497 0.0008749968255870044
-0.008176334202289581 0.00338674639351666 0.01410000026226044
-0.008123908191919327 0.003365031210705638 0.01399998646229506
-0.008045288734138012 0.003332465654239058 0.0002500001282896847
-0.00728203309699893 0.003016316331923008 0.01337498612701893
-0.006665285211056471 0.002760851057246327 0.01287498604506254
-0.007437237538397312 0.003080602735280991 0.01224998664110899
-0.007437237538397312 0.003080602735280991 0.01199998613446951
-0.006437106058001518 0.002666336018592119 0.01137498579919338
-0.006437106058001518 0.002666336018592119 0.01087498664855957
-0.007437237538397312 0.003080602735280991 0.01024998631328344
-0.007437237538397312 0.003080602735280991 0.009999985806643963
-0.006437106058001518 0.002666336018592119 0.009374986402690411
-0.006437106058001518 0.002666336018592119 0.008874986320734024
-0.007437237538397312 0.003080602735280991 0.008249985985457897
-0.007437237538397312 0.003080602735280991 0.007999986410140991
-0.006437106058001518 0.002666336018592119 0.007374986074864864
-0.006437106058001518 0.002666336018592119 0.006874986924231052
-0.007437237538397312 0.003080602735280991 0.006250000093132257
-0.007437237538397312 0.003080602735280991 0.006000006105750799
-0.006437106058001518 0.002666336018592119 0.00537500623613596
-0.006437106058001518 0.002666336018592119 0.00487500661984086
-0.007437237538397312 0.003080602735280991 0.004250006284564734
-0.007622795179486275 0.002587588271126151 0.01002081949263811
-0.006597710307687521 0.002239620313048363 0.009395819157361984
-0.006597710307687521 0.002239620313048363 0.008895819075405598
-0.007622795179486275 0.002587588271126151 0.008270818740129471
-0.007622795179486275 0.002587588271126151 0.008020819164812565
-0.006597710307687521 0.002239620313048363 0.007395818829536438
-0.006597710307687521 0.002239620313048363 0.006895820144563913
-0.007622795179486275 0.002587588271126151 0.006270833313465118
-0.007622795179486275 0.002587588271126151 0.006020838860422373
-0.006597710307687521 0.002239620313048363 0.005395839922130108
-0.006597710307687521 0.002239620313048363 0.004895839840173721
-0.007622795179486275 0.002587588271126151 0.004270839970558882
-0.007622795179486275 0.002587588271126151 0.004020839929580688
-0.006597710307687521 0.002239620313048363 0.003395839827135205
-0.006597710307687521 0.002239620313048363 0.002895839745178819
-0.007622795179486275 0.002587588271126151 0.002270832657814026
-0.007622795179486275 0.002587588271126151 0.002020829822868109
-0.006615624763071537 0.002245701383799314 0.001395829836837947
-0.007247759494930506 0.002460282295942307 0.0008958301041275263
-0.008380331099033356 0.002844737144187093 0.01410000026226044
-0.008337791077792645 0.002830296754837036 0.01402081921696663
-0.008234824053943157 0.002795343985781074 0.0002708333777263761
-0.007490057032555342 0.002542530884966254 0.0133958188816905
-0.008369138464331627 0.002840937580913305 2.083480467263144e-05
-0.008176333270967007 0.003386746160686016 1.549720796134579e-09
-0.006857920903712511 0.002327949972823262 0.01289581973105669
-0.007622795179486275 0.002587588271126151 0.01227081939578056
-0.007622795179486275 0.002587588271126151 0.01202081888914108
-0.006597710307687521 0.002239620313048363 0.01139581948518753
-0.006597710307687521 0.002239620313048363 0.01089581940323114
-0.007622795179486275 0.002587588271126151 0.01027081906795502
-0.007775710429996252 0.002083493396639824 0.00229166611097753
-0.007775710429996252 0.002083493396639824 0.002041663276031613
-0.006730062421411276 0.001803314313292503 0.00141666317358613
-0.007366285659372807 0.001973789650946856 0.0009166633244603872
-0.008548444136977196 0.002290546195581555 0.01410000026226044
-0.008516467176377773 0.00228197849355638 0.01404165290296078
-0.008388598449528217 0.002247716067358851 0.0002916666271630675
-0.007667176425457001 0.002054413082078099 0.01341665256768465
-0.00852560717612505 0.002284427406266332 4.166805956629105e-05
-0.007022360805422068 0.001881635282188654 0.01291665248572826
-0.007775710429996252 0.002083493396639824 0.01229165215045214
-0.007775710429996252 0.002083493396639824 0.01204165257513523
-0.006730062421411276 0.001803314313292503 0.0114166522398591
-0.006730062421411276 0.001803314313292503 0.01091665215790272
-0.007775710429996252 0.002083493396639824 0.01029165182262659
-0.007775710429996252 0.002083493396639824 0.01004165224730968
-0.006730062421411276 0.001803314313292503 0.009416651912033558
-0.006730062421411276 0.001803314313292503 0.008916651830077171
-0.007775710429996252 0.002083493396639824 0.008291652426123619
-0.007775710429996252 0.002083493396639824 0.008041651919484138
-0.006730062421411276 0.001803314313292503 0.007416652049869299
-0.006730062421411276 0.001803314313292503 0.006916652899235487
-0.007775710429996252 0.002083493396639824 0.006291666533797979
-0.007775710429996252 0.002083493396639824 0.006041672080755234
-0.006730062421411276 0.001803314313292503 0.005416673608124256
-0.006730062421411276 0.001803314313292503 0.00491667352616787
-0.007775710429996252 0.002083493396639824 0.004291673190891743
-0.007775710429996252 0.002083493396639824 0.004041673149913549
-0.006730062421411276 0.001803314313292503 0.00341667328029871
-0.006730062421411276 0.001803314313292503 0.002916673431172967
-0.007895329035818577 0.001570476568304002 0.008312485180795193
-0.007895329035818577 0.001570476568304002 0.008062484674155712
-0.006833595223724842 0.001359286135993898 0.00743748527020216
-0.006833595223724842 0.001359286135993898 0.006937486119568348
-0.007895329035818577 0.001570476568304002 0.006312499288469553
-0.007895329035818577 0.001570476568304002 0.006062504835426807
-0.006833595223724842 0.001359286135993898 0.005437506828457117
-0.006833595223724842 0.001359286135993898 0.004937506746500731
-0.007895329035818577 0.001570476568304002 0.004312506876885891
-0.007895329035818577 0.001570476568304002 0.004062506835907698
-0.006833595223724842 0.001359286135993898 0.003437506733462214
-0.006833595223724842 0.001359286135993898 0.002937506884336472
-0.007895329035818577 0.001570476568304002 0.002312499564141035
-0.007895329035818577 0.001570476568304002 0.002062496729195118
-0.006833595223724842 0.001359286135993898 0.001437496393918991
-0.007452324964106083 0.001482359133660793 0.0009374966030009091
-0.0086799506098032 0.001726547256112099 0.01410000026226044
-0.008659075945615768 0.001722395187243819 0.0140624875202775
-0.008506054058670998 0.001691957120783627 0.0003124999057035893
-0.007812405936419964 0.001553983660414815 0.01343748532235622
-0.008645170368254185 0.001719629042781889 6.250131264096126e-05
-0.007157669868320227 0.001423748559318483 0.01293748524039984
-0.007895329035818577 0.001570476568304002 0.01231248490512371
-0.007895329035818577 0.001570476568304002 0.0120624853298068
-0.006833595223724842 0.001359286135993898 0.01143748499453068
-0.006833595223724842 0.001359286135993898 0.01093748491257429
-0.007895329035818577 0.001570476568304002 0.01031248550862074
-0.007895329035818577 0.001570476568304002 0.01006248500198126
-0.006833595223724842 0.001359286135993898 0.009437485598027706
-0.006833595223724842 0.001359286135993898 0.00893748551607132
-0.006907865405082703 0.0009094373672269285 0.001458329614251852
-0.007505742833018303 0.0009881493169814348 0.00095832982333377
-0.008774287067353725 0.00115515454672277 0.01410000026226044
-0.008586781099438667 0.001130469026975334 0.0003333331551402807
-0.00872740987688303 0.001148983021266758 8.333456935361028e-05
-0.007263039238750935 0.000956196803599596 0.01295831799507141
-0.007981139235198498 0.001050734776072204 0.01233331859111786
-0.007981139235198498 0.001050734776072204 0.01208331808447838
-0.006907865405082703 0.0009094373672269285 0.01145831868052483
-0.006907865405082703 0.0009094373672269285 0.01095831859856844
-0.007981139235198498 0.001050734776072204 0.01033331826329231
-0.007981139235198498 0.001050734776072204 0.01008331868797541
-0.006907865405082703 0.0009094373672269285 0.00945831835269928
-0.006907865405082703 0.0009094373672269285 0.008958318270742893
-0.007981139235198498 0.001050734776072204 0.008333317935466766
-0.007981139235198498 0.001050734776072204 0.00808331836014986
-0.006907865405082703 0.0009094373672269285 0.007458318024873734
-0.006907865405082703 0.0009094373672269285 0.006958318874239922
-0.007981139235198498 0.001050734776072204 0.006333332508802414
-0.007981139235198498 0.001050734776072204 0.006083338055759668
-0.006907865405082703 0.0009094373672269285 0.005458340514451265
-0.006907865405082703 0.0009094373672269285 0.004958340432494879
-0.007981139235198498 0.001050734776072204 0.004333340562880039
-0.007981139235198498 0.001050734776072204 0.004083340521901846
-0.006907865405082703 0.0009094373672269285 0.003458340419456363
-0.006907865405082703 0.0009094373672269285 0.002958340337499976
-0.007981139235198498 0.001050734776072204 0.00233333301730454
-0.007981139235198498 0.001050734776072204 0.002083330182358623
-0.008032772690057755 0.0005264935898594558 0.008104151114821434
-0.006952555384486914 0.0004556941275950521 0.007479151245206594
-0.006952555384486914 0.0004556941275950521 0.006979152094572783
-0.008032772690057755 0.0005264935898594558 0.006354165263473988
-0.008032772690057755 0.0005264935898594558 0.006104171276092529
-0.006952555384486914 0.0004556941275950521 0.005479173734784126
-0.006952555384486914 0.0004556941275950521 0.004979174118489027
-0.008032772690057755 0.0005264935898594558 0.0043541737832129
-0.008032772690057755 0.0005264935898594558 0.004104173742234707
-0.006952555384486914 0.0004556941275950521 0.003479173872619867
-0.006952555384486914 0.0004556941275950521 0.002979173790663481
-0.008032772690057755 0.0005264935898594558 0.002354166703298688
-0.008032772690057755 0.0005264935898594558 0.002104163635522127
-0.006952555384486914 0.0004556941275950521 0.001479162834584713
-0.007526544388383627 0.0004933153395541012 0.0009791631018742919
-0.008630538359284401 0.000565672991797328 0.0003541664045769721
-0.007337781600654125 0.0004809431557077914 0.01297915168106556
-0.008772075176239014 0.0005749498377554119 0.0001041678260662593
-0.008032772690057755 0.0005264935898594558 0.01235415134578943
-0.008032772690057755 0.0005264935898594558 0.01210415177047253
-0.006952555384486914 0.0004556941275950521 0.0114791514351964
-0.006952555384486914 0.0004556941275950521 0.01097915135324001
-0.008032772690057755 0.0005264935898594558 0.01035415101796389
-0.008032772690057755 0.0005264935898594558 0.01010415144264698
-0.006952555384486914 0.0004556941275950521 0.009479151107370853
-0.006952555384486914 0.0004556941275950521 0.008979151025414467
-0.008032772690057755 0.0005264935898594558 0.008354151621460915
-0.008849999867379665 -2.296688395020396e-09 0.01410000026226044
-0.008048903197050095 -5.16419629281728e-10 0.01349998451769352
-0.008637236431241035 -2.302295687428568e-09 0.0003749996540136635
-0.008779077790677547 -2.340104332532178e-09 0.0001250010827789083
-0.007381340954452753 -4.735886682816215e-10 0.01299998443573713
-0.008050007745623589 -2.145767341588112e-09 0.01237498410046101
-0.008050007745623589 -2.145767341588112e-09 0.0121249845251441
-0.006967473309487104 -4.470348535789981e-10 0.01149998418986797
-0.006967473309487104 -4.470348535789981e-10 0.01099998410791159
-0.008050007745623589 -2.145767341588112e-09 0.01037498470395803
-0.008050007745623589 -2.145767341588112e-09 0.01012498419731855
-0.006967473309487104 -4.470348535789981e-10 0.009499983862042427
-0.006967473309487104 -4.470348535789981e-10 0.00899998378008604
-0.008050007745623589 -2.145767341588112e-09 0.008374984376132488
-0.008050007745623589 -2.145767341588112e-09 0.008124983869493008
-0.006967473309487104 -4.470348535789981e-10 0.007499983999878168
-0.006967473309487104 -4.470348535789981e-10 0.006999984849244356
-0.008050007745623589 -2.145767341588112e-09 0.006374998483806849
-0.008050007745623589 -2.145767341588112e-09 0.006125004030764103
-0.006967473309487104 -4.470348535789981e-10 0.005500007420778275
-0.006967473309487104 -4.470348535789981e-10 0.005000007338821888
-0.008050007745623589 -2.145767341588112e-09 0.004375007469207048
-0.008050007745623589 -2.145767341588112e-09 0.004125007428228855
-0.006967473309487104 -4.470348535789981e-10 0.003500007325783372
-0.006967473309487104 -4.470348535789981e-10 0.003000007243826985
-0.008050007745623589 -2.145767341588112e-09 0.002375000156462193
-0.008050007745623589 -2.145767341588112e-09 0.002124997321516275
-0.006967473309487104 -4.470348535789981e-10 0.001499996171332896
-0.007514879107475281 -4.8215653691841e-10 0.0009999963222071528
-0.008032772690057755 -0.0005264978972263634 0.006395831238478422
-0.008032772690057755 -0.0005264978972263634 0.006145837251096964
-0.006952555384486914 -0.0004556950298137963 0.005520841106772423
-0.006952555384486914 -0.0004556950298137963 0.005020841024816036
-0.008032772690057755 -0.0005264978972263634 0.004395840689539909
-0.008032772690057755 -0.0005264978972263634 0.004145840648561716
-0.006952555384486914 -0.0004556950298137963 0.003520840778946877
-0.006952555384486914 -0.0004556950298137963 0.00302084069699049
-0.008032772690057755 -0.0005264978972263634 0.002395833609625697
-0.008032772690057755 -0.0005264978972263634 0.00214583077467978
-0.006952555384486914 -0.0004556950298137963 0.001520829391665757
-0.007471033837646246 -0.0004896779428236187 0.001020829658955336
-0.008606947958469391 -0.0005641315947286785 0.0003958329034503549
-0.008831051178276539 -0.0005788199487142265 0.01410000026226044
-0.0080594252794981 -0.0005282431957311928 0.01352081727236509
-0.008748485706746578 -0.0005734084988944232 0.0001458343322155997
-0.007393292151391506 -0.0004845824732910842 0.01302081719040871
-0.008032772690057755 -0.0005264978972263634 0.01239581778645515
-0.008032772690057755 -0.0005264978972263634 0.01214581727981567
-0.006952555384486914 -0.0004556950298137963 0.01152081694453955
-0.006952555384486914 -0.0004556950298137963 0.01102081686258316
-0.008032772690057755 -0.0005264978972263634 0.01039581745862961
-0.008032772690057755 -0.0005264978972263634 0.01014581695199013
-0.006952555384486914 -0.0004556950298137963 0.009520817548036575
-0.006952555384486914 -0.0004556950298137963 0.009020817466080189
-0.008032772690057755 -0.0005264978972263634 0.008395817130804062
-0.008032772690057755 -0.0005264978972263634 0.008145817555487156
-0.006952555384486914 -0.0004556950298137963 0.007520817220211029
-0.006952555384486914 -0.0004556950298137963 0.007020818069577217
-0.007981139235198498 -0.001050739083439112 0.01241665054112673
-0.007981139235198498 -0.001050739083439112 0.01216665003448725
-0.00690786587074399 -0.0009094382985495031 0.0115416506305337
-0.00690786587074399 -0.0009094382985495031 0.01104165054857731
-0.007981139235198498 -0.001050739083439112 0.01041665021330118
-0.007981139235198498 -0.001050739083439112 0.01016665063798428
-0.00690786587074399 -0.0009094382985495031 0.009541650302708149
-0.00690786587074399 -0.0009094382985495031 0.009041650220751762
-0.007981139235198498 -0.001050739083439112 0.008416649885475636
-0.007981139235198498 -0.001050739083439112 0.00816665031015873
-0.00690786587074399 -0.0009094382985495031 0.007541649974882603
-0.00690786587074399 -0.0009094382985495031 0.007041651289910078
-0.007981139235198498 -0.001050739083439112 0.006416664458811283
-0.007981139235198498 -0.001050739083439112 0.006166670005768538
-0.00690786587074399 -0.0009094382985495031 0.005541674327105284
-0.00690786587074399 -0.0009094382985495031 0.005041674245148897
-0.007981139235198498 -0.001050739083439112 0.004416674375534058
-0.007981139235198498 -0.001050739083439112 0.004166674334555864
-0.00690786587074399 -0.0009094382985495031 0.003541674232110381
-0.00690786587074399 -0.0009094382985495031 0.003041674382984638
-0.007981139235198498 -0.001050739083439112 0.002416667062789202
-0.007981139235198498 -0.001050739083439112 0.002166664227843285
-0.00690786587074399 -0.0009094382985495031 0.001541662611998618
-0.007395434658974409 -0.0009736279607750475 0.001041662879288197
-0.008539905771613121 -0.001124302158132195 0.0004166661819908768
-0.008774287067353725 -0.001155159086920321 0.01410000026226044
-0.008035197854042053 -0.001057854504324496 0.01354165002703667
-0.008680532686412334 -0.00114281615242362 0.0001666675816522911
-0.007373346015810966 -0.0009707199642434716 0.01304165087640285
-0.006833595689386129 -0.001359287183731794 0.005562508013099432
-0.006833595689386129 -0.001359287183731794 0.005062507931143045
-0.007895329035818577 -0.00157048087567091 0.004437508061528206
-0.007895329035818577 -0.00157048087567091 0.004187508020550013
-0.006833595689386129 -0.001359287183731794 0.003562507685273886
-0.006833595689386129 -0.001359287183731794 0.003062507836148143
-0.007895329035818577 -0.00157048087567091 0.002437500515952706
-0.007895329035818577 -0.00157048087567091 0.002187497681006789
-0.006833595689386129 -0.001359287183731794 0.0015624959487468
-0.007288641761988401 -0.00144980160985142 0.001062496099621058
-0.008436494506895542 -0.001678125467151403 0.0004374994314275682
-0.008679949678480625 -0.001726551447063684 0.01410000026226044
-0.007976087741553783 -0.001586543046869338 0.01356248371303082
-0.008575611747801304 -0.001705797505564988 0.0001875008456408978
-0.007321351207792759 -0.001456307945773005 0.01306248363107443
-0.007895329035818577 -0.00157048087567091 0.0124374832957983
-0.007895329035818577 -0.00157048087567091 0.0121874837204814
-0.006833595689386129 -0.001359287183731794 0.01156248338520527
-0.006833595689386129 -0.001359287183731794 0.01106248330324888
-0.007895329035818577 -0.00157048087567091 0.01043748296797276
-0.007895329035818577 -0.00157048087567091 0.01018748339265585
-0.006833595689386129 -0.001359287183731794 0.009562483057379723
-0.006833595689386129 -0.001359287183731794 0.009062482975423336
-0.007895329035818577 -0.00157048087567091 0.008437483571469784
-0.007895329035818577 -0.00157048087567091 0.008187483064830303
-0.006833595689386129 -0.001359287183731794 0.007562483195215464
-0.006833595689386129 -0.001359287183731794 0.007062484044581652
-0.007895329035818577 -0.00157048087567091 0.006437497213482857
-0.007895329035818577 -0.00157048087567091 0.006187503226101398
-0.006730062887072563 -0.001803315477445722 0.01158331613987684
-0.006730062887072563 -0.001803315477445722 0.01108331605792046
-0.007775710429996252 -0.00208349758759141 0.0104583166539669
-0.007775710429996252 -0.00208349758759141 0.01020831614732742
-0.006730062887072563 -0.001803315477445722 0.009583316743373871
-0.006730062887072563 -0.001803315477445722 0.009083316661417484
-0.007775710429996252 -0.00208349758759141 0.008458316326141357
-0.007775710429996252 -0.00208349758759141 0.008208315819501877
-0.006730062887072563 -0.001803315477445722 0.007583316415548325
-0.006730062887072563 -0.001803315477445722 0.007083317264914513
-0.007775710429996252 -0.00208349758759141 0.006458330433815718
-0.007775710429996252 -0.00208349758759141 0.006208335980772972
-0.006730062887072563 -0.001803315477445722 0.005583341233432293
-0.006730062887072563 -0.001803315477445722 0.005083341151475906
-0.007775710429996252 -0.00208349758759141 0.004458341281861067
-0.007775710429996252 -0.00208349758759141 0.004208341240882874
-0.006730062887072563 -0.001803315477445722 0.003583341371268034
-0.006730062887072563 -0.001803315477445722 0.003083341289311647
-0.007775710429996252 -0.00208349758759141 0.002458334201946855
-0.007775710429996252 -0.00208349758759141 0.002208331134170294
-0.006730062887072563 -0.001803315477445722 0.001583329169079661
-0.007151347585022449 -0.001916198409162462 0.001083329319953918
-0.008297259919345379 -0.002223246498033404 0.0004583326808642596
-0.008548443205654621 -0.002290550619363785 0.01410000026226044
-0.007882111705839634 -0.00211200607009232 0.01358331646770239
-0.008434268645942211 -0.002259957836940885 0.0002083340950775892
-0.007237296085804701 -0.001939228270202875 0.013083316385746
-0.007775710429996252 -0.00208349758759141 0.01245831605046988
-0.007775710429996252 -0.00208349758759141 0.01220831647515297
-0.007622795179486275 -0.002587592694908381 0.004479174967855215
-0.007622795179486275 -0.002587592694908381 0.004229174926877022
-0.006597710773348808 -0.002239621710032225 0.003604174824431539
-0.006597710773348808 -0.002239621710032225 0.003104174742475152
-0.007622795179486275 -0.002587592694908381 0.002479167655110359
-0.007622795179486275 -0.002587592694908381 0.002229164820164442
-0.006597710773348808 -0.002239621710032225 0.001604162389412522
-0.00698437262326479 -0.002370875794440508 0.001104162656702101
-0.008122894912958145 -0.002757353940978646 0.000479165930300951
-0.008380330167710781 -0.002844741567969322 0.01410000026226044
-0.007753442507237196 -0.002631939714774489 0.01360414922237396
-0.00825720839202404 -0.002802947070449591 0.0002291673590661958
-0.007121308241039515 -0.002417359035462141 0.01310414914041758
-0.007622795179486275 -0.002587592694908381 0.01247914973646402
-0.007622795179486275 -0.002587592694908381 0.01222914922982454
-0.006597710773348808 -0.002239621710032225 0.01160414982587099
-0.006597710773348808 -0.002239621710032225 0.0111041497439146
-0.007622795179486275 -0.002587592694908381 0.01047914940863848
-0.007622795179486275 -0.002587592694908381 0.010229148901999
-0.006597710773348808 -0.002239621710032225 0.009604149498045444
-0.006597710773348808 -0.002239621710032225 0.009104149416089058
-0.007622795179486275 -0.002587592694908381 0.008479149080812931
-0.007622795179486275 -0.002587592694908381 0.008229149505496025
-0.006597710773348808 -0.002239621710032225 0.007604149170219898
-0.006597710773348808 -0.002239621710032225 0.007104150019586086
-0.007622795179486275 -0.002587592694908381 0.006479163654148579
-0.007622795179486275 -0.002587592694908381 0.006229169201105833
-0.006597710773348808 -0.002239621710032225 0.005604174919426441
-0.006597710773348808 -0.002239621710032225 0.005104174837470055
-0.007437237538397312 -0.003080607391893864 0.01049998216331005
-0.007437237538397312 -0.003080607391893864 0.01024998258799314
-0.006437106523662806 -0.002666337648406625 0.009624982252717018
-0.006437106523662806 -0.002666337648406625 0.009124982170760632
-0.007437237538397312 -0.003080607391893864 0.008499981835484505
-0.007437237538397312 -0.003080607391893864 0.008249982260167599
-0.006437106523662806 -0.002666337648406625 0.007624982390552759
-0.006437106523662806 -0.002666337648406625 0.007124983239918947
-0.007437237538397312 -0.003080607391893864 0.006499996408820152
-0.007437237538397312 -0.003080607391893864 0.006250002421438694
-0.006437106523662806 -0.002666337648406625 0.005625008605420589
-0.006437106523662806 -0.002666337648406625 0.005125008523464203
-0.007437237538397312 -0.003080607391893864 0.004500008188188076
-0.007437237538397312 -0.003080607391893864 0.004250008147209883
-0.006437106523662806 -0.002666337648406625 0.003625008277595043
-0.006437106523662806 -0.002666337648406625 0.003125008195638657
-0.007437237538397312 -0.003080607391893864 0.002500001108273864
-0.007437237538397312 -0.003080607391893864 0.002249998273327947
-0.006437106523662806 -0.002666337648406625 0.001624995609745383
-0.006788657512515783 -0.002811954822391272 0.001124995877034962
-0.007914243265986443 -0.003278189804404974 0.0004999992088414729
-0.008176333270967007 -0.003386750351637602 0.01410000026226044
-0.007590401452034712 -0.003144048154354095 0.01362498290836811
-0.008045287802815437 -0.003332469845190644 0.000250000593950972
-0.006973654497414827 -0.002888583345338702 0.01312498282641172
-0.007437237538397312 -0.003080607391893864 0.0124999824911356
-0.007437237538397312 -0.003080607391893864 0.01224998291581869
-0.006437106523662806 -0.002666337648406625 0.01162498258054256
-0.006437106523662806 -0.002666337648406625 0.01112498249858618
-0.006248937454074621 -0.003081635804846883 0.003645841730758548
-0.006248937454074621 -0.003081635804846883 0.003145841648802161
-0.007219832856208086 -0.003560430137440562 0.002520834561437368
-0.007219832856208086 -0.003560430137440562 0.002270831726491451
-0.006248937454074621 -0.003081635804846883 0.001645828946493566
-0.006565264891833067 -0.003237631171941757 0.001145829097367823
-0.007672292646020651 -0.003783558728173375 0.0005208324291743338
-0.007937323302030563 -0.003914257045835257 0.01410000026226044
-0.007393465843051672 -0.003646055003628135 0.01364581566303968
-0.007799507118761539 -0.003846293780952692 0.0002708338724914938
-0.006794747430831194 -0.003350799437612295 0.0131458155810833
-0.007219832856208086 -0.003560430137440562 0.01252081524580717
-0.007219832856208086 -0.003560430137440562 0.01227081567049026
-0.006248937454074621 -0.003081635804846883 0.01164581533521414
-0.006248937454074621 -0.003081635804846883 0.01114581525325775
-0.007219832856208086 -0.003560430137440562 0.0105208158493042
-0.007219832856208086 -0.003560430137440562 0.01027081534266472
-0.006248937454074621 -0.003081635804846883 0.009645815007388592
-0.006248937454074621 -0.003081635804846883 0.009145814925432205
-0.007219832856208086 -0.003560430137440562 0.008520815521478653
-0.007219832856208086 -0.003560430137440562 0.008270815014839172
-0.006248937454074621 -0.003081635804846883 0.007645815145224333
-0.006248937454074621 -0.003081635804846883 0.007145815994590521
-0.007219832856208086 -0.003560430137440562 0.006520829629153013
-0.007219832856208086 -0.003560430137440562 0.006270835176110268
-0.006248937454074621 -0.003081635804846883 0.00564584182575345
-0.006248937454074621 -0.003081635804846883 0.005145841743797064
-0.007219832856208086 -0.003560430137440562 0.004520841874182224
-0.007219832856208086 -0.003560430137440562 0.004270841833204031
-0.006034009158611298 -0.00348373781889677 0.00966664869338274
-0.006034009158611298 -0.00348373781889677 0.009166648611426353
-0.00697151105850935 -0.004025006666779518 0.008541648276150227
-0.00697151105850935 -0.004025006666779518 0.008291648700833321
-0.006034009158611298 -0.00348373781889677 0.007666648365557194
-0.006034009158611298 -0.00348373781889677 0.007166649214923382
-0.00697151105850935 -0.004025006666779518 0.006541662383824587
-0.00697151105850935 -0.004025006666779518 0.006291668396443129
-0.006034009158611298 -0.00348373781889677 0.005666675511747599
-0.006034009158611298 -0.00348373781889677 0.005166675429791212
-0.00697151105850935 -0.004025006666779518 0.004541675094515085
-0.00697151105850935 -0.004025006666779518 0.004291675519198179
-0.006034009158611298 -0.00348373781889677 0.003666675183922052
-0.006034009158611298 -0.00348373781889677 0.003166675334796309
-0.00697151105850935 -0.004025006666779518 0.002541668014600873
-0.00697151105850935 -0.004025006666779518 0.002291665179654956
-0.006034009158611298 -0.00348373781889677 0.001666662166826427
-0.006315368693321943 -0.003646180965006351 0.001166662434116006
-0.007398172747343779 -0.004271339625120163 0.0005416657077148557
-0.007664323784410954 -0.004425001330673695 0.01410000026226044
-0.007163260597735643 -0.004135712049901485 0.01366664841771126
-0.007521011400967836 -0.004342260770499706 0.0002916671219281852
-0.006585134658962488 -0.003801930695772171 0.01316664833575487
-0.00697151105850935 -0.004025006666779518 0.01254164893180132
-0.00697151105850935 -0.004025006666779518 0.01229164842516184
-0.006034009158611298 -0.00348373781889677 0.01166664808988571
-0.006034009158611298 -0.00348373781889677 0.01116664800792933
-0.00697151105850935 -0.004025006666779518 0.01054164860397577
-0.00697151105850935 -0.004025006666779518 0.01029164809733629
-0.006693336647003889 -0.004472347442060709 0.002562501467764378
-0.006693336647003889 -0.004472347442060709 0.00231249863281846
-0.005793242715299129 -0.003870922140777111 0.001687495387159288
-0.006040248088538647 -0.004035965539515018 0.001187495654448867
-0.007093145977705717 -0.004739491734653711 0.0005624989280477166
-0.007358504459261894 -0.004916797857731581 0.01410000026226044
-0.006900562439113855 -0.004610809497535229 0.01368748117238283
-0.007211082149296999 -0.004818294197320938 0.0003125003713648766
-0.006345504429191351 -0.004239931236952543 0.01318748109042645
-0.006693336647003889 -0.004472347442060709 0.01256248168647289
-0.006693336647003889 -0.004472347442060709 0.01231248117983341
-0.005793242715299129 -0.003870922140777111 0.01168748177587986
-0.005793242715299129 -0.003870922140777111 0.01118748169392347
-0.006693336647003889 -0.004472347442060709 0.01056248135864735
-0.006693336647003889 -0.004472347442060709 0.01031248178333044
-0.005793242715299129 -0.003870922140777111 0.009687481448054314
-0.005793242715299129 -0.003870922140777111 0.009187481366097927
-0.006693336647003889 -0.004472347442060709 0.0085624810308218
-0.006693336647003889 -0.004472347442060709 0.008312481455504894
-0.005793242715299129 -0.003870922140777111 0.007687481120228767
-0.005793242715299129 -0.003870922140777111 0.007187482435256243
-0.006693336647003889 -0.004472347442060709 0.006562495604157448
-0.006693336647003889 -0.004472347442060709 0.006312501151114702
-0.005793242715299129 -0.003870922140777111 0.00568750873208046
-0.005793242715299129 -0.003870922140777111 0.005187508650124073
-0.006693336647003889 -0.004472347442060709 0.004562508780509233
-0.006693336647003889 -0.004472347442060709 0.00431250873953104
-0.005793242715299129 -0.003870922140777111 0.003687508869916201
-0.005793242715299129 -0.003870922140777111 0.003187508787959814
-0.00638650031760335 -0.004900537431240082 0.008583314716815948
-0.00638650031760335 -0.004900537431240082 0.008333314210176468
-0.005527668632566929 -0.004241530317813158 0.007708314340561628
-0.005527668632566929 -0.004241530317813158 0.007208315189927816
-0.00638650031760335 -0.004900537431240082 0.006583328358829021
-0.00638650031760335 -0.004900537431240082 0.006333334371447563
-0.005527668632566929 -0.004241530317813158 0.005708342418074608
-0.005527668632566929 -0.004241530317813158 0.005208342336118221
-0.00638650031760335 -0.004900537431240082 0.004583342466503382
-0.00638650031760335 -0.004900537431240082 0.004333342425525188
-0.005527668632566929 -0.004241530317813158 0.003708342323079705
-0.005527668632566929 -0.004241530317813158 0.003208342241123319
-0.00638650031760335 -0.004900537431240082 0.002583335153758526
-0.00638650031760335 -0.004900537431240082 0.002333332085981965
-0.005527668632566929 -0.004241530317813158 0.001708328723907471
-0.005741283763200045 -0.004405443090945482 0.001208328874781728
-0.006758603267371655 -0.005186062306165695 0.0005833322065882385
-0.007021175697445869 -0.005387539975345135 0.01410000026226044
-0.006606292445212603 -0.005069187842309475 0.01370831485837698
-0.006871134042739868 -0.005272410344332457 0.000333333620801568
-0.006076680030673742 -0.004662801511585712 0.01320831477642059
-0.00638650031760335 -0.004900537431240082 0.01258331444114447
-0.00638650031760335 -0.004900537431240082 0.01233331486582756
-0.005527668632566929 -0.004241530317813158 0.01170831453055143
-0.005527668632566929 -0.004241530317813158 0.01120831444859505
-0.00638650031760335 -0.004900537431240082 0.01058331411331892
-0.00638650031760335 -0.004900537431240082 0.01033331453800201
-0.005527668632566929 -0.004241530317813158 0.009708314202725887
-0.005527668632566929 -0.004241530317813158 0.009208314120769501
-0.006052316166460514 -0.005307741928845644 0.006604161579161882
-0.006052316166460514 -0.005307741928845644 0.006354167126119137
-0.005238424055278301 -0.004593975841999054 0.005729175638407469
-0.005238424055278301 -0.004593975841999054 0.00522917602211237
-0.006052316166460514 -0.005307741928845644 0.004604175686836243
-0.006052316166460514 -0.005307741928845644 0.004354175645858049
-0.005238424055278301 -0.004593975841999054 0.00372917577624321
-0.005238424055278301 -0.004593975841999054 0.003229175694286823
-0.006052316166460514 -0.005307741928845644 0.00260416860692203
-0.006052316166460514 -0.005307741928845644 0.002354165771976113
-0.005238424055278301 -0.004593975841999054 0.001729161944240332
-0.005419949535280466 -0.004753169137984514 0.001229162211529911
-0.006396061275154352 -0.005609198939055204 0.0006041654851287603
-0.006653780583292246 -0.005835211835801601 0.01410000026226044
-0.006281520240008831 -0.005508746486157179 0.01372914761304855
-0.006502703763544559 -0.005702721886336803 0.0003541668702382594
-0.005779620260000229 -0.005068592261523008 0.01322914753109217
-0.006052316166460514 -0.005307741928845644 0.01260414719581604
-0.006052316166460514 -0.005307741928845644 0.01235414762049913
-0.005238424055278301 -0.004593975841999054 0.01172914728522301
-0.005238424055278301 -0.004593975841999054 0.01122914720326662
-0.006052316166460514 -0.005307741928845644 0.01060414779931307
-0.006052316166460514 -0.005307741928845644 0.01035414729267359
-0.005238424055278301 -0.004593975841999054 0.009729146957397461
-0.005238424055278301 -0.004593975841999054 0.009229147806763649
-0.006052316166460514 -0.005307741928845644 0.008604147471487522
-0.006052316166460514 -0.005307741928845644 0.008354146964848042
-0.005238424055278301 -0.004593975841999054 0.007729147095233202
-0.005238424055278301 -0.004593975841999054 0.007229148410260677
-0.005692214239388704 -0.005692217964679003 0.01262498088181019
-0.005692214239388704 -0.005692217964679003 0.01237498037517071
-0.004926748108118773 -0.004926749039441347 0.01174998097121716
-0.004926748108118773 -0.004926749039441347 0.01124998088926077
-0.005692214239388704 -0.005692217964679003 0.01062498055398464
-0.005692214239388704 -0.005692217964679003 0.01037498004734516
-0.004926748108118773 -0.004926749039441347 0.009749980643391609
-0.004926748108118773 -0.004926749039441347 0.009249980561435223
-0.005692214239388704 -0.005692217964679003 0.008624980226159096
-0.005692214239388704 -0.005692217964679003 0.00837498065084219
-0.004926748108118773 -0.004926749039441347 0.007749980315566063
-0.004926748108118773 -0.004926749039441347 0.007249981164932251
-0.005692214239388704 -0.005692217964679003 0.006624994799494743
-0.005692214239388704 -0.005692217964679003 0.006375000346451998
-0.004926748108118773 -0.004926749039441347 0.005750009324401617
-0.004926748108118773 -0.004926749039441347 0.00525000924244523
-0.005692214239388704 -0.005692217964679003 0.004625009372830391
-0.005692214239388704 -0.005692217964679003 0.004375009331852198
-0.004926748108118773 -0.004926749039441347 0.003750009229406714
-0.004926748108118773 -0.004926749039441347 0.003250009147450328
-0.005692214239388704 -0.005692217964679003 0.002625002060085535
-0.005692214239388704 -0.005692217964679003 0.002374999225139618
-0.004926748108118773 -0.004926749039441347 0.001749995164573193
-0.00507780397310853 -0.005077804904431105 0.001249995431862772
-0.006007149815559387 -0.006007154006510973 0.0006249987054616213
-0.006257893517613411 -0.006257896311581135 0.01410000026226044
-0.005927449092268944 -0.005927450023591518 0.01374998036772013
-0.006107446271926165 -0.006107450928539038 0.0003750001487787813
-0.005455411039292812 -0.005455411970615387 0.01324998028576374
-0.004593974910676479 -0.005238424986600876 0.005770843010395765
-0.004593974910676479 -0.005238424986600876 0.005270842928439379
-0.005307738203555346 -0.006052319426089525 0.004645842593163252
-0.005307738203555346 -0.006052319426089525 0.004395842552185059
-0.004593974910676479 -0.005238424986600876 0.003770842682570219
-0.004593974910676479 -0.005238424986600876 0.003270842600613832
-0.005307738203555346 -0.006052319426089525 0.00264583551324904
-0.005307738203555346 -0.006052319426089525 0.002395832678303123
-0.004593974910676479 -0.005238424986600876 0.001770828501321375
-0.004716488067060709 -0.00537812476977706 0.001270828652195632
-0.005593608133494854 -0.006378292106091976 0.0006458319840021431
-0.00583520857617259 -0.006653783842921257 0.01410000026226044
-0.005545424297451973 -0.006323345471173525 0.01377081405371428
-0.005687130149453878 -0.006484933197498322 0.0003958333982154727
-0.005105269607156515 -0.00582144595682621 0.01327081397175789
-0.005307738203555346 -0.006052319426089525 0.01264581363648176
-0.005307738203555346 -0.006052319426089525 0.01239581312984228
-0.004593974910676479 -0.005238424986600876 0.01177081372588873
-0.004593974910676479 -0.005238424986600876 0.01127081364393234
-0.005307738203555346 -0.006052319426089525 0.01064581330865622
-0.005307738203555346 -0.006052319426089525 0.01039581373333931
-0.004593974910676479 -0.005238424986600876 0.009770813398063183
-0.004593974910676479 -0.005238424986600876 0.009270813316106796
-0.005307738203555346 -0.006052319426089525 0.008645812980830669
-0.005307738203555346 -0.006052319426089525 0.008395813405513763
-0.004593974910676479 -0.005238424986600876 0.007770813535898924
-0.004593974910676479 -0.005238424986600876 0.007270814385265112
-0.005307738203555346 -0.006052319426089525 0.006645827554166317
-0.005307738203555346 -0.006052319426089525 0.006395833101123571
-0.004241529386490583 -0.005527669563889503 0.0117916464805603
-0.004241529386490583 -0.005527669563889503 0.01129164639860392
-0.004900533240288496 -0.006386503577232361 0.01066664606332779
-0.004900533240288496 -0.006386503577232361 0.01041664648801088
-0.004241529386490583 -0.005527669563889503 0.009791646152734756
-0.004241529386490583 -0.005527669563889503 0.00929164607077837
-0.004900533240288496 -0.006386503577232361 0.008666646666824818
-0.004900533240288496 -0.006386503577232361 0.008416646160185337
-0.004241529386490583 -0.005527669563889503 0.007791646290570498
-0.004241529386490583 -0.005527669563889503 0.007291647139936686
-0.004900533240288496 -0.006386503577232361 0.006666660774499178
-0.004900533240288496 -0.006386503577232361 0.006416666321456432
-0.004241529386490583 -0.005527669563889503 0.005791676230728626
-0.004241529386490583 -0.005527669563889503 0.00529167614877224
-0.004900533240288496 -0.006386503577232361 0.0046666762791574
-0.004900533240288496 -0.006386503577232361 0.004416676238179207
-0.004241529386490583 -0.005527669563889503 0.003791676135733724
-0.004241529386490583 -0.005527669563889503 0.003291676286607981
-0.004900533240288496 -0.006386503577232361 0.002666668966412544
-0.004900533240288496 -0.006386503577232361 0.002416666131466627
-0.004241529386490583 -0.005527669563889503 0.001791661721654236
-0.004337710794061422 -0.005653015803545713 0.001291661872528493
-0.005157275591045618 -0.006721096113324165 0.0006666652043350041
-0.005387536715716124 -0.007021178025752306 0.01410000026226044
-0.005136916879564524 -0.006694561336189508 0.01379164680838585
-0.005243623163551092 -0.006833626423031092 0.0004166666476521641
-0.004730530548840761 -0.006164948455989361 0.01329164672642946
-0.004900533240288496 -0.006386503577232361 0.01266664639115334
-0.004900533240288496 -0.006386503577232361 0.01241664681583643
-0.004472343716770411 -0.006693340372294188 0.004687509965151548
-0.004472343716770411 -0.006693340372294188 0.004437509924173355
-0.003870920743793249 -0.005793243646621704 0.003812509821727872
-0.003870920743793249 -0.005793243646621704 0.003312509739771485
-0.004472343716770411 -0.006693340372294188 0.002687502419576049
-0.004472343716770411 -0.006693340372294188 0.002437499584630132
-0.003870920743793249 -0.005793243646621704 0.001812494941987097
-0.003943245392292738 -0.005901485215872526 0.001312495209276676
-0.004700085613876581 -0.007034180220216513 0.000687498482875526
-0.00491679459810257 -0.007358507253229618 0.01410000026226044
-0.004703525919467211 -0.007039325311779976 0.01381247956305742
-0.004778888542205095 -0.007152117323130369 0.0004374998970888555
-0.004332648124545813 -0.006484267767518759 0.01331247948110104
-0.004472343716770411 -0.006693340372294188 0.01268748007714748
-0.004472343716770411 -0.006693340372294188 0.012437479570508
-0.003870920743793249 -0.005793243646621704 0.01181247923523188
-0.003870920743793249 -0.005793243646621704 0.01131247915327549
-0.004472343716770411 -0.006693340372294188 0.01068747974932194
-0.004472343716770411 -0.006693340372294188 0.01043747924268246
-0.003870920743793249 -0.005793243646621704 0.009812479838728905
-0.003870920743793249 -0.005793243646621704 0.009312479756772518
-0.004472343716770411 -0.006693340372294188 0.008687479421496391
-0.004472343716770411 -0.006693340372294188 0.008437479846179485
-0.003870920743793249 -0.005793243646621704 0.007812479510903358
-0.003870920743793249 -0.005793243646621704 0.007312480360269547
-0.004472343716770411 -0.006693340372294188 0.006687493529170752
-0.004472343716770411 -0.006693340372294188 0.006437499541789293
-0.003870920743793249 -0.005793243646621704 0.005812509916722775
-0.003870920743793249 -0.005793243646621704 0.005312509834766388
-0.004025002475827932 -0.006971514783799648 0.01070831250399351
-0.004025002475827932 -0.006971514783799648 0.01045831292867661
-0.003483736654743552 -0.00603401055559516 0.009833312593400478
-0.003483736654743552 -0.00603401055559516 0.009333312511444092
-0.004025002475827932 -0.006971514783799648 0.008708312176167965
-0.004025002475827932 -0.006971514783799648 0.008458312600851059
-0.003483736654743552 -0.00603401055559516 0.007833312265574932
-0.003483736654743552 -0.00603401055559516 0.00733331311494112
-0.004025002475827932 -0.006971514783799648 0.006708326749503613
-0.004025002475827932 -0.006971514783799648 0.006458332296460867
-0.003483736654743552 -0.00603401055559516 0.005833343137055635
-0.003483736654743552 -0.00603401055559516 0.005333343055099249
-0.004025002475827932 -0.006971514783799648 0.004708343185484409
-0.004025002475827932 -0.006971514783799648 0.004458343144506216
-0.003483736654743552 -0.00603401055559516 0.003833343274891376
-0.003483736654743552 -0.00603401055559516 0.00333334319293499
-0.004025002475827932 -0.006971514783799648 0.002708336105570197
-0.004025002475827932 -0.006971514783799648 0.002458333037793636
-0.003483736654743552 -0.00603401055559516 0.001833328162319958
-0.003534919582307339 -0.006122662220150232 0.001333328429609537
-0.004224054981023073 -0.007316283416002989 0.0007083317614160478
-0.004424998071044683 -0.007664325647056103 0.01410000026226044
-0.004246968310326338 -0.007355967536568642 0.013833312317729
-0.004294975660741329 -0.007439121138304472 0.0004583331465255469
-0.003913187887519598 -0.006777842063456774 0.01333331223577261
-0.004030197858810425 -0.006980512756854296 0.01270831283181906
-0.004025002475827932 -0.006971514783799648 0.01245831232517958
-0.003483736654743552 -0.00603401055559516 0.01183331292122602
-0.003483736654743552 -0.00603401055559516 0.01133331283926964
-0.003081634640693665 -0.006248938851058483 0.003854176728054881
-0.003081634640693665 -0.006248938851058483 0.003354176646098495
-0.003560425946488976 -0.007219836115837097 0.002729169558733702
-0.003560425946488976 -0.007219836115837097 0.002479166723787785
-0.003081634640693665 -0.006248938851058483 0.001854161499068141
-0.003114607650786638 -0.006315800826996565 0.001354161649942398
-0.00373127544298768 -0.007566284388303757 0.0007291649817489088
-0.003914253320544958 -0.007937324233353138 0.01410000026226044
-0.003769074333831668 -0.007642928976565599 0.01385414600372314
-0.00379401003010571 -0.007693497929722071 0.0004791664250660688
-0.003473819233477116 -0.007044210564345121 0.01335414592176676
-0.003570249304175377 -0.007239756174385548 0.01272914558649063
-0.003560425946488976 -0.007219836115837097 0.01247914601117373
-0.003081634640693665 -0.006248938851058483 0.0118541456758976
-0.003081634640693665 -0.006248938851058483 0.01135414559394121
-0.003560425946488976 -0.007219836115837097 0.01072914525866508
-0.003560425946488976 -0.007219836115837097 0.01047914568334818
-0.003081634640693665 -0.006248938851058483 0.009854145348072052
-0.003081634640693665 -0.006248938851058483 0.009354145266115665
-0.003560425946488976 -0.007219836115837097 0.008729145862162113
-0.003560425946488976 -0.007219836115837097 0.008479145355522633
-0.003081634640693665 -0.006248938851058483 0.007854145020246506
-0.003081634640693665 -0.006248938851058483 0.007354146335273981
-0.003560425946488976 -0.007219836115837097 0.006729159504175186
-0.003560425946488976 -0.007219836115837097 0.006479165516793728
-0.003081634640693665 -0.006248938851058483 0.005854176823049784
-0.003081634640693665 -0.006248938851058483 0.005354176741093397
-0.003560425946488976 -0.007219836115837097 0.004729176871478558
-0.003560425946488976 -0.007219836115837097 0.004479176830500364
-0.002666336484253407 -0.006437107920646667 0.009874978102743626
-0.002666336484253407 -0.006437107920646667 0.009374978952109814
-0.003080602735280991 -0.007437240798026323 0.008749978616833687
-0.003080602735280991 -0.007437240798026323 0.008499978110194206
-0.002666336484253407 -0.006437107920646667 0.007874978706240654
-0.002666336484253407 -0.006437107920646667 0.007374979555606842
-0.003080602735280991 -0.007437240798026323 0.006749992724508047
-0.003080602735280991 -0.007437240798026323 0.006499998271465302
-0.002666336484253407 -0.006437107920646667 0.005875010509043932
-0.002666336484253407 -0.006437107920646667 0.005375010427087545
-0.003080602735280991 -0.007437240798026323 0.004750010091811419
-0.003080602735280991 -0.007437240798026323 0.004500010050833225
-0.002666336484253407 -0.006437107920646667 0.003875010181218386
-0.002666336484253407 -0.006437107920646667 0.003375010099261999
-0.003080602735280991 -0.007437240798026323 0.002750003011897206
-0.003080602735280991 -0.007437240798026323 0.002500000176951289
-0.002666336484253407 -0.006437107920646667 0.001874994719401002
-0.002684221370145679 -0.006480286363512278 0.001374994986690581
-0.003223903710022569 -0.007783201057463884 0.0007499982602894306
-0.00338674639351666 -0.008176334202289581 0.01410000026226044
-0.003271777182817459 -0.007898771204054356 0.01387497875839472
-0.003278184216469526 -0.007914246059954166 0.0004999996745027602
-0.003016312373802066 -0.007282024715095758 0.01337497867643833
-0.003093625418841839 -0.00746868085116148 0.0127499783411622
-0.003080602735280991 -0.007437240798026323 0.0124999787658453
-0.002666336484253407 -0.006437107920646667 0.01187497843056917
-0.002666336484253407 -0.006437107920646667 0.01137497834861279
-0.003080602735280991 -0.007437240798026323 0.01074997894465923
-0.003080602735280991 -0.007437240798026323 0.01049997843801975
-0.002587588038295507 -0.007622798439115286 0.002770836465060711
-0.002587588038295507 -0.007622798439115286 0.002520833630114794
-0.00223962077870965 -0.006597712635993958 0.001895827939733863
-0.002245702547952533 -0.00661562941968441 0.001395828207023442
-0.002704156329855323 -0.007966197095811367 0.0007708314806222916
-0.002844737377017736 -0.008380331099033356 0.01410000026226044
-0.002757108304649591 -0.008122182451188564 0.01389581151306629
-0.002749749226495624 -0.008100510574877262 0.0005208328948356211
-0.002542527625337243 -0.007490048184990883 0.01339581143110991
-0.002602325985208154 -0.00766621483489871 0.01277081202715635
-0.002587588038295507 -0.007622798439115286 0.01252081152051687
-0.00223962077870965 -0.006597712635993958 0.01189581118524075
-0.00223962077870965 -0.006597712635993958 0.01139581203460693
-0.002587588038295507 -0.007622798439115286 0.01077081169933081
-0.002587588038295507 -0.007622798439115286 0.01052081119269133
-0.00223962077870965 -0.006597712635993958 0.009895811788737774
-0.00223962077870965 -0.006597712635993958 0.009395811706781387
-0.002587588038295507 -0.007622798439115286 0.00877081137150526
-0.002587588038295507 -0.007622798439115286 0.008520811796188354
-0.00223962077870965 -0.006597712635993958 0.007895811460912228
-0.00223962077870965 -0.006597712635993958 0.007395812310278416
-0.002587588038295507 -0.007622798439115286 0.006770825479179621
-0.002587588038295507 -0.007622798439115286 0.006520831491798162
-0.00223962077870965 -0.006597712635993958 0.005895843729376793
-0.00223962077870965 -0.006597712635993958 0.005395843647420406
-0.002587588038295507 -0.007622798439115286 0.004770843777805567
-0.002587588038295507 -0.007622798439115286 0.004520843736827374
-0.00223962077870965 -0.006597712635993958 0.00389584363438189
-0.00223962077870965 -0.006597712635993958 0.003395843552425504
-0.002083492930978537 -0.007775713689625263 0.008791644126176834
-0.002083492930978537 -0.007775713689625263 0.008541644550859928
-0.001803314662538469 -0.006730064749717712 0.007916644215583801
-0.001803314662538469 -0.006730064749717712 0.007416645530611277
-0.002083492930978537 -0.007775713689625263 0.006791658699512482
-0.002083492930978537 -0.007775713689625263 0.006541664246469736
-0.001803314662538469 -0.006730064749717712 0.005916677415370941
-0.001803314662538469 -0.006730064749717712 0.005416677333414555
-0.002083492930978537 -0.007775713689625263 0.004791676998138428
-0.002083492930978537 -0.007775713689625263 0.004541677422821522
-0.001803314662538469 -0.006730064749717712 0.003916677087545395
-0.001803314662538469 -0.006730064749717712 0.003416677238419652
-0.002083492930978537 -0.007775713689625263 0.002791669918224216
-0.002083492930978537 -0.007775713689625263 0.002541667083278298
-0.001803314662538469 -0.006730064749717712 0.001916661276482046
-0.001803314662538469 -0.006730064749717712 0.001416661427356303
-0.00217429269105196 -0.008114584721624851 0.0007916647591628134
-0.002290546661242843 -0.008548444136977196 0.01410000026226044
-0.002227188320830464 -0.008311983197927475 0.01391664519906044
-0.002211003797128797 -0.008251592516899109 0.000541666173376143
-0.002054410520941019 -0.007667168043553829 0.01341664511710405
-0.002098419005051255 -0.007831419818103313 0.01279164478182793
-0.002083492930978537 -0.007775713689625263 0.01254164427518845
-0.001803314662538469 -0.006730064749717712 0.01191664487123489
-0.001803314662538469 -0.006730064749717712 0.01141664478927851
-0.002083492930978537 -0.007775713689625263 0.01079164445400238
-0.002083492930978537 -0.007775713689625263 0.01054164487868547
-0.001803314662538469 -0.006730064749717712 0.009916644543409348
-0.001803314662538469 -0.006730064749717712 0.009416644461452961
-0.001359286368824542 -0.006833597552031279 0.001437494647689164
-0.001636612229049206 -0.008227822370827198 0.0008124980377033353
-0.001726547838188708 -0.0086799506098032 0.01410000026226044
-0.001684216316789389 -0.008467132225632668 0.01393747795373201
-0.001664283918216825 -0.008366937749087811 0.0005624994519166648
-0.001553981564939022 -0.007812397554516792 0.01343747787177563
-0.001584032783284783 -0.007963487878441811 0.0128124775364995
-0.001570475986227393 -0.007895332761108875 0.01256247796118259
-0.001359286368824542 -0.006833597552031279 0.01193747762590647
-0.001359286368824542 -0.006833597552031279 0.01143747754395008
-0.001570475986227393 -0.007895332761108875 0.01081247720867395
-0.001570475986227393 -0.007895332761108875 0.01056247763335705
-0.001359286368824542 -0.006833597552031279 0.009937477298080921
-0.001359286368824542 -0.006833597552031279 0.009437477216124535
-0.001570475986227393 -0.007895332761108875 0.008812477812170982
-0.001570475986227393 -0.007895332761108875 0.008562477305531502
-0.001359286368824542 -0.006833597552031279 0.00793747790157795
-0.001359286368824542 -0.006833597552031279 0.00743747828528285
-0.001570475986227393 -0.007895332761108875 0.006812491919845343
-0.001570475986227393 -0.007895332761108875 0.006562497466802597
-0.001359286368824542 -0.006833597552031279 0.005937510635703802
-0.001359286368824542 -0.006833597552031279 0.005437510553747416
-0.001570475986227393 -0.007895332761108875 0.004812510684132576
-0.001570475986227393 -0.007895332761108875 0.004562510643154383
-0.001359286368824542 -0.006833597552031279 0.003937510773539543
-0.001359286368824542 -0.006833597552031279 0.003437510691583157
-0.001570475986227393 -0.007895332761108875 0.00281250337138772
-0.001570475986227393 -0.007895332761108875 0.002562500536441803
-0.001359286368824542 -0.006833597552031279 0.001937494496814907
-0.0009094374836422503 -0.006907867733389139 0.00595834432169795
-0.0009094374836422503 -0.006907867733389139 0.005458344239741564
-0.001050733961164951 -0.007981142029166222 0.004833344370126724
-0.001050733961164951 -0.007981142029166222 0.004583344329148531
-0.0009094374836422503 -0.006907867733389139 0.003958343993872404
-0.0009094374836422503 -0.006907867733389139 0.003458344144746661
-0.001050733961164951 -0.007981142029166222 0.002833337057381868
-0.001050733961164951 -0.007981142029166222 0.002583333989605308
-0.0009094374836422503 -0.006907867733389139 0.001958327833563089
-0.0009094374836422503 -0.006907867733389139 0.001458327984437346
-0.001093439874239266 -0.00830552726984024 0.0008333312580361962
-0.001155155245214701 -0.008774287067353725 0.01410000026226044
-0.001130464137531817 -0.008586732670664787 0.01395831070840359
-0.001111953752115369 -0.008446155115962029 0.0005833326722495258
-0.001043329713866115 -0.007924881763756275 0.0134583106264472
-0.001061346963979304 -0.008061756379902363 0.01283331029117107
-0.001050733961164951 -0.007981142029166222 0.01258331071585417
-0.0009094374836422503 -0.006907867733389139 0.01195831038057804
-0.0009094374836422503 -0.006907867733389139 0.01145831029862165
-0.001050733961164951 -0.007981142029166222 0.0108333108946681
-0.001050733961164951 -0.007981142029166222 0.01058331038802862
-0.0009094374836422503 -0.006907867733389139 0.009958310984075069
-0.0009094374836422503 -0.006907867733389139 0.009458310902118683
-0.001050733961164951 -0.007981142029166222 0.008833310566842556
-0.001050733961164951 -0.007981142029166222 0.00858331099152565
-0.0009094374836422503 -0.006907867733389139 0.007958310656249523
-0.0009094374836422503 -0.006907867733389139 0.007458311505615711
-0.001050733961164951 -0.007981142029166222 0.006833324674516916
-0.001050733961164951 -0.007981142029166222 0.006583330687135458
-0.0004556940984912217 -0.00695255771279335 0.01197914406657219
-0.0004556940984912217 -0.00695255771279335 0.0114791439846158
-0.0005264925421215594 -0.008032776415348053 0.01085414364933968
-0.0005264925421215594 -0.008032776415348053 0.01060414407402277
-0.0004556940984912217 -0.00695255771279335 0.009979143738746643
-0.0004556940984912217 -0.00695255771279335 0.009479143656790257
-0.0005264925421215594 -0.008032776415348053 0.00885414332151413
-0.0005264925421215594 -0.008032776415348053 0.008604143746197224
-0.0004556940984912217 -0.00695255771279335 0.007979143410921097
-0.0004556940984912217 -0.00695255771279335 0.007479144260287285
-0.0005264925421215594 -0.008032776415348053 0.006854157894849777
-0.0005264925421215594 -0.008032776415348053 0.006604163441807032
-0.0004556940984912217 -0.00695255771279335 0.005979177542030811
-0.0004556940984912217 -0.00695255771279335 0.005479177925735712
-0.0005264925421215594 -0.008032776415348053 0.004854177590459585
-0.0005264925421215594 -0.008032776415348053 0.004604177549481392
-0.0004556940984912217 -0.00695255771279335 0.003979177679866552
-0.0004556940984912217 -0.00695255771279335 0.003479177597910166
-0.0005264925421215594 -0.008032776415348053 0.002854170510545373
-0.0005264925421215594 -0.008032776415348053 0.002604167675599456
-0.0004556940984912217 -0.00695255771279335 0.00197916105389595
-0.0004556940984912217 -0.00695255771279335 0.001479161204770207
-0.0005471181939356029 -0.008347463794052601 0.0008541645365767181
-0.0005788163398392498 -0.008831051178276539 0.01410000026226044
-0.0005682635819539428 -0.008670038543641567 0.01397914346307516
-0.0005563949816860259 -0.008489001542329788 0.0006041659507900476
-0.0005246030632406473 -0.008003906346857548 0.01347914338111877
-0.0005325835081748664 -0.008125705644488335 0.01285414397716522
-0.0005264925421215594 -0.008032776415348053 0.01260414347052574
3.397464976018227e-09 -0.008050012402236462 0.004875011276453733
3.397464976018227e-09 -0.008050012402236462 0.00462501123547554
6.258488172150578e-10 -0.006967475637793541 0.004000011365860701
6.258488172150578e-10 -0.006967475637793541 0.00350001105107367
3.397464976018227e-09 -0.008050012402236462 0.002875003963708878
3.397464976018227e-09 -0.008050012402236462 0.00262500112876296
6.258488172150578e-10 -0.006967475637793541 0.001999994274228811
6.258488172150578e-10 -0.006967475637793541 0.001499994425103068
3.525573610829724e-09 -0.008353555575013161 0.000874997756909579
1.325373033544963e-09 -0.008849999867379665 0.01410000026226044
7.829498716027672e-10 -0.008716456592082977 0.01399997714906931
3.585437058362118e-09 -0.008495396003127098 0.0006249991711229086
7.229865039981576e-10 -0.008048893883824348 0.01349997706711292
3.441758433808673e-09 -0.008154962211847305 0.0128749767318368
3.397464976018227e-09 -0.008050012402236462 0.01262497715651989
6.258488172150578e-10 -0.006967475637793541 0.01199997682124376
6.258488172150578e-10 -0.006967475637793541 0.01149997673928738
3.397464976018227e-09 -0.008050012402236462 0.01087497640401125
3.397464976018227e-09 -0.008050012402236462 0.01062497682869434
6.258488172150578e-10 -0.006967475637793541 0.009999976493418217
6.258488172150578e-10 -0.006967475637793541 0.00949997641146183
3.397464976018227e-09 -0.008050012402236462 0.008874977007508278
3.397464976018227e-09 -0.008050012402236462 0.008624976500868797
6.258488172150578e-10 -0.006967475637793541 0.00799997616559267
6.258488172150578e-10 -0.006967475637793541 0.007499977480620146
3.397464976018227e-09 -0.008050012402236462 0.006874990649521351
3.397464976018227e-09 -0.008050012402236462 0.006624996662139893
6.258488172150578e-10 -0.006967475637793541 0.006000010762363672
6.258488172150578e-10 -0.006967475637793541 0.005500011146068573
0.0005264994106255472 -0.008032776415348053 0.0108958100900054
0.0005264994106255472 -0.008032776415348053 0.01064580958336592
0.0004556953790597618 -0.00695255771279335 0.01002080924808979
0.0004556953790597618 -0.00695255771279335 0.009520809166133404
0.0005264994106255472 -0.008032776415348053 0.008895809762179852
0.0005264994106255472 -0.008032776415348053 0.008645809255540371
0.0004556953790597618 -0.00695255771279335 0.008020809851586819
0.0004556953790597618 -0.00695255771279335 0.007520810700953007
0.0005264994106255472 -0.008032776415348053 0.006895823869854212
0.0005264994106255472 -0.008032776415348053 0.006645829416811466
0.0004556953790597618 -0.00695255771279335 0.006020843982696533
0.0004556953790597618 -0.00695255771279335 0.005520844832062721
0.0005264994106255472 -0.008032776415348053 0.004895844496786594
0.0005264994106255472 -0.008032776415348053 0.004645844455808401
0.0004556953790597618 -0.00695255771279335 0.004020844586193562
0.0004556953790597618 -0.00695255771279335 0.003520844737067819
0.0005264994106255472 -0.008032776415348053 0.002895837416872382
0.0005264994106255472 -0.008032776415348053 0.002645834581926465
0.0004556953790597618 -0.00695255771279335 0.002020827494561672
0.0004556953790597618 -0.00695255771279335 0.001520827761851251
0.0005455791833810508 -0.00832387525588274 0.0008958310354501009
0.00057881890097633 -0.008831051178276539 0.01410000026226044
0.0005719034816138446 -0.008725549094378948 0.01402080990374088
0.0005548560875467956 -0.008465413004159927 0.0006458324496634305
0.0005282427882775664 -0.008059415966272354 0.0135208098217845
0.0005769992130808532 -0.008803294971585274 2.083480467263144e-05
7.949450542277248e-10 -0.008849998004734516 1.549720796134579e-09
0.0005341366049833596 -0.008149296045303345 0.01289580948650837
0.0005264994106255472 -0.008032776415348053 0.01264580991119146
0.0004556953790597618 -0.00695255771279335 0.01202080957591534
0.0004556953790597618 -0.00695255771279335 0.01152080949395895
0.0009094387642107904 -0.006907868199050426 0.00404167827218771
0.0009094387642107904 -0.006907868199050426 0.003541678190231323
0.001050740946084261 -0.007981142960488796 0.002916670870035887
0.001050740946084261 -0.007981142960488796 0.00266666803508997
0.0009094387642107904 -0.006907868199050426 0.002041660947725177
0.0009094387642107904 -0.006907868199050426 0.001541660982184112
0.00108727568294853 -0.00825865101069212 0.0009166643139906228
0.001155157806351781 -0.008774287067353725 0.01410000026226044
0.001144987996667624 -0.008697041310369968 0.01404164358973503
0.001105789677239954 -0.008399278856813908 0.0006666657282039523
0.001057853340171278 -0.008035189472138882 0.01354164257645607
0.001147896167822182 -0.008719131350517273 4.166805956629105e-05
0.001067525357939303 -0.008108632639050484 0.01291664317250252
0.001050740946084261 -0.007981142960488796 0.01266664266586304
0.0009094387642107904 -0.006907868199050426 0.01204164233058691
0.0009094387642107904 -0.006907868199050426 0.0115416431799531
0.001050740946084261 -0.007981142960488796 0.01091664284467697
0.001050740946084261 -0.007981142960488796 0.01066664233803749
0.0009094387642107904 -0.006907868199050426 0.01004164293408394
0.0009094387642107904 -0.006907868199050426 0.009541642852127552
0.001050740946084261 -0.007981142960488796 0.008916642516851425
0.001050740946084261 -0.007981142960488796 0.008666642941534519
0.0009094387642107904 -0.006907868199050426 0.008041642606258392
0.0009094387642107904 -0.006907868199050426 0.00754164345562458
0.001050740946084261 -0.007981142960488796 0.006916656624525785
0.001050740946084261 -0.007981142960488796 0.006666662637144327
0.0009094387642107904 -0.006907868199050426 0.006041676737368107
0.0009094387642107904 -0.006907868199050426 0.005541678052395582
0.001050740946084261 -0.007981142960488796 0.004916678182780743
0.001050740946084261 -0.007981142960488796 0.004666678141802549
0.001359287765808403 -0.006833598017692566 0.01006247568875551
0.001359287765808403 -0.006833598017692566 0.009562475606799126
0.001570482971146703 -0.007895332761108875 0.008937475271522999
0.001570482971146703 -0.007895332761108875 0.008687475696206093
0.001359287765808403 -0.006833598017692566 0.008062475360929966
0.001359287765808403 -0.006833598017692566 0.007562476675957441
0.001570482971146703 -0.007895332761108875 0.006937489844858646
0.001570482971146703 -0.007895332761108875 0.006687495391815901
0.001359287765808403 -0.006833598017692566 0.006062509957700968
0.001359287765808403 -0.006833598017692566 0.00556251173838973
0.001570482971146703 -0.007895332761108875 0.004937511868774891
0.001570482971146703 -0.007895332761108875 0.004687511827796698
0.001359287765808403 -0.006833598017692566 0.004062511492520571
0.001359287765808403 -0.006833598017692566 0.003562511643394828
0.001570482971146703 -0.007895332761108875 0.002937504323199391
0.001570482971146703 -0.007895332761108875 0.002687501488253474
0.001359287765808403 -0.006833598017692566 0.002062494400888681
0.001359287765808403 -0.006833598017692566 0.001562494202516973
0.001622783252969384 -0.008158263750374317 0.0009374975343234837
0.001726550166495144 -0.008679949678480625 0.01410000026226044
0.001716776983812451 -0.008630815893411636 0.01406247820705175
0.001650455058552325 -0.008297380059957504 0.0006874989485368133
0.001586541533470154 -0.007976078428328037 0.01356247626245022
0.001710270647890866 -0.008598106913268566 6.250131264096126e-05
0.001597875496372581 -0.008033045567572117 0.01293747592717409
0.001570482971146703 -0.007895332761108875 0.01268747542053461
0.001359287765808403 -0.006833598017692566 0.01206247601658106
0.001359287765808403 -0.006833598017692566 0.01156247593462467
0.001570482971146703 -0.007895332761108875 0.01093747559934855
0.001570482971146703 -0.007895332761108875 0.01068747602403164
0.002083499915897846 -0.007775714155286551 0.00295833800919354
0.002083499915897846 -0.007775714155286551 0.002708334941416979
0.001803316175937653 -0.006730065215379 0.002083327854052186
0.001803316175937653 -0.006730065215379 0.001583327539265156
0.002149825682863593 -0.008023244328796864 0.0009583308128640056
0.002290549455210567 -0.008548442274332047 0.01410000026226044
0.002186536556109786 -0.008160252124071121 0.0007083322270773351
0.002261752728372812 -0.008440972305834293 8.333456935361028e-05
0.002122899983078241 -0.007922756485641003 0.01295830868184566
0.002086188411340117 -0.00778574775904417 0.01270830910652876
0.001803316175937653 -0.006730065215379 0.01208330877125263
0.001803316175937653 -0.006730065215379 0.01158330868929625
0.002083499915897846 -0.007775714155286551 0.01095830835402012
0.002083499915897846 -0.007775714155286551 0.01070830877870321
0.001803316175937653 -0.006730065215379 0.01008330844342709
0.001803316175937653 -0.006730065215379 0.009583308361470699
0.002083499915897846 -0.007775714155286551 0.008958308957517147
0.002083499915897846 -0.007775714155286551 0.008708308450877666
0.001803316175937653 -0.006730065215379 0.008083309046924114
0.001803316175937653 -0.006730065215379 0.007583309430629015
0.002083499915897846 -0.007775714155286551 0.006958323065191507
0.002083499915897846 -0.007775714155286551 0.006708328612148762
0.001803316175937653 -0.006730065215379 0.006083342712372541
0.001803316175937653 -0.006730065215379 0.005583345424383879
0.002083499915897846 -0.007775714155286551 0.004958345089107752
0.002083499915897846 -0.007775714155286551 0.004708345048129559
0.001803316175937653 -0.006730065215379 0.004083345178514719
0.001803316175937653 -0.006730065215379 0.003583345096558332
0.002587595256045461 -0.007622798439115286 0.008979141712188721
0.002587595256045461 -0.007622798439115286 0.00872914120554924
0.002239622641354799 -0.006597713101655245 0.008104141801595688
0.002239622641354799 -0.006597713101655245 0.007604142650961876
0.002587595256045461 -0.007622798439115286 0.006979155819863081
0.002587595256045461 -0.007622798439115286 0.006729161366820335
0.002239622641354799 -0.006597713101655245 0.006104175932705402
0.002239622641354799 -0.006597713101655245 0.00560417864471674
0.002587595256045461 -0.007622798439115286 0.0049791787751019
0.002587595256045461 -0.007622798439115286 0.004729178734123707
0.002239622641354799 -0.006597713101655245 0.00410417839884758
0.002239622641354799 -0.006597713101655245 0.003604178549721837
0.002587595256045461 -0.007622798439115286 0.002979171462357044
0.002587595256045461 -0.007622798439115286 0.002729168627411127
0.002239622641354799 -0.006597713101655245 0.002104161307215691
0.002239622641354799 -0.006597713101655245 0.001604160759598017
0.002666168846189976 -0.007854267954826355 0.0009791640331968665
0.00271176197566092 -0.00798858143389225 0.0007291654474101961
0.002800035057589412 -0.00824863463640213 0.0001041678260662593
0.00264032743871212 -0.007778141647577286 0.01297914143651724
0.002594733610749245 -0.007643827237188816 0.01272914186120033
0.002239622641354799 -0.006597713101655245 0.01210414152592421
0.002239622641354799 -0.006597713101655245 0.01160414144396782
0.002587595256045461 -0.007622798439115286 0.01097914204001427
0.002587595256045461 -0.007622798439115286 0.01072914153337479
0.002239622641354799 -0.006597713101655245 0.01010414212942123
0.002239622641354799 -0.006597713101655245 0.009604142047464848
0.002666338812559843 -0.006437108851969242 0.001624993979930878
0.003169630886986852 -0.007652155589312315 0.0009999972535297275
0.003223911160603166 -0.007783199660480022 0.0007499987259507179
0.003386749653145671 -0.008176334202289581 0.01410000026226044
0.003144045127555728 -0.00759039307013154 0.01362497452646494
0.003322882810607553 -0.008022145368158817 0.0001250010827789083
0.003147912677377462 -0.007599723525345325 0.01299997512251139
0.003093632170930505 -0.007468678988516331 0.01274997461587191
0.002666338812559843 -0.006437108851969242 0.01212497521191835
0.002666338812559843 -0.006437108851969242 0.01162497512996197
0.003080610185861588 -0.007437240798026323 0.01099997479468584
0.003080610185861588 -0.007437240798026323 0.01074997521936893
0.002666338812559843 -0.006437108851969242 0.01012497488409281
0.002666338812559843 -0.006437108851969242 0.009624974802136421
0.003080610185861588 -0.007437240798026323 0.008999974466860294
0.003080610185861588 -0.007437240798026323 0.008749974891543388
0.002666338812559843 -0.006437108851969242 0.008124974556267262
0.002666338812559843 -0.006437108851969242 0.00762497540563345
0.003080610185861588 -0.007437240798026323 0.006999989040195942
0.003080610185861588 -0.007437240798026323 0.006749994587153196
0.002666338812559843 -0.006437108851969242 0.006125008687376976
0.002666338812559843 -0.006437108851969242 0.005625012330710888
0.003080610185861588 -0.007437240798026323 0.005000011995434761
0.003080610185861588 -0.007437240798026323 0.004750011954456568
0.002666338812559843 -0.006437108851969242 0.004125012084841728
0.002666338812559843 -0.006437108851969242 0.003625012002885342
0.003080610185861588 -0.007437240798026323 0.003000004915520549
0.003080610185861588 -0.007437240798026323 0.002750002080574632
0.002666338812559843 -0.006437108851969242 0.002124994760379195
0.003081637201830745 -0.006248939782381058 0.007645808625966311
0.00356043316423893 -0.007219836115837097 0.007020821794867516
0.00356043316423893 -0.007219836115837097 0.006770827807486057
0.003081637201830745 -0.006248939782381058 0.006145841907709837
0.003081637201830745 -0.006248939782381058 0.005645845551043749
0.00356043316423893 -0.007219836115837097 0.005020845681428909
0.00356043316423893 -0.007219836115837097 0.004770845640450716
0.003081637201830745 -0.006248939782381058 0.004145845770835876
0.003081637201830745 -0.006248939782381058 0.00364584568887949
0.00356043316423893 -0.007219836115837097 0.003020838368684053
0.00356043316423893 -0.007219836115837097 0.002770835533738136
0.003081637201830745 -0.006248939782381058 0.002145828446373343
0.003081637201830745 -0.006248939782381058 0.001645827200263739
0.003658090950921178 -0.007417866960167885 0.00102083059027791
0.003720825770869851 -0.007545080035924911 0.0007708320044912398
0.003914256114512682 -0.007937322370707989 0.01410000026226044
0.003646050812676549 -0.007393456995487213 0.01364580821245909
0.003828139277175069 -0.007762695197016001 0.0001458343322155997
0.003643445670604706 -0.007388168945908546 0.01302080787718296
0.003580710617825389 -0.007260955404490232 0.01277080830186605
0.003081637201830745 -0.006248939782381058 0.01214580796658993
0.003081637201830745 -0.006248939782381058 0.01164580788463354
0.00356043316423893 -0.007219836115837097 0.01102080754935741
0.00356043316423893 -0.007219836115837097 0.01077080797404051
0.003081637201830745 -0.006248939782381058 0.01014580763876438
0.003081637201830745 -0.006248939782381058 0.009645807556807995
0.00356043316423893 -0.007219836115837097 0.009020808152854443
0.00356043316423893 -0.007219836115837097 0.008770807646214962
0.003081637201830745 -0.006248939782381058 0.008145807310938835
0.004200420808047056 -0.007275334559381008 0.0007916652248241007
0.004313739947974682 -0.007471614517271519 0.0001666675816522911
0.004135706927627325 -0.007163252681493759 0.01366664096713066
0.00412476435303688 -0.007144294213503599 0.01304164063185453
0.004053843207657337 -0.007021455559879541 0.01279164105653763
0.003483739448711276 -0.006034011486917734 0.0121666407212615
0.003483739448711276 -0.006034011486917734 0.01166664063930511
0.004025009926408529 -0.006971514783799648 0.01104164123535156
0.004025009926408529 -0.006971514783799648 0.01079164072871208
0.003483739448711276 -0.006034011486917734 0.01016664039343596
0.003483739448711276 -0.006034011486917734 0.009666640311479568
0.004025009926408529 -0.006971514783799648 0.009041640907526016
0.004025009926408529 -0.006971514783799648 0.008791640400886536
0.003483739448711276 -0.006034011486917734 0.008166640996932983
0.003483739448711276 -0.006034011486917734 0.007666641380637884
0.004025009926408529 -0.006971514783799648 0.007041655015200377
0.004025009926408529 -0.006971514783799648 0.006791660562157631
0.003483739448711276 -0.006034011486917734 0.006166675128042698
0.003483739448711276 -0.006034011486917734 0.005666679237037897
0.004025009926408529 -0.006971514783799648 0.005041679367423058
0.004025009926408529 -0.006971514783799648 0.004791679326444864
0.003483739448711276 -0.006034011486917734 0.004166678991168737
0.003483739448711276 -0.006034011486917734 0.003666679142042994
0.004025009926408529 -0.006971514783799648 0.003041671821847558
0.004025009926408529 -0.006971514783799648 0.002791668986901641
0.003483739448711276 -0.006034011486917734 0.002166661899536848
0.003483739448711276 -0.006034011486917734 0.001666660537011921
0.004129500593990088 -0.0071524977684021 0.001041663810610771
0.004425000865012407 -0.007664324250072241 0.01410000026226044
0.00447235070168972 -0.006693339440971613 0.006812493782490492
0.00387092400342226 -0.005793245043605566 0.006187507882714272
0.00387092400342226 -0.005793245043605566 0.005687512457370758
0.00447235070168972 -0.006693339440971613 0.005062512587755919
0.00447235070168972 -0.006693339440971613 0.004812512546777725
0.00387092400342226 -0.005793245043605566 0.004187512677162886
0.00387092400342226 -0.005793245043605566 0.003687512595206499
0.00447235070168972 -0.006693339440971613 0.003062505275011063
0.00447235070168972 -0.006693339440971613 0.002812502440065145
0.00387092400342226 -0.005793245043605566 0.002187495352700353
0.00387092400342226 -0.005793245043605566 0.001687493757344782
0.004581887740641832 -0.006857273168861866 0.001062497030943632
0.004660690668970346 -0.006975209340453148 0.0008124985033646226
0.004916797857731581 -0.007358504924923182 0.01410000026226044
0.004610804840922356 -0.006900554522871971 0.01368747372180223
0.004777717869728804 -0.007150358054786921 0.0001875008456408978
0.004589759279042482 -0.00686905300244689 0.01306247431784868
0.004510956350713968 -0.006751116365194321 0.0128124738112092
0.00387092400342226 -0.005793245043605566 0.01218747347593307
0.00387092400342226 -0.005793245043605566 0.01168747339397669
0.00447235070168972 -0.006693339440971613 0.01106247399002314
0.00447235070168972 -0.006693339440971613 0.01081247348338366
0.00387092400342226 -0.005793245043605566 0.0101874740794301
0.00387092400342226 -0.005793245043605566 0.009687473997473717
0.00447235070168972 -0.006693339440971613 0.00906247366219759
0.00447235070168972 -0.006693339440971613 0.008812474086880684
0.00387092400342226 -0.005793245043605566 0.008187473751604557
0.00387092400342226 -0.005793245043605566 0.007687474600970745
0.00447235070168972 -0.006693339440971613 0.00706248776987195
0.004900540690869093 -0.006386503111571074 0.007083320990204811
0.004900540690869093 -0.006386503111571074 0.006833326537162066
0.004241532646119595 -0.005527670960873365 0.006208341103047132
0.004241532646119595 -0.005527670960873365 0.005708346143364906
0.004900540690869093 -0.006386503111571074 0.005083346273750067
0.004900540690869093 -0.006386503111571074 0.004833346232771873
0.004241532646119595 -0.005527670960873365 0.004208345897495747
0.004241532646119595 -0.005527670960873365 0.003708346048370004
0.004900540690869093 -0.006386503111571074 0.003083338961005211
0.004900540690869093 -0.006386503111571074 0.002833336126059294
0.004241532646119595 -0.005527670960873365 0.002208328805863857
0.004241532646119595 -0.005527670960873365 0.001708326977677643
0.005013369489461184 -0.006533544044941664 0.001083330367691815
0.00509971659630537 -0.00664607435464859 0.0008333317236974835
0.005387539975345135 -0.007021176628768444 0.01410000026226044
0.005069183651357889 -0.006606286391615868 0.01370830740779638
0.005218212492763996 -0.00680050440132618 0.0002083340950775892
0.005036384798586369 -0.006563538685441017 0.01308330707252026
0.004950037691742182 -0.006451008841395378 0.01283330656588078
0.004241532646119595 -0.005527670960873365 0.01220830716192722
0.004241532646119595 -0.005527670960873365 0.01170830707997084
0.004900540690869093 -0.006386503111571074 0.01108330674469471
0.004900540690869093 -0.006386503111571074 0.0108333071693778
0.004241532646119595 -0.005527670960873365 0.01020830683410168
0.004241532646119595 -0.005527670960873365 0.00970830675214529
0.004900540690869093 -0.006386503111571074 0.009083306416869164
0.004900540690869093 -0.006386503111571074 0.008833306841552258
0.004241532646119595 -0.005527670960873365 0.008208306506276131
0.004241532646119595 -0.005527670960873365 0.007708307821303606
0.005462672095745802 -0.006228977348655462 0.01310413982719183
0.005369149148464203 -0.006122335325926542 0.01285414025187492
0.00459397817030549 -0.005238426383584738 0.0122291399165988
0.00459397817030549 -0.005238426383584738 0.01172913983464241
0.005307745654135942 -0.006052318494766951 0.01110413949936628
0.005307745654135942 -0.006052318494766951 0.01085413992404938
0.00459397817030549 -0.005238426383584738 0.01022913958877325
0.00459397817030549 -0.005238426383584738 0.009729139506816864
0.005307745654135942 -0.006052318494766951 0.009104140102863312
0.005307745654135942 -0.006052318494766951 0.008854139596223831
0.00459397817030549 -0.005238426383584738 0.008229139260947704
0.00459397817030549 -0.005238426383584738 0.00772914057597518
0.005307745654135942 -0.006052318494766951 0.007104153744876385
0.005307745654135942 -0.006052318494766951 0.006854159757494926
0.00459397817030549 -0.005238426383584738 0.006229173857718706
0.00459397817030549 -0.005238426383584738 0.005729179829359055
0.005307745654135942 -0.006052318494766951 0.005104179494082928
0.005307745654135942 -0.006052318494766951 0.004854179453104734
0.00459397817030549 -0.005238426383584738 0.004229179583489895
0.00459397817030549 -0.005238426383584738 0.003729179501533508
0.005307745654135942 -0.006052318494766951 0.003104172414168715
0.005307745654135942 -0.006052318494766951 0.002854169579222798
0.00459397817030549 -0.005238426383584738 0.002229162259027362
0.00459397817030549 -0.005238426383584738 0.001729160314425826
0.005422156304121017 -0.006182778626680374 0.001104163588024676
0.005515678785741329 -0.006289420649409294 0.0008541650022380054
0.005835211835801601 -0.00665378151461482 0.01410000026226044
0.005508740898221731 -0.006281513255089521 0.01372914016246796
0.005633474327623844 -0.006423743907362223 0.0002291673590661958
0.004926751367747784 -0.004926750436425209 0.006250007078051567
0.004926751367747784 -0.004926750436425209 0.005750013049691916
0.005692222621291876 -0.005692216567695141 0.005125013180077076
0.005692222621291876 -0.005692216567695141 0.004875013139098883
0.004926751367747784 -0.004926750436425209 0.004250013269484043
0.004926751367747784 -0.004926750436425209 0.003750012954697013
0.005692222621291876 -0.005692216567695141 0.00312500586733222
0.005692222621291876 -0.005692216567695141 0.002875003032386303
0.004926751367747784 -0.004926750436425209 0.002249995712190866
0.004926751367747784 -0.004926750436425209 0.001749993534758687
0.00580656249076128 -0.005806556902825832 0.001124996808357537
0.005906859878450632 -0.00590685335919261 0.0008749982807785273
0.00625789538025856 -0.006257894448935986 0.01410000026226044
0.005927443969994783 -0.005927443038672209 0.01374997291713953
0.006021876353770494 -0.00602187542244792 0.000250000593950972
0.005866729188710451 -0.005866722669452429 0.0131249725818634
0.005766431801021099 -0.005766425747424364 0.0128749730065465
0.004926751367747784 -0.004926750436425209 0.01224997267127037
0.004926751367747784 -0.004926750436425209 0.01174997258931398
0.005692222621291876 -0.005692216567695141 0.01112497318536043
0.005692222621291876 -0.005692216567695141 0.01087497267872095
0.004926751367747784 -0.004926750436425209 0.0102499732747674
0.004926751367747784 -0.004926750436425209 0.009749973192811012
0.005692222621291876 -0.005692216567695141 0.009124972857534885
0.005692222621291876 -0.005692216567695141 0.008874972350895405
0.004926751367747784 -0.004926750436425209 0.008249972946941853
0.004926751367747784 -0.004926750436425209 0.007749973796308041
0.005692222621291876 -0.005692216567695141 0.007124986965209246
0.005692222621291876 -0.005692216567695141 0.0068749925121665
0.0052384277805686 -0.004593976773321629 0.01227080635726452
0.0052384277805686 -0.004593976773321629 0.01177080627530813
0.006052323617041111 -0.005307740066200495 0.01114580594003201
0.006052323617041111 -0.005307740066200495 0.01089580543339252
0.0052384277805686 -0.004593976773321629 0.01027080602943897
0.0052384277805686 -0.004593976773321629 0.009770805947482586
0.006052323617041111 -0.005307740066200495 0.009145805612206459
0.006052323617041111 -0.005307740066200495 0.008895806036889553
0.0052384277805686 -0.004593976773321629 0.008270805701613426
0.0052384277805686 -0.004593976773321629 0.007770806550979614
0.006052323617041111 -0.005307740066200495 0.007145820185542107
0.006052323617041111 -0.005307740066200495 0.006895825732499361
0.0052384277805686 -0.004593976773321629 0.006270839832723141
0.0052384277805686 -0.004593976773321629 0.005770846735686064
0.006052323617041111 -0.005307740066200495 0.005145846400409937
0.006052323617041111 -0.005307740066200495 0.004895846825093031
0.0052384277805686 -0.004593976773321629 0.004270846489816904
0.0052384277805686 -0.004593976773321629 0.003770846640691161
0.006052323617041111 -0.005307740066200495 0.003145839320495725
0.006052323617041111 -0.005307740066200495 0.002895836485549808
0.0052384277805686 -0.004593976773321629 0.002270829398185015
0.0052384277805686 -0.004593976773321629 0.001770826755091548
0.00616501085460186 -0.005406563635915518 0.00114583014510572
0.006271651480346918 -0.005500085186213255 0.0008958315011113882
0.006653782911598682 -0.005835209041833878 0.01410000026226044
0.006323338486254215 -0.005545417778193951 0.0137708056718111
0.006381920538842678 -0.005596792325377464 0.0002708338724914938
0.006246756296604872 -0.005478252656757832 0.01314580626785755
0.006140114273875952 -0.005384729709476233 0.01289580576121807
0.006386507768183947 -0.004900534637272358 0.005166680086404085
0.006386507768183947 -0.004900534637272358 0.004916680045425892
0.005527672357857227 -0.004241531249135733 0.004291680175811052
0.005527672357857227 -0.004241531249135733 0.003791680093854666
0.006386507768183947 -0.004900534637272358 0.003166672773659229
0.006386507768183947 -0.004900534637272358 0.002916669938713312
0.005527672357857227 -0.004241531249135733 0.002291662851348519
0.005527672357857227 -0.004241531249135733 0.001791660091839731
0.006496039219200611 -0.004984581377357244 0.001166663365438581
0.00660856906324625 -0.005070928484201431 0.0009166647796519101
0.007021177560091019 -0.005387537647038698 0.01410000026226044
0.006694554816931486 -0.005136910825967789 0.01379163935780525
0.006712237372994423 -0.005150479264557362 0.0002916671219281852
0.006601053755730391 -0.005065161269158125 0.01316663902252913
0.006488522980362177 -0.004978813696652651 0.01291663944721222
0.005527672357857227 -0.004241531249135733 0.01229163911193609
0.005527672357857227 -0.004241531249135733 0.01179163902997971
0.006386507768183947 -0.004900534637272358 0.01116663869470358
0.006386507768183947 -0.004900534637272358 0.01091663911938667
0.005527672357857227 -0.004241531249135733 0.01029163878411055
0.005527672357857227 -0.004241531249135733 0.00979163870215416
0.006386507768183947 -0.004900534637272358 0.009166638366878033
0.006386507768183947 -0.004900534637272358 0.008916638791561127
0.005527672357857227 -0.004241531249135733 0.008291638456285
0.005527672357857227 -0.004241531249135733 0.007791639771312475
0.006386507768183947 -0.004900534637272358 0.00716665294021368
0.006386507768183947 -0.004900534637272358 0.006916658952832222
0.005527672357857227 -0.004241531249135733 0.006291673053056002
0.005527672357857227 -0.004241531249135733 0.005791679956018925
0.006693344563245773 -0.004472345113754272 0.01118747238069773
0.006693344563245773 -0.004472345113754272 0.01093747187405825
0.005793246906250715 -0.003870922839269042 0.01031247153878212
0.005793246906250715 -0.003870922839269042 0.009812471456825733
0.006693344563245773 -0.004472345113754272 0.009187472052872181
0.006693344563245773 -0.004472345113754272 0.0089374715462327
0.005793246906250715 -0.003870922839269042 0.008312472142279148
0.005793246906250715 -0.003870922839269042 0.007812472525984049
0.006693344563245773 -0.004472345113754272 0.007187486160546541
0.006693344563245773 -0.004472345113754272 0.006937491707503796
0.005793246906250715 -0.003870922839269042 0.006312505807727575
0.005793246906250715 -0.003870922839269042 0.005812513642013073
0.006693344563245773 -0.004472345113754272 0.005187513772398233
0.006693344563245773 -0.004472345113754272 0.00493751373142004
0.005793246906250715 -0.003870922839269042 0.004312513396143913
0.005793246906250715 -0.003870922839269042 0.00381251354701817
0.006693344563245773 -0.004472345113754272 0.003187506459653378
0.006693344563245773 -0.004472345113754272 0.002937503391876817
0.005793246906250715 -0.003870922839269042 0.002312496304512024
0.005793246906250715 -0.003870922839269042 0.001812493312172592
0.006798310205340385 -0.004542480688542128 0.001187496585771441
0.006916246842592955 -0.004621283151209354 0.000937497999984771
0.007358507253229618 -0.004916795529425144 0.01410000026226044
0.007039318326860666 -0.00470352079719305 0.01381247211247683
0.007011596113443375 -0.004684997256845236 0.0003125003713648766
0.006928026210516691 -0.00462915375828743 0.0131874717772007
0.006810089573264122 -0.004550351295620203 0.01293747220188379
0.005793246906250715 -0.003870922839269042 0.01231247186660767
0.005793246906250715 -0.003870922839269042 0.01181247178465128
0.006034013815224171 -0.003483738284558058 0.004333347082138062
0.006034013815224171 -0.003483738284558058 0.003833347000181675
0.006971518974751234 -0.004025003872811794 0.003208339912816882
0.006971518974751234 -0.004025003872811794 0.002958337077870965
0.006034013815224171 -0.003483738284558058 0.002333329757675529
0.006034013815224171 -0.003483738284558058 0.001833326532505453
0.007070609834045172 -0.004082214087247849 0.001208329806104302
0.007193447556346655 -0.004153134766966105 0.0009583312785252929
0.007664325181394815 -0.004424998536705971 0.01410000026226044
0.007355958689004183 -0.004246963188052177 0.0138333048671484
0.007278908509761095 -0.004202478099614382 0.000333333620801568
0.007226190064102411 -0.004172038286924362 0.01320830546319485
0.007103350944817066 -0.004101117141544819 0.01295830495655537
0.006034013815224171 -0.003483738284558058 0.01233330462127924
0.006034013815224171 -0.003483738284558058 0.01183330453932285
0.006971518974751234 -0.004025003872811794 0.0112083051353693
0.006971518974751234 -0.004025003872811794 0.01095830462872982
0.006034013815224171 -0.003483738284558058 0.01033330522477627
0.006034013815224171 -0.003483738284558058 0.009833305142819881
0.006971518974751234 -0.004025003872811794 0.009208304807543755
0.006971518974751234 -0.004025003872811794 0.008958305232226849
0.006034013815224171 -0.003483738284558058 0.008333304896950722
0.006034013815224171 -0.003483738284558058 0.00783330574631691
0.006971518974751234 -0.004025003872811794 0.007208318915218115
0.006971518974751234 -0.004025003872811794 0.006958324927836657
0.006034013815224171 -0.003483738284558058 0.006333339028060436
0.006034013815224171 -0.003483738284558058 0.005833347328007221
0.006971518974751234 -0.004025003872811794 0.005208346992731094
0.006971518974751234 -0.004025003872811794 0.004958346951752901
0.006248942576348782 -0.003081636037677526 0.01035413797944784
0.006248942576348782 -0.003081636037677526 0.009854137897491455
0.007219840306788683 -0.003560427110642195 0.009229137562215328
0.007219840306788683 -0.003560427110642195 0.008979137986898422
0.006248942576348782 -0.003081636037677526 0.008354137651622295
0.006248942576348782 -0.003081636037677526 0.007854138500988483
0.007219840306788683 -0.003560427110642195 0.007229152135550976
0.007219840306788683 -0.003560427110642195 0.00697915768250823
0.006248942576348782 -0.003081636037677526 0.006354172248393297
0.006248942576348782 -0.003081636037677526 0.005854180548340082
0.007219840306788683 -0.003560427110642195 0.005229180678725243
0.007219840306788683 -0.003560427110642195 0.004979180637747049
0.006248942576348782 -0.003081636037677526 0.00435418076813221
0.006248942576348782 -0.003081636037677526 0.00385418045334518
0.007219840306788683 -0.003560427110642195 0.003229173365980387
0.007219840306788683 -0.003560427110642195 0.00297917053103447
0.006248942576348782 -0.003081636037677526 0.002354163210839033
0.006248942576348782 -0.003081636037677526 0.001854159752838314
0.007311860099434853 -0.003605806035920978 0.001229163142852485
0.007439073175191879 -0.003668540623039007 0.0009791644988581538
0.007937325164675713 -0.003914253786206245 0.01410000026226044
0.007642921525985003 -0.003769069910049438 0.01385413762181997
0.007513233460485935 -0.003705115057528019 0.0003541668702382594
0.007494183257222176 -0.003695718012750149 0.01322913821786642
0.007366968784481287 -0.003632982959970832 0.01297913771122694
0.006248942576348782 -0.003081636037677526 0.01235413830727339
0.006248942576348782 -0.003081636037677526 0.011854138225317
0.007219840306788683 -0.003560427110642195 0.01122913789004087
0.007219840306788683 -0.003560427110642195 0.01097913831472397
0.007437245454639196 -0.003080603666603565 0.003000003984197974
0.006437111645936966 -0.002666337648406625 0.002374996664002538
0.006437111645936966 -0.002666337648406625 0.001874993089586496
0.007521115243434906 -0.003115343861281872 0.001249996363185346
0.007652159314602613 -0.003169623902067542 0.0009999978356063366
0.008176335133612156 -0.003386747092008591 0.01410000026226044
0.007898763753473759 -0.003271773224696517 0.01387497130781412
0.007713775616139174 -0.003195148659870028 0.0003750001487787813
0.007730768993496895 -0.003202185267582536 0.01324997097253799
0.007599723991006613 -0.003147904761135578 0.01299997139722109
0.006437111645936966 -0.002666337648406625 0.01237497106194496
0.006437111645936966 -0.002666337648406625 0.01187497097998857
0.007437245454639196 -0.003080603666603565 0.01124997064471245
0.007437245454639196 -0.003080603666603565 0.01099997106939554
0.006437111645936966 -0.002666337648406625 0.01037497073411942
0.006437111645936966 -0.002666337648406625 0.009874970652163029
0.007437245454639196 -0.003080603666603565 0.009249971248209476
0.007437245454639196 -0.003080603666603565 0.008999970741569996
0.006437111645936966 -0.002666337648406625 0.008374970406293869
0.006437111645936966 -0.002666337648406625 0.007874972186982632
0.007437245454639196 -0.003080603666603565 0.007249984890222549
0.007437245454639196 -0.003080603666603565 0.006999990902841091
0.006437111645936966 -0.002666337648406625 0.006375005003064871
0.006437111645936966 -0.002666337648406625 0.00587501423433423
0.007437245454639196 -0.003080603666603565 0.005250013899058104
0.007437245454639196 -0.003080603666603565 0.00500001385807991
0.006437111645936966 -0.002666337648406625 0.004375013988465071
0.006437111645936966 -0.002666337648406625 0.003875013906508684
0.007437245454639196 -0.003080603666603565 0.003250006819143891
0.007622803095728159 -0.002587588736787438 0.00902080349624157
0.006597716826945543 -0.002239621710032225 0.008395804092288017
0.006597716826945543 -0.002239621710032225 0.007895804941654205
0.007622803095728159 -0.002587588736787438 0.00727081811055541
0.007622803095728159 -0.002587588736787438 0.007020823657512665
0.006597716826945543 -0.002239621710032225 0.006395838223397732
0.006597716826945543 -0.002239621710032225 0.005895847454667091
0.007622803095728159 -0.002587588736787438 0.005270847585052252
0.007622803095728159 -0.002587588736787438 0.005020847544074059
0.006597716826945543 -0.002239621710032225 0.004395847674459219
0.006597716826945543 -0.002239621710032225 0.003895847592502832
0.007622803095728159 -0.002587588736787438 0.003270840272307396
0.007622803095728159 -0.002587588736787438 0.003020837437361479
0.006597716826945543 -0.002239621710032225 0.002395830349996686
0.006597716826945543 -0.002239621710032225 0.001895826309919357
0.007697573397308588 -0.00261296983808279 0.001270829583518207
0.00783188734203577 -0.002658562734723091 0.001020831055939198
0.008380331099033356 -0.00284473760984838 0.01410000026226044
0.008122174069285393 -0.00275710504502058 0.01389580406248569
0.0078798932954669 -0.002674861811101437 0.0003958333982154727
0.007934843190014362 -0.002693511778488755 0.01327080372720957
0.007800529710948467 -0.002647918649017811 0.01302080415189266
0.006597716826945543 -0.002239621710032225 0.01239580381661654
0.006597716826945543 -0.002239621710032225 0.01189580373466015
0.007622803095728159 -0.002587588736787438 0.0112708043307066
0.007622803095728159 -0.002587588736787438 0.01102080382406712
0.006597716826945543 -0.002239621710032225 0.01039580348879099
0.006597716826945543 -0.002239621710032225 0.009895804338157177
0.007622803095728159 -0.002587588736787438 0.00927080400288105
0.006730068475008011 -0.0018033153610304 0.001916659530252218
0.007840570993721485 -0.002100870478898287 0.00129166292026639
0.007977578788995743 -0.00213758135214448 0.001041664276272058
0.008548444136977196 -0.00229054712690413 0.01410000026226044
0.008311973884701729 -0.002227185061201453 0.01391663681715727
0.008011098951101303 -0.002146566286683083 0.0004166666476521641
0.008105434477329254 -0.002171840518712997 0.01329163741320372
0.007968427613377571 -0.002135129412636161 0.01304163690656424
0.006730068475008011 -0.0018033153610304 0.01241663750261068
0.006730068475008011 -0.0018033153610304 0.0119166374206543
0.007775718811899424 -0.002083493396639824 0.01129163708537817
0.007775718811899424 -0.002083493396639824 0.01104163657873869
0.006730068475008011 -0.0018033153610304 0.01041663717478514
0.006730068475008011 -0.0018033153610304 0.009916637092828751
0.007775718811899424 -0.002083493396639824 0.009291636757552624
0.007775718811899424 -0.002083493396639824 0.009041637182235718
0.006730068475008011 -0.0018033153610304 0.008416636846959591
0.006730068475008011 -0.0018033153610304 0.007916637696325779
0.007775718811899424 -0.002083493396639824 0.007291651330888271
0.007775718811899424 -0.002083493396639824 0.007041656877845526
0.006730068475008011 -0.0018033153610304 0.006416670978069305
0.006730068475008011 -0.0018033153610304 0.00591668114066124
0.007775718811899424 -0.002083493396639824 0.0052916812710464
0.007775718811899424 -0.002083493396639824 0.005041681230068207
0.006730068475008011 -0.0018033153610304 0.00441668089479208
0.006730068475008011 -0.0018033153610304 0.003916680812835693
0.007775718811899424 -0.002083493396639824 0.003291673725470901
0.007775718811899424 -0.002083493396639824 0.003041670890524983
0.006730068475008011 -0.0018033153610304 0.002416663803160191
0.006833601277321577 -0.001359286834485829 0.008437469601631165
0.006833601277321577 -0.001359286834485829 0.007937470450997353
0.007895337417721748 -0.001570476102642715 0.007312484085559845
0.007895337417721748 -0.001570476102642715 0.007062489632517099
0.006833601277321577 -0.001359286834485829 0.006437504198402166
0.006833601277321577 -0.001359286834485829 0.005937514360994101
0.007895337417721748 -0.001570476102642715 0.005312514491379261
0.007895337417721748 -0.001570476102642715 0.005062514450401068
0.006833601277321577 -0.001359286834485829 0.004437514580786228
0.006833601277321577 -0.001359286834485829 0.003937514498829842
0.007895337417721748 -0.001570476102642715 0.003312507411465049
0.007895337417721748 -0.001570476102642715 0.003062504343688488
0.006833601277321577 -0.001359286834485829 0.002437497256323695
0.006833601277321577 -0.001359286834485829 0.001937492867000401
0.007949594408273697 -0.001581268385052681 0.001312496140599251
0.008088709786534309 -0.001608940190635622 0.001062497496604919
0.0086799506098032 -0.001726548303849995 0.01410000026226044
0.008467122912406921 -0.001684214337728918 0.01393747050315142
0.008107058703899384 -0.001612593187019229 0.0004374998970888555
0.00824171956628561 -0.001639375579543412 0.01331247016787529
0.008102602325379848 -0.001611703541129827 0.01306246966123581
0.006833601277321577 -0.001359286834485829 0.01243747025728226
0.006833601277321577 -0.001359286834485829 0.01193747017532587
0.007895337417721748 -0.001570476102642715 0.01131246984004974
0.007895337417721748 -0.001570476102642715 0.01106247026473284
0.006833601277321577 -0.001359286834485829 0.01043746992945671
0.006833601277321577 -0.001359286834485829 0.009937469847500324
0.007895337417721748 -0.001570476102642715 0.009312469512224197
0.007895337417721748 -0.001570476102642715 0.009062469936907291
0.0087742879986763 -0.001155155710875988 0.01410000026226044
0.008586723357439041 -0.001130462507717311 0.01395830325782299
0.008164902217686176 -0.001074925530701876 0.001083330833353102
0.00816759280860424 -0.001075282809324563 0.0004583331465255469
0.008343012072145939 -0.001098374137654901 0.01333330292254686
0.008202385157346725 -0.001079860259778798 0.01308330334722996
0.006907871458679438 -0.000909437658265233 0.01245830301195383
0.006907871458679438 -0.000909437658265233 0.01195830292999744
0.007981147617101669 -0.001050733844749629 0.01133330259472132
0.007981147617101669 -0.001050733844749629 0.01108330301940441
0.006907871458679438 -0.000909437658265233 0.01045830268412828
0.006907871458679438 -0.000909437658265233 0.009958302602171898
0.007981147617101669 -0.001050733844749629 0.009333303198218346
0.007981147617101669 -0.001050733844749629 0.009083302691578865
0.006907871458679438 -0.000909437658265233 0.008458303287625313
0.006907871458679438 -0.000909437658265233 0.007958304136991501
0.007981147617101669 -0.001050733844749629 0.007333317305892706
0.007981147617101669 -0.001050733844749629 0.00708332285284996
0.006907871458679438 -0.000909437658265233 0.00645833695307374
0.006907871458679438 -0.000909437658265233 0.005958348046988249
0.007981147617101669 -0.001050733844749629 0.005333348177373409
0.007981147617101669 -0.001050733844749629 0.005083348136395216
0.006907871458679438 -0.000909437658265233 0.004458347801119089
0.006907871458679438 -0.000909437658265233 0.00395834818482399
0.007981147617101669 -0.001050733844749629 0.003333340864628553
0.007981147617101669 -0.001050733844749629 0.003083338029682636
0.006907871458679438 -0.000909437658265233 0.0024583307094872
0.006907871458679438 -0.000909437658265233 0.00195832597091794
0.008024275302886963 -0.001056411769241095 0.001333329360932112
0.008032780140638351 -0.0005264920764602721 0.007104156073182821
0.006952561903744936 -0.0004556940402835608 0.006479170173406601
0.006952561903744936 -0.0004556940402835608 0.005979181732982397
0.008032780140638351 -0.0005264920764602721 0.00535418139770627
0.008032780140638351 -0.0005264920764602721 0.005104181356728077
0.006952561903744936 -0.0004556940402835608 0.004479181487113237
0.006952561903744936 -0.0004556940402835608 0.003979181405156851
0.008032780140638351 -0.0005264920764602721 0.003354174317792058
0.008032780140638351 -0.0005264920764602721 0.003104171482846141
0.006952561903744936 -0.0004556940402835608 0.002479164162650704
0.006952561903744936 -0.0004556940402835608 0.001979159424081445
0.008064392022788525 -0.0005285640363581479 0.001354162581264973
0.008205928839743137 -0.0005378408241085708 0.001104164053685963
0.008831051178276539 -0.0005788165726698935 0.01410000026226044
0.008670029230415821 -0.0005682625924237072 0.01397913601249456
0.008192676119506359 -0.0005369752761907876 0.0004791664250660688
0.008408780209720135 -0.0005511362687684596 0.01335413660854101
0.008267243392765522 -0.0005418595392256975 0.01310413610190153
0.006952561903744936 -0.0004556940402835608 0.0124791357666254
0.006952561903744936 -0.0004556940402835608 0.01197913568466902
0.008032780140638351 -0.0005264920764602721 0.01135413628071547
0.008032780140638351 -0.0005264920764602721 0.01110413577407598
0.006952561903744936 -0.0004556940402835608 0.01047913637012243
0.006952561903744936 -0.0004556940402835608 0.009979136288166046
0.008032780140638351 -0.0005264920764602721 0.009354135952889919
0.008032780140638351 -0.0005264920764602721 0.009104136377573013
0.006952561903744936 -0.0004556940402835608 0.008479136042296886
0.006952561903744936 -0.0004556940402835608 0.007979136891663074
0.008032780140638351 -0.0005264920764602721 0.00735415006056428
0.008831051178276539 -0.0005788165726698935 0
0.0087742879986763 -0.001155155710875988 0
0.0086799506098032 -0.001726548303849995 0
0.008548444136977196 -0.00229054712690413 0
0.008380331099033356 -0.00284473760984838 0
0.008176335133612156 -0.003386747092008591 0
0.007937325164675713 -0.003914253786206245 0
0.007664325181394815 -0.004424998536705971 0
0.007358507253229618 -0.004916795529425144 0
0.007021177560091019 -0.005387537647038698 0
0.006653782911598682 -0.005835209041833878 0
0.00625789538025856 -0.006257894448935986 0
0.005835211835801601 -0.00665378151461482 0
0.005387539975345135 -0.007021176628768444 0
0.004916797857731581 -0.007358504924923182 0
0.004425000865012407 -0.007664324250072241 0
0.003914256114512682 -0.007937322370707989 0
0.003386749653145671 -0.008176334202289581 0
0.002844739938154817 -0.008380331099033356 0
0.00229054968804121 -0.008548444136977196 0
0.001726550282910466 -0.0086799506098032 0
0.001155157573521137 -0.008774287067353725 0
0.0005788185517303646 -0.008831051178276539 0
-0.0005788168055005372 -0.008831052109599113 0
-0.00115515582729131 -0.008774287067353725 0
-0.001726548187434673 -0.0086799506098032 0
-0.00229054712690413 -0.008548444136977196 0
-0.00284473760984838 -0.00838033203035593 0
-0.003386746626347303 -0.008176334202289581 0
-0.003914253320544958 -0.007937324233353138 0
-0.004424998536705971 -0.007664325647056103 0
-0.004916795063763857 -0.007358506321907043 0
-0.005387536715716124 -0.007021177094429731 0
-0.005835209041833878 -0.00665378337725997 0
-0.006257893983274698 -0.006257896311581135 0
-0.006653780583292246 -0.005835211835801601 0
-0.007021175697445869 -0.005387539975345135 0
-0.007358504459261894 -0.004916797857731581 0
-0.007664323784410954 -0.004425001330673695 0
-0.007937322370707989 -0.003914256580173969 0
-0.008176334202289581 -0.003386750351637602 0
-0.008380330167710781 -0.002844741567969322 0
-0.008548442274332047 -0.002290550153702497 0
-0.008679949678480625 -0.001726550981402397 0
-0.008774287067353725 -0.001155158854089677 0
-0.008831051178276539 -0.0005788197158835828 0
-0.008849999867379665 -2.040372981682026e-09 0
-0.008831051178276539 0.0005788155249319971 0
-0.008774287067353725 0.001155154779553413 0
-0.008679949678480625 0.001726547139696777 0
-0.008548444136977196 0.002290546661242843 0
-0.008380331099033356 0.002844737144187093 0
-0.007937324233353138 0.003914252854883671 0
-0.007664325181394815 0.004424998536705971 0
-0.007358507253229618 0.004916795063763857 0
-0.007021177560091019 0.005387536715716124 0
-0.006653783842921257 0.00583520857617259 0
-0.006257896311581135 0.006257893983274698 0
-0.005835211370140314 0.006653781048953533 0
-0.005387539509683847 0.007021175697445869 0
-0.004916796926409006 0.007358504459261894 0
-0.004425000865012407 0.007664323784410954 0
-0.003914256114512682 0.007937323302030563 0
-0.002844740403816104 0.008380331099033356 0
-0.002290549455210567 0.008548444136977196 0
-0.001726549933664501 0.008679949678480625 0
-0.001155157573521137 0.008774287067353725 0
-0.0005788184353150427 0.008831051178276539 0
-6.262549923086169e-10 0.008849999867379665 0
0.0005788170383311808 0.008831051178276539 0
0.001155156409367919 0.0087742879986763 0
0.00172654923517257 0.0086799506098032 0
0.002290548291057348 0.008548444136977196 0
0.002844739006832242 0.008380331099033356 0
0.003386747790500522 0.008176334202289581 0
0.003914254251867533 0.007937323302030563 0
0.004424999933689833 0.007664325181394815 0
0.004916796926409006 0.007358506321907043 0
0.00538753904402256 0.007021177094429731 0
0.005835210438817739 0.00665378151461482 0
0.006257894914597273 0.006257894914597273 0
0.006653781980276108 0.005835209973156452 0
0.007021176628768444 0.005387538578361273 0
0.007358505390584469 0.004916796460747719 0
0.007664325181394815 0.00442500039935112 0
0.007937324233353138 0.003914255183190107 0
0.008176334202289581 0.003386748721823096 0
0.008380330167710781 0.002844739239662886 0
0.008548443205654621 0.002290548523887992 0
0.008679949678480625 0.001726549351587892 0
0.008774287067353725 0.001155156875029206 0
0.008831051178276539 0.0005788176786154509 0
3 1 0 157
2985
2986
2987
2988
2989
2990
2991
2992
2993
2994
2995
2996
2997
2998
2999
3000
3001
3002
3003
3004
3005
3006
3007
3008
3009
3010
3011
3012
3013
3014
3015
3016
3017
3018
3019
3020
3021
3022
3023
3024
3025
3026
3027
3028
3029
3030
3031
3032
3033
3034
3035
3036
3037
3038
3039
3040
3041
3042
3043
3044
3045
3046
3047
3048
3049
3050
3051
3052
3053
3054
3055
3056
3057
3058
3059
3060
3061
3062
3063
3064
3065
3066
3067
3068
3069
3070
3071
3072
3073
3074
3075
3076
3077
3078
3079
3080
3081
3082
3083
3084
3085
3086
3087
3088
3089
3090
3091
3092
3093
3094
3095
3096
3097
3098
3099
3100
3101
3102
3103
3104
3105
3106
3107
3108
3109
3110
3111
3112
3113
3114
3115
3116
3117
3118
3119
3120
3121
3122
3123
3124
3125
3126
3127
3128
3129
3130
3131
3132
3133
3134
3135
3136
3137
3138
3139
3140
3141
-0.01043820101144663 -0.008136603952762313 0.002892440970058279
0.004426747181801462 0.01334215396937586 0.01391296076655705
-0.012379123489298 0.002724454788482919 0.004249265761298965
0.007959116515447758 0.007918490580640328 0.01185839321882231
-0.008486889749308548 -0.008519720153001445 0.002971485856864308
-0.002866971721629245 -0.01109885102136645 0.003049875219794301
0.01104902791770115 -0.003626593681024799 0.01143561549748801
0.003126734476412832 -0.01165038504709323 0.002758622390864088
0.01078888531387591 0.002777722426022447 0.01128798039787101
0.008799318807012834 -0.008104235937331401 0.002837246797697666
0.01126940975748552 -0.003406326797637663 0.002218278340688796
0.002161234100139105 -0.01190079993809968 0.01149530555388473
-0.01093712926693263 -0.006816867505938917 0.006722764414778122
-0.005196465287961584 -0.01112280942522255 0.007338236298030945
-0.001116407526808195 -0.01110379168927418 0.01171182195483981
0.0002838826925765865 -0.01282907007822463 0.006516761315952142
-0.01148419722028281 -0.001899666029384468 0.004046108102024885
0.01181247568777926 -0.005372108651692601 0.00506287654663498
0.003682219140996146 0.01132505722133769 0.01113452755477135
-0.0001170920949397686 0.0130474369954351 0.006364702595368314
0.003804474727123277 0.0122495299747555 0.007008930829901657
-0.0100774877582503 0.007817918796316789 0.006412242064443303
0.009946015026925697 0.00532266574819845 0.01182089732648101
0.009947055219655866 0.005278039630837022 0.002395833493210375
0.006364989603930825 -0.009946354427176214 0.006892838701002957
-0.0005303732089185652 -0.01095119849469637 0.002620483581127008
-0.001940331881868686 0.01175440913904385 0.01101426905667047
-0.004509628268828633 0.01167933308092573 0.008341171407943401
-0.005283294889144369 0.009893958776815898 0.01189582329243422
-0.01070110719711522 0.003561531780102098 0.002103302822759038
0.01025155825417911 0.007451923382788364 0.007741360958575556
-0.008148675156463269 0.007750444388185608 0.01269115504635005
-0.011636919985044 0.004167964455709251 0.01058874010810007
-0.01052616203811928 0.001707551373134759 0.01220831833779812
-0.00862827217172134 0.005675957520033002 0.001852164503831411
-0.007114028237578989 0.008901338667450819 0.004497671751029252
0.009066501004643261 -0.004559636118404297 0.01179583332121715
-0.009548604358505157 0.005074558233923476 0.01210415316745639
-0.006802468293187174 0.008331970430044357 0.001958330860361456
-0.004380466187480545 0.009678874487575565 0.001874997571576387
0.008547893542134928 -0.005697904580968753 0.002002797070990527
-0.003962084128551408 -0.01072783667103417 0.01042196821411707
0.005909431903829993 -0.008236573660357328 0.01186346563469015
0.01083685842649458 -0.007290960736466683 0.007517752231114894
-0.01241915934949281 -0.003716879401161336 0.007805957467592684
0.009918556387632983 -0.001643490789061162 0.002249803733217079
0.005690392381780344 -0.008597780674430105 0.002140713515071035
-0.01099135044123749 -0.005232641464481334 0.003694303172635451
0.003523883701679176 -0.009346060237469873 0.01183771575044637
0.01220198844702748 -0.0021163963935333 0.007292689804214378
0.001810347390104076 0.01117504369973221 0.008708325680345297
0.001337853885691232 0.0114032545588892 0.01222926524263106
-0.01148438555122675 0.0009198640405384795 0.007037721629753417
0.002648338309416143 -0.01150867083838005 0.00781248277053237
0.005179872983428822 0.009464351627734279 0.009928543392256024
-0.005341328321084471 -0.009078771182339091 0.004033811362006011
0.005230288587567128 0.009286750155030905 0.01249999809639847
-0.009426265281720275 0.005202862605635113 0.004955991033974935
-0.007162580463845924 -0.007383447086933859 0.005963755817164806
-0.006479498712241024 0.008520105502390525 0.008261121140239148
-0.008788768246239916 -0.005807252163458953 0.001710980947217982
0.003113829770335507 0.01110624033805569 0.003052870909855328
0.007685078793538034 0.009939954222607935 0.005725202977949109
-0.00155092618153063 0.01142075261417063 0.003058359199010692
-0.008434903374512161 -0.007779816696103709 0.01147125726617288
-0.001778331988922061 -0.01097892058842232 0.008952864430412797
0.009501987610739905 -0.006986381034286043 0.01145228800293458
-0.002466791606278777 0.01073007681852513 0.008812490850687027
0.0120165154285873 0.003483739333366219 0.007054069098052492
0.01021338556654801 -0.003848883501096925 0.009124970994889736
0.01080791045829019 0.002955870859190014 0.002821006254314215
0.008989975038556692 -0.005356827181909447 0.004603925050597596
-0.003224986135644212 -0.01038234643471035 0.01249331878117818
-0.00640841018762487 -0.008676439680754921 0.01242894178930464
-0.006519775392361639 -0.008003712736322713 0.001725261164383155
0.006064901556337925 0.008156018454205844 0.001586074874672528
-0.009209652031945056 0.006700296218426088 0.009723563385112492
0.004645619713863435 -0.00932100397735844 0.004785552035153873
-0.004100141787825322 -0.009148054958494765 0.007025585473508501
-0.009497933371296794 -0.00520989192108247 0.01032080881723215
-0.01014149983246572 -0.00250285590764429 0.007168849547424014
0.001672839710433753 0.01023614792700202 0.005465599789818404
0.002988554161635846 0.009871115958560009 0.01269977854209984
0.001798523450395527 0.009689866423228416 0.01063046977493287
-0.006627791161474448 -0.006547549016157259 0.01223243957360237
0.004732510741661753 0.009140643405706212 0.00177925062826416
-0.003047106269799442 0.01002601589074025 0.01285394980259411
-0.01018224889800024 -0.004244099035347283 0.001726183239971308
-0.008269995272335779 -0.005830051751665118 0.01230304721383504
0.003408898777639698 0.009245969837051579 0.001597136347448462
0.01030611207137734 -0.0003031277974077148 0.004249999648891389
-0.0003197747122227966 0.01081324362380648 0.006749997613951564
0.007295665921538208 -0.007837153748602962 0.006375504553748801
0.001189210808286644 -0.01009667895939012 0.009745070203306548
0.001178403839234973 -0.01041221639450372 0.004716028361323808
-0.01064157071816772 0.0001119666218443675 0.009690382540005035
-0.007879385723292345 -0.006422214106446714 0.003458338789641857
-0.008565365845609558 -0.004729944681962508 0.01247761182455484
0.001468187519529002 0.00898782321583759 0.001181070630243666
-0.0004032902767430719 0.01065202402966577 0.00198001747061996
-0.007645554023531283 0.007154633202708756 0.004020838881842792
0.009747580023818149 -0.002992624126280684 0.004145843908190727
-0.001796426249325617 -0.01012475905782396 0.005319108523366871
0.004777674705634183 -0.009010927767631533 0.009895808063447475
0.0003190270480178864 -0.009851903264926807 0.01201557215325773
0.006286763399583927 0.008780945335526275 0.003562502097338438
0.01072894557561896 -0.0004816367853183668 0.009656805689591682
-0.003710578879244167 0.01001392337163455 0.005390106784161697
0.009820472884516675 0.0003156073825916941 0.002203018258606906
-0.0001898456313424324 0.009938652045003401 0.01067820048460681
-0.001096605409861715 -0.009937989641485383 0.01280928029639508
0.008026307675913226 0.006369485594068885 0.005167511763560324
0.009098621166342576 -0.004053050564599306 0.002045550661605261
-0.0006718148509598806 0.01012796242758034 0.0126614736661692
0.001545838216416326 -0.009545414405315804 0.01285127373506494
-0.008481226184347665 -0.003173612564495195 0.01292731852901112
-0.0002880549804431203 0.009844232057030633 0.008749991655349731
0.0002786020115165758 0.009045553203481101 0.001171898762103653
-0.006798937508253215 -0.008131130868529242 0.009054622575964493
0.008740446192183378 0.007757579617104423 0.0024221035346933
-0.009542644732445057 0.003473438405873883 0.008601886002393044
-0.01060991834051976 -0.002202454245245545 0.01170571887936373
-0.002192449020776056 0.009553480467089318 0.01081249117851257
-0.004168336468887642 0.009251375011960819 0.009434641112402496
0.01049172419991486 -0.001018401286880168 0.01243090910326853
0.007099004159424926 0.007456246649350501 0.008321344680223691
-0.008529443300459471 -0.004484926329904957 0.003428744975647408
-0.0105228625210496 4.797057056915323e-05 0.003839039879737885
-0.009499352365115839 -0.002663252933243965 0.004178456677596997
-0.008519455292383066 -0.005362072840177977 0.007424996800487546
0.007358681413023398 -0.006938998479266401 0.004000009503215551
-0.008767335338587052 -0.002024521601241383 0.01293391686285302
-0.008814132710356163 0.0007884857129571487 0.01296115423687037
0.009740187497853801 -0.002470919243238542 0.006616890397357896
0.007371101183773211 -0.007876412418042742 0.009333821622065712
-0.000900713940620927 0.008947115588181936 0.001165590442821625
0.003790413978898894 0.009160331538745783 0.007579578974816597
-0.006703592561406764 0.006934711179833714 0.01054749712533858
0.01004452993169654 0.00096008202586863 0.007010547502538288
-0.003747819093639641 0.008213804756997688 0.001157175103733158
0.008948688483752965 0.004796610219057034 0.006911527703165451
0.004840651734256814 0.008920122869385011 0.005644667797988744
0.001690597400851656 -0.01020421789238399 0.00191827486272894
0.003953709668986298 -0.009329223518872687 0.001939171635957598
0.0002672506715188997 -0.01002159957238731 0.007305490756512913
0.001246227047617894 0.009359959204760925 0.01220672147900767
0.008633988688113487 -0.005512475388868144 0.008094004176224804
-0.008625654766507956 0.00420593889323415 0.003143571885974289
-0.0104994814764252 -0.002085572247254978 0.00146317130564592
-0.01065236758721467 0.0005013967526017164 0.001691060522001719
0.003435977445338861 0.009116311714248098 0.009624993894249201
-0.008674716174845061 -0.004675507478434872 0.005416671745479107
0.003381965000796568 0.008917835168489915 0.01153084515148553
-0.008898988943791153 -0.000855360431093894 0.01293760270557023
-0.009974081513448523 0.002310792878192095 0.005155412742277763
-0.004217306012720087 -0.01014568993755594 0.001408044003761609
-0.002049390689923095 0.008696055015364362 0.001162197935253555
$EndNodes
$Elements
2 15025 1 15025
2 1 2 5968
1 1 2 3 
2 43 2 1 
3 1 3 4 
4 39 1 4 
5 43 1 39 
6 2 48 3 
7 43 66 2 
8 2 49 48 
9 49 2 897 
10 2 64 63 
11 63 1164 2 
12 2 66 64 
13 2 583 582 
14 2 582 1110 
15 2 1164 583 
16 2 938 897 
17 2 953 938 
18 2 994 953 
19 2 1009 994 
20 2 1052 1009 
21 2 1068 1052 
22 2 1110 1068 
23 4 3 48 
24 4 14 13 
25 4 13 83 
26 4 47 14 
27 39 4 36 
28 4 83 36 
29 4 48 47 
30 5 6 7 
31 20 6 5 
32 5 7 8 
33 35 5 8 
34 34 20 5 
35 34 5 35 
36 6 57 7 
37 20 55 6 
38 6 54 53 
39 6 53 2542 
40 6 55 54 
41 6 56 57 
42 6 2321 56 
43 6 250 249 
44 6 249 2321 
45 6 2374 250 
46 6 2415 2374 
47 6 2457 2415 
48 6 2471 2457 
49 6 2501 2471 
50 6 2542 2501 
51 8 7 57 
52 8 10 9 
53 8 9 76 
54 8 58 10 
55 35 8 77 
56 8 57 58 
57 8 76 77 
58 9 10 11 
59 9 11 12 
60 76 9 12 
61 10 60 11 
62 10 57 56 
63 56 2097 10 
64 10 58 57 
65 10 59 60 
66 59 10 1888 
67 10 1929 1888 
68 10 1944 1929 
69 10 1985 1944 
70 10 2000 1985 
71 10 2041 2000 
72 10 2056 2041 
73 10 2097 2056 
74 12 11 60 
75 61 42 12 
76 42 81 12 
77 12 60 62 
78 61 12 62 
79 76 12 81 
80 13 14 15 
81 13 15 16 
82 29 13 16 
83 29 83 13 
84 14 51 15 
85 14 47 48 
86 14 48 49 
87 49 692 14 
88 14 50 51 
89 14 457 50 
90 14 504 457 
91 14 519 504 
92 14 560 519 
93 14 575 560 
94 14 621 575 
95 14 636 621 
96 14 677 636 
97 14 692 677 
98 16 15 51 
99 16 18 17 
100 33 16 17 
101 16 52 18 
102 33 29 16 
103 16 51 52 
104 17 18 19 
105 17 19 20 
106 33 17 20 
107 18 54 19 
108 18 51 50 
109 18 50 184 
110 18 52 51 
111 18 53 54 
112 18 2780 53 
113 18 94 93 
114 18 93 2877 
115 18 168 94 
116 18 184 168 
117 18 2822 2780 
118 18 2835 2822 
119 18 2877 2835 
120 20 19 54 
121 33 20 34 
122 20 54 55 
123 21 22 23 
124 22 21 2919 
125 21 23 24 
126 76 21 24 
127 81 21 76 
128 21 79 78 
129 21 78 2928 
130 21 82 79 
131 81 82 21 
132 21 2920 2919 
133 21 2921 2920 
134 21 2922 2921 
135 21 2923 2922 
136 21 2924 2923 
137 21 2925 2924 
138 21 2926 2925 
139 21 2927 2926 
140 2927 21 2928 
141 40 23 22 
142 40 22 2912 
143 22 2251 2915 
144 22 2916 2251 
145 22 2913 2912 
146 22 2914 2913 
147 22 2915 2914 
148 22 2917 2916 
149 22 2918 2917 
150 22 2919 2918 
151 77 24 23 
152 40 84 23 
153 77 23 84 
154 76 24 77 
155 25 26 27 
156 25 34 26 
157 25 27 28 
158 25 28 2897 
159 25 30 29 
160 25 29 33 
161 25 31 30 
162 25 46 31 
163 25 33 34 
164 46 25 2982 
165 25 2893 102 
166 25 102 2984 
167 25 2894 2893 
168 25 2895 2894 
169 25 2896 2895 
170 2896 25 2897 
171 25 2983 2982 
172 25 2984 2983 
173 34 27 26 
174 40 28 27 
175 34 41 27 
176 40 27 41 
177 2903 28 40 
178 28 2898 2897 
179 28 2899 2898 
180 28 2900 2899 
181 28 2901 2900 
182 28 2902 2901 
183 28 2903 2902 
184 29 30 31 
185 29 31 32 
186 29 32 71 
187 29 71 83 
188 71 32 31 
189 71 31 46 
190 35 41 34 
191 35 40 41 
192 77 40 35 
193 36 37 38 
194 36 73 37 
195 36 38 39 
196 36 74 73 
197 83 74 36 
198 38 37 73 
199 39 38 75 
200 38 70 69 
201 38 69 75 
202 70 38 2951 
203 38 73 72 
204 2956 38 72 
205 38 1014 2955 
206 38 2956 1014 
207 38 2952 2951 
208 38 2953 2952 
209 38 2954 2953 
210 38 2955 2954 
211 43 39 44 
212 39 75 44 
213 77 84 40 
214 2904 2903 40 
215 40 2905 2904 
216 40 2906 2905 
217 40 2907 2906 
218 40 2908 2907 
219 40 2909 2908 
220 40 2910 2909 
221 40 2911 2910 
222 40 2912 2911 
223 42 43 44 
224 61 43 42 
225 42 44 45 
226 42 45 81 
227 61 65 43 
228 43 65 64 
229 43 64 66 
230 44 67 45 
231 44 68 67 
232 44 69 68 
233 44 75 69 
234 45 67 80 
235 45 80 81 
236 2972 71 46 
237 2973 2972 46 
238 46 2974 2973 
239 46 2975 2974 
240 46 2976 2975 
241 46 2977 2976 
242 46 2978 2977 
243 46 2979 2978 
244 46 2980 2979 
245 46 2981 2980 
246 2981 46 2982 
247 49 733 692 
248 49 747 733 
249 49 788 747 
250 49 830 788 
251 49 841 830 
252 49 882 841 
253 49 897 882 
254 50 226 184 
255 50 241 226 
256 50 288 241 
257 50 289 288 
258 50 304 289 
259 50 345 304 
260 50 360 345 
261 50 401 360 
262 50 443 401 
263 50 457 443 
264 53 2557 2542 
265 53 2598 2557 
266 53 2613 2598 
267 53 2654 2613 
268 53 2669 2654 
269 53 2710 2669 
270 53 2724 2710 
271 53 2765 2724 
272 53 2780 2765 
273 56 2111 2097 
274 56 2149 2111 
275 56 2190 2149 
276 56 2205 2190 
277 56 2246 2205 
278 56 2263 2246 
279 56 2305 2263 
280 56 2321 2305 
281 61 60 59 
282 61 59 1654 
283 59 1695 1654 
284 59 1710 1695 
285 59 1751 1710 
286 59 1766 1751 
287 59 1807 1766 
288 59 1832 1807 
289 59 1873 1832 
290 1873 59 1888 
291 61 62 60 
292 61 63 64 
293 63 61 1431 
294 61 64 65 
295 61 476 475 
296 61 475 1447 
297 61 1500 476 
298 61 1447 1431 
299 61 1542 1500 
300 61 1583 1542 
301 61 1598 1583 
302 61 1639 1598 
303 1639 61 1654 
304 63 1205 1164 
305 63 1220 1205 
306 63 1261 1220 
307 63 1276 1261 
308 63 1317 1276 
309 63 1332 1317 
310 63 1373 1332 
311 63 1389 1373 
312 1389 63 1431 
313 67 68 69 
314 67 69 70 
315 67 70 2943 
316 67 78 79 
317 78 67 2937 
318 67 79 80 
319 67 2938 2937 
320 67 2939 2938 
321 67 2940 2939 
322 67 2941 2940 
323 67 2942 2941 
324 67 2943 2942 
325 70 1378 2944 
326 70 2945 1378 
327 70 2944 2943 
328 70 2946 2945 
329 70 2947 2946 
330 70 2948 2947 
331 70 2949 2948 
332 70 2950 2949 
333 2950 70 2951 
334 71 72 73 
335 72 71 2965 
336 71 73 74 
337 83 71 74 
338 71 2966 2965 
339 71 2967 2966 
340 71 2968 2967 
341 71 2969 2968 
342 71 2970 2969 
343 71 2971 2970 
344 71 2972 2971 
345 2957 2956 72 
346 72 2958 2957 
347 72 2959 2958 
348 72 2960 2959 
349 72 2961 2960 
350 72 2962 2961 
351 72 2963 2962 
352 72 2964 2963 
353 72 2965 2964 
354 78 2929 2928 
355 78 2930 2929 
356 78 2931 2930 
357 78 2932 2931 
358 78 2933 2932 
359 78 2934 2933 
360 78 2935 2934 
361 2935 78 2936 
362 2936 78 2937 
363 81 80 79 
364 81 79 82 
365 85 86 87 
366 144 86 85 
367 85 87 88 
368 2873 85 88 
369 2872 144 85 
370 2872 85 2873 
371 86 165 87 
372 144 143 86 
373 143 164 86 
374 86 164 165 
375 88 87 89 
376 87 166 89 
377 87 165 166 
378 88 89 90 
379 2874 88 90 
380 2873 88 2874 
381 90 89 91 
382 89 167 91 
383 89 166 167 
384 90 91 92 
385 2875 90 92 
386 2874 90 2875 
387 92 91 97 
388 91 170 97 
389 91 167 170 
390 92 97 98 
391 2876 92 98 
392 2875 92 2876 
393 93 94 95 
394 93 95 96 
395 2877 93 96 
396 94 169 95 
397 94 168 169 
398 96 95 99 
399 95 171 99 
400 95 169 171 
401 96 99 100 
402 2878 96 100 
403 2877 96 2878 
404 98 97 101 
405 97 172 101 
406 97 170 172 
407 98 101 102 
408 2879 98 102 
409 2876 98 2879 
410 100 99 103 
411 99 173 103 
412 99 171 173 
413 100 103 104 
414 2880 100 104 
415 2878 100 2880 
416 101 2984 102 
417 101 172 2983 
418 101 2983 2984 
419 2879 102 2893 
420 104 103 105 
421 103 174 105 
422 103 173 174 
423 104 105 106 
424 2881 104 106 
425 2880 104 2881 
426 106 105 107 
427 105 145 107 
428 105 174 145 
429 106 107 108 
430 2882 106 108 
431 2881 106 2882 
432 108 107 109 
433 107 146 109 
434 107 145 146 
435 108 109 110 
436 2883 108 110 
437 2882 108 2883 
438 110 109 111 
439 109 147 111 
440 109 146 147 
441 110 111 112 
442 2884 110 112 
443 2883 110 2884 
444 112 111 113 
445 111 148 113 
446 111 147 148 
447 112 113 114 
448 2885 112 114 
449 2884 112 2885 
450 114 113 115 
451 113 149 115 
452 113 148 149 
453 114 115 116 
454 2886 114 116 
455 2885 114 2886 
456 116 115 117 
457 115 150 117 
458 115 149 150 
459 116 117 118 
460 2887 116 118 
461 2886 116 2887 
462 118 117 119 
463 117 151 119 
464 117 150 151 
465 118 119 120 
466 2888 118 120 
467 2887 118 2888 
468 120 119 121 
469 119 152 121 
470 119 151 152 
471 120 121 122 
472 2889 120 122 
473 2888 120 2889 
474 122 121 123 
475 121 153 123 
476 121 152 153 
477 122 123 124 
478 2890 122 124 
479 2889 122 2890 
480 124 123 125 
481 123 154 125 
482 123 153 154 
483 124 125 126 
484 2891 124 126 
485 2890 124 2891 
486 126 125 127 
487 125 155 127 
488 125 154 155 
489 126 127 128 
490 2892 126 128 
491 2891 126 2892 
492 128 127 129 
493 127 156 129 
494 127 155 156 
495 128 129 130 
496 2864 128 130 
497 2892 128 2864 
498 130 129 131 
499 129 157 131 
500 129 156 157 
501 130 131 132 
502 2865 130 132 
503 2864 130 2865 
504 132 131 133 
505 131 158 133 
506 131 157 158 
507 132 133 134 
508 2866 132 134 
509 2865 132 2866 
510 134 133 135 
511 133 159 135 
512 133 158 159 
513 134 135 136 
514 2867 134 136 
515 2866 134 2867 
516 136 135 137 
517 135 160 137 
518 135 159 160 
519 136 137 138 
520 2868 136 138 
521 2867 136 2868 
522 138 137 139 
523 137 161 139 
524 137 160 161 
525 138 139 140 
526 2869 138 140 
527 2868 138 2869 
528 140 139 141 
529 139 162 141 
530 139 161 162 
531 140 141 142 
532 2870 140 142 
533 2869 140 2870 
534 142 141 143 
535 141 163 143 
536 141 162 163 
537 142 143 144 
538 2871 142 144 
539 2870 142 2871 
540 143 163 164 
541 2871 144 2872 
542 145 192 146 
543 174 191 145 
544 145 191 192 
545 146 193 147 
546 146 192 193 
547 147 194 148 
548 147 193 194 
549 148 195 149 
550 148 194 195 
551 149 196 150 
552 149 195 196 
553 150 197 151 
554 150 196 197 
555 151 198 152 
556 151 197 198 
557 152 199 153 
558 152 198 199 
559 153 200 154 
560 153 199 200 
561 154 201 155 
562 154 200 201 
563 155 202 156 
564 155 201 202 
565 156 203 157 
566 156 202 203 
567 157 204 158 
568 157 203 204 
569 158 175 159 
570 158 204 175 
571 159 176 160 
572 159 175 176 
573 160 177 161 
574 160 176 177 
575 161 178 162 
576 161 177 178 
577 162 179 163 
578 162 178 179 
579 163 180 164 
580 163 179 180 
581 164 181 165 
582 164 180 181 
583 165 182 166 
584 165 181 182 
585 166 183 167 
586 166 182 183 
587 167 186 170 
588 167 183 186 
589 168 185 169 
590 168 184 185 
591 169 187 171 
592 169 185 187 
593 170 188 172 
594 170 186 188 
595 171 189 173 
596 171 187 189 
597 172 188 2982 
598 172 2982 2983 
599 173 190 174 
600 173 189 190 
601 174 190 191 
602 175 218 176 
603 204 217 175 
604 175 217 218 
605 176 219 177 
606 176 218 219 
607 177 220 178 
608 177 219 220 
609 178 221 179 
610 178 220 221 
611 179 222 180 
612 179 221 222 
613 180 223 181 
614 180 222 223 
615 181 224 182 
616 181 223 224 
617 182 225 183 
618 182 224 225 
619 183 228 186 
620 183 225 228 
621 184 227 185 
622 184 226 227 
623 185 229 187 
624 185 227 229 
625 186 230 188 
626 186 228 230 
627 187 231 189 
628 187 229 231 
629 188 230 2981 
630 188 2981 2982 
631 189 232 190 
632 189 231 232 
633 190 233 191 
634 190 232 233 
635 191 234 192 
636 191 233 234 
637 192 205 193 
638 192 234 205 
639 193 206 194 
640 193 205 206 
641 194 207 195 
642 194 206 207 
643 195 208 196 
644 195 207 208 
645 196 209 197 
646 196 208 209 
647 197 210 198 
648 197 209 210 
649 198 211 199 
650 198 210 211 
651 199 212 200 
652 199 211 212 
653 200 213 201 
654 200 212 213 
655 201 214 202 
656 201 213 214 
657 202 215 203 
658 202 214 215 
659 203 216 204 
660 203 215 216 
661 204 216 217 
662 205 255 206 
663 234 254 205 
664 205 254 255 
665 206 256 207 
666 206 255 256 
667 207 257 208 
668 207 256 257 
669 208 258 209 
670 208 257 258 
671 209 259 210 
672 209 258 259 
673 210 260 211 
674 210 259 260 
675 211 261 212 
676 211 260 261 
677 212 262 213 
678 212 261 262 
679 213 263 214 
680 213 262 263 
681 214 264 215 
682 214 263 264 
683 215 265 216 
684 215 264 265 
685 216 266 217 
686 216 265 266 
687 217 267 218 
688 217 266 267 
689 218 268 219 
690 218 267 268 
691 219 235 220 
692 219 268 235 
693 220 236 221 
694 220 235 236 
695 221 237 222 
696 221 236 237 
697 222 238 223 
698 222 237 238 
699 223 239 224 
700 223 238 239 
701 224 240 225 
702 224 239 240 
703 225 242 228 
704 225 240 242 
705 226 241 227 
706 229 227 241 
707 228 243 230 
708 228 242 243 
709 229 245 231 
710 241 244 229 
711 229 244 245 
712 230 243 2980 
713 230 2980 2981 
714 231 246 232 
715 231 245 246 
716 232 252 233 
717 232 246 252 
718 233 253 234 
719 233 252 253 
720 234 253 254 
721 235 282 236 
722 268 281 235 
723 235 281 282 
724 236 283 237 
725 236 282 283 
726 237 284 238 
727 237 283 284 
728 238 285 239 
729 238 284 285 
730 239 286 240 
731 239 285 286 
732 240 287 242 
733 240 286 287 
734 241 288 244 
735 242 291 243 
736 242 287 291 
737 243 291 2979 
738 243 2979 2980 
739 244 292 245 
740 288 290 244 
741 244 290 292 
742 245 293 246 
743 245 292 293 
744 246 294 252 
745 246 293 294 
746 247 248 249 
747 2306 248 247 
748 249 251 247 
749 247 251 2363 
750 2306 247 2308 
751 2308 247 2324 
752 247 2363 2324 
753 2321 249 248 
754 2305 248 2306 
755 2305 2321 248 
756 249 250 251 
757 250 2375 251 
758 250 2374 2375 
759 251 2377 2363 
760 251 2375 2377 
761 252 295 253 
762 252 294 295 
763 253 296 254 
764 253 295 296 
765 254 297 255 
766 254 296 297 
767 255 298 256 
768 255 297 298 
769 256 269 257 
770 256 298 269 
771 257 270 258 
772 257 269 270 
773 258 271 259 
774 258 270 271 
775 259 272 260 
776 259 271 272 
777 260 273 261 
778 260 272 273 
779 261 274 262 
780 261 273 274 
781 262 275 263 
782 262 274 275 
783 263 276 264 
784 263 275 276 
785 264 277 265 
786 264 276 277 
787 265 278 266 
788 265 277 278 
789 266 279 267 
790 266 278 279 
791 267 280 268 
792 267 279 280 
793 268 280 281 
794 269 315 270 
795 298 314 269 
796 269 314 315 
797 270 316 271 
798 270 315 316 
799 271 317 272 
800 271 316 317 
801 272 318 273 
802 272 317 318 
803 273 319 274 
804 273 318 319 
805 274 320 275 
806 274 319 320 
807 275 321 276 
808 275 320 321 
809 276 322 277 
810 276 321 322 
811 277 323 278 
812 277 322 323 
813 278 324 279 
814 278 323 324 
815 279 325 280 
816 279 324 325 
817 280 326 281 
818 280 325 326 
819 281 327 282 
820 281 326 327 
821 282 299 283 
822 282 327 299 
823 283 300 284 
824 283 299 300 
825 284 301 285 
826 284 300 301 
827 285 302 286 
828 285 301 302 
829 286 303 287 
830 286 302 303 
831 287 306 291 
832 287 303 306 
833 288 289 290 
834 289 305 290 
835 289 304 305 
836 290 307 292 
837 290 305 307 
838 291 306 2978 
839 291 2978 2979 
840 292 308 293 
841 292 307 308 
842 293 309 294 
843 293 308 309 
844 294 310 295 
845 294 309 310 
846 295 311 296 
847 295 310 311 
848 296 312 297 
849 296 311 312 
850 297 313 298 
851 297 312 313 
852 298 313 314 
853 299 341 300 
854 327 340 299 
855 299 340 341 
856 300 342 301 
857 300 341 342 
858 301 343 302 
859 301 342 343 
860 302 344 303 
861 302 343 344 
862 303 347 306 
863 303 344 347 
864 304 346 305 
865 304 345 346 
866 305 348 307 
867 305 346 348 
868 306 347 2977 
869 306 2977 2978 
870 307 349 308 
871 307 348 349 
872 308 350 309 
873 308 349 350 
874 309 351 310 
875 309 350 351 
876 310 352 311 
877 310 351 352 
878 311 353 312 
879 311 352 353 
880 312 354 313 
881 312 353 354 
882 313 355 314 
883 313 354 355 
884 314 356 315 
885 314 355 356 
886 315 328 316 
887 315 356 328 
888 316 329 317 
889 316 328 329 
890 317 330 318 
891 317 329 330 
892 318 331 319 
893 318 330 331 
894 319 332 320 
895 319 331 332 
896 320 333 321 
897 320 332 333 
898 321 334 322 
899 321 333 334 
900 322 335 323 
901 322 334 335 
902 323 336 324 
903 323 335 336 
904 324 337 325 
905 324 336 337 
906 325 338 326 
907 325 337 338 
908 326 339 327 
909 326 338 339 
910 327 339 340 
911 328 373 329 
912 356 372 328 
913 328 372 373 
914 329 374 330 
915 329 373 374 
916 330 375 331 
917 330 374 375 
918 331 376 332 
919 331 375 376 
920 332 377 333 
921 332 376 377 
922 333 378 334 
923 333 377 378 
924 334 379 335 
925 334 378 379 
926 335 380 336 
927 335 379 380 
928 336 381 337 
929 336 380 381 
930 337 382 338 
931 337 381 382 
932 338 383 339 
933 338 382 383 
934 339 384 340 
935 339 383 384 
936 340 385 341 
937 340 384 385 
938 341 357 342 
939 341 385 357 
940 342 358 343 
941 342 357 358 
942 343 359 344 
943 343 358 359 
944 344 362 347 
945 344 359 362 
946 345 361 346 
947 345 360 361 
948 346 363 348 
949 346 361 363 
950 347 362 2976 
951 347 2976 2977 
952 348 364 349 
953 348 363 364 
954 349 365 350 
955 349 364 365 
956 350 366 351 
957 350 365 366 
958 351 367 352 
959 351 366 367 
960 352 368 353 
961 352 367 368 
962 353 369 354 
963 353 368 369 
964 354 370 355 
965 354 369 370 
966 355 371 356 
967 355 370 371 
968 356 371 372 
969 357 399 358 
970 385 398 357 
971 357 398 399 
972 358 400 359 
973 358 399 400 
974 359 403 362 
975 359 400 403 
976 360 402 361 
977 360 401 402 
978 361 404 363 
979 361 402 404 
980 362 403 2975 
981 362 2975 2976 
982 363 405 364 
983 363 404 405 
984 364 406 365 
985 364 405 406 
986 365 407 366 
987 365 406 407 
988 366 408 367 
989 366 407 408 
990 367 409 368 
991 367 408 409 
992 368 410 369 
993 368 409 410 
994 369 411 370 
995 369 410 411 
996 370 412 371 
997 370 411 412 
998 371 413 372 
999 371 412 413 
1000 372 414 373 
1001 372 413 414 
1002 373 386 374 
1003 373 414 386 
1004 374 387 375 
1005 374 386 387 
1006 375 388 376 
1007 375 387 388 
1008 376 389 377 
1009 376 388 389 
1010 377 390 378 
1011 377 389 390 
1012 378 391 379 
1013 378 390 391 
1014 379 392 380 
1015 379 391 392 
1016 380 393 381 
1017 380 392 393 
1018 381 394 382 
1019 381 393 394 
1020 382 395 383 
1021 382 394 395 
1022 383 396 384 
1023 383 395 396 
1024 384 397 385 
1025 384 396 397 
1026 385 397 398 
1027 386 430 387 
1028 414 429 386 
1029 386 429 430 
1030 387 431 388 
1031 387 430 431 
1032 388 432 389 
1033 388 431 432 
1034 389 433 390 
1035 389 432 433 
1036 390 434 391 
1037 390 433 434 
1038 391 435 392 
1039 391 434 435 
1040 392 436 393 
1041 392 435 436 
1042 393 437 394 
1043 393 436 437 
1044 394 438 395 
1045 394 437 438 
1046 395 439 396 
1047 395 438 439 
1048 396 440 397 
1049 396 439 440 
1050 397 441 398 
1051 397 440 441 
1052 398 442 399 
1053 398 441 442 
1054 399 415 400 
1055 399 442 415 
1056 400 416 403 
1057 400 415 416 
1058 401 417 402 
1059 401 443 417 
1060 402 418 404 
1061 402 417 418 
1062 403 416 2974 
1063 403 2974 2975 
1064 404 419 405 
1065 404 418 419 
1066 405 420 406 
1067 405 419 420 
1068 406 421 407 
1069 406 420 421 
1070 407 422 408 
1071 407 421 422 
1072 408 423 409 
1073 408 422 423 
1074 409 424 410 
1075 409 423 424 
1076 410 425 411 
1077 410 424 425 
1078 411 426 412 
1079 411 425 426 
1080 412 427 413 
1081 412 426 427 
1082 413 428 414 
1083 413 427 428 
1084 414 428 429 
1085 415 459 416 
1086 442 456 415 
1087 415 456 459 
1088 416 459 2973 
1089 416 2973 2974 
1090 417 460 418 
1091 443 458 417 
1092 417 458 460 
1093 418 461 419 
1094 418 460 461 
1095 419 462 420 
1096 419 461 462 
1097 420 463 421 
1098 420 462 463 
1099 421 464 422 
1100 421 463 464 
1101 422 465 423 
1102 422 464 465 
1103 423 466 424 
1104 423 465 466 
1105 424 467 425 
1106 424 466 467 
1107 425 468 426 
1108 425 467 468 
1109 426 469 427 
1110 426 468 469 
1111 427 470 428 
1112 427 469 470 
1113 428 471 429 
1114 428 470 471 
1115 429 472 430 
1116 429 471 472 
1117 430 444 431 
1118 430 472 444 
1119 431 445 432 
1120 431 444 445 
1121 432 446 433 
1122 432 445 446 
1123 433 447 434 
1124 433 446 447 
1125 434 448 435 
1126 434 447 448 
1127 435 449 436 
1128 435 448 449 
1129 436 450 437 
1130 436 449 450 
1131 437 451 438 
1132 437 450 451 
1133 438 452 439 
1134 438 451 452 
1135 439 453 440 
1136 439 452 453 
1137 440 454 441 
1138 440 453 454 
1139 441 455 442 
1140 441 454 455 
1141 442 455 456 
1142 443 457 458 
1143 444 492 445 
1144 472 491 444 
1145 444 491 492 
1146 445 493 446 
1147 445 492 493 
1148 446 494 447 
1149 446 493 494 
1150 447 495 448 
1151 447 494 495 
1152 448 496 449 
1153 448 495 496 
1154 449 497 450 
1155 449 496 497 
1156 450 498 451 
1157 450 497 498 
1158 451 499 452 
1159 451 498 499 
1160 452 500 453 
1161 452 499 500 
1162 453 501 454 
1163 453 500 501 
1164 454 502 455 
1165 454 501 502 
1166 455 503 456 
1167 455 502 503 
1168 456 506 459 
1169 456 503 506 
1170 457 505 458 
1171 457 504 505 
1172 458 478 460 
1173 458 505 478 
1174 459 506 2972 
1175 459 2972 2973 
1176 460 479 461 
1177 460 478 479 
1178 461 480 462 
1179 461 479 480 
1180 462 481 463 
1181 462 480 481 
1182 463 482 464 
1183 463 481 482 
1184 464 483 465 
1185 464 482 483 
1186 465 484 466 
1187 465 483 484 
1188 466 485 467 
1189 466 484 485 
1190 467 486 468 
1191 467 485 486 
1192 468 487 469 
1193 468 486 487 
1194 469 488 470 
1195 469 487 488 
1196 470 489 471 
1197 470 488 489 
1198 471 490 472 
1199 471 489 490 
1200 472 490 491 
1201 473 474 475 
1202 1432 474 473 
1203 475 477 473 
1204 473 477 1489 
1205 1432 473 1434 
1206 1434 473 1450 
1207 473 1489 1450 
1208 1447 475 474 
1209 1431 474 1432 
1210 1431 1447 474 
1211 475 476 477 
1212 476 1501 477 
1213 476 1500 1501 
1214 477 1504 1489 
1215 477 1501 1504 
1216 478 523 479 
1217 505 522 478 
1218 478 522 523 
1219 479 524 480 
1220 479 523 524 
1221 480 525 481 
1222 480 524 525 
1223 481 526 482 
1224 481 525 526 
1225 482 527 483 
1226 482 526 527 
1227 483 528 484 
1228 483 527 528 
1229 484 529 485 
1230 484 528 529 
1231 485 530 486 
1232 485 529 530 
1233 486 531 487 
1234 486 530 531 
1235 487 532 488 
1236 487 531 532 
1237 488 533 489 
1238 488 532 533 
1239 489 534 490 
1240 489 533 534 
1241 490 535 491 
1242 490 534 535 
1243 491 507 492 
1244 491 535 507 
1245 492 508 493 
1246 492 507 508 
1247 493 509 494 
1248 493 508 509 
1249 494 510 495 
1250 494 509 510 
1251 495 511 496 
1252 495 510 511 
1253 496 512 497 
1254 496 511 512 
1255 497 513 498 
1256 497 512 513 
1257 498 514 499 
1258 498 513 514 
1259 499 515 500 
1260 499 514 515 
1261 500 516 501 
1262 500 515 516 
1263 501 517 502 
1264 501 516 517 
1265 502 518 503 
1266 502 517 518 
1267 503 521 506 
1268 503 518 521 
1269 504 520 505 
1270 504 519 520 
1271 505 520 522 
1272 506 521 2971 
1273 506 2971 2972 
1274 507 549 508 
1275 535 548 507 
1276 507 548 549 
1277 508 550 509 
1278 508 549 550 
1279 509 551 510 
1280 509 550 551 
1281 510 552 511 
1282 510 551 552 
1283 511 553 512 
1284 511 552 553 
1285 512 554 513 
1286 512 553 554 
1287 513 555 514 
1288 513 554 555 
1289 514 556 515 
1290 514 555 556 
1291 515 557 516 
1292 515 556 557 
1293 516 558 517 
1294 516 557 558 
1295 517 559 518 
1296 517 558 559 
1297 518 562 521 
1298 518 559 562 
1299 519 561 520 
1300 519 560 561 
1301 520 563 522 
1302 520 561 563 
1303 521 562 2970 
1304 521 2970 2971 
1305 522 564 523 
1306 522 563 564 
1307 523 536 524 
1308 523 564 536 
1309 524 537 525 
1310 524 536 537 
1311 525 538 526 
1312 525 537 538 
1313 526 539 527 
1314 526 538 539 
1315 527 540 528 
1316 527 539 540 
1317 528 541 529 
1318 528 540 541 
1319 529 542 530 
1320 529 541 542 
1321 530 543 531 
1322 530 542 543 
1323 531 544 532 
1324 531 543 544 
1325 532 545 533 
1326 532 544 545 
1327 533 546 534 
1328 533 545 546 
1329 534 547 535 
1330 534 546 547 
1331 535 547 548 
1332 536 586 537 
1333 564 585 536 
1334 536 585 586 
1335 537 587 538 
1336 537 586 587 
1337 538 588 539 
1338 538 587 588 
1339 539 589 540 
1340 539 588 589 
1341 540 590 541 
1342 540 589 590 
1343 541 591 542 
1344 541 590 591 
1345 542 592 543 
1346 542 591 592 
1347 543 593 544 
1348 543 592 593 
1349 544 594 545 
1350 544 593 594 
1351 545 595 546 
1352 545 594 595 
1353 546 596 547 
1354 546 595 596 
1355 547 597 548 
1356 547 596 597 
1357 548 598 549 
1358 548 597 598 
1359 549 565 550 
1360 549 598 565 
1361 550 566 551 
1362 550 565 566 
1363 551 567 552 
1364 551 566 567 
1365 552 568 553 
1366 552 567 568 
1367 553 569 554 
1368 553 568 569 
1369 554 570 555 
1370 554 569 570 
1371 555 571 556 
1372 555 570 571 
1373 556 572 557 
1374 556 571 572 
1375 557 573 558 
1376 557 572 573 
1377 558 574 559 
1378 558 573 574 
1379 559 577 562 
1380 559 574 577 
1381 560 576 561 
1382 560 575 576 
1383 561 578 563 
1384 561 576 578 
1385 562 577 2969 
1386 562 2969 2970 
1387 563 579 564 
1388 563 578 579 
1389 564 579 585 
1390 565 612 566 
1391 598 611 565 
1392 565 611 612 
1393 566 613 567 
1394 566 612 613 
1395 567 614 568 
1396 567 613 614 
1397 568 615 569 
1398 568 614 615 
1399 569 616 570 
1400 569 615 616 
1401 570 617 571 
1402 570 616 617 
1403 571 618 572 
1404 571 617 618 
1405 572 619 573 
1406 572 618 619 
1407 573 620 574 
1408 573 619 620 
1409 574 623 577 
1410 574 620 623 
1411 575 622 576 
1412 575 621 622 
1413 576 624 578 
1414 576 622 624 
1415 577 623 2968 
1416 577 2968 2969 
1417 578 625 579 
1418 578 624 625 
1419 579 626 585 
1420 579 625 626 
1421 580 581 582 
1422 1069 581 580 
1423 582 584 580 
1424 580 584 1124 
1425 1069 580 1071 
1426 1071 580 1113 
1427 580 1124 1113 
1428 1110 582 581 
1429 1068 581 1069 
1430 1068 1110 581 
1431 582 583 584 
1432 583 1165 584 
1433 583 1164 1165 
1434 584 1167 1124 
1435 584 1165 1167 
1436 585 627 586 
1437 585 626 627 
1438 586 599 587 
1439 586 627 599 
1440 587 600 588 
1441 587 599 600 
1442 588 601 589 
1443 588 600 601 
1444 589 602 590 
1445 589 601 602 
1446 590 603 591 
1447 590 602 603 
1448 591 604 592 
1449 591 603 604 
1450 592 605 593 
1451 592 604 605 
1452 593 606 594 
1453 593 605 606 
1454 594 607 595 
1455 594 606 607 
1456 595 608 596 
1457 595 607 608 
1458 596 609 597 
1459 596 608 609 
1460 597 610 598 
1461 597 609 610 
1462 598 610 611 
1463 599 644 600 
1464 627 643 599 
1465 599 643 644 
1466 600 645 601 
1467 600 644 645 
1468 601 646 602 
1469 601 645 646 
1470 602 647 603 
1471 602 646 647 
1472 603 648 604 
1473 603 647 648 
1474 604 649 605 
1475 604 648 649 
1476 605 650 606 
1477 605 649 650 
1478 606 651 607 
1479 606 650 651 
1480 607 652 608 
1481 607 651 652 
1482 608 653 609 
1483 608 652 653 
1484 609 654 610 
1485 609 653 654 
1486 610 655 611 
1487 610 654 655 
1488 611 656 612 
1489 611 655 656 
1490 612 628 613 
1491 612 656 628 
1492 613 629 614 
1493 613 628 629 
1494 614 630 615 
1495 614 629 630 
1496 615 631 616 
1497 615 630 631 
1498 616 632 617 
1499 616 631 632 
1500 617 633 618 
1501 617 632 633 
1502 618 634 619 
1503 618 633 634 
1504 619 635 620 
1505 619 634 635 
1506 620 638 623 
1507 620 635 638 
1508 621 637 622 
1509 621 636 637 
1510 622 639 624 
1511 622 637 639 
1512 623 638 2967 
1513 623 2967 2968 
1514 624 640 625 
1515 624 639 640 
1516 625 641 626 
1517 625 640 641 
1518 626 642 627 
1519 626 641 642 
1520 627 642 643 
1521 628 670 629 
1522 656 669 628 
1523 628 669 670 
1524 629 671 630 
1525 629 670 671 
1526 630 672 631 
1527 630 671 672 
1528 631 673 632 
1529 631 672 673 
1530 632 674 633 
1531 632 673 674 
1532 633 675 634 
1533 633 674 675 
1534 634 676 635 
1535 634 675 676 
1536 635 679 638 
1537 635 676 679 
1538 636 678 637 
1539 636 677 678 
1540 637 680 639 
1541 637 678 680 
1542 638 679 2966 
1543 638 2966 2967 
1544 639 681 640 
1545 639 680 681 
1546 640 682 641 
1547 640 681 682 
1548 641 683 642 
1549 641 682 683 
1550 642 684 643 
1551 642 683 684 
1552 643 685 644 
1553 643 684 685 
1554 644 657 645 
1555 644 685 657 
1556 645 658 646 
1557 645 657 658 
1558 646 659 647 
1559 646 658 659 
1560 647 660 648 
1561 647 659 660 
1562 648 661 649 
1563 648 660 661 
1564 649 662 650 
1565 649 661 662 
1566 650 663 651 
1567 650 662 663 
1568 651 664 652 
1569 651 663 664 
1570 652 665 653 
1571 652 664 665 
1572 653 666 654 
1573 653 665 666 
1574 654 667 655 
1575 654 666 667 
1576 655 668 656 
1577 655 667 668 
1578 656 668 669 
1579 657 702 658 
1580 685 701 657 
1581 657 701 702 
1582 658 703 659 
1583 658 702 703 
1584 659 704 660 
1585 659 703 704 
1586 660 705 661 
1587 660 704 705 
1588 661 706 662 
1589 661 705 706 
1590 662 707 663 
1591 662 706 707 
1592 663 708 664 
1593 663 707 708 
1594 664 709 665 
1595 664 708 709 
1596 665 710 666 
1597 665 709 710 
1598 666 711 667 
1599 666 710 711 
1600 667 712 668 
1601 667 711 712 
1602 668 713 669 
1603 668 712 713 
1604 669 714 670 
1605 669 713 714 
1606 670 686 671 
1607 670 714 686 
1608 671 687 672 
1609 671 686 687 
1610 672 688 673 
1611 672 687 688 
1612 673 689 674 
1613 673 688 689 
1614 674 690 675 
1615 674 689 690 
1616 675 691 676 
1617 675 690 691 
1618 676 694 679 
1619 676 691 694 
1620 677 693 678 
1621 677 692 693 
1622 678 695 680 
1623 678 693 695 
1624 679 694 2965 
1625 679 2965 2966 
1626 680 696 681 
1627 680 695 696 
1628 681 697 682 
1629 681 696 697 
1630 682 698 683 
1631 682 697 698 
1632 683 699 684 
1633 683 698 699 
1634 684 700 685 
1635 684 699 700 
1636 685 700 701 
1637 686 728 687 
1638 714 727 686 
1639 686 727 728 
1640 687 729 688 
1641 687 728 729 
1642 688 730 689 
1643 688 729 730 
1644 689 731 690 
1645 689 730 731 
1646 690 732 691 
1647 690 731 732 
1648 691 735 694 
1649 691 732 735 
1650 692 734 693 
1651 692 733 734 
1652 693 736 695 
1653 693 734 736 
1654 694 735 2964 
1655 694 2964 2965 
1656 695 737 696 
1657 695 736 737 
1658 696 738 697 
1659 696 737 738 
1660 697 739 698 
1661 697 738 739 
1662 698 740 699 
1663 698 739 740 
1664 699 741 700 
1665 699 740 741 
1666 700 742 701 
1667 700 741 742 
1668 701 743 702 
1669 701 742 743 
1670 702 715 703 
1671 702 743 715 
1672 703 716 704 
1673 703 715 716 
1674 704 717 705 
1675 704 716 717 
1676 705 718 706 
1677 705 717 718 
1678 706 719 707 
1679 706 718 719 
1680 707 720 708 
1681 707 719 720 
1682 708 721 709 
1683 708 720 721 
1684 709 722 710 
1685 709 721 722 
1686 710 723 711 
1687 710 722 723 
1688 711 724 712 
1689 711 723 724 
1690 712 725 713 
1691 712 724 725 
1692 713 726 714 
1693 713 725 726 
1694 714 726 727 
1695 715 759 716 
1696 743 758 715 
1697 715 758 759 
1698 716 760 717 
1699 716 759 760 
1700 717 761 718 
1701 717 760 761 
1702 718 762 719 
1703 718 761 762 
1704 719 763 720 
1705 719 762 763 
1706 720 764 721 
1707 720 763 764 
1708 721 765 722 
1709 721 764 765 
1710 722 766 723 
1711 722 765 766 
1712 723 767 724 
1713 723 766 767 
1714 724 768 725 
1715 724 767 768 
1716 725 769 726 
1717 725 768 769 
1718 726 770 727 
1719 726 769 770 
1720 727 771 728 
1721 727 770 771 
1722 728 772 729 
1723 728 771 772 
1724 729 744 730 
1725 729 772 744 
1726 730 745 731 
1727 730 744 745 
1728 731 746 732 
1729 731 745 746 
1730 732 749 735 
1731 732 746 749 
1732 733 748 734 
1733 733 747 748 
1734 734 750 736 
1735 734 748 750 
1736 735 749 2963 
1737 735 2963 2964 
1738 736 751 737 
1739 736 750 751 
1740 737 752 738 
1741 737 751 752 
1742 738 753 739 
1743 738 752 753 
1744 739 754 740 
1745 739 753 754 
1746 740 755 741 
1747 740 754 755 
1748 741 756 742 
1749 741 755 756 
1750 742 757 743 
1751 742 756 757 
1752 743 757 758 
1753 744 786 745 
1754 772 785 744 
1755 744 785 786 
1756 745 787 746 
1757 745 786 787 
1758 746 790 749 
1759 746 787 790 
1760 747 789 748 
1761 747 788 789 
1762 748 791 750 
1763 748 789 791 
1764 749 790 2962 
1765 749 2962 2963 
1766 750 792 751 
1767 750 791 792 
1768 751 793 752 
1769 751 792 793 
1770 752 794 753 
1771 752 793 794 
1772 753 795 754 
1773 753 794 795 
1774 754 796 755 
1775 754 795 796 
1776 755 797 756 
1777 755 796 797 
1778 756 798 757 
1779 756 797 798 
1780 757 799 758 
1781 757 798 799 
1782 758 800 759 
1783 758 799 800 
1784 759 801 760 
1785 759 800 801 
1786 760 773 761 
1787 760 801 773 
1788 761 774 762 
1789 761 773 774 
1790 762 775 763 
1791 762 774 775 
1792 763 776 764 
1793 763 775 776 
1794 764 777 765 
1795 764 776 777 
1796 765 778 766 
1797 765 777 778 
1798 766 779 767 
1799 766 778 779 
1800 767 780 768 
1801 767 779 780 
1802 768 781 769 
1803 768 780 781 
1804 769 782 770 
1805 769 781 782 
1806 770 783 771 
1807 770 782 783 
1808 771 784 772 
1809 771 783 784 
1810 772 784 785 
1811 773 815 774 
1812 801 814 773 
1813 773 814 815 
1814 774 816 775 
1815 774 815 816 
1816 775 817 776 
1817 775 816 817 
1818 776 818 777 
1819 776 817 818 
1820 777 819 778 
1821 777 818 819 
1822 778 822 779 
1823 778 819 822 
1824 779 820 780 
1825 779 822 820 
1826 780 821 781 
1827 780 820 821 
1828 781 823 782 
1829 781 821 823 
1830 782 824 783 
1831 782 823 824 
1832 783 825 784 
1833 783 824 825 
1834 784 826 785 
1835 784 825 826 
1836 785 827 786 
1837 785 826 827 
1838 786 828 787 
1839 786 827 828 
1840 787 829 790 
1841 787 828 829 
1842 788 802 789 
1843 788 830 802 
1844 789 803 791 
1845 789 802 803 
1846 790 829 2961 
1847 790 2961 2962 
1848 791 804 792 
1849 791 803 804 
1850 792 805 793 
1851 792 804 805 
1852 793 806 794 
1853 793 805 806 
1854 794 807 795 
1855 794 806 807 
1856 795 808 796 
1857 795 807 808 
1858 796 809 797 
1859 796 808 809 
1860 797 810 798 
1861 797 809 810 
1862 798 811 799 
1863 798 810 811 
1864 799 812 800 
1865 799 811 812 
1866 800 813 801 
1867 800 812 813 
1868 801 813 814 
1869 802 844 803 
1870 830 842 802 
1871 802 842 844 
1872 803 845 804 
1873 803 844 845 
1874 804 846 805 
1875 804 845 846 
1876 805 847 806 
1877 805 846 847 
1878 806 848 807 
1879 806 847 848 
1880 807 849 808 
1881 807 848 849 
1882 808 850 809 
1883 808 849 850 
1884 809 851 810 
1885 809 850 851 
1886 810 852 811 
1887 810 851 852 
1888 811 853 812 
1889 811 852 853 
1890 812 854 813 
1891 812 853 854 
1892 813 855 814 
1893 813 854 855 
1894 814 856 815 
1895 814 855 856 
1896 815 857 816 
1897 815 856 857 
1898 816 858 817 
1899 816 857 858 
1900 817 859 818 
1901 817 858 859 
1902 818 831 819 
1903 818 859 831 
1904 819 832 822 
1905 819 831 832 
1906 820 834 821 
1907 822 833 820 
1908 820 833 834 
1909 821 835 823 
1910 821 834 835 
1911 822 832 833 
1912 823 836 824 
1913 823 835 836 
1914 824 837 825 
1915 824 836 837 
1916 825 838 826 
1917 825 837 838 
1918 826 839 827 
1919 826 838 839 
1920 827 840 828 
1921 827 839 840 
1922 828 843 829 
1923 828 840 843 
1924 829 843 2960 
1925 829 2960 2961 
1926 830 841 842 
1927 831 873 832 
1928 859 872 831 
1929 831 872 873 
1930 832 874 833 
1931 832 873 874 
1932 833 875 834 
1933 833 874 875 
1934 834 876 835 
1935 834 875 876 
1936 835 877 836 
1937 835 876 877 
1938 836 878 837 
1939 836 877 878 
1940 837 879 838 
1941 837 878 879 
1942 838 880 839 
1943 838 879 880 
1944 839 881 840 
1945 839 880 881 
1946 840 884 843 
1947 840 881 884 
1948 841 883 842 
1949 841 882 883 
1950 842 885 844 
1951 842 883 885 
1952 843 884 2959 
1953 843 2959 2960 
1954 844 886 845 
1955 844 885 886 
1956 845 887 846 
1957 845 886 887 
1958 846 888 847 
1959 846 887 888 
1960 847 860 848 
1961 847 888 860 
1962 848 861 849 
1963 848 860 861 
1964 849 862 850 
1965 849 861 862 
1966 850 863 851 
1967 850 862 863 
1968 851 864 852 
1969 851 863 864 
1970 852 865 853 
1971 852 864 865 
1972 853 866 854 
1973 853 865 866 
1974 854 867 855 
1975 854 866 867 
1976 855 868 856 
1977 855 867 868 
1978 856 869 857 
1979 856 868 869 
1980 857 870 858 
1981 857 869 870 
1982 858 871 859 
1983 858 870 871 
1984 859 871 872 
1985 860 905 861 
1986 888 904 860 
1987 860 904 905 
1988 861 906 862 
1989 861 905 906 
1990 862 907 863 
1991 862 906 907 
1992 863 908 864 
1993 863 907 908 
1994 864 909 865 
1995 864 908 909 
1996 865 910 866 
1997 865 909 910 
1998 866 911 867 
1999 866 910 911 
2000 867 912 868 
2001 867 911 912 
2002 868 913 869 
2003 868 912 913 
2004 869 914 870 
2005 869 913 914 
2006 870 915 871 
2007 870 914 915 
2008 871 916 872 
2009 871 915 916 
2010 872 917 873 
2011 872 916 917 
2012 873 889 874 
2013 873 917 889 
2014 874 890 875 
2015 874 889 890 
2016 875 891 876 
2017 875 890 891 
2018 876 892 877 
2019 876 891 892 
2020 877 893 878 
2021 877 892 893 
2022 878 894 879 
2023 878 893 894 
2024 879 895 880 
2025 879 894 895 
2026 880 896 881 
2027 880 895 896 
2028 881 899 884 
2029 881 896 899 
2030 882 898 883 
2031 882 897 898 
2032 883 900 885 
2033 883 898 900 
2034 884 899 2958 
2035 884 2958 2959 
2036 885 901 886 
2037 885 900 901 
2038 886 902 887 
2039 886 901 902 
2040 887 903 888 
2041 887 902 903 
2042 888 903 904 
2043 889 931 890 
2044 917 930 889 
2045 889 930 931 
2046 890 932 891 
2047 890 931 932 
2048 891 933 892 
2049 891 932 933 
2050 892 934 893 
2051 892 933 934 
2052 893 935 894 
2053 893 934 935 
2054 894 936 895 
2055 894 935 936 
2056 895 937 896 
2057 895 936 937 
2058 896 940 899 
2059 896 937 940 
2060 897 939 898 
2061 897 938 939 
2062 898 941 900 
2063 898 939 941 
2064 899 940 2957 
2065 899 2957 2958 
2066 900 942 901 
2067 900 941 942 
2068 901 943 902 
2069 901 942 943 
2070 902 944 903 
2071 902 943 944 
2072 903 945 904 
2073 903 944 945 
2074 904 946 905 
2075 904 945 946 
2076 905 918 906 
2077 905 946 918 
2078 906 919 907 
2079 906 918 919 
2080 907 920 908 
2081 907 919 920 
2082 908 921 909 
2083 908 920 921 
2084 909 922 910 
2085 909 921 922 
2086 910 923 911 
2087 910 922 923 
2088 911 924 912 
2089 911 923 924 
2090 912 925 913 
2091 912 924 925 
2092 913 926 914 
2093 913 925 926 
2094 914 927 915 
2095 914 926 927 
2096 915 928 916 
2097 915 927 928 
2098 916 929 917 
2099 916 928 929 
2100 917 929 930 
2101 918 963 919 
2102 946 962 918 
2103 918 962 963 
2104 919 964 920 
2105 919 963 964 
2106 920 965 921 
2107 920 964 965 
2108 921 966 922 
2109 921 965 966 
2110 922 967 923 
2111 922 966 967 
2112 923 968 924 
2113 923 967 968 
2114 924 969 925 
2115 924 968 969 
2116 925 970 926 
2117 925 969 970 
2118 926 971 927 
2119 926 970 971 
2120 927 972 928 
2121 927 971 972 
2122 928 973 929 
2123 928 972 973 
2124 929 974 930 
2125 929 973 974 
2126 930 975 931 
2127 930 974 975 
2128 931 947 932 
2129 931 975 947 
2130 932 948 933 
2131 932 947 948 
2132 933 949 934 
2133 933 948 949 
2134 934 950 935 
2135 934 949 950 
2136 935 951 936 
2137 935 950 951 
2138 936 952 937 
2139 936 951 952 
2140 937 955 940 
2141 937 952 955 
2142 938 954 939 
2143 938 953 954 
2144 939 956 941 
2145 939 954 956 
2146 940 955 2956 
2147 940 2956 2957 
2148 941 957 942 
2149 941 956 957 
2150 942 958 943 
2151 942 957 958 
2152 943 959 944 
2153 943 958 959 
2154 944 960 945 
2155 944 959 960 
2156 945 961 946 
2157 945 960 961 
2158 946 961 962 
2159 947 989 948 
2160 975 988 947 
2161 947 988 989 
2162 948 990 949 
2163 948 989 990 
2164 949 991 950 
2165 949 990 991 
2166 950 992 951 
2167 950 991 992 
2168 951 993 952 
2169 951 992 993 
2170 952 996 955 
2171 952 993 996 
2172 953 995 954 
2173 953 994 995 
2174 954 997 956 
2175 954 995 997 
2176 955 996 1014 
2177 955 1014 2956 
2178 956 998 957 
2179 956 997 998 
2180 957 999 958 
2181 957 998 999 
2182 958 1000 959 
2183 958 999 1000 
2184 959 1001 960 
2185 959 1000 1001 
2186 960 1002 961 
2187 960 1001 1002 
2188 961 1003 962 
2189 961 1002 1003 
2190 962 1004 963 
2191 962 1003 1004 
2192 963 976 964 
2193 963 1004 976 
2194 964 977 965 
2195 964 976 977 
2196 965 978 966 
2197 965 977 978 
2198 966 979 967 
2199 966 978 979 
2200 967 980 968 
2201 967 979 980 
2202 968 981 969 
2203 968 980 981 
2204 969 982 970 
2205 969 981 982 
2206 970 983 971 
2207 970 982 983 
2208 971 984 972 
2209 971 983 984 
2210 972 985 973 
2211 972 984 985 
2212 973 986 974 
2213 973 985 986 
2214 974 987 975 
2215 974 986 987 
2216 975 987 988 
2217 976 1023 977 
2218 1004 1022 976 
2219 976 1022 1023 
2220 977 1024 978 
2221 977 1023 1024 
2222 978 1025 979 
2223 978 1024 1025 
2224 979 1026 980 
2225 979 1025 1026 
2226 980 1027 981 
2227 980 1026 1027 
2228 981 1028 982 
2229 981 1027 1028 
2230 982 1029 983 
2231 982 1028 1029 
2232 983 1030 984 
2233 983 1029 1030 
2234 984 1031 985 
2235 984 1030 1031 
2236 985 1032 986 
2237 985 1031 1032 
2238 986 1033 987 
2239 986 1032 1033 
2240 987 1034 988 
2241 987 1033 1034 
2242 988 1035 989 
2243 988 1034 1035 
2244 989 1005 990 
2245 989 1035 1005 
2246 990 1006 991 
2247 990 1005 1006 
2248 991 1007 992 
2249 991 1006 1007 
2250 992 1008 993 
2251 992 1007 1008 
2252 993 1011 996 
2253 993 1008 1011 
2254 994 1010 995 
2255 994 1009 1010 
2256 995 1012 997 
2257 995 1010 1012 
2258 996 1011 1013 
2259 996 1013 1014 
2260 997 1015 998 
2261 997 1012 1015 
2262 998 1016 999 
2263 998 1015 1016 
2264 999 1017 1000 
2265 999 1016 1017 
2266 1000 1018 1001 
2267 1000 1017 1018 
2268 1001 1019 1002 
2269 1001 1018 1019 
2270 1002 1020 1003 
2271 1002 1019 1020 
2272 1003 1021 1004 
2273 1003 1020 1021 
2274 1004 1021 1022 
2275 1005 1049 1006 
2276 1035 1048 1005 
2277 1005 1048 1049 
2278 1006 1050 1007 
2279 1006 1049 1050 
2280 1007 1051 1008 
2281 1007 1050 1051 
2282 1008 1054 1011 
2283 1008 1051 1054 
2284 1009 1053 1010 
2285 1009 1052 1053 
2286 1010 1055 1012 
2287 1010 1053 1055 
2288 1011 1056 1013 
2289 1011 1054 1056 
2290 1012 1057 1015 
2291 1012 1055 1057 
2292 1013 2955 1014 
2293 1013 1056 2954 
2294 1013 2954 2955 
2295 1015 1058 1016 
2296 1015 1057 1058 
2297 1016 1059 1017 
2298 1016 1058 1059 
2299 1017 1060 1018 
2300 1017 1059 1060 
2301 1018 1061 1019 
2302 1018 1060 1061 
2303 1019 1062 1020 
2304 1019 1061 1062 
2305 1020 1063 1021 
2306 1020 1062 1063 
2307 1021 1064 1022 
2308 1021 1063 1064 
2309 1022 1065 1023 
2310 1022 1064 1065 
2311 1023 1036 1024 
2312 1023 1065 1036 
2313 1024 1037 1025 
2314 1024 1036 1037 
2315 1025 1038 1026 
2316 1025 1037 1038 
2317 1026 1039 1027 
2318 1026 1038 1039 
2319 1027 1040 1028 
2320 1027 1039 1040 
2321 1028 1041 1029 
2322 1028 1040 1041 
2323 1029 1042 1030 
2324 1029 1041 1042 
2325 1030 1043 1031 
2326 1030 1042 1043 
2327 1031 1044 1032 
2328 1031 1043 1044 
2329 1032 1045 1033 
2330 1032 1044 1045 
2331 1033 1046 1034 
2332 1033 1045 1046 
2333 1034 1047 1035 
2334 1034 1046 1047 
2335 1035 1047 1048 
2336 1036 1083 1037 
2337 1065 1082 1036 
2338 1036 1082 1083 
2339 1037 1084 1038 
2340 1037 1083 1084 
2341 1038 1085 1039 
2342 1038 1084 1085 
2343 1039 1086 1040 
2344 1039 1085 1086 
2345 1040 1087 1041 
2346 1040 1086 1087 
2347 1041 1088 1042 
2348 1041 1087 1088 
2349 1042 1089 1043 
2350 1042 1088 1089 
2351 1043 1090 1044 
2352 1043 1089 1090 
2353 1044 1091 1045 
2354 1044 1090 1091 
2355 1045 1092 1046 
2356 1045 1091 1092 
2357 1046 1093 1047 
2358 1046 1092 1093 
2359 1047 1094 1048 
2360 1047 1093 1094 
2361 1048 1095 1049 
2362 1048 1094 1095 
2363 1049 1066 1050 
2364 1049 1095 1066 
2365 1050 1067 1051 
2366 1050 1066 1067 
2367 1051 1070 1054 
2368 1051 1067 1070 
2369 1052 1069 1053 
2370 1052 1068 1069 
2371 1053 1071 1055 
2372 1053 1069 1071 
2373 1054 1072 1056 
2374 1054 1070 1072 
2375 1055 1073 1057 
2376 1055 1071 1073 
2377 1056 1072 2953 
2378 1056 2953 2954 
2379 1057 1074 1058 
2380 1057 1073 1074 
2381 1058 1075 1059 
2382 1058 1074 1075 
2383 1059 1076 1060 
2384 1059 1075 1076 
2385 1060 1077 1061 
2386 1060 1076 1077 
2387 1061 1078 1062 
2388 1061 1077 1078 
2389 1062 1079 1063 
2390 1062 1078 1079 
2391 1063 1080 1064 
2392 1063 1079 1080 
2393 1064 1081 1065 
2394 1064 1080 1081 
2395 1065 1081 1082 
2396 1066 1109 1067 
2397 1095 1108 1066 
2398 1066 1108 1109 
2399 1067 1111 1070 
2400 1067 1109 1111 
2401 1070 1112 1072 
2402 1070 1111 1112 
2403 1071 1113 1073 
2404 1072 1112 2952 
2405 1072 2952 2953 
2406 1073 1114 1074 
2407 1073 1113 1114 
2408 1074 1115 1075 
2409 1074 1114 1115 
2410 1075 1116 1076 
2411 1075 1115 1116 
2412 1076 1117 1077 
2413 1076 1116 1117 
2414 1077 1118 1078 
2415 1077 1117 1118 
2416 1078 1119 1079 
2417 1078 1118 1119 
2418 1079 1120 1080 
2419 1079 1119 1120 
2420 1080 1121 1081 
2421 1080 1120 1121 
2422 1081 1122 1082 
2423 1081 1121 1122 
2424 1082 1123 1083 
2425 1082 1122 1123 
2426 1083 1096 1084 
2427 1083 1123 1096 
2428 1084 1097 1085 
2429 1084 1096 1097 
2430 1085 1098 1086 
2431 1085 1097 1098 
2432 1086 1099 1087 
2433 1086 1098 1099 
2434 1087 1100 1088 
2435 1087 1099 1100 
2436 1088 1101 1089 
2437 1088 1100 1101 
2438 1089 1102 1090 
2439 1089 1101 1102 
2440 1090 1103 1091 
2441 1090 1102 1103 
2442 1091 1104 1092 
2443 1091 1103 1104 
2444 1092 1105 1093 
2445 1092 1104 1105 
2446 1093 1106 1094 
2447 1093 1105 1106 
2448 1094 1107 1095 
2449 1094 1106 1107 
2450 1095 1107 1108 
2451 1096 1136 1097 
2452 1123 1135 1096 
2453 1096 1135 1136 
2454 1097 1137 1098 
2455 1097 1136 1137 
2456 1098 1138 1099 
2457 1098 1137 1138 
2458 1099 1139 1100 
2459 1099 1138 1139 
2460 1100 1140 1101 
2461 1100 1139 1140 
2462 1101 1141 1102 
2463 1101 1140 1141 
2464 1102 1142 1103 
2465 1102 1141 1142 
2466 1103 1143 1104 
2467 1103 1142 1143 
2468 1104 1144 1105 
2469 1104 1143 1144 
2470 1105 1145 1106 
2471 1105 1144 1145 
2472 1106 1146 1107 
2473 1106 1145 1146 
2474 1107 1147 1108 
2475 1107 1146 1147 
2476 1108 1148 1109 
2477 1108 1147 1148 
2478 1109 1149 1111 
2479 1109 1148 1149 
2480 1111 1150 1112 
2481 1111 1149 1150 
2482 1112 1150 2951 
2483 1112 2951 2952 
2484 1113 1125 1114 
2485 1113 1124 1125 
2486 1114 1126 1115 
2487 1114 1125 1126 
2488 1115 1127 1116 
2489 1115 1126 1127 
2490 1116 1128 1117 
2491 1116 1127 1128 
2492 1117 1129 1118 
2493 1117 1128 1129 
2494 1118 1130 1119 
2495 1118 1129 1130 
2496 1119 1131 1120 
2497 1119 1130 1131 
2498 1120 1132 1121 
2499 1120 1131 1132 
2500 1121 1133 1122 
2501 1121 1132 1133 
2502 1122 1134 1123 
2503 1122 1133 1134 
2504 1123 1134 1135 
2505 1124 1168 1125 
2506 1124 1167 1168 
2507 1125 1169 1126 
2508 1125 1168 1169 
2509 1126 1170 1127 
2510 1126 1169 1170 
2511 1127 1171 1128 
2512 1127 1170 1171 
2513 1128 1172 1129 
2514 1128 1171 1172 
2515 1129 1173 1130 
2516 1129 1172 1173 
2517 1130 1174 1131 
2518 1130 1173 1174 
2519 1131 1175 1132 
2520 1131 1174 1175 
2521 1132 1176 1133 
2522 1132 1175 1176 
2523 1133 1177 1134 
2524 1133 1176 1177 
2525 1134 1178 1135 
2526 1134 1177 1178 
2527 1135 1179 1136 
2528 1135 1178 1179 
2529 1136 1151 1137 
2530 1136 1179 1151 
2531 1137 1152 1138 
2532 1137 1151 1152 
2533 1138 1153 1139 
2534 1138 1152 1153 
2535 1139 1154 1140 
2536 1139 1153 1154 
2537 1140 1155 1141 
2538 1140 1154 1155 
2539 1141 1156 1142 
2540 1141 1155 1156 
2541 1142 1157 1143 
2542 1142 1156 1157 
2543 1143 1158 1144 
2544 1143 1157 1158 
2545 1144 1159 1145 
2546 1144 1158 1159 
2547 1145 1160 1146 
2548 1145 1159 1160 
2549 1146 1161 1147 
2550 1146 1160 1161 
2551 1147 1162 1148 
2552 1147 1161 1162 
2553 1148 1163 1149 
2554 1148 1162 1163 
2555 1149 1166 1150 
2556 1149 1163 1166 
2557 1150 1166 2950 
2558 1150 2950 2951 
2559 1151 1193 1152 
2560 1179 1192 1151 
2561 1151 1192 1193 
2562 1152 1194 1153 
2563 1152 1193 1194 
2564 1153 1195 1154 
2565 1153 1194 1195 
2566 1154 1196 1155 
2567 1154 1195 1196 
2568 1155 1197 1156 
2569 1155 1196 1197 
2570 1156 1198 1157 
2571 1156 1197 1198 
2572 1157 1199 1158 
2573 1157 1198 1199 
2574 1158 1200 1159 
2575 1158 1199 1200 
2576 1159 1201 1160 
2577 1159 1200 1201 
2578 1160 1202 1161 
2579 1160 1201 1202 
2580 1161 1203 1162 
2581 1161 1202 1203 
2582 1162 1204 1163 
2583 1162 1203 1204 
2584 1163 1207 1166 
2585 1163 1204 1207 
2586 1164 1206 1165 
2587 1164 1205 1206 
2588 1165 1208 1167 
2589 1165 1206 1208 
2590 1166 1207 2949 
2591 1166 2949 2950 
2592 1167 1180 1168 
2593 1167 1208 1180 
2594 1168 1181 1169 
2595 1168 1180 1181 
2596 1169 1182 1170 
2597 1169 1181 1182 
2598 1170 1183 1171 
2599 1170 1182 1183 
2600 1171 1184 1172 
2601 1171 1183 1184 
2602 1172 1185 1173 
2603 1172 1184 1185 
2604 1173 1186 1174 
2605 1173 1185 1186 
2606 1174 1187 1175 
2607 1174 1186 1187 
2608 1175 1188 1176 
2609 1175 1187 1188 
2610 1176 1189 1177 
2611 1176 1188 1189 
2612 1177 1190 1178 
2613 1177 1189 1190 
2614 1178 1191 1179 
2615 1178 1190 1191 
2616 1179 1191 1192 
2617 1180 1225 1181 
2618 1208 1224 1180 
2619 1180 1224 1225 
2620 1181 1226 1182 
2621 1181 1225 1226 
2622 1182 1227 1183 
2623 1182 1226 1227 
2624 1183 1228 1184 
2625 1183 1227 1228 
2626 1184 1229 1185 
2627 1184 1228 1229 
2628 1185 1230 1186 
2629 1185 1229 1230 
2630 1186 1231 1187 
2631 1186 1230 1231 
2632 1187 1232 1188 
2633 1187 1231 1232 
2634 1188 1233 1189 
2635 1188 1232 1233 
2636 1189 1234 1190 
2637 1189 1233 1234 
2638 1190 1235 1191 
2639 1190 1234 1235 
2640 1191 1236 1192 
2641 1191 1235 1236 
2642 1192 1237 1193 
2643 1192 1236 1237 
2644 1193 1209 1194 
2645 1193 1237 1209 
2646 1194 1210 1195 
2647 1194 1209 1210 
2648 1195 1211 1196 
2649 1195 1210 1211 
2650 1196 1212 1197 
2651 1196 1211 1212 
2652 1197 1213 1198 
2653 1197 1212 1213 
2654 1198 1214 1199 
2655 1198 1213 1214 
2656 1199 1215 1200 
2657 1199 1214 1215 
2658 1200 1216 1201 
2659 1200 1215 1216 
2660 1201 1217 1202 
2661 1201 1216 1217 
2662 1202 1218 1203 
2663 1202 1217 1218 
2664 1203 1219 1204 
2665 1203 1218 1219 
2666 1204 1222 1207 
2667 1204 1219 1222 
2668 1205 1221 1206 
2669 1205 1220 1221 
2670 1206 1223 1208 
2671 1206 1221 1223 
2672 1207 1222 2948 
2673 1207 2948 2949 
2674 1208 1223 1224 
2675 1209 1251 1210 
2676 1237 1250 1209 
2677 1209 1250 1251 
2678 1210 1252 1211 
2679 1210 1251 1252 
2680 1211 1253 1212 
2681 1211 1252 1253 
2682 1212 1254 1213 
2683 1212 1253 1254 
2684 1213 1255 1214 
2685 1213 1254 1255 
2686 1214 1256 1215 
2687 1214 1255 1256 
2688 1215 1257 1216 
2689 1215 1256 1257 
2690 1216 1258 1217 
2691 1216 1257 1258 
2692 1217 1259 1218 
2693 1217 1258 1259 
2694 1218 1260 1219 
2695 1218 1259 1260 
2696 1219 1263 1222 
2697 1219 1260 1263 
2698 1220 1262 1221 
2699 1220 1261 1262 
2700 1221 1264 1223 
2701 1221 1262 1264 
2702 1222 1263 2947 
2703 1222 2947 2948 
2704 1223 1265 1224 
2705 1223 1264 1265 
2706 1224 1266 1225 
2707 1224 1265 1266 
2708 1225 1238 1226 
2709 1225 1266 1238 
2710 1226 1239 1227 
2711 1226 1238 1239 
2712 1227 1240 1228 
2713 1227 1239 1240 
2714 1228 1241 1229 
2715 1228 1240 1241 
2716 1229 1242 1230 
2717 1229 1241 1242 
2718 1230 1243 1231 
2719 1230 1242 1243 
2720 1231 1244 1232 
2721 1231 1243 1244 
2722 1232 1245 1233 
2723 1232 1244 1245 
2724 1233 1246 1234 
2725 1233 1245 1246 
2726 1234 1247 1235 
2727 1234 1246 1247 
2728 1235 1248 1236 
2729 1235 1247 1248 
2730 1236 1249 1237 
2731 1236 1248 1249 
2732 1237 1249 1250 
2733 1238 1283 1239 
2734 1266 1282 1238 
2735 1238 1282 1283 
2736 1239 1284 1240 
2737 1239 1283 1284 
2738 1240 1285 1241 
2739 1240 1284 1285 
2740 1241 1286 1242 
2741 1241 1285 1286 
2742 1242 1287 1243 
2743 1242 1286 1287 
2744 1243 1288 1244 
2745 1243 1287 1288 
2746 1244 1289 1245 
2747 1244 1288 1289 
2748 1245 1290 1246 
2749 1245 1289 1290 
2750 1246 1291 1247 
2751 1246 1290 1291 
2752 1247 1292 1248 
2753 1247 1291 1292 
2754 1248 1293 1249 
2755 1248 1292 1293 
2756 1249 1294 1250 
2757 1249 1293 1294 
2758 1250 1295 1251 
2759 1250 1294 1295 
2760 1251 1267 1252 
2761 1251 1295 1267 
2762 1252 1268 1253 
2763 1252 1267 1268 
2764 1253 1269 1254 
2765 1253 1268 1269 
2766 1254 1270 1255 
2767 1254 1269 1270 
2768 1255 1271 1256 
2769 1255 1270 1271 
2770 1256 1272 1257 
2771 1256 1271 1272 
2772 1257 1273 1258 
2773 1257 1272 1273 
2774 1258 1274 1259 
2775 1258 1273 1274 
2776 1259 1275 1260 
2777 1259 1274 1275 
2778 1260 1278 1263 
2779 1260 1275 1278 
2780 1261 1277 1262 
2781 1261 1276 1277 
2782 1262 1279 1264 
2783 1262 1277 1279 
2784 1263 1278 2946 
2785 1263 2946 2947 
2786 1264 1280 1265 
2787 1264 1279 1280 
2788 1265 1281 1266 
2789 1265 1280 1281 
2790 1266 1281 1282 
2791 1267 1309 1268 
2792 1295 1308 1267 
2793 1267 1308 1309 
2794 1268 1310 1269 
2795 1268 1309 1310 
2796 1269 1311 1270 
2797 1269 1310 1311 
2798 1270 1312 1271 
2799 1270 1311 1312 
2800 1271 1313 1272 
2801 1271 1312 1313 
2802 1272 1314 1273 
2803 1272 1313 1314 
2804 1273 1315 1274 
2805 1273 1314 1315 
2806 1274 1316 1275 
2807 1274 1315 1316 
2808 1275 1319 1278 
2809 1275 1316 1319 
2810 1276 1318 1277 
2811 1276 1317 1318 
2812 1277 1320 1279 
2813 1277 1318 1320 
2814 1278 1319 2945 
2815 1278 2945 2946 
2816 1279 1321 1280 
2817 1279 1320 1321 
2818 1280 1322 1281 
2819 1280 1321 1322 
2820 1281 1323 1282 
2821 1281 1322 1323 
2822 1282 1324 1283 
2823 1282 1323 1324 
2824 1283 1296 1284 
2825 1283 1324 1296 
2826 1284 1297 1285 
2827 1284 1296 1297 
2828 1285 1298 1286 
2829 1285 1297 1298 
2830 1286 1299 1287 
2831 1286 1298 1299 
2832 1287 1300 1288 
2833 1287 1299 1300 
2834 1288 1301 1289 
2835 1288 1300 1301 
2836 1289 1302 1290 
2837 1289 1301 1302 
2838 1290 1303 1291 
2839 1290 1302 1303 
2840 1291 1304 1292 
2841 1291 1303 1304 
2842 1292 1305 1293 
2843 1292 1304 1305 
2844 1293 1306 1294 
2845 1293 1305 1306 
2846 1294 1307 1295 
2847 1294 1306 1307 
2848 1295 1307 1308 
2849 1296 1341 1297 
2850 1324 1340 1296 
2851 1296 1340 1341 
2852 1297 1342 1298 
2853 1297 1341 1342 
2854 1298 1343 1299 
2855 1298 1342 1343 
2856 1299 1344 1300 
2857 1299 1343 1344 
2858 1300 1345 1301 
2859 1300 1344 1345 
2860 1301 1346 1302 
2861 1301 1345 1346 
2862 1302 1347 1303 
2863 1302 1346 1347 
2864 1303 1348 1304 
2865 1303 1347 1348 
2866 1304 1349 1305 
2867 1304 1348 1349 
2868 1305 1350 1306 
2869 1305 1349 1350 
2870 1306 1351 1307 
2871 1306 1350 1351 
2872 1307 1352 1308 
2873 1307 1351 1352 
2874 1308 1353 1309 
2875 1308 1352 1353 
2876 1309 1325 1310 
2877 1309 1353 1325 
2878 1310 1326 1311 
2879 1310 1325 1326 
2880 1311 1327 1312 
2881 1311 1326 1327 
2882 1312 1328 1313 
2883 1312 1327 1328 
2884 1313 1329 1314 
2885 1313 1328 1329 
2886 1314 1330 1315 
2887 1314 1329 1330 
2888 1315 1331 1316 
2889 1315 1330 1331 
2890 1316 1334 1319 
2891 1316 1331 1334 
2892 1317 1333 1318 
2893 1317 1332 1333 
2894 1318 1335 1320 
2895 1318 1333 1335 
2896 1319 1334 1378 
2897 1319 1378 2945 
2898 1320 1336 1321 
2899 1320 1335 1336 
2900 1321 1337 1322 
2901 1321 1336 1337 
2902 1322 1338 1323 
2903 1322 1337 1338 
2904 1323 1339 1324 
2905 1323 1338 1339 
2906 1324 1339 1340 
2907 1325 1367 1326 
2908 1353 1366 1325 
2909 1325 1366 1367 
2910 1326 1368 1327 
2911 1326 1367 1368 
2912 1327 1369 1328 
2913 1327 1368 1369 
2914 1328 1370 1329 
2915 1328 1369 1370 
2916 1329 1371 1330 
2917 1329 1370 1371 
2918 1330 1372 1331 
2919 1330 1371 1372 
2920 1331 1375 1334 
2921 1331 1372 1375 
2922 1332 1374 1333 
2923 1332 1373 1374 
2924 1333 1376 1335 
2925 1333 1374 1376 
2926 1334 1375 1377 
2927 1334 1377 1378 
2928 1335 1379 1336 
2929 1335 1376 1379 
2930 1336 1380 1337 
2931 1336 1379 1380 
2932 1337 1381 1338 
2933 1337 1380 1381 
2934 1338 1382 1339 
2935 1338 1381 1382 
2936 1339 1383 1340 
2937 1339 1382 1383 
2938 1340 1384 1341 
2939 1340 1383 1384 
2940 1341 1354 1342 
2941 1341 1384 1354 
2942 1342 1355 1343 
2943 1342 1354 1355 
2944 1343 1356 1344 
2945 1343 1355 1356 
2946 1344 1357 1345 
2947 1344 1356 1357 
2948 1345 1358 1346 
2949 1345 1357 1358 
2950 1346 1359 1347 
2951 1346 1358 1359 
2952 1347 1360 1348 
2953 1347 1359 1360 
2954 1348 1361 1349 
2955 1348 1360 1361 
2956 1349 1362 1350 
2957 1349 1361 1362 
2958 1350 1363 1351 
2959 1350 1362 1363 
2960 1351 1364 1352 
2961 1351 1363 1364 
2962 1352 1365 1353 
2963 1352 1364 1365 
2964 1353 1365 1366 
2965 1354 1401 1355 
2966 1384 1400 1354 
2967 1354 1400 1401 
2968 1355 1402 1356 
2969 1355 1401 1402 
2970 1356 1403 1357 
2971 1356 1402 1403 
2972 1357 1404 1358 
2973 1357 1403 1404 
2974 1358 1405 1359 
2975 1358 1404 1405 
2976 1359 1406 1360 
2977 1359 1405 1406 
2978 1360 1407 1361 
2979 1360 1406 1407 
2980 1361 1408 1362 
2981 1361 1407 1408 
2982 1362 1409 1363 
2983 1362 1408 1409 
2984 1363 1410 1364 
2985 1363 1409 1410 
2986 1364 1411 1365 
2987 1364 1410 1411 
2988 1365 1412 1366 
2989 1365 1411 1412 
2990 1366 1413 1367 
2991 1366 1412 1413 
2992 1367 1414 1368 
2993 1367 1413 1414 
2994 1368 1385 1369 
2995 1368 1414 1385 
2996 1369 1386 1370 
2997 1369 1385 1386 
2998 1370 1387 1371 
2999 1370 1386 1387 
3000 1371 1388 1372 
3001 1371 1387 1388 
3002 1372 1391 1375 
3003 1372 1388 1391 
3004 1373 1390 1374 
3005 1373 1389 1390 
3006 1374 1392 1376 
3007 1374 1390 1392 
3008 1375 1393 1377 
3009 1375 1391 1393 
3010 1376 1394 1379 
3011 1376 1392 1394 
3012 1377 2944 1378 
3013 1377 1393 2943 
3014 1377 2943 2944 
3015 1379 1395 1380 
3016 1379 1394 1395 
3017 1380 1396 1381 
3018 1380 1395 1396 
3019 1381 1397 1382 
3020 1381 1396 1397 
3021 1382 1398 1383 
3022 1382 1397 1398 
3023 1383 1399 1384 
3024 1383 1398 1399 
3025 1384 1399 1400 
3026 1385 1428 1386 
3027 1414 1427 1385 
3028 1385 1427 1428 
3029 1386 1429 1387 
3030 1386 1428 1429 
3031 1387 1430 1388 
3032 1387 1429 1430 
3033 1388 1433 1391 
3034 1388 1430 1433 
3035 1389 1432 1390 
3036 1389 1431 1432 
3037 1390 1434 1392 
3038 1390 1432 1434 
3039 1391 1435 1393 
3040 1391 1433 1435 
3041 1392 1436 1394 
3042 1392 1434 1436 
3043 1393 1435 2942 
3044 1393 2942 2943 
3045 1394 1437 1395 
3046 1394 1436 1437 
3047 1395 1438 1396 
3048 1395 1437 1438 
3049 1396 1439 1397 
3050 1396 1438 1439 
3051 1397 1440 1398 
3052 1397 1439 1440 
3053 1398 1441 1399 
3054 1398 1440 1441 
3055 1399 1442 1400 
3056 1399 1441 1442 
3057 1400 1443 1401 
3058 1400 1442 1443 
3059 1401 1444 1402 
3060 1401 1443 1444 
3061 1402 1415 1403 
3062 1402 1444 1415 
3063 1403 1416 1404 
3064 1403 1415 1416 
3065 1404 1417 1405 
3066 1404 1416 1417 
3067 1405 1418 1406 
3068 1405 1417 1418 
3069 1406 1419 1407 
3070 1406 1418 1419 
3071 1407 1420 1408 
3072 1407 1419 1420 
3073 1408 1421 1409 
3074 1408 1420 1421 
3075 1409 1422 1410 
3076 1409 1421 1422 
3077 1410 1423 1411 
3078 1410 1422 1423 
3079 1411 1424 1412 
3080 1411 1423 1424 
3081 1412 1425 1413 
3082 1412 1424 1425 
3083 1413 1426 1414 
3084 1413 1425 1426 
3085 1414 1426 1427 
3086 1415 1460 1416 
3087 1444 1459 1415 
3088 1415 1459 1460 
3089 1416 1461 1417 
3090 1416 1460 1461 
3091 1417 1462 1418 
3092 1417 1461 1462 
3093 1418 1463 1419 
3094 1418 1462 1463 
3095 1419 1464 1420 
3096 1419 1463 1464 
3097 1420 1465 1421 
3098 1420 1464 1465 
3099 1421 1466 1422 
3100 1421 1465 1466 
3101 1422 1467 1423 
3102 1422 1466 1467 
3103 1423 1468 1424 
3104 1423 1467 1468 
3105 1424 1469 1425 
3106 1424 1468 1469 
3107 1425 1470 1426 
3108 1425 1469 1470 
3109 1426 1471 1427 
3110 1426 1470 1471 
3111 1427 1472 1428 
3112 1427 1471 1472 
3113 1428 1445 1429 
3114 1428 1472 1445 
3115 1429 1446 1430 
3116 1429 1445 1446 
3117 1430 1448 1433 
3118 1430 1446 1448 
3119 1433 1449 1435 
3120 1433 1448 1449 
3121 1434 1450 1436 
3122 1435 1449 2941 
3123 1435 2941 2942 
3124 1436 1451 1437 
3125 1436 1450 1451 
3126 1437 1452 1438 
3127 1437 1451 1452 
3128 1438 1453 1439 
3129 1438 1452 1453 
3130 1439 1454 1440 
3131 1439 1453 1454 
3132 1440 1455 1441 
3133 1440 1454 1455 
3134 1441 1456 1442 
3135 1441 1455 1456 
3136 1442 1457 1443 
3137 1442 1456 1457 
3138 1443 1458 1444 
3139 1443 1457 1458 
3140 1444 1458 1459 
3141 1445 1487 1446 
3142 1472 1486 1445 
3143 1445 1486 1487 
3144 1446 1488 1448 
3145 1446 1487 1488 
3146 1448 1490 1449 
3147 1448 1488 1490 
3148 1449 1490 2940 
3149 1449 2940 2941 
3150 1450 1491 1451 
3151 1450 1489 1491 
3152 1451 1492 1452 
3153 1451 1491 1492 
3154 1452 1493 1453 
3155 1452 1492 1493 
3156 1453 1494 1454 
3157 1453 1493 1494 
3158 1454 1495 1455 
3159 1454 1494 1495 
3160 1455 1496 1456 
3161 1455 1495 1496 
3162 1456 1497 1457 
3163 1456 1496 1497 
3164 1457 1498 1458 
3165 1457 1497 1498 
3166 1458 1499 1459 
3167 1458 1498 1499 
3168 1459 1473 1460 
3169 1459 1499 1473 
3170 1460 1474 1461 
3171 1460 1473 1474 
3172 1461 1475 1462 
3173 1461 1474 1475 
3174 1462 1476 1463 
3175 1462 1475 1476 
3176 1463 1477 1464 
3177 1463 1476 1477 
3178 1464 1478 1465 
3179 1464 1477 1478 
3180 1465 1479 1466 
3181 1465 1478 1479 
3182 1466 1480 1467 
3183 1466 1479 1480 
3184 1467 1481 1468 
3185 1467 1480 1481 
3186 1468 1482 1469 
3187 1468 1481 1482 
3188 1469 1483 1470 
3189 1469 1482 1483 
3190 1470 1484 1471 
3191 1470 1483 1484 
3192 1471 1485 1472 
3193 1471 1484 1485 
3194 1472 1485 1486 
3195 1473 1515 1474 
3196 1499 1514 1473 
3197 1473 1514 1515 
3198 1474 1516 1475 
3199 1474 1515 1516 
3200 1475 1517 1476 
3201 1475 1516 1517 
3202 1476 1518 1477 
3203 1476 1517 1518 
3204 1477 1519 1478 
3205 1477 1518 1519 
3206 1478 1520 1479 
3207 1478 1519 1520 
3208 1479 1521 1480 
3209 1479 1520 1521 
3210 1480 1522 1481 
3211 1480 1521 1522 
3212 1481 1523 1482 
3213 1481 1522 1523 
3214 1482 1524 1483 
3215 1482 1523 1524 
3216 1483 1525 1484 
3217 1483 1524 1525 
3218 1484 1526 1485 
3219 1484 1525 1526 
3220 1485 1527 1486 
3221 1485 1526 1527 
3222 1486 1528 1487 
3223 1486 1527 1528 
3224 1487 1502 1488 
3225 1487 1528 1502 
3226 1488 1503 1490 
3227 1488 1502 1503 
3228 1489 1505 1491 
3229 1489 1504 1505 
3230 1490 1503 2939 
3231 1490 2939 2940 
3232 1491 1506 1492 
3233 1491 1505 1506 
3234 1492 1507 1493 
3235 1492 1506 1507 
3236 1493 1508 1494 
3237 1493 1507 1508 
3238 1494 1509 1495 
3239 1494 1508 1509 
3240 1495 1510 1496 
3241 1495 1509 1510 
3242 1496 1511 1497 
3243 1496 1510 1511 
3244 1497 1512 1498 
3245 1497 1511 1512 
3246 1498 1513 1499 
3247 1498 1512 1513 
3248 1499 1513 1514 
3249 1500 1543 1501 
3250 1500 1542 1543 
3251 1501 1545 1504 
3252 1501 1543 1545 
3253 1502 1544 1503 
3254 1528 1541 1502 
3255 1502 1541 1544 
3256 1503 1544 2938 
3257 1503 2938 2939 
3258 1504 1546 1505 
3259 1504 1545 1546 
3260 1505 1547 1506 
3261 1505 1546 1547 
3262 1506 1548 1507 
3263 1506 1547 1548 
3264 1507 1549 1508 
3265 1507 1548 1549 
3266 1508 1550 1509 
3267 1508 1549 1550 
3268 1509 1551 1510 
3269 1509 1550 1551 
3270 1510 1552 1511 
3271 1510 1551 1552 
3272 1511 1553 1512 
3273 1511 1552 1553 
3274 1512 1554 1513 
3275 1512 1553 1554 
3276 1513 1555 1514 
3277 1513 1554 1555 
3278 1514 1556 1515 
3279 1514 1555 1556 
3280 1515 1557 1516 
3281 1515 1556 1557 
3282 1516 1529 1517 
3283 1516 1557 1529 
3284 1517 1530 1518 
3285 1517 1529 1530 
3286 1518 1531 1519 
3287 1518 1530 1531 
3288 1519 1532 1520 
3289 1519 1531 1532 
3290 1520 1533 1521 
3291 1520 1532 1533 
3292 1521 1534 1522 
3293 1521 1533 1534 
3294 1522 1535 1523 
3295 1522 1534 1535 
3296 1523 1536 1524 
3297 1523 1535 1536 
3298 1524 1537 1525 
3299 1524 1536 1537 
3300 1525 1538 1526 
3301 1525 1537 1538 
3302 1526 1539 1527 
3303 1526 1538 1539 
3304 1527 1540 1528 
3305 1527 1539 1540 
3306 1528 1540 1541 
3307 1529 1571 1530 
3308 1557 1570 1529 
3309 1529 1570 1571 
3310 1530 1572 1531 
3311 1530 1571 1572 
3312 1531 1573 1532 
3313 1531 1572 1573 
3314 1532 1574 1533 
3315 1532 1573 1574 
3316 1533 1575 1534 
3317 1533 1574 1575 
3318 1534 1576 1535 
3319 1534 1575 1576 
3320 1535 1577 1536 
3321 1535 1576 1577 
3322 1536 1578 1537 
3323 1536 1577 1578 
3324 1537 1579 1538 
3325 1537 1578 1579 
3326 1538 1580 1539 
3327 1538 1579 1580 
3328 1539 1581 1540 
3329 1539 1580 1581 
3330 1540 1582 1541 
3331 1540 1581 1582 
3332 1541 1585 1544 
3333 1541 1582 1585 
3334 1542 1584 1543 
3335 1542 1583 1584 
3336 1543 1586 1545 
3337 1543 1584 1586 
3338 1544 1585 2937 
3339 1544 2937 2938 
3340 1545 1558 1546 
3341 1545 1586 1558 
3342 1546 1559 1547 
3343 1546 1558 1559 
3344 1547 1560 1548 
3345 1547 1559 1560 
3346 1548 1561 1549 
3347 1548 1560 1561 
3348 1549 1562 1550 
3349 1549 1561 1562 
3350 1550 1563 1551 
3351 1550 1562 1563 
3352 1551 1564 1552 
3353 1551 1563 1564 
3354 1552 1565 1553 
3355 1552 1564 1565 
3356 1553 1566 1554 
3357 1553 1565 1566 
3358 1554 1567 1555 
3359 1554 1566 1567 
3360 1555 1568 1556 
3361 1555 1567 1568 
3362 1556 1569 1557 
3363 1556 1568 1569 
3364 1557 1569 1570 
3365 1558 1603 1559 
3366 1586 1602 1558 
3367 1558 1602 1603 
3368 1559 1604 1560 
3369 1559 1603 1604 
3370 1560 1605 1561 
3371 1560 1604 1605 
3372 1561 1606 1562 
3373 1561 1605 1606 
3374 1562 1607 1563 
3375 1562 1606 1607 
3376 1563 1608 1564 
3377 1563 1607 1608 
3378 1564 1609 1565 
3379 1564 1608 1609 
3380 1565 1610 1566 
3381 1565 1609 1610 
3382 1566 1611 1567 
3383 1566 1610 1611 
3384 1567 1612 1568 
3385 1567 1611 1612 
3386 1568 1613 1569 
3387 1568 1612 1613 
3388 1569 1614 1570 
3389 1569 1613 1614 
3390 1570 1615 1571 
3391 1570 1614 1615 
3392 1571 1587 1572 
3393 1571 1615 1587 
3394 1572 1588 1573 
3395 1572 1587 1588 
3396 1573 1589 1574 
3397 1573 1588 1589 
3398 1574 1590 1575 
3399 1574 1589 1590 
3400 1575 1591 1576 
3401 1575 1590 1591 
3402 1576 1592 1577 
3403 1576 1591 1592 
3404 1577 1593 1578 
3405 1577 1592 1593 
3406 1578 1594 1579 
3407 1578 1593 1594 
3408 1579 1595 1580 
3409 1579 1594 1595 
3410 1580 1596 1581 
3411 1580 1595 1596 
3412 1581 1597 1582 
3413 1581 1596 1597 
3414 1582 1600 1585 
3415 1582 1597 1600 
3416 1583 1599 1584 
3417 1583 1598 1599 
3418 1584 1601 1586 
3419 1584 1599 1601 
3420 1585 1600 2936 
3421 1585 2936 2937 
3422 1586 1601 1602 
3423 1587 1629 1588 
3424 1615 1628 1587 
3425 1587 1628 1629 
3426 1588 1630 1589 
3427 1588 1629 1630 
3428 1589 1631 1590 
3429 1589 1630 1631 
3430 1590 1632 1591 
3431 1590 1631 1632 
3432 1591 1633 1592 
3433 1591 1632 1633 
3434 1592 1634 1593 
3435 1592 1633 1634 
3436 1593 1635 1594 
3437 1593 1634 1635 
3438 1594 1636 1595 
3439 1594 1635 1636 
3440 1595 1637 1596 
3441 1595 1636 1637 
3442 1596 1638 1597 
3443 1596 1637 1638 
3444 1597 1641 1600 
3445 1597 1638 1641 
3446 1598 1640 1599 
3447 1598 1639 1640 
3448 1599 1642 1601 
3449 1599 1640 1642 
3450 1600 1641 2935 
3451 1600 2935 2936 
3452 1601 1643 1602 
3453 1601 1642 1643 
3454 1602 1644 1603 
3455 1602 1643 1644 
3456 1603 1616 1604 
3457 1603 1644 1616 
3458 1604 1617 1605 
3459 1604 1616 1617 
3460 1605 1618 1606 
3461 1605 1617 1618 
3462 1606 1619 1607 
3463 1606 1618 1619 
3464 1607 1620 1608 
3465 1607 1619 1620 
3466 1608 1621 1609 
3467 1608 1620 1621 
3468 1609 1622 1610 
3469 1609 1621 1622 
3470 1610 1623 1611 
3471 1610 1622 1623 
3472 1611 1624 1612 
3473 1611 1623 1624 
3474 1612 1625 1613 
3475 1612 1624 1625 
3476 1613 1626 1614 
3477 1613 1625 1626 
3478 1614 1627 1615 
3479 1614 1626 1627 
3480 1615 1627 1628 
3481 1616 1661 1617 
3482 1644 1660 1616 
3483 1616 1660 1661 
3484 1617 1662 1618 
3485 1617 1661 1662 
3486 1618 1663 1619 
3487 1618 1662 1663 
3488 1619 1664 1620 
3489 1619 1663 1664 
3490 1620 1665 1621 
3491 1620 1664 1665 
3492 1621 1666 1622 
3493 1621 1665 1666 
3494 1622 1667 1623 
3495 1622 1666 1667 
3496 1623 1668 1624 
3497 1623 1667 1668 
3498 1624 1669 1625 
3499 1624 1668 1669 
3500 1625 1670 1626 
3501 1625 1669 1670 
3502 1626 1671 1627 
3503 1626 1670 1671 
3504 1627 1672 1628 
3505 1627 1671 1672 
3506 1628 1673 1629 
3507 1628 1672 1673 
3508 1629 1645 1630 
3509 1629 1673 1645 
3510 1630 1646 1631 
3511 1630 1645 1646 
3512 1631 1647 1632 
3513 1631 1646 1647 
3514 1632 1648 1633 
3515 1632 1647 1648 
3516 1633 1649 1634 
3517 1633 1648 1649 
3518 1634 1650 1635 
3519 1634 1649 1650 
3520 1635 1651 1636 
3521 1635 1650 1651 
3522 1636 1652 1637 
3523 1636 1651 1652 
3524 1637 1653 1638 
3525 1637 1652 1653 
3526 1638 1656 1641 
3527 1638 1653 1656 
3528 1639 1655 1640 
3529 1639 1654 1655 
3530 1640 1657 1642 
3531 1640 1655 1657 
3532 1641 1656 2934 
3533 1641 2934 2935 
3534 1642 1658 1643 
3535 1642 1657 1658 
3536 1643 1659 1644 
3537 1643 1658 1659 
3538 1644 1659 1660 
3539 1645 1687 1646 
3540 1673 1686 1645 
3541 1645 1686 1687 
3542 1646 1688 1647 
3543 1646 1687 1688 
3544 1647 1689 1648 
3545 1647 1688 1689 
3546 1648 1690 1649 
3547 1648 1689 1690 
3548 1649 1691 1650 
3549 1649 1690 1691 
3550 1650 1692 1651 
3551 1650 1691 1692 
3552 1651 1693 1652 
3553 1651 1692 1693 
3554 1652 1694 1653 
3555 1652 1693 1694 
3556 1653 1697 1656 
3557 1653 1694 1697 
3558 1654 1696 1655 
3559 1654 1695 1696 
3560 1655 1698 1657 
3561 1655 1696 1698 
3562 1656 1697 2933 
3563 1656 2933 2934 
3564 1657 1699 1658 
3565 1657 1698 1699 
3566 1658 1700 1659 
3567 1658 1699 1700 
3568 1659 1701 1660 
3569 1659 1700 1701 
3570 1660 1702 1661 
3571 1660 1701 1702 
3572 1661 1674 1662 
3573 1661 1702 1674 
3574 1662 1675 1663 
3575 1662 1674 1675 
3576 1663 1676 1664 
3577 1663 1675 1676 
3578 1664 1677 1665 
3579 1664 1676 1677 
3580 1665 1678 1666 
3581 1665 1677 1678 
3582 1666 1679 1667 
3583 1666 1678 1679 
3584 1667 1680 1668 
3585 1667 1679 1680 
3586 1668 1681 1669 
3587 1668 1680 1681 
3588 1669 1682 1670 
3589 1669 1681 1682 
3590 1670 1683 1671 
3591 1670 1682 1683 
3592 1671 1684 1672 
3593 1671 1683 1684 
3594 1672 1685 1673 
3595 1672 1684 1685 
3596 1673 1685 1686 
3597 1674 1719 1675 
3598 1702 1718 1674 
3599 1674 1718 1719 
3600 1675 1720 1676 
3601 1675 1719 1720 
3602 1676 1721 1677 
3603 1676 1720 1721 
3604 1677 1722 1678 
3605 1677 1721 1722 
3606 1678 1723 1679 
3607 1678 1722 1723 
3608 1679 1724 1680 
3609 1679 1723 1724 
3610 1680 1725 1681 
3611 1680 1724 1725 
3612 1681 1726 1682 
3613 1681 1725 1726 
3614 1682 1727 1683 
3615 1682 1726 1727 
3616 1683 1728 1684 
3617 1683 1727 1728 
3618 1684 1729 1685 
3619 1684 1728 1729 
3620 1685 1730 1686 
3621 1685 1729 1730 
3622 1686 1731 1687 
3623 1686 1730 1731 
3624 1687 1703 1688 
3625 1687 1731 1703 
3626 1688 1704 1689 
3627 1688 1703 1704 
3628 1689 1705 1690 
3629 1689 1704 1705 
3630 1690 1706 1691 
3631 1690 1705 1706 
3632 1691 1707 1692 
3633 1691 1706 1707 
3634 1692 1708 1693 
3635 1692 1707 1708 
3636 1693 1709 1694 
3637 1693 1708 1709 
3638 1694 1712 1697 
3639 1694 1709 1712 
3640 1695 1711 1696 
3641 1695 1710 1711 
3642 1696 1713 1698 
3643 1696 1711 1713 
3644 1697 1712 2932 
3645 1697 2932 2933 
3646 1698 1714 1699 
3647 1698 1713 1714 
3648 1699 1715 1700 
3649 1699 1714 1715 
3650 1700 1716 1701 
3651 1700 1715 1716 
3652 1701 1717 1702 
3653 1701 1716 1717 
3654 1702 1717 1718 
3655 1703 1745 1704 
3656 1731 1744 1703 
3657 1703 1744 1745 
3658 1704 1746 1705 
3659 1704 1745 1746 
3660 1705 1747 1706 
3661 1705 1746 1747 
3662 1706 1748 1707 
3663 1706 1747 1748 
3664 1707 1749 1708 
3665 1707 1748 1749 
3666 1708 1750 1709 
3667 1708 1749 1750 
3668 1709 1753 1712 
3669 1709 1750 1753 
3670 1710 1752 1711 
3671 1710 1751 1752 
3672 1711 1754 1713 
3673 1711 1752 1754 
3674 1712 1753 2931 
3675 1712 2931 2932 
3676 1713 1755 1714 
3677 1713 1754 1755 
3678 1714 1756 1715 
3679 1714 1755 1756 
3680 1715 1757 1716 
3681 1715 1756 1757 
3682 1716 1758 1717 
3683 1716 1757 1758 
3684 1717 1759 1718 
3685 1717 1758 1759 
3686 1718 1760 1719 
3687 1718 1759 1760 
3688 1719 1732 1720 
3689 1719 1760 1732 
3690 1720 1733 1721 
3691 1720 1732 1733 
3692 1721 1734 1722 
3693 1721 1733 1734 
3694 1722 1735 1723 
3695 1722 1734 1735 
3696 1723 1736 1724 
3697 1723 1735 1736 
3698 1724 1737 1725 
3699 1724 1736 1737 
3700 1725 1738 1726 
3701 1725 1737 1738 
3702 1726 1739 1727 
3703 1726 1738 1739 
3704 1727 1740 1728 
3705 1727 1739 1740 
3706 1728 1741 1729 
3707 1728 1740 1741 
3708 1729 1742 1730 
3709 1729 1741 1742 
3710 1730 1743 1731 
3711 1730 1742 1743 
3712 1731 1743 1744 
3713 1732 1777 1733 
3714 1760 1776 1732 
3715 1732 1776 1777 
3716 1733 1778 1734 
3717 1733 1777 1778 
3718 1734 1779 1735 
3719 1734 1778 1779 
3720 1735 1780 1736 
3721 1735 1779 1780 
3722 1736 1781 1737 
3723 1736 1780 1781 
3724 1737 1782 1738 
3725 1737 1781 1782 
3726 1738 1783 1739 
3727 1738 1782 1783 
3728 1739 1784 1740 
3729 1739 1783 1784 
3730 1740 1785 1741 
3731 1740 1784 1785 
3732 1741 1786 1742 
3733 1741 1785 1786 
3734 1742 1787 1743 
3735 1742 1786 1787 
3736 1743 1788 1744 
3737 1743 1787 1788 
3738 1744 1789 1745 
3739 1744 1788 1789 
3740 1745 1761 1746 
3741 1745 1789 1761 
3742 1746 1762 1747 
3743 1746 1761 1762 
3744 1747 1763 1748 
3745 1747 1762 1763 
3746 1748 1764 1749 
3747 1748 1763 1764 
3748 1749 1765 1750 
3749 1749 1764 1765 
3750 1750 1768 1753 
3751 1750 1765 1768 
3752 1751 1767 1752 
3753 1751 1766 1767 
3754 1752 1769 1754 
3755 1752 1767 1769 
3756 1753 1768 2930 
3757 1753 2930 2931 
3758 1754 1770 1755 
3759 1754 1769 1770 
3760 1755 1771 1756 
3761 1755 1770 1771 
3762 1756 1772 1757 
3763 1756 1771 1772 
3764 1757 1773 1758 
3765 1757 1772 1773 
3766 1758 1774 1759 
3767 1758 1773 1774 
3768 1759 1775 1760 
3769 1759 1774 1775 
3770 1760 1775 1776 
3771 1761 1803 1762 
3772 1789 1802 1761 
3773 1761 1802 1803 
3774 1762 1804 1763 
3775 1762 1803 1804 
3776 1763 1805 1764 
3777 1763 1804 1805 
3778 1764 1806 1765 
3779 1764 1805 1806 
3780 1765 1809 1768 
3781 1765 1806 1809 
3782 1766 1808 1767 
3783 1766 1807 1808 
3784 1767 1810 1769 
3785 1767 1808 1810 
3786 1768 1809 2929 
3787 1768 2929 2930 
3788 1769 1811 1770 
3789 1769 1810 1811 
3790 1770 1812 1771 
3791 1770 1811 1812 
3792 1771 1813 1772 
3793 1771 1812 1813 
3794 1772 1814 1773 
3795 1772 1813 1814 
3796 1773 1815 1774 
3797 1773 1814 1815 
3798 1774 1816 1775 
3799 1774 1815 1816 
3800 1775 1817 1776 
3801 1775 1816 1817 
3802 1776 1818 1777 
3803 1776 1817 1818 
3804 1777 1790 1778 
3805 1777 1818 1790 
3806 1778 1791 1779 
3807 1778 1790 1791 
3808 1779 1792 1780 
3809 1779 1791 1792 
3810 1780 1793 1781 
3811 1780 1792 1793 
3812 1781 1794 1782 
3813 1781 1793 1794 
3814 1782 1795 1783 
3815 1782 1794 1795 
3816 1783 1796 1784 
3817 1783 1795 1796 
3818 1784 1797 1785 
3819 1784 1796 1797 
3820 1785 1798 1786 
3821 1785 1797 1798 
3822 1786 1799 1787 
3823 1786 1798 1799 
3824 1787 1800 1788 
3825 1787 1799 1800 
3826 1788 1801 1789 
3827 1788 1800 1801 
3828 1789 1801 1802 
3829 1790 1845 1791 
3830 1818 1844 1790 
3831 1790 1844 1845 
3832 1791 1846 1792 
3833 1791 1845 1846 
3834 1792 1847 1793 
3835 1792 1846 1847 
3836 1793 1819 1794 
3837 1793 1847 1819 
3838 1794 1820 1795 
3839 1794 1819 1820 
3840 1795 1821 1796 
3841 1795 1820 1821 
3842 1796 1822 1797 
3843 1796 1821 1822 
3844 1797 1823 1798 
3845 1797 1822 1823 
3846 1798 1824 1799 
3847 1798 1823 1824 
3848 1799 1825 1800 
3849 1799 1824 1825 
3850 1800 1826 1801 
3851 1800 1825 1826 
3852 1801 1827 1802 
3853 1801 1826 1827 
3854 1802 1828 1803 
3855 1802 1827 1828 
3856 1803 1829 1804 
3857 1803 1828 1829 
3858 1804 1830 1805 
3859 1804 1829 1830 
3860 1805 1831 1806 
3861 1805 1830 1831 
3862 1806 1834 1809 
3863 1806 1831 1834 
3864 1807 1833 1808 
3865 1807 1832 1833 
3866 1808 1835 1810 
3867 1808 1833 1835 
3868 1809 1834 2928 
3869 1809 2928 2929 
3870 1810 1836 1811 
3871 1810 1835 1836 
3872 1811 1837 1812 
3873 1811 1836 1837 
3874 1812 1838 1813 
3875 1812 1837 1838 
3876 1813 1839 1814 
3877 1813 1838 1839 
3878 1814 1840 1815 
3879 1814 1839 1840 
3880 1815 1841 1816 
3881 1815 1840 1841 
3882 1816 1842 1817 
3883 1816 1841 1842 
3884 1817 1843 1818 
3885 1817 1842 1843 
3886 1818 1843 1844 
3887 1819 1861 1820 
3888 1847 1860 1819 
3889 1819 1860 1861 
3890 1820 1862 1821 
3891 1820 1861 1862 
3892 1821 1863 1822 
3893 1821 1862 1863 
3894 1822 1864 1823 
3895 1822 1863 1864 
3896 1823 1865 1824 
3897 1823 1864 1865 
3898 1824 1866 1825 
3899 1824 1865 1866 
3900 1825 1867 1826 
3901 1825 1866 1867 
3902 1826 1868 1827 
3903 1826 1867 1868 
3904 1827 1869 1828 
3905 1827 1868 1869 
3906 1828 1870 1829 
3907 1828 1869 1870 
3908 1829 1871 1830 
3909 1829 1870 1871 
3910 1830 1872 1831 
3911 1830 1871 1872 
3912 1831 1875 1834 
3913 1831 1872 1875 
3914 1832 1874 1833 
3915 1832 1873 1874 
3916 1833 1876 1835 
3917 1833 1874 1876 
3918 1834 1875 2927 
3919 1834 2927 2928 
3920 1835 1848 1836 
3921 1835 1876 1848 
3922 1836 1849 1837 
3923 1836 1848 1849 
3924 1837 1850 1838 
3925 1837 1849 1850 
3926 1838 1851 1839 
3927 1838 1850 1851 
3928 1839 1852 1840 
3929 1839 1851 1852 
3930 1840 1853 1841 
3931 1840 1852 1853 
3932 1841 1854 1842 
3933 1841 1853 1854 
3934 1842 1855 1843 
3935 1842 1854 1855 
3936 1843 1856 1844 
3937 1843 1855 1856 
3938 1844 1857 1845 
3939 1844 1856 1857 
3940 1845 1858 1846 
3941 1845 1857 1858 
3942 1846 1859 1847 
3943 1846 1858 1859 
3944 1847 1859 1860 
3945 1848 1893 1849 
3946 1876 1892 1848 
3947 1848 1892 1893 
3948 1849 1894 1850 
3949 1849 1893 1894 
3950 1850 1895 1851 
3951 1850 1894 1895 
3952 1851 1896 1852 
3953 1851 1895 1896 
3954 1852 1897 1853 
3955 1852 1896 1897 
3956 1853 1898 1854 
3957 1853 1897 1898 
3958 1854 1899 1855 
3959 1854 1898 1899 
3960 1855 1900 1856 
3961 1855 1899 1900 
3962 1856 1901 1857 
3963 1856 1900 1901 
3964 1857 1902 1858 
3965 1857 1901 1902 
3966 1858 1903 1859 
3967 1858 1902 1903 
3968 1859 1904 1860 
3969 1859 1903 1904 
3970 1860 1905 1861 
3971 1860 1904 1905 
3972 1861 1877 1862 
3973 1861 1905 1877 
3974 1862 1878 1863 
3975 1862 1877 1878 
3976 1863 1879 1864 
3977 1863 1878 1879 
3978 1864 1880 1865 
3979 1864 1879 1880 
3980 1865 1881 1866 
3981 1865 1880 1881 
3982 1866 1882 1867 
3983 1866 1881 1882 
3984 1867 1883 1868 
3985 1867 1882 1883 
3986 1868 1884 1869 
3987 1868 1883 1884 
3988 1869 1885 1870 
3989 1869 1884 1885 
3990 1870 1886 1871 
3991 1870 1885 1886 
3992 1871 1887 1872 
3993 1871 1886 1887 
3994 1872 1890 1875 
3995 1872 1887 1890 
3996 1873 1889 1874 
3997 1873 1888 1889 
3998 1874 1891 1876 
3999 1874 1889 1891 
4000 1875 1890 2926 
4001 1875 2926 2927 
4002 1876 1891 1892 
4003 1877 1919 1878 
4004 1905 1918 1877 
4005 1877 1918 1919 
4006 1878 1920 1879 
4007 1878 1919 1920 
4008 1879 1921 1880 
4009 1879 1920 1921 
4010 1880 1922 1881 
4011 1880 1921 1922 
4012 1881 1923 1882 
4013 1881 1922 1923 
4014 1882 1924 1883 
4015 1882 1923 1924 
4016 1883 1925 1884 
4017 1883 1924 1925 
4018 1884 1926 1885 
4019 1884 1925 1926 
4020 1885 1927 1886 
4021 1885 1926 1927 
4022 1886 1928 1887 
4023 1886 1927 1928 
4024 1887 1931 1890 
4025 1887 1928 1931 
4026 1888 1930 1889 
4027 1888 1929 1930 
4028 1889 1932 1891 
4029 1889 1930 1932 
4030 1890 1931 2925 
4031 1890 2925 2926 
4032 1891 1933 1892 
4033 1891 1932 1933 
4034 1892 1934 1893 
4035 1892 1933 1934 
4036 1893 1906 1894 
4037 1893 1934 1906 
4038 1894 1907 1895 
4039 1894 1906 1907 
4040 1895 1908 1896 
4041 1895 1907 1908 
4042 1896 1909 1897 
4043 1896 1908 1909 
4044 1897 1910 1898 
4045 1897 1909 1910 
4046 1898 1911 1899 
4047 1898 1910 1911 
4048 1899 1912 1900 
4049 1899 1911 1912 
4050 1900 1913 1901 
4051 1900 1912 1913 
4052 1901 1914 1902 
4053 1901 1913 1914 
4054 1902 1915 1903 
4055 1902 1914 1915 
4056 1903 1916 1904 
4057 1903 1915 1916 
4058 1904 1917 1905 
4059 1904 1916 1917 
4060 1905 1917 1918 
4061 1906 1951 1907 
4062 1934 1950 1906 
4063 1906 1950 1951 
4064 1907 1952 1908 
4065 1907 1951 1952 
4066 1908 1953 1909 
4067 1908 1952 1953 
4068 1909 1954 1910 
4069 1909 1953 1954 
4070 1910 1955 1911 
4071 1910 1954 1955 
4072 1911 1956 1912 
4073 1911 1955 1956 
4074 1912 1957 1913 
4075 1912 1956 1957 
4076 1913 1958 1914 
4077 1913 1957 1958 
4078 1914 1959 1915 
4079 1914 1958 1959 
4080 1915 1960 1916 
4081 1915 1959 1960 
4082 1916 1961 1917 
4083 1916 1960 1961 
4084 1917 1962 1918 
4085 1917 1961 1962 
4086 1918 1963 1919 
4087 1918 1962 1963 
4088 1919 1935 1920 
4089 1919 1963 1935 
4090 1920 1936 1921 
4091 1920 1935 1936 
4092 1921 1937 1922 
4093 1921 1936 1937 
4094 1922 1938 1923 
4095 1922 1937 1938 
4096 1923 1939 1924 
4097 1923 1938 1939 
4098 1924 1940 1925 
4099 1924 1939 1940 
4100 1925 1941 1926 
4101 1925 1940 1941 
4102 1926 1942 1927 
4103 1926 1941 1942 
4104 1927 1943 1928 
4105 1927 1942 1943 
4106 1928 1946 1931 
4107 1928 1943 1946 
4108 1929 1945 1930 
4109 1929 1944 1945 
4110 1930 1947 1932 
4111 1930 1945 1947 
4112 1931 1946 2924 
4113 1931 2924 2925 
4114 1932 1948 1933 
4115 1932 1947 1948 
4116 1933 1949 1934 
4117 1933 1948 1949 
4118 1934 1949 1950 
4119 1935 1977 1936 
4120 1963 1976 1935 
4121 1935 1976 1977 
4122 1936 1978 1937 
4123 1936 1977 1978 
4124 1937 1979 1938 
4125 1937 1978 1979 
4126 1938 1980 1939 
4127 1938 1979 1980 
4128 1939 1981 1940 
4129 1939 1980 1981 
4130 1940 1982 1941 
4131 1940 1981 1982 
4132 1941 1983 1942 
4133 1941 1982 1983 
4134 1942 1984 1943 
4135 1942 1983 1984 
4136 1943 1987 1946 
4137 1943 1984 1987 
4138 1944 1986 1945 
4139 1944 1985 1986 
4140 1945 1988 1947 
4141 1945 1986 1988 
4142 1946 1987 2923 
4143 1946 2923 2924 
4144 1947 1989 1948 
4145 1947 1988 1989 
4146 1948 1990 1949 
4147 1948 1989 1990 
4148 1949 1991 1950 
4149 1949 1990 1991 
4150 1950 1992 1951 
4151 1950 1991 1992 
4152 1951 1964 1952 
4153 1951 1992 1964 
4154 1952 1965 1953 
4155 1952 1964 1965 
4156 1953 1966 1954 
4157 1953 1965 1966 
4158 1954 1967 1955 
4159 1954 1966 1967 
4160 1955 1968 1956 
4161 1955 1967 1968 
4162 1956 1969 1957 
4163 1956 1968 1969 
4164 1957 1970 1958 
4165 1957 1969 1970 
4166 1958 1971 1959 
4167 1958 1970 1971 
4168 1959 1972 1960 
4169 1959 1971 1972 
4170 1960 1973 1961 
4171 1960 1972 1973 
4172 1961 1974 1962 
4173 1961 1973 1974 
4174 1962 1975 1963 
4175 1962 1974 1975 
4176 1963 1975 1976 
4177 1964 2009 1965 
4178 1992 2008 1964 
4179 1964 2008 2009 
4180 1965 2010 1966 
4181 1965 2009 2010 
4182 1966 2011 1967 
4183 1966 2010 2011 
4184 1967 2012 1968 
4185 1967 2011 2012 
4186 1968 2013 1969 
4187 1968 2012 2013 
4188 1969 2014 1970 
4189 1969 2013 2014 
4190 1970 2015 1971 
4191 1970 2014 2015 
4192 1971 2016 1972 
4193 1971 2015 2016 
4194 1972 2017 1973 
4195 1972 2016 2017 
4196 1973 2018 1974 
4197 1973 2017 2018 
4198 1974 2019 1975 
4199 1974 2018 2019 
4200 1975 2020 1976 
4201 1975 2019 2020 
4202 1976 2021 1977 
4203 1976 2020 2021 
4204 1977 1993 1978 
4205 1977 2021 1993 
4206 1978 1994 1979 
4207 1978 1993 1994 
4208 1979 1995 1980 
4209 1979 1994 1995 
4210 1980 1996 1981 
4211 1980 1995 1996 
4212 1981 1997 1982 
4213 1981 1996 1997 
4214 1982 1998 1983 
4215 1982 1997 1998 
4216 1983 1999 1984 
4217 1983 1998 1999 
4218 1984 2002 1987 
4219 1984 1999 2002 
4220 1985 2001 1986 
4221 1985 2000 2001 
4222 1986 2003 1988 
4223 1986 2001 2003 
4224 1987 2002 2922 
4225 1987 2922 2923 
4226 1988 2004 1989 
4227 1988 2003 2004 
4228 1989 2005 1990 
4229 1989 2004 2005 
4230 1990 2006 1991 
4231 1990 2005 2006 
4232 1991 2007 1992 
4233 1991 2006 2007 
4234 1992 2007 2008 
4235 1993 2035 1994 
4236 2021 2034 1993 
4237 1993 2034 2035 
4238 1994 2036 1995 
4239 1994 2035 2036 
4240 1995 2037 1996 
4241 1995 2036 2037 
4242 1996 2038 1997 
4243 1996 2037 2038 
4244 1997 2039 1998 
4245 1997 2038 2039 
4246 1998 2040 1999 
4247 1998 2039 2040 
4248 1999 2043 2002 
4249 1999 2040 2043 
4250 2000 2042 2001 
4251 2000 2041 2042 
4252 2001 2044 2003 
4253 2001 2042 2044 
4254 2002 2043 2921 
4255 2002 2921 2922 
4256 2003 2045 2004 
4257 2003 2044 2045 
4258 2004 2046 2005 
4259 2004 2045 2046 
4260 2005 2047 2006 
4261 2005 2046 2047 
4262 2006 2048 2007 
4263 2006 2047 2048 
4264 2007 2049 2008 
4265 2007 2048 2049 
4266 2008 2050 2009 
4267 2008 2049 2050 
4268 2009 2022 2010 
4269 2009 2050 2022 
4270 2010 2023 2011 
4271 2010 2022 2023 
4272 2011 2024 2012 
4273 2011 2023 2024 
4274 2012 2025 2013 
4275 2012 2024 2025 
4276 2013 2026 2014 
4277 2013 2025 2026 
4278 2014 2027 2015 
4279 2014 2026 2027 
4280 2015 2028 2016 
4281 2015 2027 2028 
4282 2016 2029 2017 
4283 2016 2028 2029 
4284 2017 2030 2018 
4285 2017 2029 2030 
4286 2018 2031 2019 
4287 2018 2030 2031 
4288 2019 2032 2020 
4289 2019 2031 2032 
4290 2020 2033 2021 
4291 2020 2032 2033 
4292 2021 2033 2034 
4293 2022 2067 2023 
4294 2050 2066 2022 
4295 2022 2066 2067 
4296 2023 2068 2024 
4297 2023 2067 2068 
4298 2024 2069 2025 
4299 2024 2068 2069 
4300 2025 2070 2026 
4301 2025 2069 2070 
4302 2026 2071 2027 
4303 2026 2070 2071 
4304 2027 2072 2028 
4305 2027 2071 2072 
4306 2028 2073 2029 
4307 2028 2072 2073 
4308 2029 2074 2030 
4309 2029 2073 2074 
4310 2030 2075 2031 
4311 2030 2074 2075 
4312 2031 2076 2032 
4313 2031 2075 2076 
4314 2032 2077 2033 
4315 2032 2076 2077 
4316 2033 2078 2034 
4317 2033 2077 2078 
4318 2034 2079 2035 
4319 2034 2078 2079 
4320 2035 2051 2036 
4321 2035 2079 2051 
4322 2036 2052 2037 
4323 2036 2051 2052 
4324 2037 2053 2038 
4325 2037 2052 2053 
4326 2038 2054 2039 
4327 2038 2053 2054 
4328 2039 2055 2040 
4329 2039 2054 2055 
4330 2040 2058 2043 
4331 2040 2055 2058 
4332 2041 2057 2042 
4333 2041 2056 2057 
4334 2042 2059 2044 
4335 2042 2057 2059 
4336 2043 2058 2920 
4337 2043 2920 2921 
4338 2044 2060 2045 
4339 2044 2059 2060 
4340 2045 2061 2046 
4341 2045 2060 2061 
4342 2046 2062 2047 
4343 2046 2061 2062 
4344 2047 2063 2048 
4345 2047 2062 2063 
4346 2048 2064 2049 
4347 2048 2063 2064 
4348 2049 2065 2050 
4349 2049 2064 2065 
4350 2050 2065 2066 
4351 2051 2093 2052 
4352 2079 2092 2051 
4353 2051 2092 2093 
4354 2052 2094 2053 
4355 2052 2093 2094 
4356 2053 2095 2054 
4357 2053 2094 2095 
4358 2054 2096 2055 
4359 2054 2095 2096 
4360 2055 2099 2058 
4361 2055 2096 2099 
4362 2056 2098 2057 
4363 2056 2097 2098 
4364 2057 2100 2059 
4365 2057 2098 2100 
4366 2058 2099 2919 
4367 2058 2919 2920 
4368 2059 2101 2060 
4369 2059 2100 2101 
4370 2060 2102 2061 
4371 2060 2101 2102 
4372 2061 2103 2062 
4373 2061 2102 2103 
4374 2062 2104 2063 
4375 2062 2103 2104 
4376 2063 2105 2064 
4377 2063 2104 2105 
4378 2064 2106 2065 
4379 2064 2105 2106 
4380 2065 2107 2066 
4381 2065 2106 2107 
4382 2066 2108 2067 
4383 2066 2107 2108 
4384 2067 2080 2068 
4385 2067 2108 2080 
4386 2068 2081 2069 
4387 2068 2080 2081 
4388 2069 2082 2070 
4389 2069 2081 2082 
4390 2070 2083 2071 
4391 2070 2082 2083 
4392 2071 2084 2072 
4393 2071 2083 2084 
4394 2072 2085 2073 
4395 2072 2084 2085 
4396 2073 2086 2074 
4397 2073 2085 2086 
4398 2074 2087 2075 
4399 2074 2086 2087 
4400 2075 2088 2076 
4401 2075 2087 2088 
4402 2076 2089 2077 
4403 2076 2088 2089 
4404 2077 2090 2078 
4405 2077 2089 2090 
4406 2078 2091 2079 
4407 2078 2090 2091 
4408 2079 2091 2092 
4409 2080 2124 2081 
4410 2108 2123 2080 
4411 2080 2123 2124 
4412 2081 2125 2082 
4413 2081 2124 2125 
4414 2082 2126 2083 
4415 2082 2125 2126 
4416 2083 2127 2084 
4417 2083 2126 2127 
4418 2084 2128 2085 
4419 2084 2127 2128 
4420 2085 2129 2086 
4421 2085 2128 2129 
4422 2086 2130 2087 
4423 2086 2129 2130 
4424 2087 2131 2088 
4425 2087 2130 2131 
4426 2088 2132 2089 
4427 2088 2131 2132 
4428 2089 2133 2090 
4429 2089 2132 2133 
4430 2090 2134 2091 
4431 2090 2133 2134 
4432 2091 2135 2092 
4433 2091 2134 2135 
4434 2092 2136 2093 
4435 2092 2135 2136 
4436 2093 2137 2094 
4437 2093 2136 2137 
4438 2094 2109 2095 
4439 2094 2137 2109 
4440 2095 2110 2096 
4441 2095 2109 2110 
4442 2096 2113 2099 
4443 2096 2110 2113 
4444 2097 2112 2098 
4445 2097 2111 2112 
4446 2098 2114 2100 
4447 2098 2112 2114 
4448 2099 2113 2918 
4449 2099 2918 2919 
4450 2100 2115 2101 
4451 2100 2114 2115 
4452 2101 2116 2102 
4453 2101 2115 2116 
4454 2102 2117 2103 
4455 2102 2116 2117 
4456 2103 2118 2104 
4457 2103 2117 2118 
4458 2104 2119 2105 
4459 2104 2118 2119 
4460 2105 2120 2106 
4461 2105 2119 2120 
4462 2106 2121 2107 
4463 2106 2120 2121 
4464 2107 2122 2108 
4465 2107 2121 2122 
4466 2108 2122 2123 
4467 2109 2148 2110 
4468 2137 2147 2109 
4469 2109 2147 2148 
4470 2110 2151 2113 
4471 2110 2148 2151 
4472 2111 2150 2112 
4473 2111 2149 2150 
4474 2112 2152 2114 
4475 2112 2150 2152 
4476 2113 2151 2917 
4477 2113 2917 2918 
4478 2114 2153 2115 
4479 2114 2152 2153 
4480 2115 2154 2116 
4481 2115 2153 2154 
4482 2116 2155 2117 
4483 2116 2154 2155 
4484 2117 2156 2118 
4485 2117 2155 2156 
4486 2118 2157 2119 
4487 2118 2156 2157 
4488 2119 2158 2120 
4489 2119 2157 2158 
4490 2120 2159 2121 
4491 2120 2158 2159 
4492 2121 2160 2122 
4493 2121 2159 2160 
4494 2122 2161 2123 
4495 2122 2160 2161 
4496 2123 2162 2124 
4497 2123 2161 2162 
4498 2124 2163 2125 
4499 2124 2162 2163 
4500 2125 2164 2126 
4501 2125 2163 2164 
4502 2126 2165 2127 
4503 2126 2164 2165 
4504 2127 2166 2128 
4505 2127 2165 2166 
4506 2128 2138 2129 
4507 2128 2166 2138 
4508 2129 2139 2130 
4509 2129 2138 2139 
4510 2130 2140 2131 
4511 2130 2139 2140 
4512 2131 2141 2132 
4513 2131 2140 2141 
4514 2132 2142 2133 
4515 2132 2141 2142 
4516 2133 2143 2134 
4517 2133 2142 2143 
4518 2134 2144 2135 
4519 2134 2143 2144 
4520 2135 2145 2136 
4521 2135 2144 2145 
4522 2136 2146 2137 
4523 2136 2145 2146 
4524 2137 2146 2147 
4525 2138 2180 2139 
4526 2166 2179 2138 
4527 2138 2179 2180 
4528 2139 2181 2140 
4529 2139 2180 2181 
4530 2140 2182 2141 
4531 2140 2181 2182 
4532 2141 2183 2142 
4533 2141 2182 2183 
4534 2142 2184 2143 
4535 2142 2183 2184 
4536 2143 2185 2144 
4537 2143 2184 2185 
4538 2144 2186 2145 
4539 2144 2185 2186 
4540 2145 2187 2146 
4541 2145 2186 2187 
4542 2146 2188 2147 
4543 2146 2187 2188 
4544 2147 2189 2148 
4545 2147 2188 2189 
4546 2148 2192 2151 
4547 2148 2189 2192 
4548 2149 2191 2150 
4549 2149 2190 2191 
4550 2150 2193 2152 
4551 2150 2191 2193 
4552 2151 2192 2916 
4553 2151 2916 2917 
4554 2152 2194 2153 
4555 2152 2193 2194 
4556 2153 2195 2154 
4557 2153 2194 2195 
4558 2154 2167 2155 
4559 2154 2195 2167 
4560 2155 2168 2156 
4561 2155 2167 2168 
4562 2156 2169 2157 
4563 2156 2168 2169 
4564 2157 2170 2158 
4565 2157 2169 2170 
4566 2158 2171 2159 
4567 2158 2170 2171 
4568 2159 2172 2160 
4569 2159 2171 2172 
4570 2160 2173 2161 
4571 2160 2172 2173 
4572 2161 2174 2162 
4573 2161 2173 2174 
4574 2162 2175 2163 
4575 2162 2174 2175 
4576 2163 2176 2164 
4577 2163 2175 2176 
4578 2164 2177 2165 
4579 2164 2176 2177 
4580 2165 2178 2166 
4581 2165 2177 2178 
4582 2166 2178 2179 
4583 2167 2212 2168 
4584 2195 2211 2167 
4585 2167 2211 2212 
4586 2168 2213 2169 
4587 2168 2212 2213 
4588 2169 2214 2170 
4589 2169 2213 2214 
4590 2170 2215 2171 
4591 2170 2214 2215 
4592 2171 2216 2172 
4593 2171 2215 2216 
4594 2172 2217 2173 
4595 2172 2216 2217 
4596 2173 2218 2174 
4597 2173 2217 2218 
4598 2174 2219 2175 
4599 2174 2218 2219 
4600 2175 2220 2176 
4601 2175 2219 2220 
4602 2176 2221 2177 
4603 2176 2220 2221 
4604 2177 2222 2178 
4605 2177 2221 2222 
4606 2178 2223 2179 
4607 2178 2222 2223 
4608 2179 2224 2180 
4609 2179 2223 2224 
4610 2180 2196 2181 
4611 2180 2224 2196 
4612 2181 2197 2182 
4613 2181 2196 2197 
4614 2182 2198 2183 
4615 2182 2197 2198 
4616 2183 2199 2184 
4617 2183 2198 2199 
4618 2184 2200 2185 
4619 2184 2199 2200 
4620 2185 2201 2186 
4621 2185 2200 2201 
4622 2186 2202 2187 
4623 2186 2201 2202 
4624 2187 2203 2188 
4625 2187 2202 2203 
4626 2188 2204 2189 
4627 2188 2203 2204 
4628 2189 2207 2192 
4629 2189 2204 2207 
4630 2190 2206 2191 
4631 2190 2205 2206 
4632 2191 2208 2193 
4633 2191 2206 2208 
4634 2192 2207 2251 
4635 2192 2251 2916 
4636 2193 2209 2194 
4637 2193 2208 2209 
4638 2194 2210 2195 
4639 2194 2209 2210 
4640 2195 2210 2211 
4641 2196 2238 2197 
4642 2224 2237 2196 
4643 2196 2237 2238 
4644 2197 2239 2198 
4645 2197 2238 2239 
4646 2198 2240 2199 
4647 2198 2239 2240 
4648 2199 2241 2200 
4649 2199 2240 2241 
4650 2200 2242 2201 
4651 2200 2241 2242 
4652 2201 2243 2202 
4653 2201 2242 2243 
4654 2202 2244 2203 
4655 2202 2243 2244 
4656 2203 2245 2204 
4657 2203 2244 2245 
4658 2204 2248 2207 
4659 2204 2245 2248 
4660 2205 2247 2206 
4661 2205 2246 2247 
4662 2206 2249 2208 
4663 2206 2247 2249 
4664 2207 2248 2250 
4665 2207 2250 2251 
4666 2208 2252 2209 
4667 2208 2249 2252 
4668 2209 2253 2210 
4669 2209 2252 2253 
4670 2210 2254 2211 
4671 2210 2253 2254 
4672 2211 2255 2212 
4673 2211 2254 2255 
4674 2212 2225 2213 
4675 2212 2255 2225 
4676 2213 2226 2214 
4677 2213 2225 2226 
4678 2214 2227 2215 
4679 2214 2226 2227 
4680 2215 2228 2216 
4681 2215 2227 2228 
4682 2216 2229 2217 
4683 2216 2228 2229 
4684 2217 2230 2218 
4685 2217 2229 2230 
4686 2218 2231 2219 
4687 2218 2230 2231 
4688 2219 2232 2220 
4689 2219 2231 2232 
4690 2220 2233 2221 
4691 2220 2232 2233 
4692 2221 2234 2222 
4693 2221 2233 2234 
4694 2222 2235 2223 
4695 2222 2234 2235 
4696 2223 2236 2224 
4697 2223 2235 2236 
4698 2224 2236 2237 
4699 2225 2273 2226 
4700 2255 2272 2225 
4701 2225 2272 2273 
4702 2226 2274 2227 
4703 2226 2273 2274 
4704 2227 2275 2228 
4705 2227 2274 2275 
4706 2228 2276 2229 
4707 2228 2275 2276 
4708 2229 2277 2230 
4709 2229 2276 2277 
4710 2230 2278 2231 
4711 2230 2277 2278 
4712 2231 2279 2232 
4713 2231 2278 2279 
4714 2232 2280 2233 
4715 2232 2279 2280 
4716 2233 2281 2234 
4717 2233 2280 2281 
4718 2234 2282 2235 
4719 2234 2281 2282 
4720 2235 2283 2236 
4721 2235 2282 2283 
4722 2236 2284 2237 
4723 2236 2283 2284 
4724 2237 2285 2238 
4725 2237 2284 2285 
4726 2238 2256 2239 
4727 2238 2285 2256 
4728 2239 2257 2240 
4729 2239 2256 2257 
4730 2240 2258 2241 
4731 2240 2257 2258 
4732 2241 2259 2242 
4733 2241 2258 2259 
4734 2242 2260 2243 
4735 2242 2259 2260 
4736 2243 2261 2244 
4737 2243 2260 2261 
4738 2244 2262 2245 
4739 2244 2261 2262 
4740 2245 2265 2248 
4741 2245 2262 2265 
4742 2246 2264 2247 
4743 2246 2263 2264 
4744 2247 2266 2249 
4745 2247 2264 2266 
4746 2248 2267 2250 
4747 2248 2265 2267 
4748 2249 2268 2252 
4749 2249 2266 2268 
4750 2250 2915 2251 
4751 2250 2267 2914 
4752 2250 2914 2915 
4753 2252 2269 2253 
4754 2252 2268 2269 
4755 2253 2270 2254 
4756 2253 2269 2270 
4757 2254 2271 2255 
4758 2254 2270 2271 
4759 2255 2271 2272 
4760 2256 2299 2257 
4761 2285 2298 2256 
4762 2256 2298 2299 
4763 2257 2300 2258 
4764 2257 2299 2300 
4765 2258 2301 2259 
4766 2258 2300 2301 
4767 2259 2302 2260 
4768 2259 2301 2302 
4769 2260 2303 2261 
4770 2260 2302 2303 
4771 2261 2304 2262 
4772 2261 2303 2304 
4773 2262 2307 2265 
4774 2262 2304 2307 
4775 2263 2306 2264 
4776 2263 2305 2306 
4777 2264 2308 2266 
4778 2264 2306 2308 
4779 2265 2309 2267 
4780 2265 2307 2309 
4781 2266 2310 2268 
4782 2266 2308 2310 
4783 2267 2309 2913 
4784 2267 2913 2914 
4785 2268 2311 2269 
4786 2268 2310 2311 
4787 2269 2312 2270 
4788 2269 2311 2312 
4789 2270 2313 2271 
4790 2270 2312 2313 
4791 2271 2314 2272 
4792 2271 2313 2314 
4793 2272 2315 2273 
4794 2272 2314 2315 
4795 2273 2286 2274 
4796 2273 2315 2286 
4797 2274 2287 2275 
4798 2274 2286 2287 
4799 2275 2288 2276 
4800 2275 2287 2288 
4801 2276 2289 2277 
4802 2276 2288 2289 
4803 2277 2290 2278 
4804 2277 2289 2290 
4805 2278 2291 2279 
4806 2278 2290 2291 
4807 2279 2292 2280 
4808 2279 2291 2292 
4809 2280 2293 2281 
4810 2280 2292 2293 
4811 2281 2294 2282 
4812 2281 2293 2294 
4813 2282 2295 2283 
4814 2282 2294 2295 
4815 2283 2296 2284 
4816 2283 2295 2296 
4817 2284 2297 2285 
4818 2284 2296 2297 
4819 2285 2297 2298 
4820 2286 2331 2287 
4821 2315 2330 2286 
4822 2286 2330 2331 
4823 2287 2332 2288 
4824 2287 2331 2332 
4825 2288 2333 2289 
4826 2288 2332 2333 
4827 2289 2334 2290 
4828 2289 2333 2334 
4829 2290 2335 2291 
4830 2290 2334 2335 
4831 2291 2336 2292 
4832 2291 2335 2336 
4833 2292 2337 2293 
4834 2292 2336 2337 
4835 2293 2338 2294 
4836 2293 2337 2338 
4837 2294 2339 2295 
4838 2294 2338 2339 
4839 2295 2340 2296 
4840 2295 2339 2340 
4841 2296 2341 2297 
4842 2296 2340 2341 
4843 2297 2342 2298 
4844 2297 2341 2342 
4845 2298 2343 2299 
4846 2298 2342 2343 
4847 2299 2316 2300 
4848 2299 2343 2316 
4849 2300 2317 2301 
4850 2300 2316 2317 
4851 2301 2318 2302 
4852 2301 2317 2318 
4853 2302 2319 2303 
4854 2302 2318 2319 
4855 2303 2320 2304 
4856 2303 2319 2320 
4857 2304 2322 2307 
4858 2304 2320 2322 
4859 2307 2323 2309 
4860 2307 2322 2323 
4861 2308 2324 2310 
4862 2309 2323 2912 
4863 2309 2912 2913 
4864 2310 2325 2311 
4865 2310 2324 2325 
4866 2311 2326 2312 
4867 2311 2325 2326 
4868 2312 2327 2313 
4869 2312 2326 2327 
4870 2313 2328 2314 
4871 2313 2327 2328 
4872 2314 2329 2315 
4873 2314 2328 2329 
4874 2315 2329 2330 
4875 2316 2357 2317 
4876 2343 2356 2316 
4877 2316 2356 2357 
4878 2317 2358 2318 
4879 2317 2357 2358 
4880 2318 2359 2319 
4881 2318 2358 2359 
4882 2319 2360 2320 
4883 2319 2359 2360 
4884 2320 2361 2322 
4885 2320 2360 2361 
4886 2322 2362 2323 
4887 2322 2361 2362 
4888 2323 2362 2911 
4889 2323 2911 2912 
4890 2324 2364 2325 
4891 2324 2363 2364 
4892 2325 2365 2326 
4893 2325 2364 2365 
4894 2326 2366 2327 
4895 2326 2365 2366 
4896 2327 2367 2328 
4897 2327 2366 2367 
4898 2328 2368 2329 
4899 2328 2367 2368 
4900 2329 2369 2330 
4901 2329 2368 2369 
4902 2330 2370 2331 
4903 2330 2369 2370 
4904 2331 2344 2332 
4905 2331 2370 2344 
4906 2332 2345 2333 
4907 2332 2344 2345 
4908 2333 2346 2334 
4909 2333 2345 2346 
4910 2334 2347 2335 
4911 2334 2346 2347 
4912 2335 2348 2336 
4913 2335 2347 2348 
4914 2336 2349 2337 
4915 2336 2348 2349 
4916 2337 2350 2338 
4917 2337 2349 2350 
4918 2338 2351 2339 
4919 2338 2350 2351 
4920 2339 2352 2340 
4921 2339 2351 2352 
4922 2340 2353 2341 
4923 2340 2352 2353 
4924 2341 2354 2342 
4925 2341 2353 2354 
4926 2342 2355 2343 
4927 2342 2354 2355 
4928 2343 2355 2356 
4929 2344 2386 2345 
4930 2370 2385 2344 
4931 2344 2385 2386 
4932 2345 2387 2346 
4933 2345 2386 2387 
4934 2346 2388 2347 
4935 2346 2387 2388 
4936 2347 2389 2348 
4937 2347 2388 2389 
4938 2348 2390 2349 
4939 2348 2389 2390 
4940 2349 2391 2350 
4941 2349 2390 2391 
4942 2350 2392 2351 
4943 2350 2391 2392 
4944 2351 2393 2352 
4945 2351 2392 2393 
4946 2352 2394 2353 
4947 2352 2393 2394 
4948 2353 2395 2354 
4949 2353 2394 2395 
4950 2354 2396 2355 
4951 2354 2395 2396 
4952 2355 2397 2356 
4953 2355 2396 2397 
4954 2356 2398 2357 
4955 2356 2397 2398 
4956 2357 2399 2358 
4957 2357 2398 2399 
4958 2358 2371 2359 
4959 2358 2399 2371 
4960 2359 2372 2360 
4961 2359 2371 2372 
4962 2360 2373 2361 
4963 2360 2372 2373 
4964 2361 2376 2362 
4965 2361 2373 2376 
4966 2362 2376 2910 
4967 2362 2910 2911 
4968 2363 2378 2364 
4969 2363 2377 2378 
4970 2364 2379 2365 
4971 2364 2378 2379 
4972 2365 2380 2366 
4973 2365 2379 2380 
4974 2366 2381 2367 
4975 2366 2380 2381 
4976 2367 2382 2368 
4977 2367 2381 2382 
4978 2368 2383 2369 
4979 2368 2382 2383 
4980 2369 2384 2370 
4981 2369 2383 2384 
4982 2370 2384 2385 
4983 2371 2413 2372 
4984 2399 2412 2371 
4985 2371 2412 2413 
4986 2372 2414 2373 
4987 2372 2413 2414 
4988 2373 2417 2376 
4989 2373 2414 2417 
4990 2374 2416 2375 
4991 2374 2415 2416 
4992 2375 2418 2377 
4993 2375 2416 2418 
4994 2376 2417 2909 
4995 2376 2909 2910 
4996 2377 2419 2378 
4997 2377 2418 2419 
4998 2378 2420 2379 
4999 2378 2419 2420 
5000 2379 2421 2380 
5001 2379 2420 2421 
5002 2380 2422 2381 
5003 2380 2421 2422 
5004 2381 2423 2382 
5005 2381 2422 2423 
5006 2382 2424 2383 
5007 2382 2423 2424 
5008 2383 2425 2384 
5009 2383 2424 2425 
5010 2384 2426 2385 
5011 2384 2425 2426 
5012 2385 2427 2386 
5013 2385 2426 2427 
5014 2386 2428 2387 
5015 2386 2427 2428 
5016 2387 2400 2388 
5017 2387 2428 2400 
5018 2388 2401 2389 
5019 2388 2400 2401 
5020 2389 2402 2390 
5021 2389 2401 2402 
5022 2390 2403 2391 
5023 2390 2402 2403 
5024 2391 2404 2392 
5025 2391 2403 2404 
5026 2392 2405 2393 
5027 2392 2404 2405 
5028 2393 2406 2394 
5029 2393 2405 2406 
5030 2394 2407 2395 
5031 2394 2406 2407 
5032 2395 2408 2396 
5033 2395 2407 2408 
5034 2396 2409 2397 
5035 2396 2408 2409 
5036 2397 2410 2398 
5037 2397 2409 2410 
5038 2398 2411 2399 
5039 2398 2410 2411 
5040 2399 2411 2412 
5041 2400 2444 2401 
5042 2428 2443 2400 
5043 2400 2443 2444 
5044 2401 2445 2402 
5045 2401 2444 2445 
5046 2402 2446 2403 
5047 2402 2445 2446 
5048 2403 2447 2404 
5049 2403 2446 2447 
5050 2404 2448 2405 
5051 2404 2447 2448 
5052 2405 2449 2406 
5053 2405 2448 2449 
5054 2406 2450 2407 
5055 2406 2449 2450 
5056 2407 2451 2408 
5057 2407 2450 2451 
5058 2408 2452 2409 
5059 2408 2451 2452 
5060 2409 2453 2410 
5061 2409 2452 2453 
5062 2410 2454 2411 
5063 2410 2453 2454 
5064 2411 2455 2412 
5065 2411 2454 2455 
5066 2412 2456 2413 
5067 2412 2455 2456 
5068 2413 2429 2414 
5069 2413 2456 2429 
5070 2414 2430 2417 
5071 2414 2429 2430 
5072 2415 2431 2416 
5073 2415 2457 2431 
5074 2416 2432 2418 
5075 2416 2431 2432 
5076 2417 2430 2908 
5077 2417 2908 2909 
5078 2418 2433 2419 
5079 2418 2432 2433 
5080 2419 2434 2420 
5081 2419 2433 2434 
5082 2420 2435 2421 
5083 2420 2434 2435 
5084 2421 2436 2422 
5085 2421 2435 2436 
5086 2422 2437 2423 
5087 2422 2436 2437 
5088 2423 2438 2424 
5089 2423 2437 2438 
5090 2424 2439 2425 
5091 2424 2438 2439 
5092 2425 2440 2426 
5093 2425 2439 2440 
5094 2426 2441 2427 
5095 2426 2440 2441 
5096 2427 2442 2428 
5097 2427 2441 2442 
5098 2428 2442 2443 
5099 2429 2473 2430 
5100 2456 2470 2429 
5101 2429 2470 2473 
5102 2430 2473 2907 
5103 2430 2907 2908 
5104 2431 2474 2432 
5105 2457 2472 2431 
5106 2431 2472 2474 
5107 2432 2475 2433 
5108 2432 2474 2475 
5109 2433 2476 2434 
5110 2433 2475 2476 
5111 2434 2477 2435 
5112 2434 2476 2477 
5113 2435 2478 2436 
5114 2435 2477 2478 
5115 2436 2479 2437 
5116 2436 2478 2479 
5117 2437 2480 2438 
5118 2437 2479 2480 
5119 2438 2481 2439 
5120 2438 2480 2481 
5121 2439 2482 2440 
5122 2439 2481 2482 
5123 2440 2483 2441 
5124 2440 2482 2483 
5125 2441 2484 2442 
5126 2441 2483 2484 
5127 2442 2485 2443 
5128 2442 2484 2485 
5129 2443 2486 2444 
5130 2443 2485 2486 
5131 2444 2458 2445 
5132 2444 2486 2458 
5133 2445 2459 2446 
5134 2445 2458 2459 
5135 2446 2460 2447 
5136 2446 2459 2460 
5137 2447 2461 2448 
5138 2447 2460 2461 
5139 2448 2462 2449 
5140 2448 2461 2462 
5141 2449 2463 2450 
5142 2449 2462 2463 
5143 2450 2464 2451 
5144 2450 2463 2464 
5145 2451 2465 2452 
5146 2451 2464 2465 
5147 2452 2466 2453 
5148 2452 2465 2466 
5149 2453 2467 2454 
5150 2453 2466 2467 
5151 2454 2468 2455 
5152 2454 2467 2468 
5153 2455 2469 2456 
5154 2455 2468 2469 
5155 2456 2469 2470 
5156 2457 2471 2472 
5157 2458 2489 2459 
5158 2486 2488 2458 
5159 2458 2488 2489 
5160 2459 2490 2460 
5161 2459 2489 2490 
5162 2460 2491 2461 
5163 2460 2490 2491 
5164 2461 2492 2462 
5165 2461 2491 2492 
5166 2462 2493 2463 
5167 2462 2492 2493 
5168 2463 2494 2464 
5169 2463 2493 2494 
5170 2464 2495 2465 
5171 2464 2494 2495 
5172 2465 2496 2466 
5173 2465 2495 2496 
5174 2466 2497 2467 
5175 2466 2496 2497 
5176 2467 2498 2468 
5177 2467 2497 2498 
5178 2468 2499 2469 
5179 2468 2498 2499 
5180 2469 2500 2470 
5181 2469 2499 2500 
5182 2470 2503 2473 
5183 2470 2500 2503 
5184 2471 2502 2472 
5185 2471 2501 2502 
5186 2472 2504 2474 
5187 2472 2502 2504 
5188 2473 2503 2906 
5189 2473 2906 2907 
5190 2474 2505 2475 
5191 2474 2504 2505 
5192 2475 2506 2476 
5193 2475 2505 2506 
5194 2476 2507 2477 
5195 2476 2506 2507 
5196 2477 2508 2478 
5197 2477 2507 2508 
5198 2478 2509 2479 
5199 2478 2508 2509 
5200 2479 2510 2480 
5201 2479 2509 2510 
5202 2480 2511 2481 
5203 2480 2510 2511 
5204 2481 2512 2482 
5205 2481 2511 2512 
5206 2482 2513 2483 
5207 2482 2512 2513 
5208 2483 2514 2484 
5209 2483 2513 2514 
5210 2484 2515 2485 
5211 2484 2514 2515 
5212 2485 2487 2486 
5213 2485 2515 2487 
5214 2486 2487 2488 
5215 2487 2529 2488 
5216 2515 2528 2487 
5217 2487 2528 2529 
5218 2488 2530 2489 
5219 2488 2529 2530 
5220 2489 2531 2490 
5221 2489 2530 2531 
5222 2490 2532 2491 
5223 2490 2531 2532 
5224 2491 2533 2492 
5225 2491 2532 2533 
5226 2492 2534 2493 
5227 2492 2533 2534 
5228 2493 2535 2494 
5229 2493 2534 2535 
5230 2494 2536 2495 
5231 2494 2535 2536 
5232 2495 2537 2496 
5233 2495 2536 2537 
5234 2496 2538 2497 
5235 2496 2537 2538 
5236 2497 2539 2498 
5237 2497 2538 2539 
5238 2498 2540 2499 
5239 2498 2539 2540 
5240 2499 2541 2500 
5241 2499 2540 2541 
5242 2500 2544 2503 
5243 2500 2541 2544 
5244 2501 2543 2502 
5245 2501 2542 2543 
5246 2502 2516 2504 
5247 2502 2543 2516 
5248 2503 2544 2905 
5249 2503 2905 2906 
5250 2504 2517 2505 
5251 2504 2516 2517 
5252 2505 2518 2506 
5253 2505 2517 2518 
5254 2506 2519 2507 
5255 2506 2518 2519 
5256 2507 2520 2508 
5257 2507 2519 2520 
5258 2508 2521 2509 
5259 2508 2520 2521 
5260 2509 2522 2510 
5261 2509 2521 2522 
5262 2510 2523 2511 
5263 2510 2522 2523 
5264 2511 2524 2512 
5265 2511 2523 2524 
5266 2512 2525 2513 
5267 2512 2524 2525 
5268 2513 2526 2514 
5269 2513 2525 2526 
5270 2514 2527 2515 
5271 2514 2526 2527 
5272 2515 2527 2528 
5273 2516 2561 2517 
5274 2543 2560 2516 
5275 2516 2560 2561 
5276 2517 2562 2518 
5277 2517 2561 2562 
5278 2518 2563 2519 
5279 2518 2562 2563 
5280 2519 2564 2520 
5281 2519 2563 2564 
5282 2520 2565 2521 
5283 2520 2564 2565 
5284 2521 2566 2522 
5285 2521 2565 2566 
5286 2522 2567 2523 
5287 2522 2566 2567 
5288 2523 2568 2524 
5289 2523 2567 2568 
5290 2524 2569 2525 
5291 2524 2568 2569 
5292 2525 2570 2526 
5293 2525 2569 2570 
5294 2526 2571 2527 
5295 2526 2570 2571 
5296 2527 2572 2528 
5297 2527 2571 2572 
5298 2528 2573 2529 
5299 2528 2572 2573 
5300 2529 2545 2530 
5301 2529 2573 2545 
5302 2530 2546 2531 
5303 2530 2545 2546 
5304 2531 2547 2532 
5305 2531 2546 2547 
5306 2532 2548 2533 
5307 2532 2547 2548 
5308 2533 2549 2534 
5309 2533 2548 2549 
5310 2534 2550 2535 
5311 2534 2549 2550 
5312 2535 2551 2536 
5313 2535 2550 2551 
5314 2536 2552 2537 
5315 2536 2551 2552 
5316 2537 2553 2538 
5317 2537 2552 2553 
5318 2538 2554 2539 
5319 2538 2553 2554 
5320 2539 2555 2540 
5321 2539 2554 2555 
5322 2540 2556 2541 
5323 2540 2555 2556 
5324 2541 2559 2544 
5325 2541 2556 2559 
5326 2542 2558 2543 
5327 2542 2557 2558 
5328 2543 2558 2560 
5329 2544 2559 2904 
5330 2544 2904 2905 
5331 2545 2587 2546 
5332 2573 2586 2545 
5333 2545 2586 2587 
5334 2546 2588 2547 
5335 2546 2587 2588 
5336 2547 2589 2548 
5337 2547 2588 2589 
5338 2548 2590 2549 
5339 2548 2589 2590 
5340 2549 2591 2550 
5341 2549 2590 2591 
5342 2550 2592 2551 
5343 2550 2591 2592 
5344 2551 2593 2552 
5345 2551 2592 2593 
5346 2552 2594 2553 
5347 2552 2593 2594 
5348 2553 2595 2554 
5349 2553 2594 2595 
5350 2554 2596 2555 
5351 2554 2595 2596 
5352 2555 2597 2556 
5353 2555 2596 2597 
5354 2556 2600 2559 
5355 2556 2597 2600 
5356 2557 2599 2558 
5357 2557 2598 2599 
5358 2558 2601 2560 
5359 2558 2599 2601 
5360 2559 2600 2903 
5361 2559 2903 2904 
5362 2560 2602 2561 
5363 2560 2601 2602 
5364 2561 2574 2562 
5365 2561 2602 2574 
5366 2562 2575 2563 
5367 2562 2574 2575 
5368 2563 2576 2564 
5369 2563 2575 2576 
5370 2564 2577 2565 
5371 2564 2576 2577 
5372 2565 2578 2566 
5373 2565 2577 2578 
5374 2566 2579 2567 
5375 2566 2578 2579 
5376 2567 2580 2568 
5377 2567 2579 2580 
5378 2568 2581 2569 
5379 2568 2580 2581 
5380 2569 2582 2570 
5381 2569 2581 2582 
5382 2570 2583 2571 
5383 2570 2582 2583 
5384 2571 2584 2572 
5385 2571 2583 2584 
5386 2572 2585 2573 
5387 2572 2584 2585 
5388 2573 2585 2586 
5389 2574 2619 2575 
5390 2602 2618 2574 
5391 2574 2618 2619 
5392 2575 2620 2576 
5393 2575 2619 2620 
5394 2576 2621 2577 
5395 2576 2620 2621 
5396 2577 2622 2578 
5397 2577 2621 2622 
5398 2578 2623 2579 
5399 2578 2622 2623 
5400 2579 2624 2580 
5401 2579 2623 2624 
5402 2580 2625 2581 
5403 2580 2624 2625 
5404 2581 2626 2582 
5405 2581 2625 2626 
5406 2582 2627 2583 
5407 2582 2626 2627 
5408 2583 2628 2584 
5409 2583 2627 2628 
5410 2584 2629 2585 
5411 2584 2628 2629 
5412 2585 2630 2586 
5413 2585 2629 2630 
5414 2586 2631 2587 
5415 2586 2630 2631 
5416 2587 2603 2588 
5417 2587 2631 2603 
5418 2588 2604 2589 
5419 2588 2603 2604 
5420 2589 2605 2590 
5421 2589 2604 2605 
5422 2590 2606 2591 
5423 2590 2605 2606 
5424 2591 2607 2592 
5425 2591 2606 2607 
5426 2592 2608 2593 
5427 2592 2607 2608 
5428 2593 2609 2594 
5429 2593 2608 2609 
5430 2594 2610 2595 
5431 2594 2609 2610 
5432 2595 2611 2596 
5433 2595 2610 2611 
5434 2596 2612 2597 
5435 2596 2611 2612 
5436 2597 2615 2600 
5437 2597 2612 2615 
5438 2598 2614 2599 
5439 2598 2613 2614 
5440 2599 2616 2601 
5441 2599 2614 2616 
5442 2600 2615 2902 
5443 2600 2902 2903 
5444 2601 2617 2602 
5445 2601 2616 2617 
5446 2602 2617 2618 
5447 2603 2645 2604 
5448 2631 2644 2603 
5449 2603 2644 2645 
5450 2604 2646 2605 
5451 2604 2645 2646 
5452 2605 2647 2606 
5453 2605 2646 2647 
5454 2606 2648 2607 
5455 2606 2647 2648 
5456 2607 2649 2608 
5457 2607 2648 2649 
5458 2608 2650 2609 
5459 2608 2649 2650 
5460 2609 2651 2610 
5461 2609 2650 2651 
5462 2610 2652 2611 
5463 2610 2651 2652 
5464 2611 2653 2612 
5465 2611 2652 2653 
5466 2612 2656 2615 
5467 2612 2653 2656 
5468 2613 2655 2614 
5469 2613 2654 2655 
5470 2614 2657 2616 
5471 2614 2655 2657 
5472 2615 2656 2901 
5473 2615 2901 2902 
5474 2616 2658 2617 
5475 2616 2657 2658 
5476 2617 2659 2618 
5477 2617 2658 2659 
5478 2618 2660 2619 
5479 2618 2659 2660 
5480 2619 2632 2620 
5481 2619 2660 2632 
5482 2620 2633 2621 
5483 2620 2632 2633 
5484 2621 2634 2622 
5485 2621 2633 2634 
5486 2622 2635 2623 
5487 2622 2634 2635 
5488 2623 2636 2624 
5489 2623 2635 2636 
5490 2624 2637 2625 
5491 2624 2636 2637 
5492 2625 2638 2626 
5493 2625 2637 2638 
5494 2626 2639 2627 
5495 2626 2638 2639 
5496 2627 2640 2628 
5497 2627 2639 2640 
5498 2628 2641 2629 
5499 2628 2640 2641 
5500 2629 2642 2630 
5501 2629 2641 2642 
5502 2630 2643 2631 
5503 2630 2642 2643 
5504 2631 2643 2644 
5505 2632 2677 2633 
5506 2660 2676 2632 
5507 2632 2676 2677 
5508 2633 2678 2634 
5509 2633 2677 2678 
5510 2634 2679 2635 
5511 2634 2678 2679 
5512 2635 2680 2636 
5513 2635 2679 2680 
5514 2636 2681 2637 
5515 2636 2680 2681 
5516 2637 2682 2638 
5517 2637 2681 2682 
5518 2638 2683 2639 
5519 2638 2682 2683 
5520 2639 2684 2640 
5521 2639 2683 2684 
5522 2640 2685 2641 
5523 2640 2684 2685 
5524 2641 2686 2642 
5525 2641 2685 2686 
5526 2642 2687 2643 
5527 2642 2686 2687 
5528 2643 2688 2644 
5529 2643 2687 2688 
5530 2644 2689 2645 
5531 2644 2688 2689 
5532 2645 2661 2646 
5533 2645 2689 2661 
5534 2646 2662 2647 
5535 2646 2661 2662 
5536 2647 2663 2648 
5537 2647 2662 2663 
5538 2648 2664 2649 
5539 2648 2663 2664 
5540 2649 2665 2650 
5541 2649 2664 2665 
5542 2650 2666 2651 
5543 2650 2665 2666 
5544 2651 2667 2652 
5545 2651 2666 2667 
5546 2652 2668 2653 
5547 2652 2667 2668 
5548 2653 2671 2656 
5549 2653 2668 2671 
5550 2654 2670 2655 
5551 2654 2669 2670 
5552 2655 2672 2657 
5553 2655 2670 2672 
5554 2656 2671 2900 
5555 2656 2900 2901 
5556 2657 2673 2658 
5557 2657 2672 2673 
5558 2658 2674 2659 
5559 2658 2673 2674 
5560 2659 2675 2660 
5561 2659 2674 2675 
5562 2660 2675 2676 
5563 2661 2703 2662 
5564 2689 2702 2661 
5565 2661 2702 2703 
5566 2662 2704 2663 
5567 2662 2703 2704 
5568 2663 2705 2664 
5569 2663 2704 2705 
5570 2664 2706 2665 
5571 2664 2705 2706 
5572 2665 2707 2666 
5573 2665 2706 2707 
5574 2666 2708 2667 
5575 2666 2707 2708 
5576 2667 2709 2668 
5577 2667 2708 2709 
5578 2668 2712 2671 
5579 2668 2709 2712 
5580 2669 2711 2670 
5581 2669 2710 2711 
5582 2670 2713 2672 
5583 2670 2711 2713 
5584 2671 2712 2899 
5585 2671 2899 2900 
5586 2672 2714 2673 
5587 2672 2713 2714 
5588 2673 2715 2674 
5589 2673 2714 2715 
5590 2674 2716 2675 
5591 2674 2715 2716 
5592 2675 2717 2676 
5593 2675 2716 2717 
5594 2676 2718 2677 
5595 2676 2717 2718 
5596 2677 2690 2678 
5597 2677 2718 2690 
5598 2678 2691 2679 
5599 2678 2690 2691 
5600 2679 2692 2680 
5601 2679 2691 2692 
5602 2680 2693 2681 
5603 2680 2692 2693 
5604 2681 2694 2682 
5605 2681 2693 2694 
5606 2682 2695 2683 
5607 2682 2694 2695 
5608 2683 2696 2684 
5609 2683 2695 2696 
5610 2684 2697 2685 
5611 2684 2696 2697 
5612 2685 2698 2686 
5613 2685 2697 2698 
5614 2686 2699 2687 
5615 2686 2698 2699 
5616 2687 2700 2688 
5617 2687 2699 2700 
5618 2688 2701 2689 
5619 2688 2700 2701 
5620 2689 2701 2702 
5621 2690 2734 2691 
5622 2718 2733 2690 
5623 2690 2733 2734 
5624 2691 2735 2692 
5625 2691 2734 2735 
5626 2692 2736 2693 
5627 2692 2735 2736 
5628 2693 2737 2694 
5629 2693 2736 2737 
5630 2694 2738 2695 
5631 2694 2737 2738 
5632 2695 2739 2696 
5633 2695 2738 2739 
5634 2696 2740 2697 
5635 2696 2739 2740 
5636 2697 2741 2698 
5637 2697 2740 2741 
5638 2698 2742 2699 
5639 2698 2741 2742 
5640 2699 2743 2700 
5641 2699 2742 2743 
5642 2700 2744 2701 
5643 2700 2743 2744 
5644 2701 2745 2702 
5645 2701 2744 2745 
5646 2702 2746 2703 
5647 2702 2745 2746 
5648 2703 2747 2704 
5649 2703 2746 2747 
5650 2704 2719 2705 
5651 2704 2747 2719 
5652 2705 2720 2706 
5653 2705 2719 2720 
5654 2706 2721 2707 
5655 2706 2720 2721 
5656 2707 2722 2708 
5657 2707 2721 2722 
5658 2708 2723 2709 
5659 2708 2722 2723 
5660 2709 2726 2712 
5661 2709 2723 2726 
5662 2710 2725 2711 
5663 2710 2724 2725 
5664 2711 2727 2713 
5665 2711 2725 2727 
5666 2712 2726 2898 
5667 2712 2898 2899 
5668 2713 2728 2714 
5669 2713 2727 2728 
5670 2714 2729 2715 
5671 2714 2728 2729 
5672 2715 2730 2716 
5673 2715 2729 2730 
5674 2716 2731 2717 
5675 2716 2730 2731 
5676 2717 2732 2718 
5677 2717 2731 2732 
5678 2718 2732 2733 
5679 2719 2761 2720 
5680 2747 2760 2719 
5681 2719 2760 2761 
5682 2720 2762 2721 
5683 2720 2761 2762 
5684 2721 2763 2722 
5685 2721 2762 2763 
5686 2722 2764 2723 
5687 2722 2763 2764 
5688 2723 2767 2726 
5689 2723 2764 2767 
5690 2724 2766 2725 
5691 2724 2765 2766 
5692 2725 2768 2727 
5693 2725 2766 2768 
5694 2726 2767 2897 
5695 2726 2897 2898 
5696 2727 2769 2728 
5697 2727 2768 2769 
5698 2728 2770 2729 
5699 2728 2769 2770 
5700 2729 2771 2730 
5701 2729 2770 2771 
5702 2730 2772 2731 
5703 2730 2771 2772 
5704 2731 2773 2732 
5705 2731 2772 2773 
5706 2732 2774 2733 
5707 2732 2773 2774 
5708 2733 2775 2734 
5709 2733 2774 2775 
5710 2734 2776 2735 
5711 2734 2775 2776 
5712 2735 2748 2736 
5713 2735 2776 2748 
5714 2736 2749 2737 
5715 2736 2748 2749 
5716 2737 2750 2738 
5717 2737 2749 2750 
5718 2738 2751 2739 
5719 2738 2750 2751 
5720 2739 2752 2740 
5721 2739 2751 2752 
5722 2740 2753 2741 
5723 2740 2752 2753 
5724 2741 2754 2742 
5725 2741 2753 2754 
5726 2742 2755 2743 
5727 2742 2754 2755 
5728 2743 2756 2744 
5729 2743 2755 2756 
5730 2744 2757 2745 
5731 2744 2756 2757 
5732 2745 2758 2746 
5733 2745 2757 2758 
5734 2746 2759 2747 
5735 2746 2758 2759 
5736 2747 2759 2760 
5737 2748 2793 2749 
5738 2776 2792 2748 
5739 2748 2792 2793 
5740 2749 2794 2750 
5741 2749 2793 2794 
5742 2750 2795 2751 
5743 2750 2794 2795 
5744 2751 2796 2752 
5745 2751 2795 2796 
5746 2752 2797 2753 
5747 2752 2796 2797 
5748 2753 2798 2754 
5749 2753 2797 2798 
5750 2754 2799 2755 
5751 2754 2798 2799 
5752 2755 2800 2756 
5753 2755 2799 2800 
5754 2756 2801 2757 
5755 2756 2800 2801 
5756 2757 2802 2758 
5757 2757 2801 2802 
5758 2758 2803 2759 
5759 2758 2802 2803 
5760 2759 2804 2760 
5761 2759 2803 2804 
5762 2760 2805 2761 
5763 2760 2804 2805 
5764 2761 2777 2762 
5765 2761 2805 2777 
5766 2762 2778 2763 
5767 2762 2777 2778 
5768 2763 2779 2764 
5769 2763 2778 2779 
5770 2764 2782 2767 
5771 2764 2779 2782 
5772 2765 2781 2766 
5773 2765 2780 2781 
5774 2766 2783 2768 
5775 2766 2781 2783 
5776 2767 2782 2896 
5777 2767 2896 2897 
5778 2768 2784 2769 
5779 2768 2783 2784 
5780 2769 2785 2770 
5781 2769 2784 2785 
5782 2770 2786 2771 
5783 2770 2785 2786 
5784 2771 2787 2772 
5785 2771 2786 2787 
5786 2772 2788 2773 
5787 2772 2787 2788 
5788 2773 2789 2774 
5789 2773 2788 2789 
5790 2774 2790 2775 
5791 2774 2789 2790 
5792 2775 2791 2776 
5793 2775 2790 2791 
5794 2776 2791 2792 
5795 2777 2820 2778 
5796 2805 2819 2777 
5797 2777 2819 2820 
5798 2778 2821 2779 
5799 2778 2820 2821 
5800 2779 2824 2782 
5801 2779 2821 2824 
5802 2780 2823 2781 
5803 2780 2822 2823 
5804 2781 2825 2783 
5805 2781 2823 2825 
5806 2782 2824 2895 
5807 2782 2895 2896 
5808 2783 2826 2784 
5809 2783 2825 2826 
5810 2784 2827 2785 
5811 2784 2826 2827 
5812 2785 2828 2786 
5813 2785 2827 2828 
5814 2786 2829 2787 
5815 2786 2828 2829 
5816 2787 2830 2788 
5817 2787 2829 2830 
5818 2788 2831 2789 
5819 2788 2830 2831 
5820 2789 2832 2790 
5821 2789 2831 2832 
5822 2790 2833 2791 
5823 2790 2832 2833 
5824 2791 2834 2792 
5825 2791 2833 2834 
5826 2792 2806 2793 
5827 2792 2834 2806 
5828 2793 2807 2794 
5829 2793 2806 2807 
5830 2794 2808 2795 
5831 2794 2807 2808 
5832 2795 2809 2796 
5833 2795 2808 2809 
5834 2796 2810 2797 
5835 2796 2809 2810 
5836 2797 2811 2798 
5837 2797 2810 2811 
5838 2798 2812 2799 
5839 2798 2811 2812 
5840 2799 2813 2800 
5841 2799 2812 2813 
5842 2800 2814 2801 
5843 2800 2813 2814 
5844 2801 2815 2802 
5845 2801 2814 2815 
5846 2802 2816 2803 
5847 2802 2815 2816 
5848 2803 2817 2804 
5849 2803 2816 2817 
5850 2804 2818 2805 
5851 2804 2817 2818 
5852 2805 2818 2819 
5853 2806 2850 2807 
5854 2834 2849 2806 
5855 2806 2849 2850 
5856 2807 2851 2808 
5857 2807 2850 2851 
5858 2808 2852 2809 
5859 2808 2851 2852 
5860 2809 2853 2810 
5861 2809 2852 2853 
5862 2810 2854 2811 
5863 2810 2853 2854 
5864 2811 2855 2812 
5865 2811 2854 2855 
5866 2812 2856 2813 
5867 2812 2855 2856 
5868 2813 2857 2814 
5869 2813 2856 2857 
5870 2814 2858 2815 
5871 2814 2857 2858 
5872 2815 2859 2816 
5873 2815 2858 2859 
5874 2816 2860 2817 
5875 2816 2859 2860 
5876 2817 2861 2818 
5877 2817 2860 2861 
5878 2818 2862 2819 
5879 2818 2861 2862 
5880 2819 2863 2820 
5881 2819 2862 2863 
5882 2820 2837 2821 
5883 2820 2863 2837 
5884 2821 2838 2824 
5885 2821 2837 2838 
5886 2822 2836 2823 
5887 2822 2835 2836 
5888 2823 2839 2825 
5889 2823 2836 2839 
5890 2824 2838 2894 
5891 2824 2894 2895 
5892 2825 2840 2826 
5893 2825 2839 2840 
5894 2826 2841 2827 
5895 2826 2840 2841 
5896 2827 2842 2828 
5897 2827 2841 2842 
5898 2828 2843 2829 
5899 2828 2842 2843 
5900 2829 2844 2830 
5901 2829 2843 2844 
5902 2830 2845 2831 
5903 2830 2844 2845 
5904 2831 2846 2832 
5905 2831 2845 2846 
5906 2832 2847 2833 
5907 2832 2846 2847 
5908 2833 2848 2834 
5909 2833 2847 2848 
5910 2834 2848 2849 
5911 2835 2878 2836 
5912 2835 2877 2878 
5913 2836 2880 2839 
5914 2836 2878 2880 
5915 2837 2879 2838 
5916 2863 2876 2837 
5917 2837 2876 2879 
5918 2838 2879 2893 
5919 2838 2893 2894 
5920 2839 2881 2840 
5921 2839 2880 2881 
5922 2840 2882 2841 
5923 2840 2881 2882 
5924 2841 2883 2842 
5925 2841 2882 2883 
5926 2842 2884 2843 
5927 2842 2883 2884 
5928 2843 2885 2844 
5929 2843 2884 2885 
5930 2844 2886 2845 
5931 2844 2885 2886 
5932 2845 2887 2846 
5933 2845 2886 2887 
5934 2846 2888 2847 
5935 2846 2887 2888 
5936 2847 2889 2848 
5937 2847 2888 2889 
5938 2848 2890 2849 
5939 2848 2889 2890 
5940 2849 2891 2850 
5941 2849 2890 2891 
5942 2850 2892 2851 
5943 2850 2891 2892 
5944 2851 2864 2852 
5945 2851 2892 2864 
5946 2852 2865 2853 
5947 2852 2864 2865 
5948 2853 2866 2854 
5949 2853 2865 2866 
5950 2854 2867 2855 
5951 2854 2866 2867 
5952 2855 2868 2856 
5953 2855 2867 2868 
5954 2856 2869 2857 
5955 2856 2868 2869 
5956 2857 2870 2858 
5957 2857 2869 2870 
5958 2858 2871 2859 
5959 2858 2870 2871 
5960 2859 2872 2860 
5961 2859 2871 2872 
5962 2860 2873 2861 
5963 2860 2872 2873 
5964 2861 2874 2862 
5965 2861 2873 2874 
5966 2862 2875 2863 
5967 2862 2874 2875 
5968 2863 2875 2876 
3 1 4 9057
5969 493 446 494 3096 
5970 266 281 278 3055 
5971 494 446 447 3096 
5972 1834 1806 1809 3045 
5973 183 167 188 3093 
5974 2158 2119 2120 2999 
5975 2158 2157 2119 2999 
5976 281 266 235 3055 
5977 1390 1392 1434 1395 
5978 1374 1392 1390 1395 
5979 1054 1070 1066 1072 
5980 1072 1070 1066 1112 
5981 1193 1237 1190 3061 
5982 1395 1374 1392 1380 
5983 167 172 188 3093 
5984 2995 3002 33 3034 
5985 1234 1190 1237 3061 
5986 1041 1087 1038 3044 
5987 1374 1376 1392 1380 
5988 2170 2157 2158 2999 
5989 1376 1374 1333 1380 
5990 2657 2673 2672 3021 
5991 2170 2169 2157 2999 
5992 680 678 637 3067 
5993 1112 1111 1108 1150 
5994 1178 1193 1190 3044 
5995 2465 2462 2449 3031 
5996 1831 1828 1803 3081 
5997 1380 1333 1376 1337 
5998 1084 1038 1087 3044 
5999 200 212 197 3123 
6000 1091 1103 1088 3085 
6001 2783 2768 2784 3021 
6002 2449 2452 2465 3031 
6003 1111 1147 1108 1150 
6004 726 770 769 3046 
6005 1968 1953 1956 3103 
6006 727 770 726 3046 
6007 111 150 147 3109 
6008 1335 1376 1333 1337 
6009 714 670 686 3046 
6010 1335 1333 1318 1337 
6011 686 670 671 3046 
6012 97 91 92 101 
6013 2324 248 247 2306 
6014 1111 1149 1147 1150 
6015 1815 1841 1840 3049 
6016 1150 1149 1147 1166 
6017 411 425 408 3110 
6018 2170 2214 2169 3089 
6019 2402 2445 2401 3062 
6020 1337 1318 1335 1322 
6021 766 781 778 3066 
6022 314 269 315 3007 
6023 2206 2209 2252 3089 
6024 2099 2055 2058 3140 
6025 2390 2389 2348 3062 
6026 1149 1161 1147 1166 
6027 2704 2663 2705 3097 
6028 355 356 371 3007 
6029 1127 1126 1115 3016 
6030 2310 2324 2308 2306 
6031 2390 2348 2349 3062 
6032 2663 2664 2705 3097 
6033 2213 2169 2214 3089 
6034 766 769 781 3066 
6035 170 172 167 91 
6036 370 355 371 3007 
6037 1806 1834 1831 3045 
6038 726 714 727 3046 
6039 1320 1335 1318 1322 
6040 2005 1990 2008 3058 
6041 686 727 714 3046 
6042 2486 2483 2441 3088 
6043 1320 1318 1277 1322 
6044 2225 2226 2273 3089 
6045 2441 2444 2486 3088 
6046 2386 2401 2427 3088 
6047 594 545 595 3121 
6048 2676 2632 2677 3021 
6049 1163 1161 1149 1166 
6050 217 235 266 3055 
6051 2633 2680 2677 3131 
6052 2500 2541 2499 3031 
6053 1880 1865 1883 3081 
6054 1161 1163 1207 1166 
6055 754 798 795 3068 
6056 875 872 831 3076 
6057 875 831 834 3076 
6058 2272 2225 2273 3089 
6059 2264 2266 2310 2268 
6060 2206 2252 2247 3089 
6061 2636 2680 2633 3131 
6062 212 262 261 3125 
6063 789 748 791 3130 
6064 212 213 262 3125 
6065 2144 2185 2141 3010 
6066 188 186 167 183 
6067 356 314 315 3007 
6068 1381 1338 1384 3022 
6069 2141 2185 2182 3010 
6070 356 374 371 3125 
6071 2402 2401 2389 3062 
6072 2788 2772 2773 3021 
6073 91 97 172 101 
6074 235 217 220 3055 
6075 2772 2788 2787 3021 
6076 1193 1194 1209 3085 
6077 356 355 314 3007 
6078 92 98 97 101 
6079 2667 2668 2709 3097 
6080 2432 2418 2433 3033 
6081 627 578 586 3137 
6082 2390 2402 2389 3062 
6083 2657 2658 2673 3021 
6084 1277 1279 1281 1262 
6085 2249 2247 2252 2268 
6086 1087 1099 1084 3044 
6087 912 867 868 3101 
6088 1883 1865 1868 3081 
6089 2333 2288 2289 3078 
6090 228 225 183 230 
6091 2333 2332 2288 3078 
6092 757 798 754 3068 
6093 912 911 867 3101 
6094 1207 1204 1202 1222 
6095 2110 2113 2151 3010 
6096 2310 2308 2264 2306 
6097 744 785 770 3083 
6098 330 374 356 3125 
6099 370 412 411 3110 
6100 2204 2207 2248 3127 
6101 370 371 412 3110 
6102 693 678 695 3067 
6103 1038 1026 1041 3092 
6104 2308 2324 247 2306 
6105 117 151 150 3091 
6106 2401 2444 2427 3088 
6107 170 172 188 167 
6108 834 819 821 3076 
6109 1138 1152 1135 3044 
6110 1096 1084 1099 3044 
6111 1266 1281 1279 1262 
6112 119 151 117 3091 
6113 172 170 97 91 
6114 258 208 209 2993 
6115 1753 1709 1712 3045 
6116 2021 2033 2020 3040 
6117 1968 1956 1969 3103 
6118 343 302 347 2977 
6119 819 834 831 3076 
6120 208 258 257 2993 
6121 306 302 286 2978 
6122 1217 1202 1204 1222 
6123 2427 2444 2441 3088 
6124 1957 1969 1956 3103 
6125 2208 2206 2209 2252 
6126 2182 2185 2200 3010 
6127 2069 2084 2081 3050 
6128 2769 2784 2768 3021 
6129 1038 1025 1026 3108 
6130 2555 2556 2597 3025 
6131 242 240 225 243 
6132 318 315 270 3125 
6133 1264 1266 1279 1262 
6134 2658 2632 2676 3021 
6135 175 220 217 3055 
6136 2264 2247 2266 2268 
6137 2065 2080 2106 3050 
6138 1768 1809 1765 3045 
6139 897 938 2 3071 
6140 1030 1045 1042 3092 
6141 1266 1264 1221 1262 
6142 1104 1091 1092 3085 
6143 602 587 590 3135 
6144 1037 1025 1038 3108 
6145 1204 1219 1217 1222 
6146 2310 2308 2266 2264 
6147 188 186 183 230 
6148 2486 2444 2458 3077 
6149 2458 2444 2445 3077 
6150 175 178 220 3055 
6151 1606 1607 1619 3106 
6152 1104 1103 1091 3085 
6153 1202 1207 1222 3019 
6154 1219 1263 1217 1222 
6155 188 186 170 167 
6156 200 197 151 3123 
6157 1029 1041 1026 3092 
6158 2744 2743 2700 3086 
6159 606 603 591 3135 
6160 1221 1206 1225 3016 
6161 2701 2744 2700 3086 
6162 1606 1619 1618 3106 
6163 1374 1333 1380 3022 
6164 2193 2191 2194 2209 
6165 1099 1138 1096 3044 
6166 1152 1194 1193 3085 
6167 1202 1222 1217 3019 
6168 287 286 240 291 
6169 1266 1221 1264 1225 
6170 1319 1334 1314 3132 
6171 281 327 326 3008 
6172 2293 2340 2337 3079 
6173 1135 1096 1138 3044 
6174 627 624 578 3137 
6175 2214 2226 2213 3089 
6176 282 327 281 3008 
6177 1329 1314 1334 3132 
6178 2249 2247 2206 2252 
6179 2132 2089 2135 3087 
6180 1217 1258 1263 1219 
6181 1206 1181 1225 3016 
6182 1333 1337 1380 3022 
6183 422 467 464 3110 
6184 446 472 430 3110 
6185 2540 2541 2556 2994 
6186 1273 1258 1278 3019 
6187 1194 1152 1153 3085 
6188 2247 2249 2266 2268 
6189 225 228 243 230 
6190 302 306 347 2977 
6191 821 781 823 3084 
6192 2353 2341 2356 3062 
6193 1223 1264 1221 1225 
6194 1278 1258 1263 3019 
6195 2340 2352 2337 3062 
6196 200 151 154 3123 
6197 330 356 315 3125 
6198 286 291 306 2978 
6199 667 670 714 3066 
6200 228 183 186 230 
6201 1221 1206 1223 1225 
6202 718 703 706 3135 
6203 1126 1169 584 3016 
6204 1165 584 1169 3016 
6205 2676 2673 2658 3021 
6206 2152 2194 2150 2153 
6207 2213 2226 2225 3089 
6208 1260 1263 1258 1219 
6209 2461 2445 2448 3062 
6210 2769 2772 2787 3021 
6211 563 561 520 3041 
6212 719 765 762 3066 
6213 1225 1266 1221 3022 
6214 781 782 823 3084 
6215 1131 1120 1134 3122 
6216 303 302 286 306 
6217 1278 1263 1258 1260 
6218 2540 2499 2541 3031 
6219 1130 1116 1119 3122 
6220 330 315 318 3125 
6221 2340 2293 2296 3079 
6222 243 240 225 2980 
6223 347 362 343 2976 
6224 980 1026 979 3108 
6225 723 769 766 3066 
6226 667 714 711 3066 
6227 2191 2208 2206 2209 
6228 2769 2787 2784 3021 
6229 2112 2098 2115 3095 
6230 301 282 285 3008 
6231 1241 1226 1229 3122 
6232 2826 2783 2784 2991 
6233 2206 2208 2249 2252 
6234 2092 2089 2077 2990 
6235 526 538 525 3041 
6236 172 167 91 3093 
6237 243 242 240 291 
6238 1266 1262 1221 3022 
6239 769 723 726 3066 
6240 765 719 722 3066 
6241 240 243 291 2979 
6242 1001 960 1004 3107 
6243 2092 2077 2051 2990 
6244 689 730 686 3074 
6245 228 242 225 243 
6246 802 789 803 3098 
6247 1530 1518 1533 3112 
6248 2115 2114 2112 2153 
6249 2136 2145 2135 3010 
6250 2144 2135 2145 3010 
6251 2036 2021 1995 3040 
6252 1529 1530 1571 3065 
6253 1025 979 1026 3108 
6254 525 538 537 3041 
6255 1258 1273 1278 1260 
6256 2173 2217 2170 3078 
6257 301 327 282 3008 
6258 344 302 347 343 
6259 794 806 791 3130 
6260 2288 2332 2315 3078 
6261 464 467 485 3110 
6262 446 493 472 3110 
6263 2144 2132 2135 3087 
6264 2000 2001 2045 2004 
6265 338 326 339 3008 
6266 2496 2540 2537 3031 
6267 2012 1968 2013 3063 
6268 1571 1570 1529 3065 
6269 1208 1206 1165 1181 
6270 680 637 639 3067 
6271 766 778 765 3066 
6272 1325 1366 1353 3132 
6273 1127 1116 1130 3122 
6274 1273 1275 1278 1260 
6275 339 326 327 3008 
6276 2194 2150 2191 2193 
6277 2170 2169 2999 3089 
6278 472 493 490 3110 
6279 2787 2829 2784 2991 
6280 1968 1969 2013 3063 
6281 2144 2141 2132 3087 
6282 2788 2830 2787 2991 
6283 1278 1319 1275 1273 
6284 2191 2193 2208 2209 
6285 2829 2787 2830 2991 
6286 1533 1518 1521 3112 
6287 287 286 291 306 
6288 1880 1924 1921 3040 
6289 2418 2419 2433 3033 
6290 1768 1750 1753 3045 
6291 1217 1222 1263 3019 
6292 242 287 240 291 
6293 119 154 151 3123 
6294 2101 2100 2098 2115 
6295 1381 1380 1337 3022 
6296 727 744 770 3083 
6297 719 762 718 3035 
6298 1258 1217 1263 3019 
6299 508 493 509 3126 
6300 1823 1824 1865 3081 
6301 1909 1956 1953 3103 
6302 2113 2096 2099 2990 
6303 1181 1206 1165 3016 
6304 358 359 362 343 
6305 197 209 196 2993 
6306 1241 1285 1238 3022 
6307 2859 2856 2813 3086 
6308 758 743 715 3068 
6309 1644 1662 1659 3100 
6310 761 718 762 3035 
6311 3035 3036 3011 3094 
6312 2214 2170 2217 3078 
6313 447 446 433 3096 
6314 209 208 196 2993 
6315 1165 1169 1181 3016 
6316 154 119 125 3123 
6317 2560 2561 2602 3027 
6318 1225 1238 1266 3022 
6319 2667 2709 2708 3097 
6320 408 367 411 3007 
6321 743 758 757 3068 
6322 230 243 225 2980 
6323 2150 2112 2152 2153 
6324 726 711 714 3066 
6325 101 172 91 3093 
6326 2148 2110 2151 3010 
6327 2714 2713 2672 3021 
6328 823 835 821 3084 
6329 2193 2194 2150 2152 
6330 2826 2784 2829 2991 
6331 1004 960 963 3107 
6332 306 303 302 347 
6333 711 726 723 3066 
6334 1165 584 1167 1169 
6335 1201 1202 1217 3019 
6336 1762 1803 1761 3081 
6337 1181 1226 1225 3016 
6338 2101 2057 2059 2060 
6339 1957 1913 1960 3103 
6340 213 265 262 3125 
6341 434 447 433 3096 
6342 286 287 303 306 
6343 1869 1827 1828 3081 
6344 339 327 342 3008 
6345 2769 2768 2727 3021 
6346 2136 2148 2145 3010 
6347 1285 1282 1238 3022 
6348 301 342 327 3008 
6349 2001 2045 2042 2000 
6350 400 358 403 399 
6351 1226 1238 1225 3022 
6352 1334 1319 1314 1316 
6353 2024 2012 2025 3063 
6354 2833 2788 2791 3091 
6355 2242 2201 2245 3127 
6356 1956 1909 1912 3103 
6357 1869 1868 1827 3081 
6358 1126 1170 1169 3016 
6359 1762 1806 1803 3045 
6360 2540 2496 2499 3031 
6361 1575 1593 1590 3113 
6362 1786 1799 1798 3081 
6363 1803 1802 1761 3081 
6364 1834 1875 1831 3059 
6365 2013 2025 2012 3063 
6366 2697 2685 2700 3056 
6367 230 225 183 3055 
6368 1127 1170 1126 3016 
6369 438 451 437 3096 
6370 2114 2112 2098 2115 
6371 151 197 150 2993 
6372 2204 2248 2245 3127 
6373 1337 1338 1381 3022 
6374 1297 1341 1323 3022 
6375 2747 2701 2704 3086 
6376 2170 2158 2173 3050 
6377 1960 1913 1916 3103 
6378 437 451 450 3096 
6379 1570 1555 1529 3065 
6380 761 715 718 3035 
6381 2114 2152 2112 2153 
6382 1181 1182 1226 3016 
6383 1700 1718 1715 3082 
6384 715 761 758 3035 
6385 599 586 587 3137 
6386 2597 2596 2555 3025 
6387 1706 1750 1747 3045 
6388 344 347 362 343 
6389 2859 2813 2816 3086 
6390 1786 1787 1799 3081 
6391 2044 2042 2045 2060 
6392 197 196 150 2993 
6393 344 302 303 347 
6394 2701 2689 2704 3056 
6395 2864 2892 2851 3118 
6396 2127 2081 2084 3050 
6397 415 416 442 399 
6398 1201 1217 1216 3019 
6399 1041 1029 1042 3092 
6400 2644 2629 2603 3056 
6401 2739 2752 2751 3118 
6402 586 599 627 3137 
6403 2689 2663 2704 3056 
6404 2688 2700 2685 3056 
6405 1029 1030 1042 3092 
6406 2739 2740 2752 3118 
6407 1750 1706 1709 3045 
6408 2080 2123 2106 3050 
6409 2641 2629 2644 3056 
6410 2173 2158 2161 3050 
6411 2201 2204 2245 3127 
6412 2148 2136 2110 3010 
6413 2788 2773 2791 3054 
6414 2100 2098 2057 2101 
6415 1375 1334 1329 1331 
6416 1607 1610 1622 3065 
6417 1607 1622 1619 3065 
6418 2100 2114 2098 2115 
6419 2864 2851 2852 3118 
6420 359 358 362 403 
6421 2120 2106 2123 3050 
6422 2127 2124 2081 3050 
6423 2001 2003 2045 2004 
6424 2397 2410 2409 3128 
6425 1678 1663 1666 3064 
6426 1589 1615 1571 3113 
6427 2293 2280 2281 3129 
6428 2667 2708 2664 3097 
6429 362 359 344 343 
6430 1567 1555 1570 3065 
6431 455 456 459 442 
6432 281 235 282 3055 
6433 2293 2292 2280 3129 
6434 1476 1460 1463 3080 
6435 1849 1896 1893 3069 
6436 1762 1765 1806 3045 
6437 2419 2436 2433 3033 
6438 860 848 863 3094 
6439 754 3068 795 3130 
6440 525 537 522 3041 
6441 2705 2664 2708 3097 
6442 1084 1037 1038 3044 
6443 1750 1709 1753 3045 
6444 2701 2747 2744 3086 
6445 2069 2081 2068 3050 
6446 14 677 692 3067 
6447 2791 2773 2776 3054 
6448 2177 2165 2178 3129 
6449 2021 2020 1976 3040 
6450 2410 2397 2398 3128 
6451 236 282 235 3055 
6452 2081 2080 2068 3050 
6453 1113 1124 580 1115 
6454 2042 2059 2057 2060 
6455 1896 1849 1852 3069 
6456 1012 1010 995 3071 
6457 2059 2100 2057 2101 
6458 1083 1037 1084 3044 
6459 1986 1988 2004 1989 
6460 580 1071 1113 1115 
6461 403 416 400 399 
6462 1285 1297 1282 3022 
6463 1806 1765 1809 3045 
6464 526 529 541 3039 
6465 101 91 92 3093 
6466 1977 2021 1976 3040 
6467 403 359 358 400 
6468 506 503 455 502 
6469 2419 2422 2436 3033 
6470 911 864 867 3101 
6471 1391 1375 1370 1372 
6472 2795 2748 2751 3054 
6473 1473 1460 1476 3080 
6474 2345 2348 2389 3038 
6475 1663 1678 1675 3064 
6476 686 671 689 3074 
6477 795 798 810 3094 
6478 2561 2576 2602 3027 
6479 1297 1323 1282 3022 
6480 1234 1189 1190 3061 
6481 326 338 323 3096 
6482 1916 1904 1917 3043 
6483 863 848 851 3094 
6484 2148 2151 2192 3010 
6485 56 2999 57 3057 
6486 2116 2119 2157 3095 
6487 2356 2316 2357 3128 
6488 2677 2718 2676 3021 
6489 2397 2353 2356 3062 
6490 1666 1619 1622 3065 
6491 522 563 520 3041 
6492 2552 2596 2593 3025 
6493 2663 2645 2648 3056 
6494 1253 1209 1212 3085 
6495 2617 2616 2601 3051 
6496 2042 2044 2045 2001 
6497 703 715 702 3068 
6498 1189 1234 1233 3061 
6499 1790 1775 1778 3064 
6500 2469 2470 2500 3031 
6501 2092 2136 2135 2990 
6502 734 750 748 3130 
6503 2429 2413 2414 3031 
6504 1905 1917 1904 3043 
6505 2042 2044 2059 2060 
6506 1868 1865 1824 3081 
6507 2555 2596 2552 3025 
6508 526 541 538 3039 
6509 282 236 285 3055 
6510 2093 2136 2092 2990 
6511 2402 2448 2445 3062 
6512 2357 2316 2317 3128 
6513 416 459 415 442 
6514 2645 2663 2689 3056 
6515 2688 2685 2641 3056 
6516 1936 1935 1920 3040 
6517 2169 2213 2195 3089 
6518 1514 1529 1555 3080 
6519 740 757 754 3068 
6520 416 415 400 399 
6521 1517 1529 1514 3080 
6522 1563 1607 1562 3106 
6523 2697 2740 2696 3131 
6524 2717 2676 2718 3021 
6525 1169 1182 1181 3016 
6526 1747 1765 1762 3045 
6527 1071 1055 1073 1075 
6528 2093 2110 2136 2990 
6529 1921 1936 1920 3040 
6530 1258 1216 1217 3019 
6531 2158 2120 2161 3050 
6532 2688 2641 2644 3056 
6533 807 795 810 3094 
6534 2696 2740 2739 3131 
6535 2533 2532 2491 3115 
6536 2269 2253 2272 3089 
6537 2197 2200 2241 3079 
6538 748 750 791 3130 
6539 1388 1386 1391 1433 
6540 689 671 674 3074 
6541 2120 2123 2161 3050 
6542 2165 2124 2127 3050 
6543 2096 2113 2110 2990 
6544 743 702 715 3068 
6545 2449 2406 2452 3062 
6546 2492 2533 2491 3115 
6547 2353 2397 2394 3062 
6548 581 1069 580 3013 
6549 1100 1142 1139 3085 
6550 643 658 684 3137 
6551 1607 1606 1562 3106 
6552 2316 2300 2317 3127 
6553 2732 2773 2731 3021 
6554 2281 2296 2293 3079 
6555 2165 2162 2124 3050 
6556 2001 1986 2003 2004 
6557 1182 1169 1170 3016 
6558 1384 1341 1354 3105 
6559 2728 2727 2713 3021 
6560 1802 1787 1761 3081 
6561 2045 2044 2003 2001 
6562 447 434 450 3096 
6563 2406 2409 2452 3062 
6564 2405 2448 2402 3062 
6565 2731 2773 2772 3021 
6566 1798 1824 1823 3081 
6567 456 459 506 455 
6568 1868 1824 1827 3081 
6569 456 415 459 442 
6570 335 323 338 3096 
6571 740 743 757 3068 
6572 205 257 254 2993 
6573 733 3036 49 3067 
6574 2390 2349 2393 3062 
6575 522 537 563 3041 
6576 1342 1354 1341 3105 
6577 2288 2276 2289 3078 
6578 980 967 968 3052 
6579 1257 1216 1258 3019 
6580 1057 1055 1012 1059 
6581 2195 2213 2210 3089 
6582 799 758 773 3101 
6583 2301 2317 2300 3127 
6584 1674 1659 1662 3100 
6585 2197 2241 2238 3079 
6586 2253 2225 2272 3089 
6587 1977 1995 2021 3040 
6588 2154 2116 2157 3095 
6589 2839 2825 2840 3109 
6590 979 967 980 3052 
6591 285 236 239 3055 
6592 1399 1381 1384 3018 
6593 2353 2340 2341 3062 
6594 2036 2052 2051 3140 
6595 572 618 569 3070 
6596 2732 2776 2773 3054 
6597 1433 1430 1428 1448 
6598 1765 1747 1750 3045 
6599 1798 1799 1824 3081 
6600 1803 1828 1802 3081 
6601 680 695 678 3067 
6602 2624 2580 2625 3131 
6603 2259 2258 2241 3127 
6604 2462 2461 2448 3062 
6605 2353 2352 2340 3062 
6606 2296 2281 2284 3079 
6607 1988 1986 1945 1989 
6608 1476 1517 1473 3080 
6609 208 257 205 2993 
6610 2003 1986 1988 2004 
6611 2581 2625 2580 3131 
6612 2776 2732 2735 3054 
6613 1799 1787 1802 3081 
6614 2751 2736 2739 3054 
6615 2449 2462 2448 3062 
6616 2487 2483 2486 3119 
6617 503 506 521 502 
6618 1333 1318 1337 3022 
6619 2259 2241 2242 3127 
6620 2222 2237 2234 3079 
6621 945 960 944 3107 
6622 506 503 456 455 
6623 1939 1921 1924 3040 
6624 569 618 615 3070 
6625 99 173 171 3109 
6626 1995 1977 1980 3040 
6627 296 269 314 3007 
6628 2736 2751 2748 3054 
6629 1802 1828 1827 3081 
6630 2673 2676 2717 3021 
6631 1517 1514 1473 3080 
6632 2037 2052 2036 3140 
6633 2719 2747 2704 3097 
6634 912 868 915 3076 
6635 2863 2837 2876 3030 
6636 1322 1337 1318 3022 
6637 2181 2182 2197 3079 
6638 997 1012 1017 1015 
6639 2096 2110 2093 2990 
6640 437 450 434 3096 
6641 2821 2778 2779 3030 
6642 2051 2093 2092 2990 
6643 2616 2658 2657 3051 
6644 2340 2296 2341 3079 
6645 2672 2673 2714 3021 
6646 2181 2197 2196 3079 
6647 1921 1939 1936 3040 
6648 2052 2093 2051 2990 
6649 1448 1446 1472 1488 
6650 2830 2844 2829 3109 
6651 1266 1281 1262 3022 
6652 1947 1945 1930 1948 
6653 1659 1674 1700 3100 
6654 2719 2704 2705 3097 
6655 1977 1976 1935 3040 
6656 2386 2344 2345 3088 
6657 2296 2297 2341 3079 
6658 430 386 387 3110 
6659 534 546 533 3110 
6660 518 521 562 517 
6661 2482 2483 2513 3088 
6662 953 2 938 3071 
6663 1064 1083 1080 3108 
6664 980 1029 1026 3092 
6665 1715 1718 1759 3082 
6666 296 314 311 3007 
6667 2012 1965 1968 3026 
6668 975 947 988 3024 
6669 533 546 545 3110 
6670 1936 1977 1935 3040 
6671 2119 2999 2157 3095 
6672 2513 2512 2482 3088 
6673 1905 1920 1917 3043 
6674 2829 2844 2843 3109 
6675 1277 1262 1281 3022 
6676 908 863 864 3107 
6677 1396 1381 1399 3018 
6678 1384 1400 1399 3105 
6679 2409 2394 2397 3062 
6680 429 386 430 3110 
6681 2192 2207 2189 3010 
6682 997 1000 956 998 
6683 2487 2513 2483 3119 
6684 244 292 290 3007 
6685 370 352 355 3007 
6686 919 920 964 3107 
6687 2769 2727 2728 3021 
6688 1017 1012 997 3071 
6689 1131 1134 1177 3122 
6690 2728 2731 2772 3021 
6691 2077 2089 2076 3087 
6692 655 670 667 3126 
6693 2386 2385 2344 3088 
6694 777 762 765 3076 
6695 1487 1502 1485 1488 
6696 2394 2409 2406 3062 
6697 2405 2402 2390 3062 
6698 402 361 404 3007 
6699 795 3068 798 3094 
6700 2012 2009 1965 3026 
6701 848 807 851 3094 
6702 182 163 166 3093 
6703 386 374 387 3125 
6704 3003 3004 13 3005 
6705 915 868 871 3076 
6706 1562 1550 1563 3106 
6707 810 851 807 3094 
6708 2496 2495 2465 3031 
6709 2273 2288 2315 3078 
6710 2680 3021 2677 3131 
6711 1384 1354 1400 3105 
6712 1202 1161 1207 3023 
6713 2390 2393 2405 3062 
6714 1765 1750 1768 3045 
6715 2185 2144 2186 3010 
6716 1897 1912 1909 3103 
6717 2144 2145 2186 3010 
6718 25 2896 2897 2995 
6719 425 411 426 3110 
6720 919 964 963 3107 
6721 1325 1369 1366 3132 
6722 2860 2872 2859 3030 
6723 2088 2076 2089 3087 
6724 412 426 411 3110 
6725 1226 1182 1229 3122 
6726 916 872 890 3092 
6727 1889 1932 1930 1933 
6728 1852 1837 1840 3069 
6729 2258 2238 2241 3079 
6730 908 907 863 3107 
6731 904 903 888 3107 
6732 2617 2601 2602 3051 
6733 2064 2106 2105 3057 
6734 1783 1798 1795 3136 
6735 2673 2717 2714 3021 
6736 2465 2466 2496 3031 
6737 1715 1759 1756 3082 
6738 109 111 147 3109 
6739 1828 1872 1869 3059 
6740 727 770 3046 3083 
6741 941 956 959 957 
6742 603 606 650 3135 
6743 146 109 147 3109 
6744 577 559 562 558 
6745 666 667 711 3066 
6746 1064 1037 1083 3108 
6747 1905 1879 1920 3043 
6748 2808 2851 2834 3091 
6749 1913 1901 1916 3103 
6750 375 387 374 3125 
6751 2452 2409 2453 3031 
6752 894 876 879 3084 
6753 722 766 765 3066 
6754 2285 2238 2258 3079 
6755 2234 2284 2281 3079 
6756 711 710 666 3066 
6757 983 1029 980 3092 
6758 1541 1502 1526 1528 
6759 2668 2652 2653 3025 
6760 2769 2728 2772 3021 
6761 702 743 699 3068 
6762 722 723 766 3066 
6763 2217 2229 2214 3078 
6764 1856 1841 1844 3103 
6765 683 698 680 3137 
6766 699 743 740 3068 
6767 2409 2410 2453 3031 
6768 2996 3000 2999 3078 
6769 1017 997 1000 3071 
6770 2273 2276 2288 3078 
6771 1828 1831 1872 3059 
6772 2284 2234 2237 3079 
6773 670 655 629 3126 
6774 2356 2398 2397 3128 
6775 904 888 860 3107 
6776 14 692 2986 3067 
6777 1912 1897 1900 3103 
6778 1916 1901 1904 3103 
6779 2597 2612 2596 3025 
6780 2349 2336 2337 3038 
6781 2329 2368 2328 3033 
6782 2817 2816 2803 3030 
6783 642 624 627 3137 
6784 1908 1934 1893 3058 
6785 698 695 680 3137 
6786 1161 1166 1207 3023 
6787 1131 1177 1174 3122 
6788 534 549 546 3126 
6789 1875 1872 1831 3059 
6790 1936 1980 1977 3040 
6791 2470 2456 2429 3031 
6792 1087 1041 1088 3020 
6793 2348 2336 2349 3038 
6794 1815 1771 1774 3073 
6795 2364 2363 2324 3033 
6796 1980 1936 1939 3040 
6797 762 777 774 3076 
6798 1041 1042 1088 3020 
6799 1856 1853 1841 3103 
6800 2186 2145 2189 3010 
6801 987 1033 984 3092 
6802 2492 2461 2462 3077 
6803 356 371 3007 3125 
6804 2418 2377 2419 3033 
6805 1827 1824 1799 3081 
6806 900 941 944 942 
6807 607 654 651 3121 
6808 1827 1799 1802 3081 
6809 637 622 639 3041 
6810 1837 1852 1849 3069 
6811 1173 1127 1130 3122 
6812 2755 2743 2756 3086 
6813 2804 2817 2803 3030 
6814 2717 2718 2732 3021 
6815 2888 2887 2845 2844 
6816 2868 140 142 2869 
6817 686 687 729 730 
6818 784 770 771 785 
6819 125 123 122 120 
6820 1687 1688 1704 1705 
6821 662 648 647 661 
6822 1936 1979 1980 1937 
6823 182 181 164 163 
6824 207 193 194 208 
6825 330 329 316 315 
6826 200 199 152 151 
6827 268 217 218 235 
6828 450 449 435 434 
6829 2645 2646 2662 2663 
6830 544 531 545 530 
6831 354 311 312 355 
6832 2493 2535 2492 2536 
6833 485 465 464 484 
6834 614 613 566 565 
6835 273 272 259 258 
6836 591 606 592 605 
6837 386 372 371 414 
6838 488 469 489 468 
6839 409 408 425 424 
6840 337 323 324 338 
6841 2462 2463 2494 2495 
6842 588 587 602 601 
6843 799 814 800 813 
6844 807 850 851 808 
6845 908 922 923 909 
6846 819 833 834 822 
6847 919 918 905 904 
6848 873 890 889 872 
6849 1102 1103 1088 1089 
6850 1196 1197 1153 1154 
6851 1232 1186 1187 1233 
6852 1063 1018 1062 1019 
6853 1033 1032 985 984 
6854 1341 1340 1324 1323 
6855 1401 1400 1415 1444 
6856 1339 1384 1383 1338 
6857 1701 1700 1718 1717 
6858 2892 2891 2849 2848 
6859 1548 1547 1562 1561 
6860 1454 1439 1455 1438 
6861 1616 1644 1662 1661 
6862 263 262 277 276 
6863 1362 1363 1410 1411 
6864 1719 1734 1720 1733 
6865 1816 1844 1817 1843 
6866 1757 1756 1774 1773 
6867 2067 2050 2022 2068 
6868 1964 1992 1950 1949 
6869 2161 2160 2121 2120 
6870 1464 1465 1479 1480 
6871 2791 2790 2774 2773 
6872 2370 2344 2329 2330 
6873 2438 2437 2482 2481 
6874 508 490 507 491 
6875 2270 2314 2313 2269 
6876 535 534 549 548 
6877 1532 1533 1518 1519 
6878 652 651 666 665 
6879 707 708 721 722 
6880 775 774 818 817 
6881 926 927 912 913 
6882 1973 1974 2019 2020 
6883 1099 1098 1085 1084 
6884 1791 1847 1819 1792 
6885 2514 2513 2528 2527 
6886 2795 2794 2749 2748 
6887 2222 2223 2236 2237 
6888 2351 2337 2338 2352 
6889 2403 2402 2448 2447 
6890 2488 2531 2532 2489 
6891 126 124 122 125 
6892 136 140 142 2868 
6893 2887 2886 2844 2885 
6894 2844 2888 2887 2885 
6895 1145 1146 1143 1104 
6896 1143 1160 1159 1157 
6897 1092 1107 1106 1104 
6898 1034 1049 1048 1046 
6899 1200 1201 1198 1157 
6900 1034 1005 1006 988 
6901 876 878 879 835 
6902 141 136 140 142 
6903 823 838 837 835 
6904 1213 1215 1216 1198 
6905 1254 1272 1271 1269 
6906 782 823 826 825 
6907 136 138 140 2868 
6908 894 893 876 891 
6909 932 950 949 947 
6910 988 990 991 947 
6911 1328 1327 1310 1325 
6912 1256 1257 1254 1213 
6913 1412 1414 1385 1366 
6914 1269 1313 1312 1310 
6915 1325 1369 1368 1366 
6916 513 554 557 556 
6917 513 516 498 515 
6918 164 166 182 163 
6919 1427 1426 1412 1424 
6920 150 113 115 117 
6921 383 357 339 385 
6922 395 397 398 383 
6923 164 166 163 143 
6924 1160 1201 1159 1157 
6925 451 454 438 453 
6926 150 148 147 196 
6927 166 165 164 182 
6928 823 838 826 825 
6929 1468 1470 1471 1424 
6930 513 557 516 515 
6931 1481 1483 1484 1468 
6932 209 212 210 261 
6933 438 441 395 440 
6934 1789 1761 1787 1743 
6935 1049 1095 1048 1046 
6936 1743 1745 1746 1731 
6937 837 838 879 835 
6938 684 643 685 658 
6939 342 339 341 327 
6940 1145 1146 1160 1143 
6941 181 182 179 163 
6942 180 181 179 163 
6943 451 498 501 500 
6944 662 647 648 650 
6945 148 147 111 150 
6946 154 152 119 151 
6947 181 182 224 179 
6948 554 572 557 556 
6949 135 136 137 141 
6950 137 139 162 141 
6951 200 152 154 151 
6952 162 135 137 141 
6953 702 684 685 658 
6954 1865 1867 1868 1824 
6955 341 357 339 342 
6956 211 210 212 261 
6957 879 894 878 876 
6958 700 699 702 743 
6959 397 398 441 395 
6960 1824 1826 1827 1799 
6961 700 699 684 702 
6962 383 398 357 385 
6963 239 223 224 221 
6964 301 342 300 327 
6965 427 429 471 426 
6966 221 239 238 236 
6967 235 217 218 220 
6968 199 200 197 151 
6969 282 301 300 327 
6970 1146 1106 1107 1104 
6971 516 501 498 500 
6972 223 224 221 179 
6973 2134 2135 2132 2089 
6974 381 380 335 379 
6975 1201 1216 1200 1198 
6976 318 330 316 315 
6977 367 409 408 411 
6978 284 285 282 236 
6979 1005 1006 1049 1034 
6980 685 702 658 657 
6981 1006 990 991 988 
6982 1731 1687 1704 1705 
6983 426 471 469 468 
6984 1799 1801 1802 1787 
6985 268 266 217 235 
6986 2089 2091 2092 2077 
6987 239 285 238 236 
6988 160 161 178 162 
6989 409 408 411 425 
6990 769 723 724 726 
6991 218 219 235 220 
6992 154 153 152 200 
6993 2077 2079 2051 2033 
6994 454 441 438 440 
6995 893 894 935 891 
6996 437 450 435 434 
6997 296 297 314 269 
6998 284 285 301 282 
6999 754 740 755 757 
7000 759 758 715 761 
7001 451 501 454 453 
7002 210 211 212 197 
7003 650 648 662 649 
7004 611 612 613 565 
7005 659 703 706 705 
7006 218 217 175 220 
7007 352 311 353 354 
7008 207 205 193 208 
7009 391 437 435 434 
7010 991 949 950 947 
7011 221 222 223 179 
7012 382 381 335 379 
7013 1257 1272 1256 1254 
7014 724 723 711 726 
7015 372 371 356 374 
7016 531 533 545 530 
7017 1936 1980 1979 1977 
7018 1257 1215 1216 1213 
7019 606 591 603 605 
7020 386 371 372 374 
7021 297 296 254 269 
7022 757 755 754 798 
7023 758 759 773 761 
7024 613 614 611 565 
7025 207 205 208 257 
7026 614 566 568 565 
7027 198 199 197 151 
7028 467 465 422 464 
7029 330 316 317 318 
7030 127 128 129 131 
7031 128 127 133 131 
7032 447 448 449 434 
7033 1977 1995 1994 2021 
7034 648 647 603 650 
7035 268 281 266 235 
7036 650 603 648 649 
7037 465 467 422 466 
7038 435 436 437 391 
7039 267 266 217 268 
7040 531 545 533 532 
7041 565 566 568 550 
7042 354 370 352 355 
7043 449 450 447 434 
7044 352 311 354 355 
7045 212 209 210 197 
7046 382 394 381 379 
7047 1313 1328 1312 1310 
7048 393 394 437 391 
7049 338 337 335 382 
7050 429 427 412 426 
7051 212 199 200 197 
7052 471 429 427 428 
7053 384 383 339 385 
7054 1369 1385 1368 1366 
7055 149 148 150 196 
7056 703 718 706 705 
7057 379 394 393 391 
7058 471 489 469 468 
7059 528 526 482 529 
7060 341 339 340 327 
7061 2747 2701 2744 2746 
7062 587 588 602 590 
7063 282 300 299 327 
7064 588 587 538 590 
7065 703 659 704 705 
7066 724 725 769 726 
7067 372 373 386 374 
7068 393 392 379 391 
7069 614 629 613 611 
7070 283 284 282 236 
7071 799 758 800 773 
7072 485 464 465 467 
7073 779 821 778 781 
7074 337 335 323 338 
7075 533 531 486 530 
7076 800 814 799 773 
7077 1327 1328 1369 1325 
7078 318 316 317 270 
7079 439 438 395 440 
7080 429 427 428 412 
7081 779 778 766 781 
7082 465 485 467 466 
7083 604 603 591 605 
7084 422 408 423 424 
7085 207 193 205 206 
7086 315 316 318 270 
7087 336 335 323 337 
7088 526 528 541 529 
7089 395 396 397 383 
7090 221 238 237 236 
7091 2144 2143 2132 2141 
7092 551 552 550 509 
7093 127 158 133 131 
7094 1271 1272 1313 1269 
7095 553 568 552 550 
7096 566 567 568 550 
7097 1385 1427 1414 1412 
7098 486 488 489 468 
7099 795 754 796 798 
7100 435 436 450 437 
7101 272 271 258 270 
7102 851 810 807 808 
7103 796 810 795 798 
7104 414 413 371 412 
7105 861 862 860 848 
7106 425 411 409 410 
7107 259 260 273 261 
7108 650 606 603 605 
7109 795 807 810 808 
7110 1427 1471 1426 1424 
7111 1078 1077 1060 1076 
7112 552 553 550 509 
7113 875 873 831 872 
7114 2645 2662 2689 2663 
7115 488 489 533 486 
7116 864 867 852 865 
7117 864 911 867 865 
7118 2533 2492 2535 2536 
7119 757 756 755 798 
7120 773 759 760 761 
7121 1170 1182 1185 1183 
7122 700 702 701 743 
7123 1117 1119 1130 1116 
7124 314 297 298 269 
7125 1745 1746 1761 1743 
7126 904 905 907 860 
7127 2744 2756 2759 2758 
7128 452 451 438 453 
7129 799 811 814 813 
7130 875 890 873 872 
7131 2701 2704 2689 2703 
7132 514 513 498 515 
7133 1120 1080 1121 1123 
7134 1119 1117 1076 1116 
7135 905 907 919 904 
7136 819 833 832 831 
7137 449 450 497 447 
7138 567 566 568 614 
7139 779 780 821 781 
7140 1142 1100 1139 1140 
7141 1091 1042 1088 1089 
7142 469 489 471 470 
7143 554 513 555 556 
7144 1883 1867 1868 1865 
7145 848 850 851 807 
7146 1139 1156 1142 1140 
7147 498 451 499 500 
7148 1123 1121 1120 1134 
7149 1080 1064 1081 1083 
7150 1731 1704 1746 1705 
7151 1103 1091 1088 1089 
7152 1470 1471 1484 1468 
7153 1182 1229 1185 1183 
7154 527 526 482 528 
7155 1080 1081 1123 1083 
7156 486 487 488 468 
7157 1484 1525 1483 1481 
7158 1868 1826 1827 1824 
7159 811 855 814 813 
7160 860 862 863 848 
7161 1194 1153 1195 1196 
7162 917 889 916 872 
7163 848 849 850 807 
7164 905 906 907 860 
7165 2091 2092 2135 2089 
7166 782 770 783 784 
7167 834 833 819 831 
7168 1182 1226 1229 1227 
7169 850 851 863 848 
7170 834 875 833 831 
7171 1018 1060 1063 1062 
7172 2079 2051 2092 2077 
7173 1827 1801 1802 1799 
7174 1761 1802 1789 1787 
7175 873 875 831 874 
7176 1018 1063 1021 1019 
7177 977 976 979 1025 
7178 1226 1241 1229 1227 
7179 1118 1119 1117 1076 
7180 863 907 862 860 
7181 590 588 602 589 
7182 592 606 594 593 
7183 796 810 798 797 
7184 814 800 801 773 
7185 960 1001 1004 1002 
7186 1060 1079 1078 1076 
7187 1001 1018 1021 1019 
7188 928 975 973 972 
7189 979 964 976 977 
7190 985 987 984 972 
7191 916 889 890 872 
7192 799 812 811 813 
7193 1995 2036 1994 2021 
7194 1001 1021 1004 1002 
7195 1184 1185 1229 1183 
7196 874 875 890 873 
7197 1153 1194 1197 1196 
7198 837 836 823 835 
7199 1230 1243 1242 1245 
7200 1060 1079 1063 1062 
7201 975 987 973 972 
7202 1033 985 987 984 
7203 1078 1079 1119 1076 
7204 1242 1243 1289 1245 
7205 918 919 945 904 
7206 1283 1238 1285 1282 
7207 1141 1142 1156 1140 
7208 1122 1121 1123 1134 
7209 1060 1018 1061 1062 
7210 1306 1294 1307 1309 
7211 1345 1301 1298 1299 
7212 1250 1268 1295 1294 
7213 876 877 878 835 
7214 2134 2135 2144 2132 
7215 1299 1301 1298 1286 
7216 1438 1439 1441 1396 
7217 1357 1342 1354 1355 
7218 1003 1004 1021 1002 
7219 1415 1403 1400 1401 
7220 908 923 922 920 
7221 889 890 931 916 
7222 1285 1297 1283 1282 
7223 1439 1441 1455 1438 
7224 1268 1295 1294 1309 
7225 1287 1289 1301 1286 
7226 1286 1287 1289 1242 
7227 1307 1306 1309 1353 
7228 919 963 918 945 
7229 823 782 824 825 
7230 1397 1399 1396 1381 
7231 1995 1979 1980 1977 
7232 1354 1400 1403 1401 
7233 1212 1197 1194 1196 
7234 1243 1244 1289 1245 
7235 921 908 922 920 
7236 918 945 946 904 
7237 851 810 808 809 
7238 1324 1297 1341 1323 
7239 1397 1399 1441 1396 
7240 1091 1103 1090 1089 
7241 1354 1403 1357 1355 
7242 1297 1324 1282 1323 
7243 1442 1456 1459 1457 
7244 2143 2144 2185 2141 
7245 987 973 974 975 
7246 923 967 922 920 
7247 1199 1200 1198 1157 
7248 985 986 1033 987 
7249 1398 1399 1397 1381 
7250 1563 1607 1610 1608 
7251 1607 1622 1610 1608 
7252 866 867 911 865 
7253 1309 1308 1307 1353 
7254 876 893 892 891 
7255 1118 1119 1130 1117 
7256 1159 1158 1143 1157 
7257 1144 1145 1143 1104 
7258 1397 1441 1399 1398 
7259 919 906 907 905 
7260 265 213 262 263 
7261 1356 1357 1403 1355 
7262 2744 2759 2747 2746 
7263 1285 1297 1284 1283 
7264 1381 1383 1384 1338 
7265 1092 1093 1094 1046 
7266 2701 2747 2704 2703 
7267 1415 1400 1442 1444 
7268 1048 1047 1034 1046 
7269 1456 1499 1459 1457 
7270 1812 1813 1814 1771 
7271 1897 1900 1853 1898 
7272 1081 1123 1083 1082 
7273 1510 1496 1511 1513 
7274 1554 1510 1511 1513 
7275 1188 1187 1189 1233 
7276 1550 1506 1547 1548 
7277 1106 1105 1092 1104 
7278 1659 1700 1674 1701 
7279 2106 2065 2107 2080 
7280 1562 1550 1547 1548 
7281 2803 2759 2756 2758 
7282 1760 1778 1776 1775 
7283 1034 1035 1005 988 
7284 1381 1382 1383 1338 
7285 2535 2533 2536 2551 
7286 1566 1551 1563 1564 
7287 1734 1722 1719 1720 
7288 1458 1442 1459 1457 
7289 1020 1021 1063 1019 
7290 1774 1759 1756 1757 
7291 1756 1759 1715 1757 
7292 1213 1214 1215 1198 
7293 1776 1778 1790 1775 
7294 1897 1912 1900 1898 
7295 2120 2106 2121 2123 
7296 2704 2689 2662 2663 
7297 1610 1566 1563 1564 
7298 1384 1399 1383 1381 
7299 1722 1675 1719 1720 
7300 2080 2107 2106 2123 
7301 2155 2154 2116 2157 
7302 2022 2050 2009 2024 
7303 1496 1499 1497 1513 
7304 977 979 978 1025 
7305 1459 1415 1442 1444 
7306 1674 1700 1718 1701 
7307 2120 2121 2161 2123 
7308 1227 1241 1229 1228 
7309 1456 1496 1499 1497 
7310 1452 1454 1455 1438 
7311 1443 1442 1400 1444 
7312 1837 1852 1851 1849 
7313 1562 1547 1559 1561 
7314 1719 1734 1733 1760 
7315 933 934 932 891 
7316 1906 1907 1934 1893 
7317 277 265 262 263 
7318 1909 1912 1897 1910 
7319 988 989 990 947 
7320 1268 1267 1295 1309 
7321 1408 1362 1410 1411 
7322 1956 1912 1909 1910 
7323 1644 1659 1662 1661 
7324 2154 2155 2169 2157 
7325 1843 1816 1841 1842 
7326 1701 1674 1659 1702 
7327 1458 1459 1499 1457 
7328 2047 2049 2046 2005 
7329 2024 2022 2050 2068 
7330 2049 2046 2064 2047 
7331 1301 1345 1300 1299 
7332 1296 1297 1341 1324 
7333 1566 1610 1565 1564 
7334 1453 1454 1452 1438 
7335 2006 2008 2005 1990 
7336 1777 1778 1776 1760 
7337 1255 1256 1254 1213 
7338 1934 1952 1950 1949 
7339 1756 1771 1774 1773 
7340 1560 1559 1547 1561 
7341 1952 1964 1950 1949 
7342 1968 1953 1965 1966 
7343 1559 1606 1562 1561 
7344 1312 1311 1269 1310 
7345 1659 1644 1660 1661 
7346 1778 1776 1790 1777 
7347 1899 1900 1912 1898 
7348 2049 2006 2008 2005 
7349 1895 1894 1849 1893 
7350 949 948 932 947 
7351 2010 2009 2012 2024 
7352 1415 1403 1401 1402 
7353 1733 1734 1778 1760 
7354 1422 1420 1408 1423 
7355 1965 2009 2012 2010 
7356 320 319 322 334 
7357 1288 1289 1301 1287 
7358 1701 1718 1674 1702 
7359 1856 1844 1841 1843 
7360 1812 1814 1815 1771 
7361 2171 2173 2170 2158 
7362 1852 1896 1851 1849 
7363 1849 1896 1895 1893 
7364 1844 1816 1841 1843 
7365 1837 1851 1850 1849 
7366 1271 1270 1254 1269 
7367 1659 1674 1662 1661 
7368 334 332 331 378 
7369 1454 1455 1495 1452 
7370 1368 1367 1325 1366 
7371 1771 1756 1772 1773 
7372 2776 2774 2732 2773 
7373 2008 2006 2007 1990 
7374 2733 2735 2732 2718 
7375 1815 1774 1771 1773 
7376 1966 1968 2012 1965 
7377 1733 1732 1719 1760 
7378 322 274 319 320 
7379 1439 1455 1441 1440 
7380 2108 2107 2080 2123 
7381 1310 1327 1326 1325 
7382 2007 2049 2006 2008 
7383 2733 2735 2776 2732 
7384 2692 2690 2677 2718 
7385 2636 2621 2633 2634 
7386 2524 2522 2521 2568 
7387 2521 2509 2522 2524 
7388 2512 2510 2479 2509 
7389 332 331 319 334 
7390 1815 1840 1814 1812 
7391 1907 1908 1934 1893 
7392 2774 2776 2791 2773 
7393 1618 1616 1662 1617 
7394 1950 1951 1952 1934 
7395 1413 1414 1412 1366 
7396 1992 1991 1949 1990 
7397 2690 2692 2735 2718 
7398 2633 2636 2634 2680 
7399 1609 1610 1622 1608 
7400 1469 1470 1468 1424 
7401 1896 1908 1895 1893 
7402 2368 2382 2385 2383 
7403 1411 1410 1408 1423 
7404 1722 1734 1721 1720 
7405 1481 1482 1483 1468 
7406 378 376 375 390 
7407 2173 2171 2170 2217 
7408 1497 1499 1498 1513 
7409 1412 1426 1425 1424 
7410 2160 2161 2158 2120 
7411 2078 2079 2077 2033 
7412 1410 1409 1362 1408 
7413 2512 2510 2509 2524 
7414 1907 1908 1952 1934 
7415 2830 2847 2845 2844 
7416 2272 2270 2253 2269 
7417 1548 1562 1550 1549 
7418 1968 1966 2012 1967 
7419 2158 2159 2160 2120 
7420 1704 1703 1687 1731 
7421 1865 1866 1867 1824 
7422 2090 2091 2089 2077 
7423 1799 1800 1801 1787 
7424 2023 2022 2024 2068 
7425 1743 1744 1745 1731 
7426 2132 2133 2134 2089 
7427 2888 2845 2847 2844 
7428 1774 1759 1757 1758 
7429 1788 1789 1787 1743 
7430 2211 2195 2213 2210 
7431 1550 1507 1508 1509 
7432 1554 1511 1512 1513 
7433 376 375 331 378 
7434 2171 2172 2173 2158 
7435 1825 1826 1824 1799 
7436 446 433 430 431 
7437 2510 2512 2479 2511 
7438 2226 2214 2227 2229 
7439 1818 1790 1844 1817 
7440 2382 2385 2383 2426 
7441 1420 1421 1422 1408 
7442 2789 2790 2788 2773 
7443 2270 2272 2314 2269 
7444 2229 2227 2226 2276 
7445 2424 2423 2382 2426 
7446 1994 1993 1977 2021 
7447 2437 2438 2482 2440 
7448 2121 2122 2161 2123 
7449 2033 2034 2035 2021 
7450 2692 2691 2690 2735 
7451 2215 2214 2170 2217 
7452 263 277 265 264 
7453 2438 2437 2423 2440 
7454 2312 2313 2311 2269 
7455 2161 2173 2160 2158 
7456 2253 2254 2225 2210 
7457 2011 2010 2012 2024 
7458 2437 2479 2482 2481 
7459 2426 2424 2423 2440 
7460 2790 2791 2788 2773 
7461 2211 2213 2225 2210 
7462 2217 2215 2214 2229 
7463 2254 2225 2272 2253 
7464 1979 1978 1936 1977 
7465 2510 2512 2511 2524 
7466 1912 1956 1911 1910 
7467 2064 2048 2049 2047 
7468 2311 2313 2314 2269 
7469 1467 1420 1422 1423 
7470 2132 2143 2142 2141 
7471 2479 2437 2480 2481 
7472 2173 2172 2171 2217 
7473 2745 2744 2701 2746 
7474 1950 1951 1964 1952 
7475 2775 2774 2776 2791 
7476 2512 2482 2479 2481 
7477 2624 2636 2623 2622 
7478 2689 2661 2662 2645 
7479 2702 2701 2689 2703 
7480 2790 2791 2833 2788 
7481 433 387 430 431 
7482 2756 2744 2757 2758 
7483 2213 2225 2212 2211 
7484 2385 2384 2383 2426 
7485 2313 2314 2328 2311 
7486 2492 2535 2534 2533 
7487 2156 2169 2155 2157 
7488 1532 1533 1530 1518 
7489 490 508 493 491 
7490 472 446 444 493 
7491 446 472 444 430 
7492 2272 2314 2271 2270 
7493 2734 2733 2735 2776 
7494 2524 2523 2522 2568 
7495 2636 2635 2634 2680 
7496 321 320 322 334 
7497 2331 2332 2344 2330 
7498 1571 1589 1588 1615 
7499 1629 1630 1627 1615 
7500 2482 2438 2439 2440 
7501 334 333 332 378 
7502 2425 2424 2426 2440 
7503 1464 1479 1478 1477 
7504 2216 2215 2217 2229 
7505 2847 2846 2845 2888 
7506 610 595 596 598 
7507 2254 2272 2225 2255 
7508 2228 2227 2229 2276 
7509 651 666 654 652 
7510 472 490 493 491 
7511 378 377 376 390 
7512 654 607 608 610 
7513 1673 1645 1671 1627 
7514 1685 1686 1683 1671 
7515 1533 1574 1532 1530 
7516 1588 1589 1630 1615 
7517 1729 1730 1727 1683 
7518 1741 1742 1739 1727 
7519 607 595 608 610 
7520 595 546 596 598 
7521 1739 1783 1786 1785 
7522 1531 1532 1530 1518 
7523 390 433 389 388 
7524 1572 1573 1571 1530 
7525 1629 1630 1645 1627 
7526 446 433 431 432 
7527 654 607 651 652 
7528 777 762 763 765 
7529 1673 1645 1686 1671 
7530 140 138 136 141 
7531 1823 1795 1820 1822 
7532 1798 1783 1795 1797 
7533 775 818 774 777 
7534 1571 1588 1587 1615 
7535 1820 1861 1864 1863 
7536 1686 1730 1685 1683 
7537 1628 1629 1627 1615 
7538 1742 1729 1730 1727 
7539 493 446 444 445 
7540 492 493 508 491 
7541 857 859 871 856 
7542 1739 1786 1742 1741 
7543 763 762 719 765 
7544 1783 1798 1786 1785 
7545 1672 1673 1671 1627 
7546 871 915 869 868 
7547 1152 1138 1135 1136 
7548 1823 1798 1795 1797 
7549 912 927 915 913 
7550 1039 1041 1087 1038 
7551 2029 2031 2032 2017 
7552 775 774 762 777 
7553 1237 1193 1190 1191 
7554 2017 1973 2019 2020 
7555 1087 1099 1085 1084 
7556 1684 1685 1683 1671 
7557 1861 1879 1864 1863 
7558 1234 1249 1237 1235 
7559 980 1029 983 981 
7560 1823 1820 1864 1822 
7561 2088 2087 2073 2085 
7562 2073 2075 2076 2029 
7563 1728 1729 1727 1683 
7564 1027 1029 1041 1026 
7565 971 983 969 968 
7566 1346 1361 1349 1347 
7567 868 869 871 856 
7568 856 857 859 815 
7569 1460 1476 1463 1461 
7570 1291 1293 1305 1290 
7571 1419 1407 1404 1405 
7572 1349 1305 1302 1303 
7573 1667 1670 1668 1682 
7574 2128 2130 2131 2085 
7575 1860 1904 1858 1857 
7576 1358 1407 1361 1359 
7577 1555 1570 1529 1556 
7578 1416 1463 1419 1417 
7579 608 609 654 610 
7580 1736 1738 1782 1735 
7581 1626 1614 1611 1612 
7582 596 597 610 598 
7583 1794 1782 1779 1780 
7584 1567 1614 1570 1568 
7585 1515 1517 1529 1514 
7586 2072 2084 2070 2069 
7587 1623 1626 1624 1670 
7588 868 912 915 913 
7589 1741 1739 1740 1727 
7590 2165 2177 2163 2162 
7591 1904 1916 1902 1901 
7592 1738 1726 1723 1724 
7593 1783 1739 1784 1785 
7594 2165 2127 2124 2125 
7595 1473 1517 1476 1474 
7596 653 654 666 652 
7597 1726 1682 1679 1680 
7598 2028 2072 2026 2025 
7599 2084 2127 2082 2081 
7600 1957 1972 1960 1958 
7601 1960 1916 1913 1914 
7602 2166 2139 2140 2128 
7603 1819 1794 1791 1792 
7604 1084 1085 1087 1038 
7605 1969 2016 1972 1970 
7606 2028 2016 2013 2014 
7607 2684 2682 2681 2696 
7608 2696 2739 2694 2693 
7609 1193 1178 1190 1191 
7610 709 708 710 722 
7611 2017 2019 2032 2020 
7612 2175 2174 2177 2221 
7613 2684 2637 2638 2640 
7614 2737 2739 2751 2736 
7615 2348 2333 2334 2336 
7616 2487 2484 2486 2483 
7617 1027 980 1029 1026 
7618 2514 2528 2513 2487 
7619 1796 1795 1783 1797 
7620 2386 2387 2401 2389 
7621 2640 2628 2625 2626 
7622 118 2887 2888 2885 
7623 2277 2278 2292 2280 
7624 2749 2751 2795 2748 
7625 1136 1138 1135 1096 
7626 2851 2892 2849 2848 
7627 1038 1039 1041 1026 
7628 1190 1234 1237 1235 
7629 1291 1293 1290 1246 
7630 2808 2851 2806 2834 
7631 968 969 971 924 
7632 2442 2486 2441 2444 
7633 2076 2088 2075 2073 
7634 2280 2230 2231 2233 
7635 2572 2569 2584 2570 
7636 2389 2345 2346 2348 
7637 983 980 981 968 
7638 1419 1404 1416 1417 
7639 2032 2076 2031 2029 
7640 2428 2427 2401 2444 
7641 2233 2218 2219 2221 
7642 1361 1346 1358 1359 
7643 1614 1567 1611 1612 
7644 1303 1305 1302 1290 
7645 1626 1623 1624 1611 
7646 1821 1820 1795 1822 
7647 1407 1358 1404 1405 
7648 1904 1902 1857 1901 
7649 1346 1349 1302 1347 
7650 1682 1667 1679 1680 
7651 1460 1473 1476 1474 
7652 1861 1820 1862 1863 
7653 2069 2084 2082 2081 
7654 2234 2222 2236 2237 
7655 1779 1791 1794 1792 
7656 2127 2081 2124 2125 
7657 1515 1473 1517 1514 
7658 1782 1779 1780 1735 
7659 1529 1514 1555 1556 
7660 2026 2013 2028 2025 
7661 1555 1567 1570 1568 
7662 2087 2088 2131 2085 
7663 1416 1460 1463 1461 
7664 1736 1723 1738 1735 
7665 1679 1723 1726 1724 
7666 2025 2072 2070 2069 
7667 2165 2163 2124 2162 
7668 1969 2013 2016 2014 
7669 1670 1667 1668 1623 
7670 2131 2140 2130 2128 
7671 1914 1916 1913 1901 
7672 1857 1858 1860 1845 
7673 2739 2737 2693 2736 
7674 1913 1957 1960 1958 
7675 1972 1957 1969 1970 
7676 2628 2581 2625 2626 
7677 2751 2749 2736 2748 
7678 777 763 764 765 
7679 2174 2177 2162 2175 
7680 2572 2525 2569 2570 
7681 2637 2625 2638 2640 
7682 2289 2334 2333 2336 
7683 2139 2140 2181 2166 
7684 2333 2346 2345 2348 
7685 2696 2694 2681 2693 
7686 2792 2808 2806 2834 
7687 2834 2851 2849 2848 
7688 2487 2513 2514 2483 
7689 2681 2637 2682 2684 
7690 2427 2386 2428 2401 
7691 2218 2174 2219 2221 
7692 2230 2218 2231 2233 
7693 2441 2486 2484 2483 
7694 2442 2441 2427 2444 
7695 2278 2277 2230 2280 
7696 818 775 776 777 
7697 2387 2386 2345 2389 
7698 2867 2864 134 2866 
7699 858 859 871 857 
7700 1973 2019 2018 2017 
7701 2448 2402 2445 2447 
7702 2284 2234 2236 2237 
7703 2074 2075 2073 2029 
7704 915 871 869 870 
7705 2029 2030 2031 2017 
7706 927 914 915 913 
7707 2532 2531 2488 2529 
7708 2546 2547 2573 2529 
7709 2128 2129 2130 2085 
7710 2073 2087 2086 2085 
7711 1151 1152 1193 1179 
7712 1087 1099 1086 1085 
7713 2587 2588 2585 2573 
7714 1138 1152 1137 1136 
7715 1028 1029 1041 1027 
7716 1236 1237 1249 1235 
7717 971 983 970 969 
7718 2603 2631 2585 2629 
7719 1193 1237 1192 1191 
7720 1040 1041 1087 1039 
7721 1348 1349 1361 1347 
7722 1305 1349 1304 1303 
7723 1029 982 983 981 
7724 1305 1292 1293 1291 
7725 1463 1418 1419 1417 
7726 1249 1293 1248 1247 
7727 2629 2641 2644 2643 
7728 2138 2139 2166 2128 
7729 1625 1626 1670 1624 
7730 1407 1419 1406 1405 
7731 2461 2448 2445 2447 
7732 1517 1475 1476 1474 
7733 1407 1360 1361 1359 
7734 2685 2688 2641 2687 
7735 1614 1626 1613 1612 
7736 1557 1529 1570 1556 
7737 1736 1782 1738 1737 
7738 1904 1916 1903 1902 
7739 1682 1726 1681 1680 
7740 2072 2028 2026 2027 
7741 2165 2127 2125 2126 
7742 1476 1462 1463 1461 
7743 1569 1570 1614 1568 
7744 1726 1738 1725 1724 
7745 2697 2700 2685 2699 
7746 1670 1682 1669 1668 
7747 2072 2084 2071 2070 
7748 1794 1819 1793 1792 
7749 1794 1782 1780 1781 
7750 1904 1860 1858 1859 
7751 1516 1517 1529 1515 
7752 1958 1972 1960 1959 
7753 1960 1916 1914 1915 
7754 2084 2127 2083 2082 
7755 2531 2532 2547 2529 
7756 2028 2016 2014 2015 
7757 2740 2752 2755 2754 
7758 2177 2165 2163 2164 
7759 2751 2750 2749 2795 
7760 2638 2639 2684 2640 
7761 2334 2335 2348 2336 
7762 1971 1972 2016 1970 
7763 2892 2849 2850 2851 
7764 2683 2682 2684 2696 
7765 2486 2442 2443 2444 
7766 2570 2584 2572 2571 
7767 2528 2514 2515 2487 
7768 2739 2738 2737 2751 
7769 2280 2231 2232 2233 
7770 2486 2485 2484 2487 
7771 2694 2695 2739 2696 
7772 2346 2347 2389 2348 
7773 2292 2278 2279 2280 
7774 2546 2547 2588 2573 
7775 2582 2628 2584 2583 
7776 2588 2603 2587 2585 
7777 2799 2752 2796 2798 
7778 2176 2175 2177 2221 
7779 2336 2290 2291 2292 
7780 2401 2387 2388 2389 
7781 2628 2640 2627 2626 
7782 2603 2644 2631 2629 
7783 2400 2428 2401 2444 
7784 2234 2222 2235 2236 
7785 2219 2220 2233 2221 
7786 2809 2812 2796 2811 
7787 2851 2806 2807 2808 
7788 2641 2688 2644 2643 
7789 2685 2700 2688 2687 
7790 2809 2852 2855 2854 
7791 2743 2700 2697 2699 
7792 2867 2852 2864 2866 
7793 2799 2755 2752 2754 
7794 2796 2812 2799 2798 
7795 2446 2445 2402 2447 
7796 2855 2812 2809 2811 
7797 2867 2855 2852 2854 
7798 2530 2488 2531 2529 
7799 2573 2545 2546 2529 
7800 2630 2585 2631 2629 
7801 2585 2586 2587 2573 
7802 2641 2629 2642 2643 
7803 2686 2685 2641 2687 
7804 2698 2697 2685 2699 
7805 2740 2697 2741 2742 
7806 2752 2740 2753 2754 
7807 2797 2796 2752 2798 
7808 2810 2809 2796 2811 
7809 2852 2809 2853 2854 
7810 2865 2864 2852 2866 
7811 587 537 538 3041 
7812 1495 1509 1492 3018 
7813 1538 1582 1541 1540 
7814 1874 1891 1889 1892 
7815 244 229 245 2993 
7816 2210 2213 2225 3089 
7817 2226 2214 2229 3078 
7818 2170 3078 2214 3089 
7819 1957 1956 1912 3103 
7820 2398 2356 2357 3128 
7821 2834 2851 2848 3091 
7822 85 88 144 2872 
7823 1844 1790 1845 3103 
7824 1185 1229 1182 3122 
7825 2307 2322 2304 3127 
7826 1193 3044 1152 3085 
7827 88 90 2872 2873 
7828 355 311 314 3007 
7829 2245 2248 2265 3127 
7830 2210 2225 2253 3089 
7831 1237 1250 1249 3042 
7832 88 90 144 2872 
7833 1952 1964 1949 3058 
7834 2492 2491 2461 3077 
7835 1237 1209 1250 3042 
7836 577 623 574 573 
7837 2012 2024 2009 3026 
7838 1957 1912 1913 3103 
7839 2744 2756 2743 3086 
7840 2154 2157 2169 3095 
7841 666 710 663 3121 
7842 2328 2368 2367 3033 
7843 2717 2732 2731 3021 
7844 90 89 88 144 
7845 2868 138 140 2869 
7846 2870 2858 2871 2857 
7847 2870 142 140 2869 
7848 2846 2887 2845 2888 
7849 1576 1577 1592 1593 
7850 1535 1536 1577 1578 
7851 1648 1689 1647 1690 
7852 2887 2886 2845 2844 
7853 1689 1704 1688 1705 
7854 1632 1633 1648 1649 
7855 1591 1592 1633 1634 
7856 1924 1923 1882 1881 
7857 1938 1980 1979 1937 
7858 1524 1537 1536 1523 
7859 2257 2299 2256 2300 
7860 2550 2591 2549 2592 
7861 772 784 771 785 
7862 1939 1938 1923 1922 
7863 729 687 688 730 
7864 2605 2606 2647 2648 
7865 2590 2591 2606 2607 
7866 2647 2662 2646 2663 
7867 2199 2183 2184 2200 
7868 673 689 688 672 
7869 2451 2407 2408 2452 
7870 728 729 772 744 
7871 2450 2451 2464 2465 
7872 2890 2849 2891 2848 
7873 633 632 617 616 
7874 2240 2257 2239 2258 
7875 2198 2199 2240 2241 
7876 2342 2343 2355 2356 
7877 2463 2464 2494 2495 
7878 2395 2396 2408 2409 
7879 674 673 632 631 
7880 2396 2354 2355 2397 
7881 2298 2299 2343 2316 
7882 2535 2493 2494 2536 
7883 2858 2815 2859 2814 
7884 2815 2802 2816 2801 
7885 618 617 571 570 
7886 123 121 122 120 
7887 114 116 115 117 
7888 124 123 122 125 
7889 721 708 707 720 
7890 658 645 644 657 
7891 194 195 207 208 
7892 651 652 664 665 
7893 648 660 647 661 
7894 742 756 741 757 
7895 717 760 716 761 
7896 313 354 312 355 
7897 328 316 329 315 
7898 352 353 368 369 
7899 775 816 774 817 
7900 661 662 648 649 
7901 912 925 926 913 
7902 115 149 113 150 
7903 181 164 165 182 
7904 1132 1133 1176 1177 
7905 465 483 464 484 
7906 428 427 471 470 
7907 123 153 121 154 
7908 713 726 725 712 
7909 210 211 260 261 
7910 176 177 219 220 
7911 544 543 531 530 
7912 1172 1129 1173 1128 
7913 153 199 152 200 
7914 139 161 137 162 
7915 1184 1172 1185 1171 
7916 211 210 198 197 
7917 545 531 544 532 
7918 316 317 329 330 
7919 267 217 218 268 
7920 181 180 164 163 
7921 535 547 534 548 
7922 507 490 535 491 
7923 702 685 701 657 
7924 207 193 206 194 
7925 1024 1036 1023 1037 
7926 222 180 223 179 
7927 409 425 410 424 
7928 713 669 714 668 
7929 160 161 177 178 
7930 910 923 922 909 
7931 742 700 701 743 
7932 199 198 152 151 
7933 156 202 155 203 
7934 148 149 195 196 
7935 373 372 386 414 
7936 329 373 328 374 
7937 448 435 449 434 
7938 279 324 278 325 
7939 298 313 297 314 
7940 606 592 605 593 
7941 1085 1098 1097 1084 
7942 435 436 449 450 
7943 767 768 780 781 
7944 1240 1285 1284 1239 
7945 566 567 613 614 
7946 670 628 656 669 
7947 380 335 336 381 
7948 588 602 589 601 
7949 1232 1244 1231 1245 
7950 201 202 214 215 
7951 411 369 368 410 
7952 1003 962 1004 961 
7953 222 238 237 221 
7954 279 266 267 280 
7955 798 756 755 797 
7956 801 759 760 773 
7957 590 540 539 589 
7958 219 268 218 235 
7959 485 465 484 466 
7960 703 704 716 717 
7961 423 465 422 466 
7962 1975 1962 1963 1976 
7963 1141 1102 1142 1101 
7964 255 256 298 269 
7965 821 820 780 779 
7966 905 861 906 860 
7967 260 272 259 273 
7968 567 566 551 550 
7969 1919 1877 1878 1920 
7970 353 311 312 354 
7971 316 271 317 270 
7972 470 469 489 488 
7973 801 800 814 813 
7974 1044 1091 1090 1043 
7975 1122 1133 1121 1134 
7976 724 725 768 769 
7977 272 271 259 258 
7978 127 129 156 157 
7979 1117 1077 1118 1076 
7980 511 510 495 494 
7981 866 854 867 853 
7982 797 796 810 809 
7983 436 435 392 391 
7984 325 337 324 338 
7985 341 340 299 327 
7986 1565 1553 1566 1552 
7987 660 704 659 705 
7988 1356 1344 1357 1343 
7989 413 371 372 414 
7990 604 648 603 649 
7991 1129 1118 1130 1117 
7992 612 566 613 565 
7993 889 874 890 873 
7994 299 283 300 282 
7995 1677 1665 1678 1664 
7996 1083 1036 1065 1082 
7997 1197 1196 1155 1154 
7998 284 283 237 236 
7999 469 488 487 468 
8000 428 427 413 412 
8001 587 588 600 601 
8002 336 323 324 337 
8003 339 340 384 385 
8004 263 275 262 276 
8005 408 409 423 424 
8006 483 527 482 528 
8007 2179 2180 2224 2196 
8008 1031 1045 1032 1044 
8009 2067 2108 2066 2080 
8010 592 604 591 605 
8011 1974 1975 2019 2020 
8012 439 452 438 453 
8013 1176 1188 1175 1189 
8014 1081 1123 1082 1122 
8015 1184 1229 1228 1183 
8016 2104 2119 2118 2103 
8017 820 834 833 822 
8018 496 495 448 447 
8019 392 380 393 379 
8020 808 850 851 809 
8021 911 910 866 865 
8022 1020 1003 1021 1002 
8023 1621 1666 1665 1620 
8024 383 396 397 384 
8025 498 499 514 515 
8026 686 687 728 729 
8027 1155 1141 1156 1140 
8028 1187 1188 1232 1233 
8029 2224 2236 2223 2237 
8030 1968 1955 1954 1967 
8031 919 918 906 905 
8032 1855 1900 1899 1854 
8033 1267 1252 1268 1251 
8034 1465 1466 1479 1480 
8035 978 1024 977 1025 
8036 930 929 917 916 
8037 799 800 812 813 
8038 1020 1063 1062 1019 
8039 1103 1102 1090 1089 
8040 552 551 510 509 
8041 854 811 853 812 
8042 1253 1211 1210 1252 
8043 439 395 396 440 
8044 1364 1410 1363 1411 
8045 451 452 499 500 
8046 973 974 986 987 
8047 832 874 873 831 
8048 2678 2679 2691 2692 
8049 571 555 554 570 
8050 1033 1032 986 985 
8051 1308 1352 1307 1353 
8052 807 849 850 808 
8053 1288 1244 1289 1243 
8054 1296 1284 1297 1283 
8055 1963 1918 1919 1935 
8056 1846 1847 1791 1792 
8057 978 966 979 965 
8058 862 861 849 848 
8059 1088 1102 1089 1101 
8060 513 514 555 556 
8061 1356 1403 1402 1355 
8062 905 918 946 904 
8063 1228 1227 1241 1240 
8064 909 908 922 921 
8065 1300 1288 1301 1287 
8066 966 965 921 920 
8067 832 833 819 822 
8068 1533 1532 1520 1519 
8069 1195 1210 1194 1211 
8070 1345 1344 1300 1299 
8071 1296 1341 1340 1324 
8072 2167 2168 2212 2213 
8073 2579 2578 2624 2623 
8074 2274 2275 2287 2288 
8075 1701 1716 1700 1717 
8076 1458 1499 1498 1457 
8077 2384 2370 2385 2369 
8078 1383 1340 1384 1339 
8079 962 945 961 946 
8080 2566 2567 2579 2580 
8081 1813 1839 1838 1812 
8082 1031 985 1032 984 
8083 1609 1565 1610 1564 
8084 1441 1397 1440 1398 
8085 1562 1548 1561 1549 
8086 1295 1267 1308 1309 
8087 770 771 783 784 
8088 1062 1018 1061 1019 
8089 1444 1415 1401 1402 
8090 1605 1604 1618 1617 
8091 1231 1186 1187 1232 
8092 889 917 873 872 
8093 1153 1195 1196 1154 
8094 1060 1077 1078 1061 
8095 2022 2023 2067 2068 
8096 2294 2295 2339 2340 
8097 2105 2104 2063 2062 
8098 823 836 837 824 
8099 1702 1701 1718 1717 
8100 1722 1721 1677 1676 
8101 1494 1508 1493 1509 
8102 1609 1622 1621 1608 
8103 782 783 824 825 
8104 1339 1324 1340 1323 
8105 1951 1950 1906 1934 
8106 2282 2283 2295 2296 
8107 1351 1352 1364 1365 
8108 2107 2108 2122 2123 
8109 2514 2526 2513 2527 
8110 1662 1616 1661 1617 
8111 1777 1776 1790 1818 
8112 2064 2063 2048 2047 
8113 1911 1899 1912 1898 
8114 1498 1512 1497 1513 
8115 1455 1439 1454 1440 
8116 2012 1966 2011 1967 
8117 2794 2793 2749 2748 
8118 1817 1844 1818 1843 
8119 877 836 878 835 
8120 1382 1339 1383 1338 
8121 1734 1721 1720 1733 
8122 2048 2007 2049 2006 
8123 2733 2734 2775 2776 
8124 1758 1757 1774 1773 
8125 1992 1950 1951 1964 
8126 264 265 214 215 
8127 1382 1398 1397 1381 
8128 1554 1512 1511 1553 
8129 1550 1508 1507 1549 
8130 2011 2023 2010 2024 
8131 130 129 128 131 
8132 1457 1458 1442 1443 
8133 1200 1199 1158 1157 
8134 1401 1443 1400 1444 
8135 2117 2118 2156 2157 
8136 934 933 892 891 
8137 1454 1453 1439 1438 
8138 2636 2623 2622 2635 
8139 892 877 893 876 
8140 2161 2160 2122 2121 
8141 1494 1493 1453 1452 
8142 2634 2635 2679 2680 
8143 2392 2350 2351 2393 
8144 1145 1144 1105 1104 
8145 1644 1616 1660 1661 
8146 2313 2271 2314 2270 
8147 1955 1911 1956 1910 
8148 1732 1719 1720 1733 
8149 2691 2734 2690 2735 
8150 1048 1047 1035 1034 
8151 2216 2171 2172 2217 
8152 2774 2775 2790 2791 
8153 1199 1215 1214 1198 
8154 949 948 933 932 
8155 1159 1158 1144 1143 
8156 2567 2522 2523 2568 
8157 1771 1813 1814 1772 
8158 1843 1817 1816 1842 
8159 1604 1559 1560 1605 
8160 2338 2339 2351 2352 
8161 1105 1093 1106 1092 
8162 2287 2286 2332 2331 
8163 2168 2169 2155 2156 
8164 989 1005 1035 988 
8165 1659 1660 1701 1702 
8166 2511 2523 2510 2524 
8167 1548 1560 1547 1561 
8168 2383 2384 2425 2426 
8169 2370 2331 2344 2330 
8170 2255 2254 2272 2271 
8171 2227 2228 2275 2276 
8172 2482 2439 2438 2481 
8173 1326 1311 1327 1310 
8174 1256 1255 1214 1213 
8175 1895 1894 1850 1849 
8176 2211 2225 2212 2255 
8177 1776 1732 1777 1760 
8178 1047 1094 1093 1046 
8179 1850 1838 1851 1837 
8180 1841 1855 1842 1854 
8181 1907 1906 1894 1893 
8182 2831 2832 2846 2847 
8183 1271 1270 1255 1254 
8184 948 990 989 947 
8185 1757 1772 1756 1773 
8186 2424 2425 2439 2440 
8187 2215 2216 2228 2229 
8188 1312 1311 1270 1269 
8189 1367 1326 1368 1325 
8190 2006 1991 2007 1990 
8191 2022 2066 2050 2067 
8192 1414 1413 1367 1366 
8193 264 263 277 276 
8194 1482 1469 1483 1468 
8195 2404 2392 2405 2391 
8196 1421 1409 1422 1408 
8197 2790 2789 2774 2773 
8198 1470 1469 1425 1424 
8199 1992 1991 1950 1949 
8200 2121 2160 2159 2120 
8201 1410 1409 1363 1362 
8202 1744 1703 1745 1731 
8203 1826 1825 1800 1799 
8204 1425 1413 1426 1412 
8205 1882 1881 1866 1865 
8206 2172 2171 2159 2158 
8207 2133 2090 2134 2089 
8208 1704 1703 1688 1687 
8209 377 332 333 378 
8210 1787 1800 1801 1788 
8211 1788 1744 1789 1743 
8212 2034 1993 2035 2021 
8213 1482 1524 1523 1481 
8214 2832 2831 2789 2788 
8215 2479 2480 2510 2511 
8216 2327 2326 2312 2311 
8217 2403 2448 2404 2447 
8218 1866 1825 1867 1824 
8219 2369 2370 2329 2330 
8220 2091 2090 2078 2077 
8221 2801 2802 2756 2757 
8222 2313 2312 2270 2269 
8223 1936 1978 1979 1937 
8224 321 333 320 334 
8225 2079 2078 2034 2033 
8226 2437 2438 2480 2481 
8227 2745 2701 2702 2746 
8228 2531 2490 2532 2489 
8229 1993 1978 1994 1977 
8230 2133 2143 2142 2132 
8231 87 86 85 144 
8232 1466 1465 1421 1420 
8233 2491 2490 2460 2459 
8234 2183 2142 2184 2141 
8235 2662 2661 2646 2645 
8236 2535 2534 2493 2492 
8237 390 377 376 389 
8238 1465 1479 1478 1464 
8239 2550 2549 2534 2533 
8240 2463 2494 2493 2462 
8241 445 446 431 432 
8242 388 433 389 432 
8243 2661 2702 2689 2703 
8244 1519 1478 1520 1477 
8245 2745 2757 2744 2758 
8246 138 140 139 141 
8247 1573 1572 1531 1530 
8248 2864 130 132 2865 
8249 1531 1532 1518 1519 
8250 492 508 507 491 
8251 445 444 493 492 
8252 1629 1628 1587 1615 
8253 1587 1572 1588 1571 
8254 549 535 548 507 
8255 2849 2850 2891 2892 
8256 1673 1672 1628 1627 
8257 653 609 654 608 
8258 596 597 609 610 
8259 1729 1728 1684 1683 
8260 1685 1684 1672 1671 
8261 666 653 652 665 
8262 708 709 721 722 
8263 1741 1740 1728 1727 
8264 1740 1784 1739 1785 
8265 1796 1783 1784 1797 
8266 1796 1821 1795 1822 
8267 776 763 764 777 
8268 817 818 775 776 
8269 1820 1821 1862 1863 
8270 1877 1878 1861 1862 
8271 857 871 858 870 
8272 914 915 869 870 
8273 927 926 914 913 
8274 1152 1151 1137 1136 
8275 1040 1087 1086 1039 
8276 2019 2018 1974 1973 
8277 1099 1098 1086 1085 
8278 2030 2018 2031 2017 
8279 1237 1236 1192 1191 
8280 982 1029 1028 981 
8281 1193 1192 1151 1179 
8282 1040 1028 1041 1027 
8283 970 926 971 925 
8284 1248 1236 1249 1235 
8285 1293 1292 1248 1247 
8286 1348 1304 1349 1303 
8287 983 982 970 969 
8288 2027 2026 2072 2071 
8289 1304 1292 1305 1291 
8290 1476 1475 1462 1461 
8291 2075 2074 2030 2029 
8292 1569 1557 1570 1556 
8293 1361 1360 1348 1347 
8294 1613 1569 1614 1568 
8295 1681 1669 1682 1668 
8296 1419 1418 1406 1405 
8297 1626 1625 1613 1612 
8298 2086 2074 2087 2073 
8299 2084 2083 2071 2070 
8300 1625 1670 1669 1624 
8301 1462 1418 1463 1417 
8302 1406 1360 1407 1359 
8303 2164 2165 2125 2126 
8304 1726 1725 1681 1680 
8305 1517 1516 1475 1474 
8306 2639 2683 2638 2684 
8307 1780 1793 1794 1781 
8308 1793 1819 1847 1792 
8309 1858 1903 1904 1859 
8310 1738 1725 1724 1737 
8311 1737 1736 1782 1781 
8312 1916 1915 1903 1902 
8313 1959 1958 1972 1971 
8314 2086 2130 2129 2085 
8315 1516 1529 1557 1515 
8316 1970 2016 1971 2015 
8317 2232 2279 2231 2280 
8318 2682 2683 2695 2696 
8319 2335 2347 2334 2348 
8320 2485 2442 2443 2486 
8321 2738 2750 2737 2751 
8322 1959 1960 1914 1915 
8323 2082 2127 2083 2126 
8324 2582 2627 2628 2583 
8325 2279 2291 2278 2292 
8326 2571 2570 2584 2583 
8327 2176 2177 2163 2164 
8328 2694 2695 2738 2739 
8329 2346 2347 2388 2389 
8330 2750 2794 2749 2795 
8331 2015 2014 2028 2027 
8332 2175 2176 2220 2221 
8333 2388 2400 2387 2401 
8334 2515 2484 2485 2487 
8335 2793 2794 2807 2808 
8336 2527 2528 2514 2515 
8337 2627 2640 2639 2626 
8338 2139 2138 2129 2128 
8339 2335 2290 2291 2336 
8340 2428 2400 2443 2444 
8341 2219 2220 2232 2233 
8342 2807 2850 2806 2851 
8343 2179 2138 2180 2166 
8344 2222 2223 2235 2236 
8345 2234 2235 2282 2283 
8346 2350 2337 2338 2351 
8347 2403 2446 2402 2447 
8348 2531 2488 2530 2489 
8349 2545 2530 2546 2529 
8350 2631 2586 2585 2630 
8351 2586 2545 2587 2573 
8352 2642 2629 2630 2643 
8353 2641 2642 2686 2687 
8354 2686 2698 2685 2699 
8355 2697 2698 2741 2742 
8356 2865 2852 2853 2866 
8357 2741 2753 2740 2754 
8358 2797 2752 2753 2798 
8359 2796 2797 2810 2811 
8360 116 114 2886 2885 
8361 2810 2853 2809 2854 
8362 2890 124 126 2891 
8363 537 587 586 3041 
8364 1170 1127 1173 3122 
8365 2050 2009 2024 3026 
8366 2937 67 80 3133 
8367 118 2885 2888 3091 
8368 311 355 352 3007 
8369 2365 2326 2366 2325 
8370 2466 2499 2496 3031 
8371 875 891 890 3048 
8372 85 88 2872 2873 
8373 659 706 703 3135 
8374 2004 1986 1989 3058 
8375 2435 2436 2478 2434 
8376 891 875 876 3048 
8377 1091 1042 1045 3020 
8378 2333 2348 2345 3038 
8379 686 3046 671 3074 
8380 885 900 903 901 
8381 90 88 2874 2873 
8382 2830 2847 2844 3091 
8383 2777 2760 2804 2805 
8384 2365 2380 2379 2364 
8385 1322 1277 1281 3022 
8386 2478 2508 2477 2476 
8387 2819 2777 2804 2805 
8388 278 265 266 3125 
8389 603 650 647 3135 
8390 576 561 578 3041 
8391 1318 1277 1322 3022 
8392 1812 1771 1815 3073 
8393 2476 2477 2478 2434 
8394 1575 1533 1534 3112 
8395 1597 1582 1579 1581 
8396 2433 2478 2436 2434 
8397 2046 2005 2049 3057 
8398 2420 2436 2421 2435 
8399 2761 2760 2719 2762 
8400 2487 2486 2488 3077 
8401 2189 2148 2192 3010 
8402 2507 2508 2520 2506 
8403 2874 2862 2875 2861 
8404 1328 1369 1325 3132 
8405 2154 2169 2195 3095 
8406 1571 1615 1570 3065 
8407 2379 2421 2420 2378 
8408 1072 1054 1056 3124 
8409 2486 2458 2488 3077 
8410 2818 2819 2804 2805 
8411 2778 2760 2804 2777 
8412 2435 2478 2477 2434 
8413 2720 2719 2705 2721 
8414 2508 2478 2475 2476 
8415 2761 2777 2760 2762 
8416 2519 2520 2564 2518 
8417 1678 1722 1675 3064 
8418 2476 2508 2507 2506 
8419 2852 2867 2864 3118 
8420 2863 2862 2819 2818 
8421 2805 2777 2760 2761 
8422 2507 2477 2508 2476 
8423 2705 2664 2706 2707 
8424 2763 2719 2760 2762 
8425 2348 2333 2336 3038 
8426 706 659 662 3135 
8427 1783 1786 1798 3136 
8428 1069 1071 580 3013 
8429 1874 1833 1876 1848 
8430 2564 2576 2563 2562 
8431 2381 2382 2423 3033 
8432 2508 2505 2520 2506 
8433 2300 2258 2301 3127 
8434 2752 2740 2755 3118 
8435 2761 2719 2720 2762 
8436 1614 1570 1615 3065 
8437 2519 2507 2520 2506 
8438 2664 2665 2666 2649 
8439 2500 2499 2469 3031 
8440 2721 2720 2719 2762 
8441 2576 2620 2575 2574 
8442 2719 2722 2705 2721 
8443 1012 995 997 3071 
8444 2520 2517 2564 2518 
8445 118 119 117 3091 
8446 2804 2820 2777 2819 
8447 638 623 619 620 
8448 2518 2519 2520 2506 
8449 1042 1091 1088 3020 
8450 844 885 888 886 
8451 2834 2833 2791 3091 
8452 2705 2706 2720 2721 
8453 595 607 594 3121 
8454 2478 2433 2476 2434 
8455 2410 2456 2453 3031 
8456 2563 2519 2564 2518 
8457 2608 2651 2650 2649 
8458 278 277 265 3125 
8459 2717 2731 2714 3021 
8460 2619 2618 2620 2632 
8461 2419 2433 2436 2434 
8462 1973 2020 2017 3063 
8463 545 530 533 3110 
8464 2664 2705 2708 2707 
8465 1678 1723 1722 3114 
8466 1594 1638 1597 1596 
8467 2665 2706 2664 2707 
8468 773 774 815 3101 
8469 2826 2829 2843 3109 
8470 2576 2620 2602 3051 
8471 2825 2826 2840 3109 
8472 2575 2563 2576 2562 
8473 2608 2609 2610 2593 
8474 118 120 119 3091 
8475 1120 1131 1119 3122 
8476 2189 2145 2148 3010 
8477 2016 1969 1972 3063 
8478 1202 1160 1161 3023 
8479 2705 2706 2721 2707 
8480 2422 2381 2423 3033 
8481 2659 2660 2676 2632 
8482 1723 1678 1679 3114 
8483 2258 2259 2301 3127 
8484 2177 2162 2165 3129 
8485 2562 2563 2564 2518 
8486 2667 2664 2666 2649 
8487 1760 1778 1775 3064 
8488 718 706 719 3121 
8489 2777 2778 2760 2762 
8490 2666 2665 2650 2649 
8491 2620 2576 2602 2574 
8492 606 594 607 3121 
8493 1611 1610 1566 3065 
8494 2575 2620 2619 2574 
8495 2595 2552 2593 2594 
8496 2664 2663 2648 3025 
8497 2616 2617 2658 3051 
8498 2820 2778 2804 2777 
8499 2475 2508 2476 2506 
8500 855 856 868 3101 
8501 2779 2763 2764 3097 
8502 2674 2676 2675 2717 
8503 2072 2025 2028 3063 
8504 1567 1611 1566 3065 
8505 2413 2429 2456 3031 
8506 2478 2433 2475 2476 
8507 162 141 163 3093 
8508 2277 2280 2292 3129 
8509 2649 2608 2651 2652 
8510 2609 2651 2650 2608 
8511 1675 1722 1719 3064 
8512 2739 2693 2696 3131 
8513 2620 2618 2617 2632 
8514 2618 2619 2660 2632 
8515 2604 2607 2648 3115 
8516 2554 2537 2552 2553 
8517 1961 1973 1960 3063 
8518 2666 2665 2664 2707 
8519 2716 2715 2717 2731 
8520 2013 1969 2016 3063 
8521 493 446 3096 3110 
8522 630 615 633 3070 
8523 1119 1131 1130 3122 
8524 706 707 719 3121 
8525 2562 2576 2575 2574 
8526 2185 2201 2200 3010 
8527 1853 1900 1897 3103 
8528 1857 1904 1901 3103 
8529 2593 2609 2610 2594 
8530 2610 2608 2593 2611 
8531 2719 2763 2721 2762 
8532 1778 1760 1734 3064 
8533 2675 2660 2676 2659 
8534 2658 2659 2676 2632 
8535 2537 2538 2539 2496 
8536 2708 2709 2723 3097 
8537 1322 1338 1337 3022 
8538 1815 1774 1816 3064 
8539 1593 1634 1590 3113 
8540 847 803 844 845 
8541 2729 2730 2772 2731 
8542 888 847 860 3098 
8543 2778 2763 2760 2762 
8544 1973 1972 1960 3063 
8545 2518 2520 2505 2506 
8546 590 538 541 3039 
8547 2508 2475 2505 2506 
8548 642 639 624 3137 
8549 2595 2552 2594 2553 
8550 2185 2186 2201 3010 
8551 1833 1808 1835 1836 
8552 2593 2552 2595 2596 
8553 2675 2716 2674 2717 
8554 2496 2466 2497 2498 
8555 739 753 751 736 
8556 193 208 205 2993 
8557 2673 2676 2674 2717 
8558 1653 1638 1635 1637 
8559 2651 2666 2650 2649 
8560 1662 1663 1675 3064 
8561 2770 2771 2787 2772 
8562 1816 1774 1775 3064 
8563 867 855 868 3101 
8564 1856 1900 1853 3103 
8565 2620 2618 2619 2574 
8566 2320 2317 2301 3127 
8567 2553 2554 2537 2538 
8568 1266 1282 1281 3022 
8569 2552 2537 2554 2555 
8570 2721 2722 2705 2707 
8571 2715 2716 2730 2731 
8572 2664 2648 2649 3025 
8573 2466 2453 2467 2468 
8574 261 274 273 3125 
8575 635 638 679 634 
8576 2717 2715 2714 2731 
8577 2787 2786 2785 2829 
8578 2076 2088 2073 3087 
8579 1096 1083 1084 3044 
8580 1674 1662 1675 3064 
8581 2719 2763 2722 2721 
8582 2564 2517 2562 2518 
8583 2204 2201 2186 3010 
8584 193 196 208 2993 
8585 1302 1349 1346 3105 
8586 1896 1852 3049 3069 
8587 1134 1135 1178 3044 
8588 2497 2539 2538 2496 
8589 2505 2517 2520 2518 
8590 810 798 811 3101 
8591 814 773 815 3101 
8592 162 135 141 3075 
8593 2617 2602 2620 3051 
8594 2496 2539 2537 2540 
8595 538 590 587 3039 
8596 2729 2730 2771 2772 
8597 2410 2453 2455 2454 
8598 2609 2610 2651 2608 
8599 698 739 737 695 
8600 2772 2728 2729 2731 
8601 200 213 212 3123 
8602 2843 2827 2828 2829 
8603 261 262 274 3125 
8604 2603 2629 2585 3077 
8605 2660 2659 2618 2632 
8606 356 3007 315 3125 
8607 429 426 412 3110 
8608 2467 2497 2466 2498 
8609 1134 1178 1177 3044 
8610 2496 2466 2498 2499 
8611 2770 2771 2786 2787 
8612 2413 2456 2410 3031 
8613 2411 2412 2410 2398 
8614 2666 2664 2708 2707 
8615 2787 2769 2770 2772 
8616 2469 2499 2466 3031 
8617 2842 2841 2843 2884 
8618 126 2892 128 3123 
8619 2561 2576 2562 2574 
8620 806 803 804 791 
8621 2705 2722 2708 2707 
8622 1083 1096 1123 3044 
8623 591 603 590 3135 
8624 2468 2453 2467 2454 
8625 698 680 696 683 
8626 2466 2453 2468 2469 
8627 141 143 163 3093 
8628 2786 2828 2785 2829 
8629 2595 2593 2610 2594 
8630 2399 2371 2398 2357 
8631 2654 2657 2672 3021 
8632 2787 2785 2784 2829 
8633 2714 2728 2713 3021 
8634 2882 2883 110 2884 
8635 1806 1762 1803 1764 
8636 1694 1650 1652 1653 
8637 2892 2864 128 3123 
8638 2659 2676 2675 2674 
8639 711 723 710 3066 
8640 722 710 723 3066 
8641 2411 2410 2455 2454 
8642 2226 2276 2273 3078 
8643 2892 2848 2851 3091 
8644 2410 2453 2456 2455 
8645 2828 2842 2827 2843 
8646 2358 2359 2357 2317 
8647 2843 2826 2827 2829 
8648 2229 2276 2226 3078 
8649 2651 2667 2666 2649 
8650 434 433 390 3096 
8651 244 245 292 3007 
8652 2714 2731 2728 3021 
8653 106 109 110 108 
8654 173 99 103 3109 
8655 798 799 811 3101 
8656 683 639 681 642 
8657 2602 2618 2620 2574 
8658 618 633 615 3070 
8659 529 530 542 3039 
8660 2708 2667 2664 2666 
8661 875 834 876 3048 
8662 834 835 876 3048 
8663 2412 2411 2399 2398 
8664 1808 1767 1810 1811 
8665 2412 2413 2410 2398 
8666 1803 1831 1805 1828 
8667 1395 1374 1380 3018 
8668 2552 2595 2554 2553 
8669 2841 2840 2843 2884 
8670 2841 2842 2883 2884 
8671 2576 2561 2602 2574 
8672 666 651 654 3121 
8673 2855 2867 2852 3118 
8674 2317 2318 2319 2301 
8675 1517 1530 1529 3037 
8676 146 109 105 107 
8677 2716 2715 2674 2717 
8678 2860 2875 2872 3030 
8679 1517 1518 1530 3037 
8680 1924 1940 1939 3059 
8681 2398 2371 2372 2357 
8682 590 603 602 3135 
8683 2800 2816 2813 3086 
8684 2371 2399 2358 2357 
8685 541 529 542 3039 
8686 2888 2885 2844 3091 
8687 2892 2889 2848 3091 
8688 213 200 201 3123 
8689 2881 2882 110 2884 
8690 675 694 679 676 
8691 627 642 640 624 
8692 2883 110 108 2882 
8693 2301 2302 2303 2259 
8694 408 407 366 3007 
8695 2608 2610 2651 2652 
8696 1872 1830 1828 1869 
8697 174 192 146 145 
8698 1189 1174 1177 3122 
8699 791 792 794 750 
8700 2875 2863 2876 3030 
8701 2414 2372 2373 3128 
8702 366 367 408 3007 
8703 2618 2659 2617 2632 
8704 2357 2359 2360 2317 
8705 2649 2651 2667 2652 
8706 1266 1238 1282 3022 
8707 2719 2760 2747 3097 
8708 109 110 104 106 
8709 2262 2259 2242 3127 
8710 2359 2358 2318 2317 
8711 1614 1567 1570 3065 
8712 2538 2554 2537 2539 
8713 2170 2999 2158 3050 
8714 1297 1285 1298 3061 
8715 1391 1393 1435 3014 
8716 108 106 109 107 
8717 2617 2602 2618 2620 
8718 2259 2260 2261 2242 
8719 1631 1590 1634 3113 
8720 1709 1691 1693 1694 
8721 190 234 192 191 
8722 2820 2821 2837 3030 
8723 2479 2512 2509 3088 
8724 2729 2715 2730 2731 
8725 2581 2628 2625 3131 
8726 651 666 663 3121 
8727 2319 2320 2317 2301 
8728 2333 2289 2336 3038 
8729 2888 2844 2847 3091 
8730 2318 2302 2319 2301 
8731 391 434 390 3096 
8732 395 438 394 3096 
8733 145 146 105 107 
8734 2242 2243 2244 2201 
8735 2610 2593 2595 2611 
8736 582 581 580 3016 
8737 253 234 232 233 
8738 2259 2303 2301 2304 
8739 2452 2466 2465 3031 
8740 192 146 173 174 
8741 2674 2659 2676 2658 
8742 2608 2610 2652 2611 
8743 2536 2533 2492 3115 
8744 2177 2174 2162 3129 
8745 2260 2303 2302 2259 
8746 1160 1143 1146 3085 
8747 2497 2539 2496 2498 
8748 564 525 537 522 
8749 145 174 192 191 
8750 2658 2617 2659 2632 
8751 2202 2186 2203 2201 
8752 2604 2645 2603 3056 
8753 2073 2088 2085 3087 
8754 2261 2259 2242 2262 
8755 2413 2410 2398 3128 
8756 1182 1170 1185 3122 
8757 1630 1615 1589 3113 
8758 246 295 253 252 
8759 189 234 192 190 
8760 2770 2729 2771 2772 
8761 1924 1925 1940 3059 
8762 278 266 3055 3125 
8763 1323 1338 1322 3022 
8764 2491 2458 2461 3077 
8765 142 2871 144 3093 
8766 2320 2322 2361 3128 
8767 523 481 525 478 
8768 1940 1984 1942 1981 
8769 2701 2700 2688 3056 
8770 2260 2243 2261 2242 
8771 1298 1285 1286 3061 
8772 2017 2020 2032 3063 
8773 2645 2644 2603 3056 
8774 2540 2537 3031 3115 
8775 2244 2242 2201 2245 
8776 1427 1424 1412 3014 
8777 234 190 233 191 
8778 394 438 437 3096 
8779 231 253 234 232 
8780 2186 2145 2187 2188 
8781 1769 1767 1752 1770 
8782 2554 2595 2552 2596 
8783 736 753 751 750 
8784 293 310 295 294 
8785 2603 2585 2588 3077 
8786 2673 2674 2715 2717 
8787 2701 2688 2689 3056 
8788 2611 2593 2595 2596 
8789 2186 2203 2201 2204 
8790 2452 2453 2466 3031 
8791 2243 2202 2244 2201 
8792 245 295 253 246 
8793 1750 1706 1708 1709 
8794 2498 2466 2467 2468 
8795 419 407 421 404 
8796 2037 2052 2055 2039 
8797 2081 2124 2080 3050 
8798 233 232 253 252 
8799 2658 2676 2674 2673 
8800 735 694 690 691 
8801 2145 2136 2146 2147 
8802 2786 2785 2770 2787 
8803 308 310 309 351 
8804 1534 1578 1575 3112 
8805 2826 2843 2840 3109 
8806 2029 2017 2032 3063 
8807 2013 2028 2025 3063 
8808 2145 2186 2189 2188 
8809 963 960 945 3107 
8810 310 295 292 293 
8811 2123 2080 2124 3050 
8812 217 204 175 3123 
8813 2203 2187 2186 2202 
8814 2759 2744 2747 3086 
8815 1194 1212 1209 3085 
8816 1193 1190 3044 3061 
8817 252 246 295 294 
8818 1173 1185 1170 3122 
8819 2093 2096 2052 2095 
8820 150 196 147 2993 
8821 2539 2554 2537 2555 
8822 2093 2137 2136 2109 
8823 2158 2999 2120 3050 
8824 2148 2136 2145 2147 
8825 350 349 351 366 
8826 308 307 310 351 
8827 1722 1734 1719 3064 
8828 2715 2729 2714 2731 
8829 2816 2800 2803 3086 
8830 2555 2554 2552 2596 
8831 2821 2820 2778 3030 
8832 751 737 739 736 
8833 1627 1615 1630 3113 
8834 2204 2189 2207 3010 
8835 2453 2468 2455 2454 
8836 2187 2145 2146 2188 
8837 2136 2110 2093 2109 
8838 2028 2013 2016 3063 
8839 1883 1868 1884 3059 
8840 217 216 204 3123 
8841 351 349 348 366 
8842 2714 2673 2715 2717 
8843 293 310 294 309 
8844 1905 1904 1860 3043 
8845 363 404 361 3007 
8846 2093 2052 2094 2095 
8847 586 563 537 3041 
8848 2875 2860 2863 3030 
8849 2827 2785 2828 2829 
8850 144 2871 2872 3093 
8851 417 402 418 2988 
8852 1820 1819 1794 3043 
8853 1614 1611 1567 3065 
8854 196 193 147 2993 
8855 736 737 739 695 
8856 1233 1234 1246 3061 
8857 1374 1395 1390 3018 
8858 2617 2620 2632 3051 
8859 944 903 945 3107 
8860 2136 2137 2146 2147 
8861 1734 1760 1719 3064 
8862 2540 2496 2539 2498 
8863 309 350 308 351 
8864 46 3008 31 3104 
8865 1852 1840 3049 3069 
8866 1080 1083 1123 3044 
8867 1765 1747 1749 1750 
8868 455 442 459 3104 
8869 683 639 642 3137 
8870 2729 2770 2728 2772 
8871 2540 2539 2537 2555 
8872 173 103 146 3109 
8873 1001 959 960 3071 
8874 1868 1869 1884 3059 
8875 2455 2412 2410 2411 
8876 1755 1711 1752 1754 
8877 1795 1820 1794 3043 
8878 2137 2093 2094 2109 
8879 2729 2728 2714 2731 
8880 349 350 365 366 
8881 2842 2841 2827 2843 
8882 2204 2186 2189 3010 
8883 2820 2804 2778 3030 
8884 749 735 731 732 
8885 1905 1860 1861 3043 
8886 1682 1726 1679 3114 
8887 2468 2498 2466 2499 
8888 698 737 696 695 
8889 1427 1412 1385 3014 
8890 2453 2469 2466 3031 
8891 2769 2770 2785 2787 
8892 2611 2612 2653 3025 
8893 2820 2817 2804 3030 
8894 1233 1246 1245 3061 
8895 399 358 403 3104 
8896 2498 2540 2496 2499 
8897 2800 2755 2756 3086 
8898 2760 2804 2759 3086 
8899 2399 2371 2412 2398 
8900 1001 1000 959 3071 
8901 698 696 680 695 
8902 2667 2664 2649 3025 
8903 1160 1157 1143 3085 
8904 1213 1198 1216 3085 
8905 2770 2769 2728 2772 
8906 2859 2816 2860 3030 
8907 366 407 363 3007 
8908 2883 2882 2841 2884 
8909 1764 1806 1762 1765 
8910 253 234 254 2993 
8911 2783 2784 2991 3021 
8912 2469 2453 2468 2455 
8913 1455 1441 1456 3080 
8914 254 234 205 2993 
8915 2756 2744 2759 3086 
8916 1080 1123 1120 3044 
8917 2491 2488 2458 3077 
8918 2785 2827 2784 2829 
8919 1456 1441 1442 3080 
8920 647 650 662 3135 
8921 2469 2468 2466 2499 
8922 1952 1934 1908 3058 
8923 1139 1142 1156 3085 
8924 2359 2371 2358 2357 
8925 2617 2632 2658 3051 
8926 2784 2769 2785 2787 
8927 907 860 863 3107 
8928 681 696 680 683 
8929 769 726 3046 3066 
8930 110 106 108 2882 
8931 2242 2245 2262 3127 
8932 872 859 831 3076 
8933 1362 1361 1349 3139 
8934 908 920 907 3107 
8935 903 904 945 3107 
8936 1834 1831 3045 3059 
8937 239 236 221 3055 
8938 1803 1805 1806 1764 
8939 2412 2410 2456 2455 
8940 2760 2778 2804 3097 
8941 963 945 919 3107 
8942 2329 2368 3033 3088 
8943 1537 1578 1534 3112 
8944 680 639 681 683 
8945 2304 2320 2301 3127 
8946 1201 1216 1198 3085 
8947 1197 1212 1194 3085 
8948 1362 1349 1350 3139 
8949 2826 2827 2841 2843 
8950 231 245 229 2993 
8951 3011 3052 3035 3094 
8952 2357 2317 2360 3128 
8953 2325 2328 2367 3033 
8954 2453 2469 2456 2455 
8955 2482 2512 2479 3088 
8956 1806 1831 1805 1803 
8957 1590 1574 1575 3113 
8958 624 622 576 3041 
8959 2759 2804 2803 3086 
8960 2667 2652 2668 3025 
8961 2826 2784 2827 2829 
8962 2318 2319 2359 2317 
8963 871 859 872 3076 
8964 670 3046 714 3066 
8965 105 109 106 107 
8966 2860 2816 2817 3030 
8967 235 220 236 3055 
8968 2413 2412 2371 2398 
8969 1635 1634 1593 3133 
8970 1696 1711 1714 1713 
8971 1123 1096 1135 3044 
8972 1099 1087 1100 3020 
8973 1139 1156 1153 3085 
8974 639 640 681 642 
8975 2840 2841 2882 2884 
8976 740 698 699 3130 
8977 1038 1026 3092 3108 
8978 818 777 819 3076 
8979 2364 2324 2325 3033 
8980 647 662 659 3135 
8981 1463 1464 1477 3139 
8982 2456 2413 2410 2412 
8983 1830 1805 1831 1828 
8984 1087 1088 1100 3020 
8985 2840 2826 2841 2843 
8986 642 639 640 624 
8987 2058 2040 2043 3140 
8988 2302 2303 2319 2301 
8989 1590 1589 1574 3113 
8990 253 231 234 2993 
8991 1830 1831 1872 1828 
8992 105 174 146 145 
8993 745 790 749 746 
8994 2371 2359 2372 2357 
8995 2045 2060 2042 3057 
8996 1134 1123 1135 3044 
8997 2882 110 106 2881 
8998 2528 2513 2487 3119 
8999 1747 1762 1746 3111 
9000 1319 1278 2945 3019 
9001 338 382 335 3096 
9002 2371 2372 2413 2398 
9003 683 680 639 3137 
9004 239 221 224 3055 
9005 2840 2882 2881 2884 
9006 627 640 625 624 
9007 365 407 406 405 
9008 236 220 221 3055 
9009 919 907 920 3107 
9010 2788 3021 2773 3054 
9011 2260 2261 2303 2259 
9012 1830 1872 1871 1869 
9013 695 3067 680 3137 
9014 1952 1949 1934 3058 
9015 753 754 795 3130 
9016 2319 2360 2359 2317 
9017 174 190 192 191 
9018 624 625 627 578 
9019 1723 1679 1726 3114 
9020 1071 1115 580 3013 
9021 407 404 363 3007 
9022 106 104 109 105 
9023 758 715 3035 3068 
9024 1872 1887 1871 1869 
9025 1593 1594 1635 3133 
9026 1795 1798 1823 3043 
9027 2360 2372 2359 2357 
9028 459 442 416 3104 
9029 295 292 245 3007 
9030 2377 2363 2378 3033 
9031 178 162 179 3055 
9032 904 860 907 3107 
9033 2565 2580 2577 3119 
9034 110 104 106 2881 
9035 2608 2593 2611 3025 
9036 2596 2612 2611 3025 
9037 39 3012 3006 3020 
9038 2663 3025 2664 3097 
9039 2262 2265 2307 3127 
9040 2244 2261 2243 2242 
9041 2320 2319 2303 2301 
9042 2364 2325 2367 3033 
9043 234 190 232 233 
9044 1761 1746 1762 3111 
9045 174 146 103 105 
9046 2776 2792 2791 3054 
9047 1309 1325 1353 3132 
9048 162 163 179 3055 
9049 586 579 563 578 
9050 2319 2320 2360 2317 
9051 1395 1380 1396 3018 
9052 2052 2037 2053 2039 
9053 2453 2456 2469 3031 
9054 795 794 753 3130 
9055 2470 2469 2456 3031 
9056 968 923 924 3052 
9057 1887 1928 1886 1884 
9058 931 916 890 3092 
9059 2693 2736 2692 3054 
9060 1104 1143 1103 3085 
9061 2792 2776 2748 3054 
9062 2667 2649 2652 3025 
9063 2377 2378 2419 3033 
9064 794 750 753 3130 
9065 563 586 578 3041 
9066 2259 2261 2303 2304 
9067 1269 1268 1253 3132 
9068 1322 1281 1323 3022 
9069 2203 2244 2202 2201 
9070 1571 3065 1530 3113 
9071 1686 1731 1730 3111 
9072 1705 1690 1706 3111 
9073 2736 2735 2692 3054 
9074 1053 1071 1069 3013 
9075 190 192 173 174 
9076 2787 2991 2784 3021 
9077 232 246 253 252 
9078 1649 1634 1650 3072 
9079 740 739 698 3130 
9080 794 791 750 3130 
9081 437 434 391 3096 
9082 2303 2320 2301 2304 
9083 923 968 967 3052 
9084 739 695 698 3130 
9085 2367 2368 2382 3033 
9086 2419 2378 2422 3033 
9087 2413 2398 2372 3128 
9088 173 146 103 174 
9089 522 537 564 563 
9090 1212 1254 1253 3085 
9091 1329 1313 1314 3132 
9092 1905 1861 1879 3043 
9093 1537 1579 1578 3133 
9094 2513 2528 2525 3119 
9095 1142 1103 1143 3085 
9096 382 379 335 3096 
9097 1928 1943 1927 1925 
9098 2596 2611 2593 3025 
9099 2244 2261 2242 2262 
9100 1726 1682 1727 3136 
9101 968 983 980 3092 
9102 529 485 530 3110 
9103 1795 1823 1820 3043 
9104 190 189 234 232 
9105 2188 2187 2186 2203 
9106 231 253 245 2993 
9107 2778 2760 2763 3097 
9108 2512 2524 2509 3119 
9109 2259 2261 2304 2262 
9110 564 523 525 522 
9111 246 293 295 294 
9112 1634 1635 1650 3072 
9113 2360 2317 2320 3128 
9114 2576 2577 2621 3051 
9115 173 189 192 190 
9116 406 407 421 419 
9117 2301 2259 2304 3127 
9118 522 523 525 478 
9119 1212 1213 1254 3085 
9120 2422 2378 2381 3033 
9121 2705 2722 2719 3097 
9122 2368 2385 2382 3088 
9123 1254 1269 1253 3132 
9124 1631 1634 1649 3113 
9125 2203 2244 2201 2245 
9126 1699 1655 1696 1698 
9127 1075 1115 1071 3013 
9128 1943 1984 1942 1940 
9129 2576 2621 2620 3051 
9130 2788 2991 2787 3021 
9131 1538 1579 1537 3133 
9132 14 636 677 3067 
9133 253 231 246 232 
9134 2568 2580 2565 3119 
9135 2584 2569 2572 3119 
9136 1441 1396 1399 3018 
9137 1687 1731 1686 3111 
9138 2765 2768 2783 3021 
9139 1377 1393 1375 3014 
9140 2147 2146 2145 2188 
9141 2245 2244 2242 2262 
9142 357 398 383 3104 
9143 454 451 438 3104 
9144 523 479 481 478 
9145 2697 3118 2740 3131 
9146 2708 2722 2705 3097 
9147 189 231 234 232 
9148 310 293 308 309 
9149 1983 1942 1984 1981 
9150 1123 1134 1120 3044 
9151 1309 1310 1325 3132 
9152 486 530 485 3110 
9153 460 481 479 478 
9154 2186 2188 2203 2204 
9155 1683 1727 1682 3136 
9156 2509 2524 2521 3119 
9157 1762 3045 1803 3081 
9158 2394 2352 2353 3062 
9159 1983 1984 1999 1981 
9160 2304 2322 2320 3127 
9161 295 245 293 246 
9162 1138 1099 1139 3020 
9163 852 867 864 3101 
9164 984 972 987 3092 
9165 2381 2367 2382 3033 
9166 916 931 928 3092 
9167 1879 1861 1864 3043 
9168 829 790 786 787 
9169 2204 2203 2201 2245 
9170 2405 2449 2448 3062 
9171 871 868 856 3076 
9172 2352 2394 2393 3062 
9173 2137 2136 2109 2147 
9174 253 231 245 246 
9175 394 437 391 3096 
9176 1412 1366 1385 3014 
9177 1631 1649 1646 3113 
9178 1671 1627 1645 3113 
9179 698 3130 695 3137 
9180 350 349 308 351 
9181 1100 1139 1099 3020 
9182 418 463 461 460 
9183 1739 1783 1738 3136 
9184 2042 2060 2057 3057 
9185 2147 2145 2189 2188 
9186 927 912 915 3092 
9187 2449 2405 2406 3062 
9188 847 803 806 3098 
9189 2052 2037 2055 3140 
9190 2040 1998 1999 1996 
9191 292 310 293 308 
9192 2561 2560 2516 3027 
9193 390 378 391 3096 
9194 382 395 394 3096 
9195 1329 1328 1313 3132 
9196 2604 2603 2588 3115 
9197 1285 1241 1286 3061 
9198 2645 2689 2644 3056 
9199 2188 2186 2189 2204 
9200 2688 2644 2689 3056 
9201 2607 2649 2648 3025 
9202 245 292 295 293 
9203 2123 2162 2161 3050 
9204 2124 2162 2123 3050 
9205 89 91 167 3093 
9206 2864 2867 134 3123 
9207 975 987 972 3092 
9208 968 971 983 3092 
9209 2109 2093 2094 2095 
9210 404 421 419 418 
9211 2136 2148 2109 2147 
9212 1385 1366 1369 3014 
9213 1380 1381 1396 3018 
9214 262 265 277 3125 
9215 2037 2055 2040 2039 
9216 553 568 550 3126 
9217 364 349 365 366 
9218 307 308 349 351 
9219 395 383 398 3104 
9220 1861 1860 1819 3043 
9221 472 429 430 3110 
9222 622 624 639 3041 
9223 736 750 734 3130 
9224 419 405 407 404 
9225 2875 2876 92 3093 
9226 2189 2148 2145 2147 
9227 2245 2265 2262 3127 
9228 1645 1627 1630 3113 
9229 2052 2055 2039 2054 
9230 726 714 3046 3066 
9231 490 534 489 3110 
9232 310 292 307 308 
9233 1282 1323 1281 3022 
9234 363 407 405 404 
9235 2151 2113 2917 3010 
9236 2054 2052 2096 2095 
9237 2055 2052 2096 2054 
9238 1245 1246 1290 3061 
9239 1241 1242 1286 3061 
9240 2109 2110 2093 2095 
9241 349 364 348 366 
9242 379 391 378 3096 
9243 482 529 526 2988 
9244 366 364 348 363 
9245 2148 2110 2136 2109 
9246 1041 3044 1038 3092 
9247 774 777 818 3076 
9248 2110 2096 2093 2095 
9249 1551 1566 1563 3080 
9250 533 489 534 3110 
9251 2649 2607 2608 3025 
9252 572 554 557 3060 
9253 1160 1201 1157 3085 
9254 2049 2008 2050 3026 
9255 2050 2008 2009 3026 
9256 1861 1819 1820 3043 
9257 348 307 349 351 
9258 2170 2999 3078 3089 
9259 872 916 871 3092 
9260 2037 2038 2053 2039 
9261 871 856 859 3076 
9262 1441 1438 1396 3018 
9263 2565 2520 2521 3027 
9264 117 3091 150 3109 
9265 2800 2756 2803 3086 
9266 1666 1679 1678 3065 
9267 498 501 516 3060 
9268 578 561 563 3041 
9269 1442 1459 1456 3080 
9270 471 429 472 3110 
9271 468 467 425 3110 
9272 454 438 441 3104 
9273 2759 2803 2756 3086 
9274 1289 1245 1290 3061 
9275 2863 2860 2817 3030 
9276 2681 2693 2680 3131 
9277 2565 2564 2520 3027 
9278 286 2978 302 3008 
9279 967 964 920 3052 
9280 2855 2868 2867 3075 
9281 1831 3059 1828 3081 
9282 1029 983 1030 3092 
9283 799 773 814 3101 
9284 2589 2604 2588 3115 
9285 1924 1883 1925 3059 
9286 871 916 915 3092 
9287 229 187 231 2993 
9288 2778 2763 2779 3097 
9289 3068 3094 795 3130 
9290 1471 1427 1472 3134 
9291 426 468 425 3110 
9292 900 885 903 3098 
9293 1198 1157 1201 3085 
9294 1153 1197 1194 3085 
9295 855 867 852 3101 
9296 1875 1890 1872 3059 
9297 2709 2668 2899 3097 
9298 680 3067 639 3137 
9299 1667 1679 1666 3065 
9300 852 810 811 3101 
9301 815 856 814 3101 
9302 1072 1112 1066 3023 
9303 984 1030 983 3092 
9304 1428 1472 1427 3134 
9305 2314 2311 2269 3099 
9306 404 418 402 2988 
9307 1375 1334 1377 3014 
9308 2196 2197 2238 3079 
9309 885 888 903 3098 
9310 1495 1492 1452 3018 
9311 2912 3127 2992 3128 
9312 1075 1116 1115 3013 
9313 2855 2856 2868 3075 
9314 2321 56 2305 3099 
9315 406 421 420 419 
9316 346 363 361 3007 
9317 1657 1655 1640 1658 
9318 2284 2297 2296 3079 
9319 2196 2238 2237 3079 
9320 513 498 516 3060 
9321 2851 2808 2852 3118 
9322 815 774 818 3076 
9323 2863 2817 2820 3030 
9324 2115 2153 2112 3095 
9325 1883 1884 1925 3059 
9326 2397 3062 2356 3128 
9327 2432 2415 2418 3033 
9328 182 224 179 3055 
9329 1156 1197 1153 3085 
9330 2297 2284 2285 3079 
9331 1108 1066 1112 3023 
9332 135 134 136 3075 
9333 1116 1075 1076 3013 
9334 1435 1433 1391 3014 
9335 221 179 224 3055 
9336 565 550 568 3126 
9337 655 611 629 3126 
9338 2751 2796 2795 3118 
9339 1614 1615 1627 3065 
9340 876 835 879 3084 
9341 1161 1147 1166 3023 
9342 2372 2398 2357 3128 
9343 2194 2209 2191 3095 
9344 2088 2089 2132 3087 
9345 1349 1305 1350 3042 
9346 1495 1452 1455 3018 
9347 967 920 923 3052 
9348 1294 1293 1249 3042 
9349 827 843 829 828 
9350 2182 2140 2141 3087 
9351 739 736 695 3130 
9352 831 818 819 3076 
9353 57 2999 2996 3000 
9354 1225 1221 3016 3022 
9355 598 546 549 3126 
9356 1063 1018 1021 3108 
9357 2039 2037 2038 1996 
9358 2628 2629 2641 3131 
9359 56 2996 57 2999 
9360 1554 1566 1551 3080 
9361 1626 1614 1627 3065 
9362 1622 1610 1623 3065 
9363 290 307 305 3007 
9364 1250 1294 1249 3042 
9365 2764 2722 2723 3097 
9366 2927 21 2926 3059 
9367 2572 2585 2584 3077 
9368 855 814 856 3101 
9369 2697 2684 2685 3131 
9370 2181 2140 2182 3087 
9371 803 847 844 3098 
9372 2177 2178 2222 3129 
9373 2751 2752 2796 3118 
9374 2747 3086 2704 3097 
9375 614 629 611 3126 
9376 2552 2536 2537 3115 
9377 2525 2528 2572 3119 
9378 2262 2304 2259 3127 
9379 1928 1931 1946 3059 
9380 1350 1305 1306 3042 
9381 811 799 814 3101 
9382 1610 1611 1623 3065 
9383 2708 2723 2722 3097 
9384 1022 1037 1064 3108 
9385 2127 2084 2128 3087 
9386 2131 2088 2132 3087 
9387 818 831 859 3076 
9388 262 277 274 3125 
9389 128 2864 134 3123 
9390 442 399 416 3104 
9391 2233 2234 2281 3129 
9392 2592 2593 2608 3115 
9393 2652 2649 2608 3025 
9394 2852 2808 2809 3118 
9395 2813 2856 2812 3118 
9396 143 141 142 3093 
9397 1164 2 583 3016 
9398 2521 2568 2565 3119 
9399 2525 2572 2569 3119 
9400 945 904 919 3107 
9401 2696 2684 2697 3131 
9402 1150 1166 1147 3023 
9403 964 979 976 3108 
9404 421 463 420 419 
9405 2206 2191 2209 3095 
9406 2084 2085 2128 3087 
9407 919 904 907 3107 
9408 2585 2572 2573 3077 
9409 1820 1823 1864 3043 
9410 1350 1365 1362 3139 
9411 486 533 530 3110 
9412 1820 1864 1861 3043 
9413 2880 2839 2881 3109 
9414 2808 3054 2795 3118 
9415 2628 2641 2640 3131 
9416 2624 2637 2636 3131 
9417 1286 1242 1289 3061 
9418 2607 2592 2608 3115 
9419 2449 3031 2462 3062 
9420 2280 2233 2281 3129 
9421 2524 2568 2521 3119 
9422 1242 1245 1289 3061 
9423 1022 1025 1037 3108 
9424 928 931 975 3092 
9425 2837 2863 2820 3030 
9426 2620 2621 2633 3051 
9427 2855 2812 2856 3118 
9428 2620 2633 2632 3051 
9429 1361 1346 1349 3105 
9430 8 2998 9 3026 
9431 911 912 924 3052 
9432 740 3068 754 3130 
9433 2532 2548 2547 3115 
9434 2551 2536 2552 3115 
9435 2222 2221 2177 3129 
9436 2173 2218 2217 3129 
9437 99 100 103 3109 
9438 1943 1940 1925 3059 
9439 220 178 221 3055 
9440 2316 3127 2317 3128 
9441 459 506 455 3060 
9442 879 835 838 3084 
9443 719 762 3035 3066 
9444 2624 2625 2637 3131 
9445 1667 1682 1679 3065 
9446 370 3007 371 3110 
9447 928 975 972 3092 
9448 968 924 971 3092 
9449 2039 2053 2052 2054 
9450 394 379 382 3096 
9451 2500 2905 2541 3031 
9452 343 302 2977 3008 
9453 394 391 379 3096 
9454 1778 1791 1790 3114 
9455 1400 1415 1442 3105 
9456 429 471 426 3110 
9457 923 911 924 3052 
9458 143 142 144 3093 
9459 736 739 753 3130 
9460 533 486 489 3110 
9461 1521 1534 1533 3112 
9462 823 782 826 3084 
9463 178 179 221 3055 
9464 508 509 550 3126 
9465 1845 1857 1844 3103 
9466 2533 2548 2532 3115 
9467 1480 1467 1481 3112 
9468 2844 2885 2843 3109 
9469 2364 2367 2381 3033 
9470 2174 2218 2173 3129 
9471 1253 1268 1250 3042 
9472 584 582 580 3016 
9473 2748 2776 2735 3054 
9474 2735 2736 2748 3054 
9475 1640 1599 1642 1643 
9476 2409 3062 2397 3128 
9477 1912 1900 1913 3103 
9478 1844 1857 1856 3103 
9479 637 3041 639 3067 
9480 1010 1055 1053 3013 
9481 2611 2652 2608 3025 
9482 2719 2763 2760 3097 
9483 1614 1626 1611 3065 
9484 2414 2413 2372 3128 
9485 1649 1691 1690 3072 
9486 1467 1468 1481 3112 
9487 1901 1913 1900 3103 
9488 2487 2529 2528 3077 
9489 16 3015 29 3053 
9490 403 416 399 3104 
9491 1667 1670 1682 3065 
9492 666 654 667 3126 
9493 522 520 505 2988 
9494 2739 2740 3118 3131 
9495 508 550 549 3126 
9496 407 406 405 419 
9497 1778 1779 1791 3114 
9498 2381 2378 2364 3033 
9499 2049 2064 2046 3057 
9500 2102 2119 2116 3057 
9501 171 189 187 2993 
9502 1534 1521 1522 3112 
9503 1594 1593 1578 3133 
9504 2373 2360 2361 3128 
9505 1346 1361 1358 3105 
9506 2057 2060 2101 3057 
9507 1887 1884 1869 3059 
9508 2214 3078 2226 3089 
9509 1480 1464 1467 3139 
9510 2487 2488 2529 3077 
9511 839 840 884 843 
9512 2885 2884 2843 3109 
9513 426 471 468 3110 
9514 506 502 455 3060 
9515 2055 2037 2040 3140 
9516 1080 1079 1063 3108 
9517 1345 1357 1342 3105 
9518 655 667 654 3126 
9519 201 204 216 3123 
9520 485 467 486 3110 
9521 1306 1353 1350 3042 
9522 1973 2017 1972 3063 
9523 1691 1649 1650 3072 
9524 898 883 900 3098 
9525 1623 1611 1626 3065 
9526 1268 1294 1250 3042 
9527 49 897 3071 3098 
9528 2072 2028 2073 3063 
9529 2611 2653 2652 3025 
9530 2016 1972 2017 3063 
9531 1403 1415 1400 3105 
9532 2036 1995 2037 3140 
9533 441 438 395 3104 
9534 2540 2541 2994 3031 
9535 2406 2393 2394 3062 
9536 2405 2393 2406 3062 
9537 798 3094 3068 3101 
9538 2372 2357 2360 3128 
9539 2029 2073 2028 3063 
9540 460 458 417 2988 
9541 163 143 166 3093 
9542 2701 3056 2704 3086 
9543 1064 1080 1063 3108 
9544 1579 1594 1578 3133 
9545 10 56 57 3057 
9546 856 815 859 3076 
9547 859 815 818 3076 
9548 1342 1357 1354 3105 
9549 472 490 471 3110 
9550 468 486 467 3110 
9551 1455 1438 1441 3018 
9552 944 900 903 3071 
9553 111 110 112 3109 
9554 441 395 398 3104 
9555 1622 1667 1666 3065 
9556 860 3094 863 3107 
9557 2722 2763 2719 3097 
9558 802 844 842 3098 
9559 2102 2105 2119 3057 
9560 1787 1743 1761 3111 
9561 1774 1759 1775 3064 
9562 1226 1225 3016 3022 
9563 111 109 110 3109 
9564 1996 1997 1998 1981 
9565 1306 1309 1353 3042 
9566 2340 3062 2337 3079 
9567 1674 1675 1719 3064 
9568 1302 1346 1301 3105 
9569 1760 1775 1759 3064 
9570 736 753 750 3130 
9571 490 489 471 3110 
9572 1626 1627 1671 3065 
9573 1623 1667 1622 3065 
9574 2226 3078 2273 3089 
9575 1719 1718 1674 3064 
9576 2871 2856 2859 3075 
9577 1455 1452 1438 3018 
9578 2360 2320 2361 3128 
9579 2088 2131 2085 3087 
9580 2999 3057 56 3095 
9581 1000 997 956 3071 
9582 1869 1828 3059 3081 
9583 1460 1459 1415 3105 
9584 2112 2153 2150 3095 
9585 1762 3081 1761 3111 
9586 1346 1345 1301 3105 
9587 2181 2166 2140 3087 
9588 1995 1996 2037 3140 
9589 1887 1869 1872 3059 
9590 1053 1055 1071 3013 
9591 1735 1734 1722 3114 
9592 1272 1254 1257 3132 
9593 2046 2064 2061 3057 
9594 1742 1730 1743 3111 
9595 1626 1671 1670 3065 
9596 119 151 3091 3123 
9597 908 923 920 3052 
9598 1416 1460 1415 3105 
9599 923 908 911 3052 
9600 462 463 481 461 
9601 2055 2040 2058 3140 
9602 614 565 568 3126 
9603 1723 1735 1722 3114 
9604 1306 1305 1293 3042 
9605 2057 2101 2098 3057 
9606 1786 3081 1798 3136 
9607 1686 1730 1683 3136 
9608 956 959 1000 3071 
9609 192 205 234 2993 
9610 192 193 205 2993 
9611 2588 2585 2573 3077 
9612 1471 1484 1468 3112 
9613 189 192 234 2993 
9614 89 166 143 3093 
9615 2859 2816 3030 3086 
9616 296 311 295 3007 
9617 1599 1601 1602 1584 
9618 1147 1108 1150 3023 
9619 1294 1306 1293 3042 
9620 2667 3025 2668 3097 
9621 2364 2378 2363 3033 
9622 2128 2085 2131 3087 
9623 2165 2127 2166 3087 
9624 1329 1334 1375 3014 
9625 2169 3089 2195 3095 
9626 581 3013 580 3016 
9627 189 231 187 2993 
9628 611 565 614 3126 
9629 2325 2324 2310 3099 
9630 305 348 346 3007 
9631 2732 2773 3021 3054 
9632 90 2872 2875 3093 
9633 1809 2928 1834 3045 
9634 1980 1939 1981 3140 
9635 1112 1150 1108 3023 
9636 295 311 310 3007 
9637 136 141 135 3075 
9638 1705 1687 1690 3111 
9639 1943 1925 1928 3059 
9640 1018 1001 1021 3108 
9641 1393 1391 1375 3014 
9642 2173 2170 3050 3078 
9643 900 944 941 3071 
9644 2410 3031 2409 3128 
9645 310 292 295 3007 
9646 2856 2871 2868 3075 
9647 1730 1731 1743 3111 
9648 1705 1706 1747 3111 
9649 2696 2693 2681 3131 
9650 1746 1761 1743 3111 
9651 2386 2427 2385 3088 
9652 2238 2285 2237 3079 
9653 2237 2285 2284 3079 
9654 884 899 881 880 
9655 888 844 847 3098 
9656 1313 1272 1314 3132 
9657 994 2 953 3071 
9658 855 852 811 3101 
9659 2128 2166 2127 3087 
9660 2132 2141 2131 3087 
9661 352 367 351 3007 
9662 367 366 351 3007 
9663 49 882 897 3098 
9664 814 855 811 3101 
9665 2441 2483 2440 3088 
9666 2516 2517 2561 3027 
9667 217 175 3055 3123 
9668 2144 2135 3010 3087 
9669 1940 1981 1939 3140 
9670 2449 2452 3031 3062 
9671 2918 2113 2099 2990 
9672 912 868 3076 3101 
9673 1522 1537 1534 3112 
9674 1328 1325 1310 3132 
9675 2491 2532 2488 3077 
9676 281 282 3008 3055 
9677 740 699 3068 3130 
9678 2848 2833 2834 3091 
9679 624 576 578 3041 
9680 1386 1433 1428 3014 
9681 90 144 2872 3093 
9682 1481 1468 1484 3112 
9683 1021 1001 1004 3108 
9684 979 1025 976 3108 
9685 2588 2573 2547 3077 
9686 1254 1272 1269 3132 
9687 2843 2884 2840 3109 
9688 698 699 3130 3137 
9689 1691 1709 1706 3072 
9690 630 615 3070 3090 
9691 1667 1623 1670 3065 
9692 120 118 2888 3091 
9693 1449 1433 1435 3134 
9694 2206 2209 3089 3095 
9695 2848 2847 2833 3091 
9696 2739 2751 3054 3118 
9697 1623 1626 1670 3065 
9698 2141 2140 2131 3087 
9699 542 591 541 3039 
9700 1310 1309 1268 3132 
9701 25 2897 28 2995 
9702 494 497 512 3090 
9703 2440 2483 2482 3088 
9704 120 2888 2889 3091 
9705 1329 1375 1370 3014 
9706 590 541 591 3039 
9707 1473 1459 1460 3080 
9708 1386 1391 1433 3014 
9709 1739 1786 1783 3136 
9710 486 468 489 3110 
9711 1638 1641 1656 3072 
9712 351 366 348 3007 
9713 489 468 471 3110 
9714 134 2867 136 3075 
9715 1727 1683 1730 3136 
9716 838 835 823 3084 
9717 167 166 89 3093 
9718 2426 2385 2427 3088 
9719 1022 976 1025 3108 
9720 49 733 747 3036 
9721 1407 1358 1361 3105 
9722 2799 2752 2755 3118 
9723 136 142 141 3075 
9724 1746 1705 1747 3111 
9725 695 3130 3067 3137 
9726 1738 1726 1739 3136 
9727 3052 3035 3094 3101 
9728 505 458 478 2988 
9729 189 234 231 2993 
9730 554 513 557 3060 
9731 2628 2640 2625 3131 
9732 1525 1537 1522 3112 
9733 844 888 885 3098 
9734 2281 3079 2293 3129 
9735 2532 2529 2488 3077 
9736 2262 2307 2304 3127 
9737 375 374 330 3125 
9738 2604 2589 2607 3115 
9739 1687 1705 1731 3111 
9740 1791 1779 1794 3114 
9741 2528 2573 2572 3077 
9742 1473 1499 1459 3080 
9743 10 2097 56 3057 
9744 2684 2696 2681 3131 
9745 1354 1403 1400 3105 
9746 1358 1407 1404 3105 
9747 1381 1384 3018 3022 
9748 1294 1268 1309 3042 
9749 838 823 826 3084 
9750 718 706 3121 3135 
9751 1294 1309 1306 3042 
9752 747 748 789 3130 
9753 2680 2636 2681 3131 
9754 408 3007 411 3110 
9755 1384 3022 1341 3105 
9756 1268 1269 1310 3132 
9757 1635 1653 1650 3072 
9758 1594 1638 1635 3133 
9759 136 2867 2868 3075 
9760 2277 2230 2280 3129 
9761 954 997 995 3071 
9762 1328 1310 1313 3132 
9763 1108 1095 1066 3023 
9764 1354 1357 1403 3105 
9765 1635 1638 1653 3072 
9766 1521 1480 1522 3112 
9767 2528 2529 2573 3077 
9768 1706 3045 1747 3111 
9769 1712 1694 1697 3072 
9770 586 3041 587 3137 
9771 1161 1146 1147 3023 
9772 1584 1586 1558 1543 
9773 1883 1868 3059 3081 
9774 104 110 109 3109 
9775 92 90 2875 3093 
9776 498 450 451 3090 
9777 939 898 941 3071 
9778 1726 1727 1739 3136 
9779 1495 1455 1496 3080 
9780 370 411 3007 3110 
9781 292 307 290 3007 
9782 2799 2800 2813 3118 
9783 2258 3079 2241 3127 
9784 162 3055 178 3075 
9785 1901 1856 1857 3103 
9786 1900 1856 1901 3103 
9787 330 331 375 3125 
9788 1738 1723 1726 3114 
9789 78 2933 2934 3072 
9790 1522 1480 1481 3112 
9791 1739 1742 1786 3136 
9792 2016 2017 2029 3063 
9793 2028 2016 2029 3063 
9794 348 363 346 3007 
9795 2641 2685 2640 3131 
9796 2637 2681 2636 3131 
9797 1496 1455 1456 3080 
9798 1794 1779 1782 3114 
9799 614 568 615 3090 
9800 2625 2640 2637 3131 
9801 2809 2855 2852 3118 
9802 498 497 450 3090 
9803 146 192 173 2993 
9804 896 899 940 895 
9805 951 992 950 3124 
9806 1607 3065 1619 3106 
9807 1226 3016 1182 3122 
9808 1928 1925 1884 3059 
9809 557 513 516 3060 
9810 2144 3010 2141 3087 
9811 1510 1551 1509 3080 
9812 1555 1513 1514 3080 
9813 2752 2799 2796 3118 
9814 1433 1448 1428 3134 
9815 2547 2589 2588 3115 
9816 1538 1541 1582 3133 
9817 2551 2533 2536 3115 
9818 2667 2664 3025 3097 
9819 615 568 569 3090 
9820 2663 2648 3025 3056 
9821 2607 2589 2592 3115 
9822 10 2056 2097 3057 
9823 1555 1554 1513 3080 
9824 1940 1982 1942 1941 
9825 100 2880 104 3109 
9826 1709 1691 1694 3072 
9827 1221 1262 1220 3022 
9828 147 193 146 2993 
9829 173 189 171 2993 
9830 1538 1582 1579 3133 
9831 810 3094 798 3101 
9832 193 192 146 2993 
9833 1170 3016 1127 3122 
9834 2177 2221 2174 3129 
9835 2640 2685 2684 3131 
9836 1501 477 1504 1505 
9837 366 363 348 3007 
9838 2809 2808 2795 3118 
9839 2799 2813 2812 3118 
9840 292 310 307 3007 
9841 1759 1718 1760 3064 
9842 2166 2128 2140 3087 
9843 1719 1760 1718 3064 
9844 1333 1374 1332 3022 
9845 1778 1734 1779 3114 
9846 2140 2128 2131 3087 
9847 1887 1890 1931 3059 
9848 1738 1735 1723 3114 
9849 2230 2233 2280 3129 
9850 92 91 90 3093 
9851 2061 2064 2105 3057 
9852 525 524 480 523 
9853 323 277 278 3125 
9854 2548 2589 2547 3115 
9855 2551 2552 2593 3115 
9856 1366 1412 1365 3139 
9857 2840 2884 2881 3109 
9858 1161 1160 1146 3023 
9859 2102 2061 2105 3057 
9860 2840 2881 2839 3109 
9861 2616 2598 2601 3051 
9862 335 379 334 3125 
9863 505 478 522 2988 
9864 2409 3031 2452 3062 
9865 1055 1075 1071 3013 
9866 1735 1779 1734 3114 
9867 2672 2713 2669 3021 
9868 561 519 520 3041 
9869 1594 1597 1638 3133 
9870 1968 1969 3063 3103 
9871 2809 2812 2855 3118 
9872 2234 2221 2222 3129 
9873 2230 2217 2218 3129 
9874 2533 2551 2548 3115 
9875 2885 112 2884 3109 
9876 463 418 421 2988 
9877 2795 2796 2809 3118 
9878 2564 2517 2520 3027 
9879 418 460 417 2988 
9880 525 478 481 2988 
9881 1925 1940 1942 1941 
9882 378 334 379 3125 
9883 1001 3071 960 3107 
9884 1050 1006 1007 3124 
9885 1412 1411 1365 3139 
9886 282 285 3008 3055 
9887 1095 1108 1107 3023 
9888 607 651 606 3121 
9889 1428 1448 1472 3134 
9890 1545 1501 1546 1543 
9891 1753 1712 2931 3045 
9892 2551 2593 2592 3115 
9893 173 192 189 2993 
9894 1489 477 473 1491 
9895 1499 1456 1459 3080 
9896 882 49 841 3098 
9897 110 2884 112 3109 
9898 322 277 323 3125 
9899 273 319 318 3125 
9900 2218 2174 2221 3129 
9901 151 2993 150 3091 
9902 1012 1055 1010 3013 
9903 706 662 707 3121 
9904 526 3039 538 3041 
9905 650 606 651 3121 
9906 464 421 422 2988 
9907 1059 1075 1055 3013 
9908 2751 2795 3054 3118 
9909 1484 1525 1481 3112 
9910 2314 3089 3078 3099 
9911 307 310 351 3007 
9912 525 481 526 2988 
9913 1522 1481 1525 3112 
9914 311 352 310 3007 
9915 463 421 464 2988 
9916 104 103 100 3109 
9917 740 754 739 3130 
9918 663 707 662 3121 
9919 482 526 481 2988 
9920 1869 3059 1868 3081 
9921 2234 2233 2221 3129 
9922 980 3092 1026 3108 
9923 1375 1391 1370 3014 
9924 2573 2529 2547 3077 
9925 955 936 937 940 
9926 2532 2547 2529 3077 
9927 351 310 352 3007 
9928 944 959 941 3071 
9929 273 274 319 3125 
9930 1541 1544 1585 3133 
9931 2004 2005 3057 3058 
9932 2722 2764 2763 3097 
9933 1928 1884 1887 3059 
9934 1385 1428 1427 3014 
9935 2701 2700 3056 3086 
9936 1419 1464 1463 3139 
9937 1370 1391 1386 3014 
9938 1551 1510 1554 3080 
9939 2556 2541 2904 2994 
9940 1872 1890 1887 3059 
9941 1385 1386 1428 3014 
9942 1408 1407 1361 3139 
9943 1496 1456 1499 3080 
9944 1600 1641 1597 3133 
9945 2871 142 2868 3075 
9946 1034 1049 1046 3024 
9947 2657 2613 2616 3051 
9948 63 3016 3022 3061 
9949 136 2868 142 3075 
9950 941 959 956 3071 
9951 522 478 525 2988 
9952 2864 2892 3118 3123 
9953 326 3008 338 3096 
9954 2788 2830 2991 3091 
9955 143 144 89 3093 
9956 1037 1038 3044 3108 
9957 2483 3088 2486 3119 
9958 1408 1361 1362 3139 
9959 2437 2482 2479 3088 
9960 536 524 537 564 
9961 1943 1928 1946 3059 
9962 200 154 201 3123 
9963 2306 2324 248 3099 
9964 56 2111 2149 3095 
9965 1419 1420 1464 3139 
9966 1424 1468 1423 3139 
9967 2658 3021 2657 3051 
9968 753 739 754 3130 
9969 2150 2153 2194 3095 
9970 89 144 90 3093 
9971 125 126 127 3123 
9972 1554 1510 1513 3080 
9973 57 56 6 2996 
9974 418 463 460 2988 
9975 1506 1550 1547 3106 
9976 1995 1980 1996 3140 
9977 1606 1603 1559 3106 
9978 1467 1423 1468 3139 
9979 2182 2141 3010 3087 
9980 1743 1731 1746 3111 
9981 950 992 991 3124 
9982 2110 2990 2113 3010 
9983 1473 1514 1499 3080 
9984 56 2263 2305 3099 
9985 1731 1705 1746 3111 
9986 128 127 126 3123 
9987 2151 2916 2192 3010 
9988 1926 1927 1925 1884 
9989 955 996 952 951 
9990 2173 2217 3078 3129 
9991 2881 2884 110 3109 
9992 2889 2847 2848 3091 
9993 2847 2889 2888 3091 
9994 155 201 154 3123 
9995 158 159 175 3123 
9996 1313 1269 1272 3132 
9997 1499 1514 1513 3080 
9998 1509 1495 1510 3080 
9999 1269 1313 1310 3132 
10000 2637 2684 2681 3131 
10001 1562 1606 1559 3106 
10002 2929 1809 1768 3045 
10003 2637 2640 2684 3131 
10004 14 3041 636 3067 
10005 1779 1735 1782 3114 
10006 537 586 536 564 
10007 2385 2426 2382 3088 
10008 2892 3091 2851 3118 
10009 1782 1735 1738 3114 
10010 1980 1981 1996 3140 
10011 1747 3045 1762 3111 
10012 2247 2252 2268 3099 
10013 991 947 950 3024 
10014 1049 1034 1006 3024 
10015 2946 1278 1263 3019 
10016 1691 1650 1694 3072 
10017 2482 2437 2440 3088 
10018 1202 1207 3019 3023 
10019 1496 1510 1495 3080 
10020 204 158 175 3123 
10021 578 3041 586 3137 
10022 2311 2325 2310 3099 
10023 361 402 360 3007 
10024 3003 3036 3035 3068 
10025 1730 1742 1727 3136 
10026 2697 2685 3056 3131 
10027 1739 1727 1742 3136 
10028 463 481 460 2988 
10029 2310 2324 2306 3099 
10030 348 305 307 3007 
10031 1815 1774 3064 3073 
10032 348 307 351 3007 
10033 490 534 3110 3126 
10034 2136 2135 2990 3010 
10035 458 460 478 2988 
10036 888 3098 860 3107 
10037 894 3084 879 3120 
10038 1066 1072 3023 3124 
10039 988 947 991 3024 
10040 992 996 993 1011 
10041 1392 1394 1436 1395 
10042 2492 3077 2462 3115 
10043 2788 3054 2791 3091 
10044 2414 3031 2413 3128 
10045 762 3066 765 3076 
10046 1067 1066 1051 1070 
10047 1189 3061 1233 3122 
10048 2441 2426 2427 3088 
10049 2914 22 2913 3127 
10050 2413 3031 2410 3128 
10051 2136 2990 2110 3010 
10052 583 2 582 3016 
10053 464 482 463 2988 
10054 2556 2903 2597 3025 
10055 2382 2426 2423 3088 
10056 482 481 463 2988 
10057 580 3013 1115 3016 
10058 1147 1107 1108 3023 
10059 670 3066 667 3126 
10060 2513 2525 2512 3119 
10061 2373 2372 2360 3128 
10062 306 302 2978 2977 
10063 2743 3086 2755 3118 
10064 1650 1653 1694 3072 
10065 1069 581 1068 3013 
10066 2581 2580 2568 3119 
10067 2525 2524 2512 3119 
10068 2629 3056 2641 3131 
10069 1674 1662 3064 3100 
10070 1362 1365 1411 3139 
10071 1884 1885 1886 1869 
10072 1450 473 1434 1451 
10073 1579 1597 1594 3133 
10074 2812 2796 2799 3118 
10075 2569 2581 2568 3119 
10076 2826 2991 2829 3109 
10077 2150 2194 2191 3095 
10078 2548 2592 2589 3115 
10079 1182 3016 1170 3122 
10080 2812 2809 2796 3118 
10081 2548 2551 2592 3115 
10082 375 331 378 3125 
10083 1054 1007 1008 1011 
10084 903 3098 888 3107 
10085 1076 1075 1059 3013 
10086 718 719 3035 3121 
10087 2426 2441 2440 3088 
10088 1059 1055 1012 3013 
10089 1379 1394 1376 1380 
10090 2948 2949 70 3019 
10091 586 627 585 579 
10092 1018 1000 1001 3013 
10093 2204 3010 2207 3127 
10094 1060 1076 1059 3013 
10095 2977 347 343 2976 
10096 1012 1017 1059 3013 
10097 2830 2829 2991 3109 
10098 916 928 915 3092 
10099 104 2881 110 3109 
10100 1018 1017 1000 3013 
10101 481 478 460 2988 
10102 2036 3040 1995 3140 
10103 983 971 984 3092 
10104 1449 1448 1433 3134 
10105 2317 3127 2320 3128 
10106 2077 2990 2089 3087 
10107 928 927 915 3092 
10108 2389 3038 2348 3062 
10109 2218 2233 2230 3129 
10110 1499 1513 1496 3080 
10111 2704 3086 3056 3097 
10112 56 3089 2999 3095 
10113 2218 2221 2233 3129 
10114 2201 3010 2204 3127 
10115 971 972 984 3092 
10116 1510 1496 1513 3080 
10117 1207 2948 1222 3019 
10118 244 290 288 3007 
10119 1787 1761 3081 3111 
10120 1130 1131 1174 3122 
10121 25 28 27 2995 
10122 1582 1597 1579 3133 
10123 1464 1420 1467 3139 
10124 40 2910 2911 3128 
10125 99 171 94 3109 
10126 789 802 788 3098 
10127 2999 3000 3050 3078 
10128 63 1205 1220 3016 
10129 1362 1411 1408 3139 
10130 1229 1185 1230 3122 
10131 1041 3020 1087 3044 
10132 1130 1174 1173 3122 
10133 2925 2926 21 3059 
10134 1437 1395 1438 3018 
10135 2234 2222 3079 3129 
10136 438 451 3096 3104 
10137 1335 1336 1379 1337 
10138 2851 3091 2808 3118 
10139 2632 3021 2658 3051 
10140 2247 3089 2252 3099 
10141 3033 3078 2329 3088 
10142 322 274 277 3125 
10143 1186 1230 1185 3122 
10144 2778 2779 3030 3097 
10145 1109 1148 1147 1149 
10146 334 378 331 3125 
10147 1525 1538 1537 3134 
10148 2162 3050 2165 3129 
10149 330 318 331 3125 
10150 803 844 802 3098 
10151 1107 1147 1146 3023 
10152 1412 1424 1411 3139 
10153 702 703 3068 3135 
10154 885 900 883 3098 
10155 1420 1423 1467 3139 
10156 2340 2341 3062 3079 
10157 1830 1870 1829 1828 
10158 3008 3096 3015 3104 
10159 683 699 698 3137 
10160 1193 3061 3044 3085 
10161 2348 3038 2349 3062 
10162 1070 1067 1066 1111 
10163 2778 3030 2804 3097 
10164 229 244 241 2993 
10165 1615 3065 1571 3113 
10166 53 2724 2765 3021 
10167 1320 1321 1336 1322 
10168 626 641 640 642 
10169 128 134 133 3123 
10170 1550 1562 1547 3106 
10171 1386 1385 1369 3014 
10172 1370 1386 1369 3014 
10173 883 842 885 3098 
10174 1148 1162 1161 1163 
10175 1420 1419 1407 3139 
10176 1424 1423 1411 3139 
10177 1205 1206 1221 3016 
10178 1525 1526 1538 3134 
10179 49 3071 3011 3098 
10180 2251 2207 2192 3010 
10181 1374 1380 3018 3022 
10182 627 599 643 3137 
10183 323 335 322 3125 
10184 318 319 331 3125 
10185 699 683 684 3137 
10186 104 2880 2881 3109 
10187 2943 67 2942 3014 
10188 3002 2995 3056 3086 
10189 274 322 319 3125 
10190 2234 3079 2281 3129 
10191 624 3041 578 3137 
10192 1653 1656 1697 3072 
10193 587 3039 590 3135 
10194 2996 3038 3000 3078 
10195 1547 1562 1559 3106 
10196 2727 2710 2713 3021 
10197 1034 988 1006 3024 
10198 1831 3045 3059 3081 
10199 1420 1407 1408 3139 
10200 2876 2837 2893 3030 
10201 2247 2268 2264 3099 
10202 2825 2839 2822 3109 
10203 642 627 643 3137 
10204 678 636 637 3067 
10205 1634 3113 1593 3133 
10206 1829 1804 1805 1803 
10207 28 3025 2994 3056 
10208 48 3011 3004 3035 
10209 172 2982 188 3093 
10210 3035 3068 3036 3094 
10211 1485 1484 1471 3134 
10212 89 90 91 3093 
10213 334 322 335 3125 
10214 650 651 663 3121 
10215 662 650 663 3121 
10216 1006 988 991 3024 
10217 788 49 747 3036 
10218 641 682 681 683 
10219 402 417 401 2988 
10220 2349 3038 2337 3062 
10221 201 155 204 3123 
10222 1396 1438 1395 3018 
10223 980 979 3052 3108 
10224 2900 2668 2653 3025 
10225 2470 2906 2500 3031 
10226 2930 1768 1753 3045 
10227 1638 1656 1653 3072 
10228 1143 1157 1142 3085 
10229 128 133 127 3123 
10230 2320 3127 2322 3128 
10231 1798 1823 3043 3081 
10232 1472 1485 1471 3134 
10233 900 941 898 3071 
10234 956 997 954 3071 
10235 1285 3022 1241 3061 
10236 2040 2037 1996 3140 
10237 1212 1197 1213 3085 
10238 1712 1709 1694 3072 
10239 1142 1157 1156 3085 
10240 1265 1264 1266 1280 
10241 162 3075 141 3093 
10242 1201 3019 1216 3085 
10243 44 45 67 2987 
10244 2641 3056 2685 3131 
10245 1197 1198 1213 3085 
10246 1203 1218 1217 1219 
10247 3002 3086 3056 3118 
10248 1165 583 584 3016 
10249 954 939 956 3071 
10250 1297 3022 1285 3061 
10251 1804 1762 1763 1764 
10252 2423 2440 2437 3088 
10253 1320 1279 1321 1322 
10254 758 3068 3035 3101 
10255 225 2980 240 3055 
10256 1888 3058 3049 3069 
10257 2423 2426 2440 3088 
10258 2859 3075 2856 3086 
10259 1163 1162 1161 1204 
10260 386 387 3110 3125 
10261 696 682 697 698 
10262 2816 2803 3030 3086 
10263 2999 3050 2170 3078 
10264 213 3123 265 3125 
10265 243 240 2980 2979 
10266 875 3048 872 3076 
10267 159 158 133 3123 
10268 155 154 125 3123 
10269 1225 1224 1223 1265 
10270 2804 3030 2803 3086 
10271 155 158 204 3123 
10272 1259 1258 1218 1260 
10273 3068 3135 3003 3137 
10274 2437 2479 2436 3027 
10275 834 821 3048 3076 
10276 2928 2929 78 3045 
10277 2760 2804 3086 3097 
10278 1381 3018 1380 3022 
10279 1762 1747 1763 1764 
10280 1984 1981 1940 3140 
10281 250 2374 6 3033 
10282 1345 1346 1358 3105 
10283 1748 1763 1747 1764 
10284 1384 1399 3018 3105 
10285 127 155 125 3123 
10286 1263 1222 2947 3019 
10287 2525 2569 2524 3119 
10288 2568 2524 2569 3119 
10289 1059 1017 1060 3013 
10290 1319 3014 1334 3132 
10291 1018 1060 1017 3013 
10292 1275 1274 1259 1273 
10293 1416 1415 1403 3105 
10294 1358 1357 1345 3105 
10295 27 28 40 2994 
10296 2974 2975 46 3104 
10297 493 3110 3096 3126 
10298 639 3041 624 3137 
10299 1590 1631 1589 3113 
10300 1404 1416 1403 3105 
10301 534 546 3110 3126 
10302 1928 1887 1931 3059 
10303 1411 1423 1408 3139 
10304 1408 1423 1420 3139 
10305 28 2995 3025 3056 
10306 875 834 3048 3076 
10307 1645 1687 1686 3113 
10308 2830 3091 2844 3109 
10309 1630 1589 1631 3113 
10310 2478 2436 2479 3027 
10311 1749 1747 1748 1706 
10312 1223 1208 1224 1225 
10313 972 927 928 3092 
10314 972 971 927 3092 
10315 1748 1707 1749 1706 
10316 2462 3062 3031 3115 
10317 1645 1646 1687 3113 
10318 1916 1904 3043 3103 
10319 1639 61 1598 3106 
10320 3068 3130 699 3137 
10321 56 2149 2190 3095 
10322 1208 1167 1180 1181 
10323 2996 3078 2999 3089 
10324 1275 1316 1274 1273 
10325 1709 3045 1706 3072 
10326 1707 1708 1706 1691 
10327 3067 3068 3003 3137 
10328 912 3052 911 3101 
10329 1708 1707 1692 1691 
10330 794 751 752 753 
10331 752 793 751 794 
10332 2461 3062 2462 3077 
10333 2475 2474 2432 3027 
10334 2552 3025 2593 3115 
10335 49 830 841 3098 
10336 1984 1940 1943 3140 
10337 2597 2902 2612 3025 
10338 23 3010 3000 3079 
10339 2052 2990 2051 3140 
10340 2333 2289 3038 3078 
10341 162 163 3055 3093 
10342 2509 2521 2508 3027 
10343 1075 1057 1074 1058 
10344 1692 1693 1691 1650 
10345 319 334 331 3125 
10346 1075 1059 1057 1058 
10347 1429 1430 1386 1387 
10348 1798 3043 1795 3136 
10349 1693 1692 1651 1650 
10350 2516 2504 2517 3027 
10351 793 806 792 794 
10352 1638 1597 1641 3133 
10353 1943 1946 1987 3140 
10354 1386 1428 1430 1429 
10355 322 334 319 3125 
10356 805 806 792 793 
10357 1582 1541 1585 3133 
10358 1073 1057 1074 1075 
10359 1015 1059 1016 1058 
10360 1016 1017 1059 1015 
10361 666 3066 710 3121 
10362 1429 1428 1446 1445 
10363 1430 1388 1386 1387 
10364 1388 1372 1370 1371 
10365 2116 3057 2119 3095 
10366 1428 1472 1446 1445 
10367 1635 1652 1651 1650 
10368 1600 1582 1585 3133 
10369 371 3110 3007 3125 
10370 1114 1113 1073 1115 
10371 3035 3003 3068 3135 
10372 1652 1651 1636 1635 
10373 804 847 806 805 
10374 2341 3062 3079 3127 
10375 804 846 847 805 
10376 1017 1016 999 998 
10377 1000 1017 999 998 
10378 2520 2508 2521 3027 
10379 1445 1472 1487 1486 
10380 1472 1485 1487 1486 
10381 2875 3030 2876 3093 
10382 1635 1594 1636 1637 
10383 846 847 888 845 
10384 1594 1595 1636 1637 
10385 958 957 1000 999 
10386 846 888 887 845 
10387 957 1000 959 958 
10388 1485 1528 1486 1527 
10389 1528 1485 1526 1527 
10390 2996 2999 56 3089 
10391 2377 2418 2374 3033 
10392 1057 1059 1015 1058 
10393 1579 1595 1594 1596 
10394 887 888 903 886 
10395 1579 1580 1595 1596 
10396 943 942 959 958 
10397 959 944 942 943 
10398 1540 1526 1539 1527 
10399 902 887 903 886 
10400 1538 1526 1539 1540 
10401 1538 1580 1579 1581 
10402 902 903 944 901 
10403 901 944 902 943 
10404 1538 1539 1580 1581 
10405 1446 1430 1428 1429 
10406 78 2929 2930 3045 
10407 582 2 1110 3016 
10408 1726 3114 1682 3136 
10409 2012 3026 1968 3063 
10410 2040 1996 1999 3140 
10411 1634 3072 1649 3113 
10412 2045 2000 2004 3057 
10413 2927 1875 1834 3059 
10414 630 3070 3046 3090 
10415 998 1017 1016 1015 
10416 1749 1748 1747 1764 
10417 1487 1446 1472 1445 
10418 587 538 3039 3041 
10419 2872 3030 2875 3093 
10420 770 3046 3083 3084 
10421 63 1332 1373 3022 
10422 2002 2043 1999 3140 
10423 999 957 1000 998 
10424 944 3071 903 3107 
10425 2127 3050 2084 3087 
10426 2779 2895 2821 3030 
10427 1487 1485 1528 1486 
10428 2949 1207 1166 3023 
10429 2907 2470 2429 3031 
10430 1707 1708 1749 1706 
10431 182 183 3055 3093 
10432 1001 3107 1004 3108 
10433 1924 1939 3040 3059 
10434 2607 3025 2648 3115 
10435 942 957 959 958 
10436 1526 1540 1528 1527 
10437 1693 1708 1692 1691 
10438 158 127 133 3123 
10439 639 3067 3041 3137 
10440 944 901 942 943 
10441 1525 1484 1526 3134 
10442 792 751 793 794 
10443 1539 1538 1540 1581 
10444 127 158 155 3123 
10445 950 951 3124 3141 
10446 549 550 565 3126 
10447 1037 3044 1083 3108 
10448 2368 2382 3033 3088 
10449 901 902 903 886 
10450 1652 1693 1651 1650 
10451 1580 1579 1581 1596 
10452 792 804 806 805 
10453 1437 1436 1394 1395 
10454 886 887 888 845 
10455 1635 1636 1652 1637 
10456 654 610 655 3126 
10457 1637 1594 1595 1596 
10458 845 846 847 804 
10459 565 598 549 3126 
10460 2205 2206 2247 3089 
10461 3065 3112 1530 3113 
10462 1051 1050 1066 1067 
10463 1334 1319 1378 3014 
10464 63 1373 3018 3022 
10465 655 610 611 3126 
10466 2487 2486 3077 3119 
10467 209 2993 197 3053 
10468 2864 3118 2867 3123 
10469 17 3034 2991 3091 
10470 2576 2602 3027 3051 
10471 1369 3014 1366 3132 
10472 1045 3020 1042 3092 
10473 1254 1253 3085 3132 
10474 1485 1526 1484 3134 
10475 2603 3056 2629 3077 
10476 2902 2903 28 3025 
10477 1138 3020 1152 3044 
10478 1110 581 582 3016 
10479 1087 3020 1099 3044 
10480 1394 1379 1395 1380 
10481 995 1010 994 3071 
10482 150 2993 147 3109 
10483 2310 2264 2268 3099 
10484 856 3076 868 3101 
10485 2898 2723 2709 3097 
10486 1072 1056 3024 3124 
10487 2898 2899 28 3097 
10488 2933 78 2932 3072 
10489 2325 3033 2324 3099 
10490 1173 1174 1186 3122 
10491 1185 1173 1186 3122 
10492 1929 10 1888 3058 
10493 670 3046 3066 3126 
10494 692 693 734 3067 
10495 2996 3089 56 3099 
10496 1041 1042 3020 3092 
10497 1380 1379 1336 1337 
10498 1148 1147 1108 1109 
10499 1274 1259 1273 1258 
10500 1712 3045 1709 3072 
10501 606 3121 650 3135 
10502 78 3032 2989 3045 
10503 681 682 697 696 
10504 702 658 703 3135 
10505 1996 1981 1999 3140 
10506 1404 1357 1358 3105 
10507 1403 1357 1404 3105 
10508 1778 1790 3064 3114 
10509 2263 56 2246 3099 
10510 217 266 3053 3055 
10511 1337 1336 1321 1322 
10512 1226 3022 3016 3122 
10513 1259 1258 1217 1218 
10514 1162 1161 1147 1148 
10515 2918 22 2917 3010 
10516 1225 1266 1224 1265 
10517 2788 2991 3021 3054 
10518 2947 2948 70 3019 
10519 2478 2433 2436 3027 
10520 67 2941 2942 3134 
10521 603 647 602 3135 
10522 1217 1202 1218 1203 
10523 1266 1281 1265 1280 
10524 659 703 658 3135 
10525 1262 1277 1261 3022 
10526 2024 3026 2012 3063 
10527 497 498 513 3090 
10528 734 748 733 3130 
10529 2056 10 2041 3057 
10530 2901 2653 2612 3025 
10531 1198 1156 1157 3085 
10532 1318 1333 1317 3022 
10533 1156 1198 1197 3085 
10534 553 569 568 3090 
10535 615 569 3070 3090 
10536 512 497 513 3090 
10537 647 646 602 3135 
10538 1134 3044 1177 3122 
10539 1505 1491 1506 3117 
10540 554 569 553 3090 
10541 22 2914 2915 3127 
10542 2119 3057 2999 3095 
10543 3034 3054 2991 3091 
10544 1763 1805 1804 1764 
10545 71 3060 2972 3104 
10546 587 3039 3135 3137 
10547 1529 3065 1555 3080 
10548 774 3076 815 3101 
10549 3003 3067 3036 3068 
10550 706 662 3121 3135 
10551 951 996 992 3124 
10552 2409 3031 3062 3128 
10553 2724 53 2710 3021 
10554 40 2909 2910 3128 
10555 346 361 345 3007 
10556 2837 2821 2894 3030 
10557 451 3090 450 3096 
10558 1054 1050 1007 3124 
10559 2931 78 2930 3045 
10560 1063 1021 1064 3108 
10561 1329 1334 3014 3132 
10562 951 955 996 3124 
10563 1654 1695 59 3100 
10564 1091 1088 3020 3085 
10565 2264 2310 2306 3099 
10566 2946 2945 1278 3019 
10567 964 976 963 3108 
10568 2433 2478 2475 3027 
10569 2603 3077 2588 3115 
10570 2697 3056 3118 3131 
10571 1022 1064 1021 3108 
10572 92 2876 102 3093 
10573 1718 3064 1759 3082 
10574 3036 3068 3067 3130 
10575 3004 3005 3003 3035 
10576 2921 21 2920 3140 
10577 1120 3044 1134 3122 
10578 2604 3056 2603 3115 
10579 1526 1541 1538 3134 
10580 1099 3020 1138 3044 
10581 1004 963 976 3108 
10582 2517 2505 2520 3027 
10583 1530 3037 1518 3112 
10584 1762 3045 3081 3111 
10585 1451 1437 1452 3117 
10586 2165 3050 2127 3087 
10587 622 637 621 3041 
10588 935 936 951 3141 
10589 908 3052 920 3107 
10590 2505 2508 2520 3027 
10591 1164 1165 1206 3016 
10592 2433 2475 2432 3027 
10593 576 560 561 3041 
10594 40 3031 2909 3128 
10595 438 3096 395 3104 
10596 1694 1653 1697 3072 
10597 1448 1488 1472 3134 
10598 2941 67 2940 3134 
10599 2668 3025 2900 3097 
10600 860 3098 3094 3107 
10601 2937 2938 67 3133 
10602 1999 1981 1984 3140 
10603 50 241 288 3007 
10604 2855 3075 2867 3118 
10605 2205 56 2190 3095 
10606 289 290 305 3007 
10607 1995 3040 1980 3140 
10608 1319 3019 3014 3132 
10609 1373 1374 1390 3018 
10610 2509 2478 2479 3027 
10611 1472 1488 1485 3134 
10612 38 2951 2952 3023 
10613 1678 1722 3064 3114 
10614 968 980 3052 3092 
10615 3052 3076 3035 3101 
10616 2517 2504 2505 3027 
10617 1695 3082 59 3100 
10618 1933 1889 1892 3058 
10619 939 941 956 3071 
10620 2991 3051 3021 3054 
10621 2931 2932 78 3045 
10622 1054 1007 1011 3124 
10623 63 3016 1220 3022 
10624 2958 2959 72 3084 
10625 1038 3092 3044 3108 
10626 1526 1502 1541 3134 
10627 1627 3065 1615 3113 
10628 1083 3044 1080 3108 
10629 1268 3042 1253 3132 
10630 842 844 885 3098 
10631 1492 1506 1491 3117 
10632 67 2942 3014 3134 
10633 1053 1069 1052 3013 
10634 1631 1646 1630 3113 
10635 1645 1630 1646 3113 
10636 666 667 3066 3126 
10637 994 1009 2 3071 
10638 1686 3111 1730 3136 
10639 71 2971 2972 3060 
10640 2509 2508 2478 3027 
10641 2844 3091 2885 3109 
10642 950 935 951 3141 
10643 1088 1100 3020 3085 
10644 28 2901 2902 3025 
10645 2654 2672 2669 3021 
10646 443 417 458 2988 
10647 2505 2504 2474 3027 
10648 3011 3012 3004 3052 
10649 2924 2925 21 3059 
10650 101 2983 172 3093 
10651 1848 1892 1874 3069 
10652 1986 1945 1989 3058 
10653 1874 1892 1889 3069 
10654 640 682 681 641 
10655 1948 1989 1945 3058 
10656 1054 1011 1056 3124 
10657 1100 1139 3020 3085 
10658 2414 2373 2909 3128 
10659 2181 2182 3079 3087 
10660 1766 1807 59 3073 
10661 1393 2942 1435 3014 
10662 1431 1447 61 3018 
10663 1635 3072 1634 3133 
10664 3084 3120 894 3141 
10665 2432 2433 3027 3033 
10666 187 168 171 2993 
10667 876 3048 835 3084 
10668 2855 2856 3075 3118 
10669 2939 2940 67 3134 
10670 1309 1353 3042 3132 
10671 504 505 520 2988 
10672 14 621 636 3041 
10673 1480 3112 1521 3139 
10674 1695 1710 59 3082 
10675 634 638 679 3074 
10676 2654 2669 53 3021 
10677 2992 3127 3062 3128 
10678 1221 1220 3016 3022 
10679 3036 3094 3068 3130 
10680 1805 1830 1804 1829 
10681 323 3096 335 3125 
10682 1929 1944 10 3058 
10683 2800 3086 2813 3118 
10684 3011 3004 3035 3052 
10685 598 565 611 3126 
10686 2363 2377 250 3033 
10687 611 610 598 3126 
10688 1529 3037 1530 3065 
10689 2512 2509 3088 3119 
10690 634 679 675 3074 
10691 900 903 3071 3098 
10692 677 678 693 3067 
10693 735 690 694 3083 
10694 1666 1678 3064 3065 
10695 1007 991 992 3124 
10696 2779 2764 2896 3097 
10697 815 3076 856 3101 
10698 2907 40 2906 3031 
10699 1933 1930 1889 3058 
10700 1276 1277 1318 3022 
10701 1332 63 1317 3022 
10702 171 99 94 95 
10703 35 2992 3009 3062 
10704 504 14 457 2988 
10705 2654 2657 3021 3051 
10706 1537 1578 3112 3133 
10707 1984 1943 1987 3140 
10708 733 3036 3067 3130 
10709 3040 3043 1880 3081 
10710 2492 2491 3077 3115 
10711 554 512 513 3090 
10712 304 305 346 3007 
10713 3025 3056 2995 3097 
10714 512 554 553 3090 
10715 3067 3130 3068 3137 
10716 2997 2989 3032 3043 
10717 2669 2710 53 3021 
10718 1600 1597 1582 3133 
10719 2040 1999 2043 3140 
10720 2967 2968 71 3070 
10721 1319 2945 3014 3019 
10722 28 3025 2995 3097 
10723 880 895 879 3120 
10724 70 2944 1378 3014 
10725 786 744 745 3083 
10726 2058 2043 2920 3140 
10727 229 184 187 2993 
10728 1940 1939 3059 3140 
10729 78 3045 2932 3072 
10730 70 2946 2947 3019 
10731 912 3076 915 3092 
10732 2002 1984 1987 3140 
10733 29 3053 3008 3055 
10734 2478 2508 2475 3027 
10735 731 690 735 3083 
10736 3002 3034 2995 3086 
10737 1452 3018 1492 3117 
10738 61 1583 1598 3106 
10739 70 2945 2946 3019 
10740 1980 3040 1939 3140 
10741 2928 1834 3045 3059 
10742 650 3121 662 3135 
10743 2979 46 2978 3008 
10744 3046 72 3083 3084 
10745 1013 1056 1011 3124 
10746 1004 3107 963 3108 
10747 2912 2322 2307 3127 
10748 683 642 684 3137 
10749 684 642 643 3137 
10750 1517 3037 1529 3080 
10751 1671 3065 1627 3113 
10752 2560 2542 2516 3027 
10753 187 171 168 169 
10754 459 3060 455 3104 
10755 2436 3027 2433 3033 
10756 2475 2508 2505 3027 
10757 2486 3088 3077 3119 
10758 827 839 826 3102 
10759 2513 3088 2483 3119 
10760 2540 3031 2994 3115 
10761 1261 63 1220 3022 
10762 2976 46 2975 3104 
10763 2918 2990 22 3010 
10764 2880 2835 2839 3109 
10765 733 3067 734 3130 
10766 587 3041 3039 3137 
10767 2918 2917 2113 3010 
10768 3054 3118 3056 3131 
10769 2921 2922 21 3140 
10770 2672 2670 2669 2713 
10771 879 3084 838 3120 
10772 2593 3025 2608 3115 
10773 591 590 3039 3135 
10774 1309 3042 1268 3132 
10775 2739 3118 3054 3131 
10776 1378 1377 1334 3014 
10777 991 1007 1006 3124 
10778 2607 2608 3025 3115 
10779 522 520 2988 3041 
10780 2713 2727 2711 2710 
10781 99 93 95 96 
10782 2414 2417 2909 2373 
10783 1485 1502 1526 3134 
10784 576 622 575 3041 
10785 719 3066 3035 3121 
10786 169 171 94 95 
10787 64 63 3017 3061 
10788 666 3121 654 3126 
10789 1848 1893 1892 3069 
10790 3033 2996 3078 3088 
10791 1546 1505 1547 3138 
10792 964 963 3107 3108 
10793 241 244 288 3007 
10794 244 2993 245 3007 
10795 1485 1488 1502 3134 
10796 1778 3064 1734 3114 
10797 641 640 625 626 
10798 3015 3096 3090 3104 
10799 1985 2000 10 3058 
10800 2900 2901 28 3025 
10801 895 894 879 3120 
10802 2938 2939 67 3134 
10803 2713 2670 2669 2711 
10804 526 525 2988 3041 
10805 1009 1010 1053 3013 
10806 14 519 560 3041 
10807 2654 2657 2655 2672 
10808 2900 2668 2671 2653 
10809 22 2916 2917 3010 
10810 1815 3064 3049 3073 
10811 14 575 621 3041 
10812 1449 1490 1448 3134 
10813 525 522 2988 3041 
10814 2521 2565 3027 3119 
10815 63 3022 3017 3061 
10816 2918 2113 2990 3010 
10817 2710 2727 2711 2725 
10818 2470 2473 2907 2429 
10819 1687 3111 1686 3113 
10820 1502 1503 1544 3134 
10821 2653 2656 2901 2612 
10822 1455 3018 1441 3080 
10823 1022 1021 1004 3108 
10824 976 1022 1004 3108 
10825 141 3075 142 3093 
10826 92 102 101 3093 
10827 529 530 3039 3110 
10828 1870 1871 1830 1829 
10829 2382 2423 3033 3088 
10830 3002 3034 3086 3118 
10831 2971 71 2970 3060 
10832 577 623 573 3070 
10833 185 187 168 169 
10834 2908 2414 2430 2417 
10835 3056 3086 2995 3097 
10836 2671 2656 2900 2653 
10837 623 619 573 3070 
10838 288 289 50 3007 
10839 2867 3075 134 3123 
10840 790 745 749 3102 
10841 1734 3064 1722 3114 
10842 2655 2670 2654 2672 
10843 2376 2909 2417 2373 
10844 1506 1547 1505 3138 
10845 2709 2712 2899 2668 
10846 2835 2880 2839 2836 
10847 59 1710 1751 3082 
10848 3064 3100 1662 3106 
10849 2532 3077 2491 3115 
10850 3068 3094 3035 3101 
10851 785 744 786 3083 
10852 2908 40 2907 3031 
10853 2000 3057 10 3058 
10854 505 457 458 2988 
10855 2612 2656 2901 2615 
10856 2475 2505 2474 3027 
10857 526 2988 529 3039 
10858 1384 3018 3022 3105 
10859 718 3121 3035 3135 
10860 1985 10 1944 3058 
10861 142 3075 2871 3093 
10862 839 838 826 3102 
10863 40 2908 2909 3031 
10864 1317 63 1276 3022 
10865 2598 2613 53 3051 
10866 762 3035 3066 3076 
10867 2581 2580 3119 3131 
10868 872 871 3076 3092 
10869 2668 2712 2899 2671 
10870 38 1014 2956 3024 
10871 2998 2990 3040 3063 
10872 2528 2487 3077 3119 
10873 14 560 575 3041 
10874 1934 1933 1892 3058 
10875 2668 2900 2899 3097 
10876 2978 2977 302 3008 
10877 2429 2473 2907 2430 
10878 2112 2097 2098 3095 
10879 2960 72 2959 3084 
10880 455 3060 454 3104 
10881 2969 71 2968 3070 
10882 2584 2572 3077 3119 
10883 265 3053 266 3125 
10884 2725 2724 2768 2766 
10885 2808 3091 3054 3118 
10886 3041 3067 3003 3137 
10887 2902 2597 2612 2615 
10888 3030 3086 2804 3097 
10889 924 3052 912 3092 
10890 2989 3059 3045 3081 
10891 1160 1146 3023 3085 
10892 2922 2923 21 3140 
10893 786 745 790 3102 
10894 2953 1072 1056 3024 
10895 2513 2512 3088 3119 
10896 1678 3065 1679 3114 
10897 2415 2432 2457 3033 
10898 1001 3071 3107 3108 
10899 63 1261 1276 3022 
10900 1261 1220 1262 3022 
10901 2509 2521 3027 3119 
10902 2616 2657 2614 2613 
10903 422 464 2988 3110 
10904 968 3052 924 3092 
10905 1738 3114 1726 3136 
10906 3025 3056 2648 3115 
10907 2207 3010 2251 3127 
10908 2978 46 2977 3008 
10909 1798 3081 3043 3136 
10910 3036 3098 3094 3130 
10911 2598 2616 2613 3051 
10912 2836 2835 2880 2878 
10913 2041 10 2000 3057 
10914 2906 2503 2470 2500 
10915 1393 1377 2943 3014 
10916 659 658 646 3135 
10917 659 646 647 3135 
10918 59 3082 3064 3100 
10919 2969 3060 71 3070 
10920 2324 249 248 3099 
10921 2597 2902 2600 2615 
10922 1509 3018 1495 3080 
10923 871 915 3076 3092 
10924 1931 2924 1946 3059 
10925 2788 2991 3054 3091 
10926 1361 3105 1349 3139 
10927 2835 2877 18 3109 
10928 2655 2614 2657 2613 
10929 3010 3079 2992 3127 
10930 1730 3111 1742 3136 
10931 402 404 2988 3007 
10932 1833 1808 1836 3073 
10933 2765 2768 2766 2783 
10934 636 3041 637 3067 
10935 38 2952 2953 3023 
10936 162 3055 3075 3093 
10937 2990 3010 2135 3087 
10938 2898 2726 2709 2723 
10939 3078 3089 2996 3099 
10940 2654 2613 2657 3051 
10941 633 675 674 3074 
10942 1808 1811 1836 3073 
10943 173 2993 171 3109 
10944 2462 3077 3062 3115 
10945 2173 3078 3050 3129 
10946 2897 2995 2896 3097 
10947 2997 2998 2989 3043 
10948 2938 67 3133 3134 
10949 573 619 572 3070 
10950 2859 3030 3075 3086 
10951 2414 2909 3031 3128 
10952 2906 2503 2473 2470 
10953 173 146 2993 3109 
10954 475 61 1447 3018 
10955 2726 2712 2898 2709 
10956 1795 3043 1794 3114 
10957 2906 2905 2500 3031 
10958 2919 2918 2099 2990 
10959 1412 3014 1424 3139 
10960 2916 22 2251 3010 
10961 843 827 829 3120 
10962 992 1011 1007 3124 
10963 2823 2825 2839 2822 
10964 1241 3061 3022 3122 
10965 2766 2781 2765 2783 
10966 2362 2322 2323 2911 
10967 2431 2432 2474 2457 
10968 3091 3118 2892 3123 
10969 146 147 2993 3109 
10970 2471 2504 2474 2472 
10971 1505 3117 1506 3138 
10972 1373 1332 1374 3022 
10973 1349 3042 1350 3139 
10974 1373 1374 3018 3022 
10975 1849 1893 1848 3069 
10976 2970 71 2969 3060 
10977 2952 1112 1072 3023 
10978 1638 3072 1635 3133 
10979 843 839 827 3120 
10980 2004 3057 2000 3058 
10981 996 1011 992 3124 
10982 884 899 880 3141 
10983 2994 3002 3056 3077 
10984 1933 1948 1930 3058 
10985 2528 3077 2572 3119 
10986 102 92 98 2876 
10987 1366 3014 1412 3139 
10988 2547 2588 3077 3115 
10989 2960 2961 72 3084 
10990 2601 2616 2599 2598 
10991 1682 1679 3065 3114 
10992 2337 3062 3038 3079 
10993 950 991 3024 3124 
10994 2416 2418 2432 2415 
10995 1809 2929 2928 3045 
10996 2912 2323 2307 2322 
10997 2479 2509 3027 3088 
10998 401 360 402 3007 
10999 2504 2471 2502 2472 
11000 2002 1999 1984 3140 
11001 2893 2876 3030 3093 
11002 1558 1603 1602 3116 
11003 2949 3019 1207 3023 
11004 2457 2474 2431 2472 
11005 2822 2839 2823 2836 
11006 2182 3010 3079 3087 
11007 899 895 880 3141 
11008 2544 2905 2541 2500 
11009 70 3014 2945 3019 
11010 2837 2876 2893 2879 
11011 1875 2926 1890 3059 
11012 16 3007 3015 3053 
11013 477 1491 1505 3117 
11014 1706 3072 3045 3111 
11015 2501 2504 2502 2516 
11016 1495 3018 1455 3080 
11017 3035 3039 3003 3135 
11018 1012 3013 1010 3071 
11019 477 1505 1501 3117 
11020 2599 2616 2614 2598 
11021 335 3096 379 3125 
11022 2474 2457 2432 3027 
11023 1892 1893 1934 3058 
11024 185 187 229 184 
11025 378 379 3096 3125 
11026 1848 1833 1836 3069 
11027 1502 1544 1541 3134 
11028 72 2961 2962 3084 
11029 3002 3056 3054 3118 
11030 955 951 936 3141 
11031 1930 1948 1945 3058 
11032 1490 1488 1448 3134 
11033 1435 2941 1449 3134 
11034 3013 3108 1079 3122 
11035 2502 2543 2501 2516 
11036 2995 3075 3030 3086 
11037 898 900 3071 3098 
11038 185 229 227 184 
11039 93 18 2877 3109 
11040 1940 3059 1943 3140 
11041 558 577 573 3060 
11042 583 582 584 3016 
11043 3033 3078 2996 3099 
11044 49 3011 3036 3098 
11045 3032 2989 3045 3081 
11046 417 443 401 2988 
11047 2432 2431 2416 2415 
11048 2905 2544 2503 2500 
11049 98 92 102 101 
11050 2989 3040 3059 3081 
11051 1770 1767 1752 3082 
11052 2654 3021 53 3051 
11053 93 94 18 3109 
11054 991 1006 3024 3124 
11055 2830 2991 3091 3109 
11056 1017 3013 1012 3071 
11057 1166 1150 2950 3023 
11058 1848 1874 1833 3069 
11059 2876 98 102 2879 
11060 2947 2946 1263 3019 
11061 2821 2837 2894 2838 
11062 1451 1434 1437 3117 
11063 1041 3020 3044 3092 
11064 3011 3094 3036 3098 
11065 2897 2764 2723 3097 
11066 1558 1559 1603 3116 
11067 1001 3013 1000 3071 
11068 506 521 502 3060 
11069 2323 2307 2309 2912 
11070 2375 2377 2418 2374 
11071 502 521 517 3060 
11072 675 694 690 3074 
11073 2879 2893 2837 2838 
11074 3039 3110 545 3121 
11075 38 2955 1014 3024 
11076 2945 70 1378 3014 
11077 288 290 289 3007 
11078 1152 3044 3020 3085 
11079 1770 1752 1755 3082 
11080 1538 3133 1537 3134 
11081 59 3073 3064 3082 
11082 2992 3079 3062 3127 
11083 560 519 561 3041 
11084 903 3071 3098 3107 
11085 1013 1011 996 3124 
11086 475 476 61 3018 
11087 513 498 3060 3090 
11088 675 679 694 3074 
11089 2151 2917 2916 3010 
11090 2783 2781 2780 2825 
11091 1017 1000 3013 3071 
11092 3000 3010 2990 3087 
11093 940 955 936 3141 
11094 197 3053 2993 3123 
11095 1697 2932 1712 3072 
11096 2532 2547 3077 3115 
11097 3038 3078 2289 3129 
11098 289 304 50 3007 
11099 401 50 360 3007 
11100 2504 2516 2501 3027 
11101 2654 53 2613 3051 
11102 1503 1488 1490 3134 
11103 3002 3054 3034 3118 
11104 1433 3014 1435 3134 
11105 1428 1427 3014 3134 
11106 749 745 731 3083 
11107 2894 2821 2838 2824 
11108 251 250 2363 2377 
11109 38 39 3024 3048 
11110 558 562 577 3060 
11111 1451 473 1434 3117 
11112 749 731 735 3083 
11113 618 572 619 3070 
11114 3052 3107 3011 3108 
11115 1968 3063 3026 3103 
11116 614 568 3090 3126 
11117 2375 2418 2416 2374 
11118 2432 3027 2457 3033 
11119 50 2993 241 3007 
11120 912 3076 3052 3101 
11121 2558 2560 2601 2557 
11122 1837 1811 1812 3073 
11123 1658 1643 1659 3100 
11124 2994 3062 3009 3077 
11125 2042 2057 2041 3057 
11126 2825 2781 2780 2823 
11127 1432 1434 473 3117 
11128 2821 2824 2895 2779 
11129 1634 3072 3113 3133 
11130 2559 2556 2541 2904 
11131 2713 2710 2669 3021 
11132 3019 3042 3014 3132 
11133 2558 2601 2599 2557 
11134 43 64 3017 3061 
11135 2945 1378 1319 3014 
11136 1221 1220 1205 3016 
11137 1407 3105 1361 3139 
11138 980 3052 3092 3108 
11139 802 842 830 3098 
11140 1599 1584 1602 3138 
11141 1433 1428 3014 3134 
11142 524 536 523 564 
11143 3039 3003 3135 3137 
11144 33 3053 29 3055 
11145 150 3091 2993 3109 
11146 2629 3077 3056 3131 
11147 1931 1890 2925 3059 
11148 1432 473 474 3117 
11149 251 250 2377 2375 
11150 1480 1467 3112 3139 
11151 2541 2559 2904 2544 
11152 1491 1451 1492 3117 
11153 951 955 3124 3141 
11154 1602 1584 1558 3138 
11155 2782 2895 2824 2779 
11156 29 3015 3008 3053 
11157 1018 3013 1001 3108 
11158 638 634 619 3070 
11159 3001 3112 3065 3113 
11160 1207 2949 2948 3019 
11161 2916 2251 2192 3010 
11162 3053 3055 266 3125 
11163 3083 3084 2962 3102 
11164 401 443 50 2988 
11165 3049 3064 59 3073 
11166 1712 2932 2931 3045 
11167 76 2989 2998 3040 
11168 1501 1505 1546 3138 
11169 459 416 2973 3104 
11170 3007 3110 3015 3125 
11171 2934 1656 1641 3072 
11172 1460 3080 1459 3105 
11173 1644 1659 1643 3100 
11174 2958 3120 3084 3141 
11175 638 619 623 3070 
11176 2989 3043 3040 3081 
11177 1467 1468 3112 3139 
11178 1658 1655 1640 3116 
11179 1696 1714 1711 3100 
11180 1943 3059 1946 3140 
11181 3052 3094 3011 3107 
11182 838 3084 826 3102 
11183 3050 3087 2165 3129 
11184 1451 1452 1492 3117 
11185 2994 3056 3025 3115 
11186 3024 3048 39 3092 
11187 13 3003 3005 3039 
11188 2835 2822 2839 3109 
11189 898 882 883 3098 
11190 2504 2471 2474 3027 
11191 1389 1390 1432 3018 
11192 1790 3103 3064 3114 
11193 2994 3077 3056 3115 
11194 558 573 557 3060 
11195 345 50 304 3007 
11196 554 513 3060 3090 
11197 1638 1641 3072 3133 
11198 2322 3127 2912 3128 
11199 2324 247 249 2363 
11200 2929 1768 2930 3045 
11201 2764 2896 2782 2779 
11202 2206 3089 2205 3095 
11203 50 345 360 3007 
11204 2998 3040 2989 3043 
11205 249 248 247 2324 
11206 3015 3053 3007 3125 
11207 1658 1640 1643 3116 
11208 35 2994 3031 3062 
11209 3032 3043 2989 3081 
11210 35 3009 2994 3062 
11211 1696 1699 1714 3100 
11212 827 786 829 3102 
11213 829 786 790 3102 
11214 1501 1546 1543 3138 
11215 247 251 249 2363 
11216 553 3090 568 3126 
11217 75 3006 69 3042 
11218 2982 172 2983 3093 
11219 38 2954 2955 3024 
11220 2947 1222 2948 3019 
11221 217 3055 3053 3123 
11222 1506 3106 1547 3138 
11223 479 480 524 523 
11224 1559 3106 1603 3116 
11225 2867 3118 3075 3123 
11226 894 895 936 3141 
11227 2768 2765 2724 3021 
11228 2782 2767 2896 2764 
11229 2991 3028 3051 3054 
11230 3038 3078 2996 3088 
11231 3090 3096 451 3104 
11232 5 2996 3033 3088 
11233 2414 2909 2908 3031 
11234 2992 3062 3031 3128 
11235 2932 3045 1712 3072 
11236 1767 1770 1811 3073 
11237 76 2998 2990 3040 
11238 241 2993 244 3007 
11239 2542 2543 2560 2516 
11240 3055 3075 3053 3123 
11241 2603 3056 3077 3115 
11242 1942 1982 1983 1941 
11243 2597 2556 2600 2903 
11244 3003 3035 3005 3039 
11245 1808 1767 1811 3073 
11246 2543 2560 2558 2542 
11247 2949 1166 2950 3023 
11248 1503 1502 1488 3134 
11249 3054 3056 3002 3131 
11250 830 788 802 3098 
11251 1547 3106 1559 3138 
11252 38 2953 2954 3024 
11253 3000 3079 3010 3087 
11254 2951 1150 1112 3023 
11255 730 731 745 3083 
11256 1276 1261 1277 3022 
11257 403 2974 416 3104 
11258 3042 3085 1253 3132 
11259 1164 583 1165 3016 
11260 2600 2556 2559 2903 
11261 2900 2653 2901 3025 
11262 872 3076 3048 3092 
11263 35 3031 2992 3062 
11264 2907 2906 2470 3031 
11265 361 360 345 3007 
11266 1946 2923 1987 3140 
11267 401 402 2988 3007 
11268 953 954 995 3071 
11269 675 690 674 3074 
11270 666 3066 3121 3126 
11271 935 894 936 3141 
11272 1484 3112 1471 3134 
11273 3050 3078 3000 3129 
11274 1530 3065 3037 3112 
11275 1849 1848 1836 3069 
11276 2437 2479 3027 3088 
11277 3046 3066 3048 3084 
11278 3034 3091 3053 3123 
11279 3094 3098 3011 3107 
11280 33 3030 3075 3093 
11281 884 880 839 3120 
11282 1949 1948 1933 3058 
11283 2995 33 3030 3075 
11284 2897 2767 2723 2764 
11285 1 3013 3011 3071 
11286 1332 1317 1333 3022 
11287 289 305 304 3007 
11288 838 839 880 3120 
11289 572 557 573 3060 
11290 3039 3041 3003 3137 
11291 785 786 827 3102 
11292 884 839 843 3120 
11293 1525 1537 3112 3134 
11294 2043 2002 2921 3140 
11295 3004 3035 3052 3076 
11296 1541 3133 1538 3134 
11297 1893 3058 1892 3069 
11298 2931 2930 1753 3045 
11299 558 517 562 3060 
11300 936 895 940 3141 
11301 42 3037 3017 3080 
11302 3040 3059 1939 3140 
11303 2056 2057 2098 3057 
11304 1892 3058 1889 3069 
11305 2897 2767 2726 2723 
11306 2933 1697 1656 3072 
11307 33 3075 3055 3093 
11308 473 1491 477 3117 
11309 950 3124 3024 3141 
11310 1641 1600 2935 3133 
11311 940 895 899 3141 
11312 1 3012 3011 3013 
11313 3043 3114 1795 3136 
11314 2246 3089 2247 3099 
11315 1686 3113 3111 3136 
11316 458 457 443 2988 
11317 3034 3075 2995 3086 
11318 406 364 365 405 
11319 1366 3132 3014 3139 
11320 526 2988 3039 3041 
11321 562 517 521 3060 
11322 2894 2893 2837 3030 
11323 1491 473 1451 3117 
11324 459 2972 506 3060 
11325 747 3036 733 3130 
11326 1390 1389 1373 3018 
11327 1714 1755 1711 3082 
11328 3022 3061 3016 3122 
11329 1752 1711 1755 3082 
11330 1164 1206 1205 3016 
11331 744 730 745 3083 
11332 3053 3075 3034 3123 
11333 1558 1546 1559 3138 
11334 1069 1068 1052 3013 
11335 3001 3065 3032 3113 
11336 38 3023 2953 3024 
11337 1682 3114 3065 3136 
11338 879 838 880 3120 
11339 345 304 346 3007 
11340 2415 2374 2418 3033 
11341 2959 3084 2958 3120 
11342 3005 3004 3046 3066 
11343 3004 3076 3052 3092 
11344 1378 2944 1377 3014 
11345 2988 3015 3007 3110 
11346 80 67 45 3133 
11347 826 785 827 3102 
11348 3021 3054 3051 3131 
11349 1072 3024 3023 3124 
11350 187 184 168 2993 
11351 689 674 690 3074 
11352 2997 3064 3049 3103 
11353 1009 994 1010 3071 
11354 3039 3035 3121 3135 
11355 1317 1276 1318 3022 
11356 619 634 618 3070 
11357 3020 3024 39 3092 
11358 1525 3112 1484 3134 
11359 3024 3084 3048 3141 
11360 897 898 939 3071 
11361 3037 3065 1529 3080 
11362 3017 3037 3006 3105 
11363 1837 1849 1836 3069 
11364 841 842 883 3098 
11365 401 2988 50 3007 
11366 3052 3101 3094 3107 
11367 1547 1559 1546 3138 
11368 3053 3091 2993 3123 
11369 38 36 39 3048 
11370 3027 3088 2509 3119 
11371 2898 2709 2899 3097 
11372 2893 3030 33 3093 
11373 1639 3106 1598 3116 
11374 505 504 457 2988 
11375 3052 3076 912 3092 
11376 1056 2954 2953 3024 
11377 1934 1949 1933 3058 
11378 2901 2612 2902 3025 
11379 1678 3064 3065 3114 
11380 1811 1770 1812 3073 
11381 576 575 560 3041 
11382 2205 2247 2246 3089 
11383 1558 1543 1546 3138 
11384 3045 3072 3032 3111 
11385 265 3123 3053 3125 
11386 405 406 420 419 
11387 2928 2927 1834 3059 
11388 83 71 29 3104 
11389 2206 2190 2191 3095 
11390 2997 3103 3043 3114 
11391 1558 1584 1543 3138 
11392 3004 3048 3046 3066 
11393 3046 3048 72 3084 
11394 2038 2053 2039 2054 
11395 3008 3055 3053 3125 
11396 3015 3047 29 3104 
11397 529 3039 2988 3110 
11398 4 13 3004 3005 
11399 621 637 636 3041 
11400 2893 102 2876 3093 
11401 894 3120 895 3141 
11402 3038 3000 3078 3129 
11403 6 5 2996 3033 
11404 1052 1009 1053 3013 
11405 94 93 99 3109 
11406 2922 2002 1987 3140 
11407 3032 3111 3072 3113 
11408 2557 2542 2560 3027 
11409 2984 2983 101 3093 
11410 1009 1010 3013 3071 
11411 3012 3006 3020 3044 
11412 2943 2942 1393 3014 
11413 2937 1585 1544 3133 
11414 5 3033 3027 3088 
11415 2597 2903 2902 3025 
11416 1602 1643 1599 3116 
11417 42 3029 3037 3080 
11418 1658 1699 1655 3100 
11419 1655 1699 1696 3100 
11420 3037 3042 3006 3105 
11421 2920 2043 2921 3140 
11422 1644 1643 1602 3116 
11423 1640 1599 1643 3116 
11424 72 73 37 3048 
11425 1755 1714 1756 3082 
11426 2982 2981 188 3055 
11427 33 2995 3034 3075 
11428 1501 3117 1505 3138 
11429 3032 3081 3045 3111 
11430 618 634 633 3070 
11431 6 5 7 2996 
11432 83 3060 71 3104 
11433 3040 3063 2990 3087 
11434 13 3003 3039 3041 
11435 3054 3091 3034 3118 
11436 475 476 3018 3117 
11437 677 636 678 3067 
11438 1812 1770 1771 3073 
11439 2821 2895 2894 3030 
11440 1001 3013 3071 3108 
11441 2997 3064 3103 3114 
11442 938 939 954 3071 
11443 2953 3023 1072 3024 
11444 1544 3133 1541 3134 
11445 2893 33 102 3093 
11446 839 838 3102 3120 
11447 2953 2952 1072 3023 
11448 1603 1644 1602 3116 
11449 1435 3014 2942 3134 
11450 75 38 39 3023 
11451 785 3083 786 3102 
11452 2377 2374 250 3033 
11453 573 572 3060 3070 
11454 36 37 73 3048 
11455 2944 2943 1377 3014 
11456 621 575 622 3041 
11457 1700 1699 1658 3100 
11458 516 517 558 3060 
11459 747 733 748 3130 
11460 1349 3105 3042 3139 
11461 1544 1503 2938 3134 
11462 2112 2150 2111 3095 
11463 2987 3006 3037 3042 
11464 2940 1490 1449 3134 
11465 1715 1756 1714 3082 
11466 577 573 3060 3070 
11467 249 2363 250 3033 
11468 733 692 734 3067 
11469 102 2984 101 3093 
11470 3048 3076 3004 3092 
11471 3012 3020 39 3092 
11472 83 3090 3060 3104 
11473 2995 3086 3030 3097 
11474 2936 1600 1585 3133 
11475 3005 3039 3035 3121 
11476 3037 3065 3001 3112 
11477 3081 3111 3032 3136 
11478 3075 3086 3034 3118 
11479 3017 3022 3018 3105 
11480 3012 3004 3052 3092 
11481 2097 3057 2098 3095 
11482 3046 3090 3047 3126 
11483 690 3074 694 3083 
11484 2961 2962 3084 3102 
11485 3046 3005 3066 3126 
11486 3042 3105 3037 3139 
11487 3011 3098 3071 3107 
11488 3084 3102 838 3120 
11489 83 29 3047 3104 
11490 1700 1658 1659 3100 
11491 3044 3108 3013 3122 
11492 83 3046 3070 3090 
11493 3019 3085 3042 3132 
11494 1 3012 3013 3044 
11495 44 69 75 3006 
11496 3029 3065 3037 3080 
11497 2306 248 2305 3099 
11498 2112 2111 2097 3095 
11499 2246 2247 2264 3099 
11500 3043 3081 3032 3136 
11501 3015 3110 3096 3125 
11502 2983 3055 2982 3093 
11503 3004 3066 3035 3076 
11504 2474 2471 2457 3027 
11505 745 3083 749 3102 
11506 40 2992 35 3128 
11507 43 3017 3006 3061 
11508 1537 3133 3112 3134 
11509 1931 2925 2924 3059 
11510 2992 3031 35 3128 
11511 3037 3017 3080 3105 
11512 516 558 557 3060 
11513 3005 3035 3004 3066 
11514 3006 3061 3017 3105 
11515 40 35 41 2994 
11516 3106 3116 1559 3138 
11517 1558 1559 3116 3138 
11518 786 3083 745 3102 
11519 3009 5 3028 3119 
11520 3056 3077 3002 3131 
11521 2951 2950 1150 3023 
11522 42 3017 3018 3080 
11523 634 3070 638 3074 
11524 1435 2942 2941 3134 
11525 3000 3079 3087 3129 
11526 3004 3048 3066 3076 
11527 2764 2897 2896 3097 
11528 3015 3090 3047 3104 
11529 3000 3038 3079 3129 
11530 40 35 3031 3128 
11531 2322 2912 2911 3128 
11532 2998 3043 2997 3103 
11533 3005 3035 3066 3121 
11534 1833 1836 3069 3073 
11535 3017 3061 3022 3105 
11536 3012 3044 3092 3108 
11537 827 3102 829 3120 
11538 2960 3084 2959 3120 
11539 3077 3088 3009 3119 
11540 93 94 99 95 
11541 83 3070 3060 3090 
11542 3006 3042 3061 3105 
11543 2997 3043 3032 3114 
11544 884 880 3120 3141 
11545 249 2321 248 3099 
11546 2898 2897 2723 3097 
11547 171 94 168 169 
11548 2939 1503 1490 3134 
11549 3000 3087 3050 3129 
11550 3032 3072 3001 3113 
11551 839 3102 827 3120 
11552 1112 2952 2951 3023 
11553 3032 3113 3065 3136 
11554 1641 2935 3072 3133 
11555 83 71 3060 3070 
11556 898 3071 897 3098 
11557 2057 2056 2041 3057 
11558 2927 2926 1875 3059 
11559 2711 2669 2713 2710 
11560 35 2994 40 3031 
11561 2933 2932 1697 3072 
11562 3034 3118 3091 3123 
11563 2150 2191 2149 3095 
11564 2501 2516 2542 3027 
11565 2908 2414 2417 2909 
11566 2654 2670 2669 2672 
11567 895 3120 880 3141 
11568 416 2974 2973 3104 
11569 3112 3113 3001 3133 
11570 1431 1389 1432 3018 
11571 3024 3124 2956 3141 
11572 3009 3028 3077 3119 
11573 693 692 677 3067 
11574 2504 2501 2471 3027 
11575 2987 3042 3037 3139 
11576 2656 2901 2900 2653 
11577 83 3047 3090 3104 
11578 25 33 102 2893 
11579 2899 2668 2671 2900 
11580 3064 3065 3029 3106 
11581 3018 3080 3017 3105 
11582 3112 3133 3001 3134 
11583 2654 2655 2657 2613 
11584 2901 2902 2612 2615 
11585 955 1014 996 3124 
11586 1644 3100 1643 3116 
11587 83 3005 3046 3047 
11588 403 2975 2974 3104 
11589 2473 2907 2906 2470 
11590 3032 3114 3043 3136 
11591 2899 2898 2712 2709 
11592 2926 2925 1890 3059 
11593 2765 2768 2724 2766 
11594 841 830 842 3098 
11595 1770 3073 1767 3082 
11596 1986 1944 1945 3058 
11597 3001 3113 3072 3133 
11598 2835 2839 2822 2836 
11599 3032 3065 3114 3136 
11600 168 187 185 184 
11601 3012 3044 3020 3092 
11602 1641 2935 2934 3072 
11603 3013 3044 3012 3108 
11604 749 2962 790 3102 
11605 3065 3080 3029 3106 
11606 15 14 13 2988 
11607 2598 2616 2614 2613 
11608 2922 2921 2002 3140 
11609 2457 2471 2474 2472 
11610 2432 2431 2415 2457 
11611 3046 3047 3005 3126 
11612 3040 3043 2998 3063 
11613 2906 2905 2503 2500 
11614 2322 2912 2323 2911 
11615 102 2893 2876 2879 
11616 2956 3024 1014 3124 
11617 2987 3014 3042 3139 
11618 3014 3132 3042 3139 
11619 2502 2471 2504 2501 
11620 735 694 2964 3083 
11621 2264 2306 2263 3099 
11622 3075 3118 3034 3123 
11623 843 829 2960 3120 
11624 994 953 995 3071 
11625 12 60 2997 3029 
11626 623 577 2968 3070 
11627 13 3039 2988 3041 
11628 1599 1602 3116 3138 
11629 3111 3113 3032 3136 
11630 2415 2416 2418 2374 
11631 2893 2894 2837 2838 
11632 2966 679 638 3074 
11633 2056 2098 2097 3057 
11634 1544 2938 3133 3134 
11635 2781 2780 2765 2783 
11636 3028 3119 3051 3131 
11637 1808 1833 1807 3073 
11638 1874 1889 1873 3069 
11639 3020 3023 39 3024 
11640 1714 3082 1711 3100 
11641 2823 2780 2825 2822 
11642 42 3080 3018 3106 
11643 476 477 1501 3117 
11644 1602 1558 3116 3138 
11645 1767 1751 1752 3082 
11646 3012 3092 3052 3108 
11647 2933 1656 2934 3072 
11648 2969 577 562 3060 
11649 2598 2599 2601 2557 
11650 1888 1889 1930 3058 
11651 83 3047 3046 3090 
11652 884 2958 899 3141 
11653 2894 2821 2824 2895 
11654 1658 3100 1655 3116 
11655 2905 2541 2904 2544 
11656 1501 1543 1500 3138 
11657 250 2377 2375 2374 
11658 13 2988 14 3041 
11659 2998 3063 3043 3103 
11660 2600 2902 2597 2903 
11661 2956 3124 955 3141 
11662 1987 2923 2922 3140 
11663 76 3040 2990 3140 
11664 1658 1643 3100 3116 
11665 2937 1544 2938 3133 
11666 506 2971 521 3060 
11667 898 897 882 3098 
11668 2936 2935 1600 3133 
11669 1584 1599 1583 3138 
11670 2726 2898 2897 2723 
11671 2543 2542 2501 2516 
11672 2190 2206 2205 3095 
11673 3005 3047 3110 3126 
11674 897 939 938 3071 
11675 3026 3063 2998 3103 
11676 1013 996 1014 3124 
11677 1696 1711 1695 3100 
11678 2782 2896 2895 2779 
11679 45 3001 3133 3134 
11680 1501 1500 3117 3138 
11681 882 841 883 3098 
11682 38 39 3023 3024 
11683 940 2956 955 3141 
11684 1503 2939 2938 3134 
11685 3029 3064 2997 3065 
11686 2542 2560 2558 2557 
11687 1889 3058 1888 3069 
11688 42 3018 61 3106 
11689 2556 2559 2903 2904 
11690 2941 2940 1449 3134 
11691 2997 3065 3064 3114 
11692 2997 3032 3065 3114 
11693 67 45 3133 3134 
11694 2969 577 3060 3070 
11695 251 250 249 2363 
11696 45 3112 3001 3134 
11697 3066 3005 3121 3126 
11698 953 938 954 3071 
11699 2767 2897 2896 2764 
11700 1655 1639 1640 3116 
11701 749 735 2963 3083 
11702 2150 2149 2111 3095 
11703 1929 1930 1945 3058 
11704 829 790 2961 3102 
11705 1874 1832 1833 3069 
11706 473 477 475 3117 
11707 475 474 473 3117 
11708 42 3029 3080 3106 
11709 2264 2263 2246 3099 
11710 1767 1808 1766 3073 
11711 884 843 2959 3120 
11712 638 623 2967 3070 
11713 1490 2940 2939 3134 
11714 1711 1752 1710 3082 
11715 749 3083 2962 3102 
11716 1543 1584 1542 3138 
11717 1585 2937 2936 3133 
11718 2965 694 679 3074 
11719 2305 248 2321 3099 
11720 562 521 2970 3060 
11721 899 2957 940 3141 
11722 3014 3112 2987 3134 
11723 2191 2190 2149 3095 
11724 884 3120 2958 3141 
11725 2987 3112 3014 3139 
11726 1833 3069 1832 3073 
11727 1985 1944 1986 3058 
11728 1599 1640 1598 3116 
11729 1767 3073 1766 3082 
11730 749 2963 2962 3083 
11731 2969 2968 577 3070 
11732 1501 1500 476 3117 
11733 1767 1766 1751 3082 
11734 1014 955 2956 3124 
11735 45 2987 3112 3134 
11736 1833 1832 1807 3073 
11737 2306 2305 2263 3099 
11738 1711 3082 1695 3100 
11739 2970 2969 562 3060 
11740 1654 1655 1696 3100 
11741 1711 1710 1695 3082 
11742 1929 1888 1930 3058 
11743 2958 884 2959 3120 
11744 1542 1500 1543 3138 
11745 2987 3037 3112 3139 
11746 1889 1888 1873 3069 
11747 506 2972 2971 3060 
11748 2957 2956 940 3141 
11749 1929 1945 1944 3058 
11750 790 2962 2961 3102 
11751 2960 2959 843 3120 
11752 476 475 477 3117 
11753 2964 2963 735 3083 
11754 1808 1807 1766 3073 
11755 623 2968 2967 3070 
11756 1751 1710 1752 3082 
11757 1832 1874 1873 3069 
11758 2971 2970 521 3060 
11759 1583 1542 1584 3138 
11760 899 2958 2957 3141 
11761 2966 2965 679 3074 
11762 1598 1640 1639 3116 
11763 1696 1695 1654 3100 
11764 38 73 37 72 
11765 40 41 27 2994 
11766 6 7 57 2996 
11767 8 76 9 2998 
11768 4 83 13 3005 
11769 39 44 75 3006 
11770 43 44 39 3006 
11771 39 4 1 3012 
11772 20 34 5 3028 
11773 35 5 34 3028 
11774 35 3009 5 3028 
11775 12 81 42 3029 
11776 12 2997 81 3029 
11777 45 42 81 3029 
11778 17 33 20 3034 
11779 45 42 3029 3037 
11780 29 13 83 3047 
11781 13 3005 83 3047 
11782 37 36 38 3048 
11783 17 33 3034 3053 
11784 16 33 17 3053 
11785 33 16 29 3053 
11786 1530 1574 3112 1533 
11787 1530 3112 1574 3113 
11788 1575 3112 1574 1533 
11789 1575 1574 3112 3113 
11790 1880 1864 3043 1879 
11791 3007 16 2993 3053 
11792 599 646 3135 602 
11793 3135 587 599 602 
11794 599 587 3135 3137 
11795 1880 1865 3043 1864 
11796 1880 3043 1865 3081 
11797 1823 3043 1865 1864 
11798 1823 1865 3043 3081 
11799 3113 1530 1589 1574 
11800 3113 1589 1530 1571 
11801 1573 1589 1530 1574 
11802 1573 1530 1589 1571 
11803 1908 3058 1953 1952 
11804 17 2993 16 3053 
11805 212 197 3053 209 
11806 3053 197 212 3123 
11807 1953 1909 3058 1908 
11808 3058 1909 1953 3103 
11809 3058 3049 1909 3103 
11810 3085 1092 3020 1091 
11811 3085 3020 1092 3023 
11812 1045 3020 1092 1091 
11813 1177 1190 3044 1178 
11814 1092 1046 3020 1045 
11815 1092 3020 1046 3023 
11816 3024 1046 3020 3023 
11817 3125 258 318 273 
11818 3125 318 258 270 
11819 272 318 258 273 
11820 272 258 318 270 
11821 1189 3061 3044 1190 
11822 3044 3061 1189 3122 
11823 3044 1177 1189 1190 
11824 1189 1177 3044 3122 
11825 3044 1193 1135 1178 
11826 3044 1135 1193 1152 
11827 1179 1135 1193 1178 
11828 1179 1193 1135 1152 
11829 3085 1088 1142 1103 
11830 3085 1142 1088 1100 
11831 1102 1142 1088 1103 
11832 3109 150 112 111 
11833 3109 112 150 117 
11834 113 112 150 111 
11835 113 150 112 117 
11836 3118 2697 2755 2743 
11837 3118 2755 2697 2740 
11838 2742 2755 2697 2743 
11839 2742 2697 2755 2740 
11840 408 3110 467 422 
11841 467 3110 408 425 
11842 467 424 408 422 
11843 408 424 467 425 
11844 1066 3023 3024 3124 
11845 2462 2495 3031 2465 
11846 785 3102 770 3083 
11847 3084 770 3102 3083 
11848 3008 302 285 301 
11849 3008 285 302 286 
11850 4 2986 14 47 
11851 1434 1395 1436 1437 
11852 1436 1395 1434 1392 
11853 1054 1066 1051 1050 
11854 1054 1051 1066 1070 
11855 178 159 3055 175 
11856 178 3055 159 3075 
11857 3123 3055 159 175 
11858 3123 159 3055 3075 
11859 1209 1193 3042 1237 
11860 1209 3042 1193 3085 
11861 3061 3042 1193 1237 
11862 3061 1193 3042 3085 
11863 2314 2329 3078 2315 
11864 1392 1380 1394 1395 
11865 1394 1380 1392 1376 
11866 774 3076 3035 762 
11867 3035 3076 774 3101 
11868 3035 761 774 762 
11869 1152 1153 3020 1138 
11870 1152 3020 1153 3085 
11871 1139 3020 1153 1138 
11872 1139 1153 3020 3085 
11873 1384 3022 1323 1341 
11874 1323 3022 1384 1338 
11875 1384 1339 1323 1338 
11876 3039 3121 591 3135 
11877 606 591 3121 3135 
11878 3126 490 549 508 
11879 3126 549 490 534 
11880 535 490 549 534 
11881 1293 1290 3042 1305 
11882 3115 2536 2462 2492 
11883 2494 2536 2462 2495 
11884 1066 1111 1112 1070 
11885 1112 1111 1066 1108 
11886 343 3008 301 302 
11887 301 3008 343 342 
11888 1897 1852 3049 1896 
11889 3049 1909 1897 1896 
11890 1897 1909 3049 3103 
11891 216 265 3053 266 
11892 3053 265 216 3123 
11893 3053 217 216 266 
11894 216 217 3053 3123 
11895 3075 178 135 159 
11896 3075 135 178 162 
11897 160 135 178 159 
11898 160 178 135 162 
11899 773 774 3035 761 
11900 3035 774 773 3101 
11901 3035 758 773 761 
11902 773 758 3035 3101 
11903 2718 2692 3021 2677 
11904 2680 3021 2692 2677 
11905 1337 1376 1379 1335 
11906 1337 1379 1376 1380 
11907 1147 1111 1109 1149 
11908 1109 1111 1147 1108 
11909 3127 2341 3128 2316 
11910 3127 3128 2341 3062 
11911 2356 3128 2341 2316 
11912 2356 2341 3128 3062 
11913 1290 3042 1246 1293 
11914 1290 1246 3042 3061 
11915 2096 2052 2990 2093 
11916 2089 2135 2990 2092 
11917 2089 2990 2135 3087 
11918 291 3008 2978 286 
11919 2978 3008 291 2979 
11920 291 240 3008 286 
11921 3008 240 291 2979 
11922 3054 2808 2748 2792 
11923 3054 2748 2808 2795 
11924 2793 2748 2808 2792 
11925 730 3083 686 3074 
11926 3046 3083 686 727 
11927 3046 686 3083 3074 
11928 430 446 3096 433 
11929 3096 446 430 3110 
11930 1241 1226 3022 1238 
11931 1241 3022 1226 3122 
11932 2099 2055 2990 2096 
11933 2099 2990 2055 3140 
11934 2052 2990 2055 2096 
11935 2052 2055 2990 3140 
11936 433 387 3096 430 
11937 3110 3096 387 430 
11938 3110 387 3096 3125 
11939 3140 3040 2051 2036 
11940 3140 2051 3040 2990 
11941 3092 1045 984 1030 
11942 3092 984 1045 1033 
11943 1032 1045 984 1033 
11944 493 490 3126 508 
11945 493 3126 490 3110 
11946 1322 1335 1336 1320 
11947 1322 1336 1335 1337 
11948 614 630 3090 615 
11949 1399 1442 3105 1400 
11950 1161 1149 1148 1163 
11951 1148 1149 1161 1147 
11952 371 386 3125 374 
11953 3125 386 371 3110 
11954 1662 3106 3116 1618 
11955 3116 3106 1662 3100 
11956 1662 1644 3116 3100 
11957 1853 1840 3049 1852 
11958 3049 1897 1853 1852 
11959 1853 1897 3049 3103 
11960 2297 2341 3127 2316 
11961 3127 2341 2297 3079 
11962 3127 2300 2297 2316 
11963 614 629 3090 630 
11964 614 3090 629 3126 
11965 3090 629 3046 630 
11966 3090 3046 629 3126 
11967 3046 629 671 630 
11968 3088 2329 2385 2344 
11969 3088 2385 2329 2368 
11970 2370 2385 2329 2344 
11971 3105 1399 3080 1442 
11972 3105 3080 1399 3018 
11973 1441 3080 1399 1442 
11974 1441 1399 3080 3018 
11975 1662 1663 3106 1618 
11976 1662 3106 1663 3064 
11977 1619 3106 1663 1618 
11978 2337 3062 2393 2349 
11979 2393 3062 2337 2352 
11980 2337 2351 2393 2352 
11981 860 848 3098 847 
11982 860 3098 848 3094 
11983 806 3098 848 847 
11984 1795 1782 3114 1794 
11985 1518 1476 3037 1517 
11986 3080 3037 1476 1517 
11987 3093 183 166 182 
11988 3093 166 183 167 
11989 1683 1671 3065 1670 
11990 3065 1682 1683 1670 
11991 1683 1682 3065 3136 
11992 3081 1880 3059 1883 
11993 3081 3059 1880 3040 
11994 1924 3059 1880 1883 
11995 1924 1880 3059 3040 
11996 1322 1279 1277 1320 
11997 1322 1277 1279 1281 
11998 388 375 433 387 
11999 388 433 375 390 
12000 2033 2032 3087 2077 
12001 2076 3087 2032 2077 
12002 1518 1477 3037 1476 
12003 3080 3037 1463 1476 
12004 3037 1477 1463 1476 
12005 3037 1463 1477 3139 
12006 3110 371 429 386 
12007 3110 429 371 412 
12008 414 429 371 386 
12009 414 371 429 412 
12010 1204 1161 1207 1202 
12011 1204 1207 1161 1163 
12012 1795 1783 3114 1782 
12013 1795 3114 1783 3136 
12014 1738 3114 1783 1782 
12015 1738 1783 3114 3136 
12016 3112 1575 3133 1578 
12017 3112 3133 1575 3113 
12018 1593 3133 1575 1578 
12019 1593 1575 3133 3113 
12020 1603 1618 3106 1606 
12021 1603 3106 1618 3116 
12022 835 821 3048 834 
12023 835 3048 821 3084 
12024 1266 1279 1280 1264 
12025 1280 1279 1266 1281 
12026 3067 692 49 733 
12027 890 932 3048 891 
12028 1204 1217 1203 1202 
12029 1204 1203 1217 1219 
12030 1812 1840 3073 1815 
12031 3049 3073 1840 1815 
12032 3049 1840 3073 3069 
12033 3064 1790 1844 3103 
12034 119 3123 120 125 
12035 119 120 3123 3091 
12036 890 931 3048 932 
12037 890 3048 931 3092 
12038 3048 931 947 932 
12039 2791 2834 3054 2792 
12040 2791 3054 2834 3091 
12041 2808 3054 2834 2792 
12042 2808 2834 3054 3091 
12043 1756 1774 3082 1759 
12044 3064 3082 1774 1759 
12045 3064 1774 3082 3073 
12046 411 3007 352 370 
12047 352 3007 411 367 
12048 411 368 352 367 
12049 1225 1264 1265 1223 
12050 1225 1265 1264 1266 
12051 421 404 2988 418 
12052 3091 2788 2847 2833 
12053 3091 2847 2788 2830 
12054 2831 2788 2847 2830 
12055 1219 1258 1218 1217 
12056 1219 1218 1258 1260 
12057 2169 2999 3095 2157 
12058 2169 3095 2999 3089 
12059 21 2928 3059 2927 
12060 3123 265 201 213 
12061 3123 201 265 216 
12062 214 201 265 213 
12063 60 61 12 62 
12064 1961 1976 3040 1935 
12065 1253 1209 3042 1250 
12066 1253 3042 1209 3085 
12067 230 188 3055 183 
12068 3055 188 230 2981 
12069 2495 2537 3031 2496 
12070 1225 1208 1206 1223 
12071 1225 1206 1208 1181 
12072 674 630 3074 671 
12073 3046 3074 630 671 
12074 3046 630 3074 3070 
12075 2049 2065 3026 2050 
12076 1775 3064 1844 1816 
12077 1844 3064 1775 1790 
12078 1844 1817 1775 1816 
12079 1775 1817 1844 1790 
12080 1521 1477 3112 1518 
12081 1521 3112 1477 3139 
12082 3037 3112 1477 1518 
12083 3037 1477 3112 3139 
12084 1273 1260 1259 1275 
12085 1259 1260 1273 1258 
12086 3123 151 2993 197 
12087 3123 2993 151 3091 
12088 2462 2536 3031 2495 
12089 2462 3031 2536 3115 
12090 2537 3031 2536 2495 
12091 2537 2536 3031 3115 
12092 2999 2105 2119 2120 
12093 2999 2119 2105 3057 
12094 3050 2106 2999 2120 
12095 3050 2999 2106 3057 
12096 2106 2105 2999 2120 
12097 2106 2999 2105 3057 
12098 975 3024 3048 947 
12099 3048 3024 975 3092 
12100 3048 931 975 947 
12101 975 931 3048 3092 
12102 2049 2064 3026 2065 
12103 2049 3026 2064 3057 
12104 3050 3026 2106 2065 
12105 3050 2106 3026 3057 
12106 3026 2064 2106 2065 
12107 3026 2106 2064 3057 
12108 1046 3023 1107 1092 
12109 1107 3023 1046 1095 
12110 1107 1094 1046 1092 
12111 1046 1094 1107 1095 
12112 2174 2162 3050 2161 
12113 3050 2162 2174 3129 
12114 3050 2173 2174 2161 
12115 2174 2173 3050 3129 
12116 3027 2576 2517 2561 
12117 3027 2517 2576 2564 
12118 2562 2517 2576 2561 
12119 2562 2576 2517 2564 
12120 1563 3106 3065 1607 
12121 3065 3106 1563 3080 
12122 3065 1610 1563 1607 
12123 2584 2629 3077 2585 
12124 3124 1066 1054 1050 
12125 3124 1054 1066 1072 
12126 1181 1167 1165 1208 
12127 1181 1165 1167 1169 
12128 383 357 3008 339 
12129 383 3008 357 3104 
12130 342 3008 357 339 
12131 1079 1060 3013 1076 
12132 2628 2629 3077 2584 
12133 2628 3077 2629 3131 
12134 3119 2628 3077 2584 
12135 3119 3077 2628 3131 
12136 2581 3119 2628 3131 
12137 1273 1316 1319 1275 
12138 1273 1319 1316 1314 
12139 3139 1521 1464 1477 
12140 3139 1464 1521 1480 
12141 1479 1464 1521 1477 
12142 1479 1521 1464 1480 
12143 960 944 3071 959 
12144 960 3071 944 3107 
12145 31 2972 71 46 
12146 1566 1563 3065 1610 
12147 3065 1563 1566 3080 
12148 1989 1947 1945 1988 
12149 1989 1945 1947 1948 
12150 1298 1342 3105 1345 
12151 3105 1301 1298 1345 
12152 3065 3001 3029 3037 
12153 872 890 3048 875 
12154 872 3048 890 3092 
12155 2004 3057 2046 2045 
12156 2046 3057 2004 2005 
12157 3104 29 3008 31 
12158 3104 3008 29 3015 
12159 3055 240 224 239 
12160 3055 224 240 225 
12161 2201 2200 3127 2242 
12162 2201 3127 2200 3010 
12163 2241 3127 2200 2242 
12164 1965 1953 3058 1952 
12165 3058 1964 1965 1952 
12166 2577 2565 3027 2564 
12167 3027 2576 2577 2564 
12168 2577 2576 3027 3051 
12169 3051 2577 2580 3119 
12170 2580 3131 3051 3119 
12171 3078 2345 2333 2332 
12172 3078 2333 2345 3038 
12173 2344 2345 3078 2332 
12174 212 209 3125 261 
12175 212 3125 209 3053 
12176 3089 2209 2253 2210 
12177 3089 2253 2209 2252 
12178 3058 2005 3026 2008 
12179 3058 3026 2005 3057 
12180 2049 3026 2005 2008 
12181 2049 2005 3026 3057 
12182 3107 864 3094 863 
12183 3107 3094 864 3101 
12184 851 3094 864 863 
12185 1073 1115 1071 1075 
12186 1071 1115 1073 1113 
12187 3097 2663 3056 2704 
12188 3097 3056 2663 3025 
12189 2621 2633 3131 2636 
12190 3131 2633 2621 3051 
12191 3029 3001 45 3037 
12192 1370 1388 1391 1372 
12193 1391 1388 1370 1386 
12194 1076 1116 3122 1119 
12195 3122 1116 1076 3013 
12196 3122 1079 1076 1119 
12197 1076 1079 3122 3013 
12198 2856 2871 2869 2868 
12199 142 2871 2869 2870 
12200 142 2869 2871 2868 
12201 1143 1145 1159 1160 
12202 1143 1159 1145 1144 
12203 1159 1157 1200 1158 
12204 1200 1157 1159 1201 
12205 1104 1106 1145 1146 
12206 1104 1145 1106 1105 
12207 1094 1092 1106 1093 
12208 1106 1092 1094 1107 
12209 1046 1048 1094 1095 
12210 1046 1094 1048 1047 
12211 1200 1198 1215 1199 
12212 1215 1198 1200 1216 
12213 672 630 674 671 
12214 674 689 672 671 
12215 672 689 674 673 
12216 730 687 689 686 
12217 730 689 687 688 
12218 671 689 687 686 
12219 1034 1005 1048 1049 
12220 1034 1048 1005 1035 
12221 784 782 825 783 
12222 784 825 782 826 
12223 837 835 878 836 
12224 878 835 837 879 
12225 615 633 631 630 
12226 674 633 631 632 
12227 674 631 633 630 
12228 990 988 1005 989 
12229 1005 988 990 1006 
12230 1215 1213 1256 1214 
12231 1256 1213 1215 1257 
12232 1256 1254 1271 1255 
12233 1271 1254 1256 1272 
12234 878 876 893 877 
12235 893 876 878 894 
12236 1312 1310 1327 1311 
12237 1327 1310 1312 1328 
12238 934 932 949 933 
12239 949 932 934 950 
12240 891 893 934 935 
12241 891 934 893 892 
12242 823 825 837 838 
12243 837 825 823 824 
12244 569 618 616 615 
12245 633 618 616 617 
12246 633 616 618 615 
12247 771 785 744 772 
12248 744 785 771 770 
12249 771 727 744 770 
12250 1368 1366 1414 1367 
12251 1414 1366 1368 1385 
12252 949 947 990 948 
12253 990 947 949 991 
12254 1271 1269 1312 1270 
12255 1312 1269 1271 1313 
12256 1412 1414 1426 1427 
12257 1412 1426 1414 1413 
12258 1327 1325 1368 1326 
12259 1368 1325 1327 1369 
12260 1424 1426 1470 1471 
12261 1424 1470 1426 1425 
12262 1591 1634 1593 1592 
12263 1593 1634 1591 1590 
12264 1591 1575 1593 1590 
12265 1576 1593 1578 1577 
12266 1578 1593 1576 1575 
12267 1576 1534 1578 1575 
12268 1468 1470 1483 1484 
12269 1468 1483 1470 1469 
12270 554 556 571 572 
12271 571 556 554 555 
12272 1690 1647 1649 1646 
12273 1690 1649 1647 1648 
12274 1631 1649 1647 1646 
12275 1704 1731 1745 1703 
12276 1745 1731 1704 1746 
12277 554 570 572 571 
12278 554 572 570 569 
12279 618 572 570 571 
12280 618 570 572 569 
12281 1632 1649 1634 1633 
12282 1634 1649 1632 1631 
12283 1632 1590 1634 1631 
12284 1481 1483 1524 1525 
12285 1481 1524 1483 1482 
12286 2079 2077 2091 2078 
12287 2091 2077 2079 2092 
12288 1745 1743 1789 1744 
12289 1789 1743 1745 1761 
12290 1865 1867 1882 1883 
12291 1865 1882 1867 1866 
12292 2091 2089 2134 2090 
12293 2134 2089 2091 2135 
12294 513 515 556 557 
12295 556 515 513 514 
12296 1535 1578 1537 1536 
12297 1537 1578 1535 1534 
12298 1535 1522 1537 1534 
12299 1481 1523 1525 1524 
12300 1481 1525 1523 1522 
12301 1537 1525 1523 1524 
12302 1537 1523 1525 1522 
12303 440 438 453 439 
12304 440 453 438 454 
12305 1824 1826 1867 1868 
12306 1824 1867 1826 1825 
12307 1881 1865 1883 1880 
12308 1883 1865 1881 1882 
12309 1883 1924 1881 1880 
12310 1881 1924 1883 1882 
12311 500 498 515 499 
12312 500 515 498 516 
12313 1799 1801 1826 1827 
12314 1799 1826 1801 1800 
12315 1705 1688 1690 1687 
12316 1705 1690 1688 1689 
12317 1646 1690 1688 1687 
12318 1787 1789 1801 1802 
12319 1787 1801 1789 1788 
12320 1994 2021 2035 1993 
12321 2035 2021 1994 2036 
12322 2134 2132 2143 2133 
12323 2143 2132 2134 2144 
12324 383 385 397 398 
12325 397 385 383 384 
12326 451 453 500 501 
12327 500 453 451 452 
12328 397 395 440 396 
12329 440 395 397 441 
12330 2035 2033 2079 2034 
12331 2079 2033 2035 2051 
12332 1921 1939 1937 1936 
12333 1980 1939 1937 1938 
12334 1980 1937 1939 1936 
12335 1922 1880 1924 1921 
12336 1924 1939 1922 1921 
12337 1922 1939 1924 1923 
12338 123 120 119 121 
12339 119 120 123 125 
12340 119 154 123 121 
12341 123 154 119 125 
12342 341 339 385 340 
12343 341 385 339 357 
12344 2701 2703 2746 2747 
12345 2746 2703 2701 2702 
12346 1977 1979 1994 1995 
12347 1977 1994 1979 1978 
12348 300 327 341 299 
12349 341 327 300 342 
12350 2758 2756 2802 2757 
12351 2758 2802 2756 2803 
12352 117 113 114 112 
12353 117 114 113 115 
12354 179 181 223 224 
12355 179 223 181 180 
12356 282 284 300 301 
12357 282 300 284 283 
12358 223 221 238 222 
12359 238 221 223 239 
12360 2590 2607 2592 2591 
12361 2592 2607 2590 2589 
12362 2590 2548 2592 2589 
12363 2143 2141 2184 2142 
12364 2184 2141 2143 2185 
12365 2744 2746 2758 2759 
12366 2758 2746 2744 2745 
12367 2663 2646 2648 2645 
12368 2663 2648 2646 2647 
12369 2604 2648 2646 2645 
12370 2801 2756 2803 2800 
12371 2803 2756 2801 2802 
12372 2803 2816 2801 2800 
12373 2801 2816 2803 2802 
12374 661 706 659 662 
12375 659 647 661 662 
12376 661 647 659 660 
12377 137 141 138 139 
12378 138 141 137 136 
12379 2536 2493 2462 2492 
12380 2536 2462 2493 2494 
12381 166 87 86 165 
12382 86 164 166 165 
12383 166 164 86 143 
12384 2592 2549 2551 2548 
12385 2592 2551 2549 2550 
12386 2533 2551 2549 2548 
12387 2533 2549 2551 2550 
12388 150 148 113 111 
12389 150 113 148 149 
12390 208 194 196 193 
12391 208 196 194 195 
12392 147 196 194 193 
12393 176 220 178 177 
12394 178 220 176 175 
12395 176 159 178 175 
12396 2689 2662 2703 2704 
12397 2703 2662 2689 2661 
12398 644 658 646 645 
12399 646 658 644 643 
12400 644 599 646 643 
12401 160 162 137 161 
12402 137 162 160 135 
12403 2300 2256 2258 2285 
12404 2300 2258 2256 2257 
12405 2238 2258 2256 2285 
12406 2200 2183 2185 2182 
12407 2200 2185 2183 2184 
12408 2141 2185 2183 2182 
12409 2141 2183 2185 2184 
12410 236 238 284 285 
12411 236 284 238 237 
12412 2298 2316 2300 2299 
12413 2300 2316 2298 2297 
12414 2298 2285 2300 2297 
12415 658 685 644 643 
12416 658 644 685 657 
12417 2535 2533 2550 2534 
12418 2535 2550 2533 2551 
12419 218 220 176 219 
12420 176 220 218 175 
12421 611 629 656 655 
12422 670 629 656 628 
12423 670 656 629 655 
12424 259 261 210 260 
12425 210 261 259 209 
12426 2465 2450 2452 2449 
12427 2465 2452 2450 2451 
12428 2406 2452 2450 2449 
12429 703 705 717 718 
12430 717 705 703 704 
12431 712 667 714 711 
12432 714 726 712 711 
12433 712 726 714 713 
12434 655 670 668 667 
12435 714 670 668 669 
12436 714 668 670 667 
12437 2354 2397 2356 2355 
12438 2356 2397 2354 2353 
12439 2354 2341 2356 2353 
12440 152 154 121 153 
12441 121 154 152 119 
12442 2342 2356 2316 2343 
12443 2316 2356 2342 2341 
12444 2342 2297 2316 2341 
12445 2605 2648 2607 2606 
12446 2607 2648 2605 2604 
12447 2605 2589 2607 2604 
12448 199 197 211 198 
12449 211 197 199 212 
12450 757 741 743 740 
12451 757 743 741 742 
12452 699 743 741 740 
12453 716 761 718 717 
12454 718 761 716 715 
12455 718 703 716 717 
12456 716 703 718 715 
12457 2198 2241 2200 2199 
12458 2200 2241 2198 2197 
12459 2198 2182 2200 2197 
12460 2857 2813 2859 2856 
12461 2859 2871 2857 2856 
12462 2857 2871 2859 2858 
12463 315 329 356 330 
12464 315 356 329 328 
12465 374 356 329 330 
12466 374 329 356 328 
12467 702 700 685 684 
12468 685 700 702 701 
12469 422 424 466 467 
12470 466 424 422 423 
12471 2409 2395 2397 2394 
12472 2409 2397 2395 2396 
12473 2353 2397 2395 2394 
12474 381 379 393 380 
12475 393 379 381 394 
12476 352 354 369 370 
12477 369 354 352 353 
12478 2452 2407 2409 2406 
12479 2452 2409 2407 2408 
12480 2394 2409 2407 2406 
12481 469 471 427 470 
12482 469 427 471 426 
12483 530 544 542 545 
12484 530 542 544 543 
12485 594 542 544 545 
12486 352 369 411 370 
12487 411 369 352 368 
12488 2463 2495 2465 2464 
12489 2465 2495 2463 2462 
12490 2463 2449 2465 2462 
12491 724 726 712 725 
12492 712 726 724 711 
12493 393 391 436 392 
12494 436 391 393 437 
12495 312 355 314 313 
12496 314 355 312 311 
12497 312 296 314 311 
12498 297 269 255 298 
12499 255 269 297 254 
12500 337 335 381 336 
12501 381 335 337 382 
12502 255 269 257 256 
12503 257 269 255 254 
12504 255 205 257 254 
12505 605 603 649 604 
12506 605 649 603 650 
12507 280 326 278 281 
12508 278 266 280 281 
12509 280 266 278 279 
12510 552 550 567 551 
12511 567 550 552 568 
12512 272 270 317 271 
12513 317 270 272 318 
12514 2814 2800 2816 2813 
12515 2816 2859 2814 2813 
12516 2814 2859 2816 2815 
12517 324 338 326 325 
12518 326 338 324 323 
12519 326 278 324 325 
12520 324 278 326 323 
12521 2239 2258 2241 2240 
12522 2241 2258 2239 2238 
12523 2239 2197 2241 2238 
12524 372 374 328 373 
12525 328 374 372 356 
12526 412 414 428 429 
12527 412 428 414 413 
12528 268 266 280 267 
12529 268 280 266 281 
12530 528 526 540 527 
12531 528 540 526 541 
12532 539 540 526 527 
12533 798 796 755 754 
12534 755 796 798 797 
12535 800 773 759 801 
12536 759 773 800 758 
12537 590 588 539 538 
12538 539 588 590 589 
12539 484 529 482 485 
12540 482 464 484 485 
12541 484 464 482 483 
12542 781 779 767 766 
12543 781 767 779 780 
12544 127 131 157 158 
12545 157 131 127 129 
12546 853 811 855 852 
12547 855 811 853 854 
12548 855 867 853 852 
12549 853 867 855 854 
12550 411 409 368 367 
12551 368 409 411 410 
12552 755 757 741 756 
12553 741 757 755 740 
12554 759 761 716 760 
12555 716 761 759 715 
12556 531 533 487 532 
12557 531 487 533 486 
12558 488 487 533 532 
12559 488 533 487 486 
12560 447 449 496 497 
12561 447 496 449 448 
12562 601 646 599 602 
12563 599 587 601 602 
12564 601 587 599 600 
12565 850 848 862 849 
12566 862 848 850 863 
12567 831 833 874 875 
12568 831 874 833 832 
12569 767 781 769 768 
12570 769 781 767 766 
12571 767 723 769 766 
12572 511 494 509 510 
12573 509 494 511 512 
12574 511 553 509 512 
12575 204 155 157 158 
12576 127 155 157 156 
12577 127 157 155 158 
12578 1116 1130 1128 1127 
12579 1173 1130 1128 1129 
12580 1173 1128 1130 1127 
12581 1132 1177 1134 1133 
12582 1134 1177 1132 1131 
12583 1132 1120 1134 1131 
12584 862 860 906 861 
12585 906 860 862 907 
12586 496 447 494 495 
12587 494 447 496 497 
12588 496 512 494 497 
12589 1175 1189 1177 1176 
12590 1177 1189 1175 1174 
12591 1175 1131 1177 1174 
12592 216 201 203 204 
12593 155 201 203 202 
12594 155 203 201 204 
12595 1078 1076 1118 1077 
12596 1118 1076 1078 1119 
12597 811 813 854 855 
12598 854 813 811 812 
12599 1127 1173 1171 1170 
12600 1185 1173 1171 1172 
12601 1185 1171 1173 1170 
12602 1083 1065 1037 1064 
12603 1083 1037 1065 1036 
12604 1022 1037 1065 1064 
12605 1139 1156 1154 1153 
12606 1197 1156 1154 1155 
12607 1197 1154 1156 1153 
12608 1142 1101 1088 1100 
12609 1088 1101 1142 1102 
12610 778 821 822 819 
12611 834 821 822 820 
12612 834 822 821 819 
12613 215 201 265 214 
12614 215 265 201 216 
12615 864 911 909 908 
12616 923 911 909 910 
12617 923 909 911 908 
12618 1060 1062 1078 1079 
12619 1078 1062 1060 1061 
12620 810 808 796 795 
12621 810 796 808 809 
12622 889 916 930 917 
12623 930 916 889 931 
12624 1043 1030 1045 1042 
12625 1045 1091 1043 1042 
12626 1043 1091 1045 1044 
12627 1194 1196 1211 1212 
12628 1211 1196 1194 1195 
12629 1183 1185 1171 1184 
12630 1183 1171 1185 1170 
12631 1142 1140 1101 1100 
12632 1101 1140 1142 1141 
12633 865 867 853 866 
12634 865 853 867 852 
12635 922 920 966 921 
12636 966 920 922 967 
12637 945 918 962 963 
12638 962 918 945 946 
12639 1187 1189 1175 1188 
12640 1175 1189 1187 1174 
12641 1037 1023 1025 1022 
12642 1037 1025 1023 1024 
12643 976 1025 1023 1022 
12644 1045 1031 984 1030 
12645 984 1031 1045 1032 
12646 1083 1081 1065 1064 
12647 1065 1081 1083 1082 
12648 1091 1089 1043 1042 
12649 1043 1089 1091 1090 
12650 930 916 928 929 
12651 928 916 930 931 
12652 930 975 928 931 
12653 1210 1253 1212 1211 
12654 1212 1253 1210 1209 
12655 1212 1194 1210 1211 
12656 1210 1194 1212 1209 
12657 965 920 967 964 
12658 967 920 965 966 
12659 967 979 965 964 
12660 965 979 967 966 
12661 1123 1121 1081 1080 
12662 1081 1121 1123 1122 
12663 1239 1226 1241 1238 
12664 1241 1285 1239 1238 
12665 1239 1285 1241 1240 
12666 1019 1021 1002 1020 
12667 1019 1002 1021 1001 
12668 1251 1209 1253 1250 
12669 1253 1268 1251 1250 
12670 1251 1268 1253 1252 
12671 961 945 963 960 
12672 963 945 961 962 
12673 963 1004 961 960 
12674 961 1004 963 962 
12675 1002 1004 961 1003 
12676 1002 961 1004 960 
12677 1229 1227 1183 1182 
12678 1183 1227 1229 1228 
12679 265 263 214 213 
12680 214 263 265 264 
12681 1243 1245 1231 1244 
12682 1231 1245 1243 1230 
12683 979 977 965 964 
12684 965 977 979 978 
12685 1383 1381 1398 1382 
12686 1398 1381 1383 1399 
12687 1299 1301 1287 1300 
12688 1287 1301 1299 1286 
12689 1324 1297 1283 1296 
12690 1283 1297 1324 1282 
12691 985 987 973 986 
12692 985 973 987 972 
12693 1343 1298 1345 1342 
12694 1345 1357 1343 1342 
12695 1343 1357 1345 1344 
12696 1309 1307 1295 1294 
12697 1309 1295 1307 1308 
12698 1357 1355 1343 1342 
12699 1343 1355 1357 1356 
12700 1283 1285 1239 1284 
12701 1283 1239 1285 1238 
12702 1604 1559 1606 1603 
12703 1606 1559 1604 1605 
12704 1606 1618 1604 1603 
12705 1604 1618 1606 1605 
12706 1444 1442 1458 1443 
12707 1444 1458 1442 1459 
12708 1509 1493 1495 1492 
12709 1509 1495 1493 1494 
12710 1452 1495 1493 1492 
12711 1452 1493 1495 1494 
12712 1287 1289 1243 1288 
12713 1243 1289 1287 1242 
12714 1268 1295 1251 1250 
12715 1251 1295 1268 1267 
12716 1403 1401 1355 1354 
12717 1355 1401 1403 1402 
12718 1620 1607 1622 1619 
12719 1622 1666 1620 1619 
12720 1620 1666 1622 1621 
12721 1559 1561 1605 1606 
12722 1605 1561 1559 1560 
12723 322 274 276 277 
12724 262 274 276 275 
12725 262 276 274 277 
12726 1439 1441 1397 1440 
12727 1439 1397 1441 1396 
12728 1452 1454 1494 1495 
12729 1452 1494 1454 1453 
12730 1664 1619 1666 1663 
12731 1666 1678 1664 1663 
12732 1664 1678 1666 1665 
12733 1659 1661 1702 1674 
12734 1702 1661 1659 1660 
12735 1663 1678 1676 1675 
12736 1722 1678 1676 1677 
12737 1722 1676 1678 1675 
12738 1323 1340 1384 1341 
12739 1323 1384 1340 1339 
12740 1552 1510 1554 1551 
12741 1554 1566 1552 1551 
12742 1552 1566 1554 1553 
12743 1351 1365 1353 1352 
12744 1353 1365 1351 1350 
12745 1351 1306 1353 1350 
12746 1411 1363 1365 1362 
12747 1411 1365 1363 1364 
12748 1350 1365 1363 1362 
12749 1895 1893 1907 1894 
12750 1907 1893 1895 1908 
12751 2117 2157 2119 2118 
12752 2119 2157 2117 2116 
12753 2117 2102 2119 2116 
12754 1773 1771 1814 1772 
12755 1773 1814 1771 1815 
12756 1616 1618 1604 1617 
12757 1616 1604 1618 1603 
12758 1608 1610 1564 1609 
12759 1608 1564 1610 1563 
12760 1814 1812 1839 1813 
12761 1839 1812 1814 1840 
12762 1851 1849 1895 1850 
12763 1895 1849 1851 1896 
12764 1854 1841 1856 1853 
12765 1856 1841 1854 1855 
12766 1856 1900 1854 1853 
12767 1854 1900 1856 1855 
12768 332 334 320 333 
12769 320 334 332 319 
12770 1760 1733 1777 1778 
12771 1760 1777 1733 1732 
12772 1410 1408 1422 1409 
12773 1410 1422 1408 1423 
12774 2848 2891 2889 2892 
12775 2848 2889 2891 2890 
12776 126 2889 2891 2892 
12777 126 2891 2889 2890 
12778 2061 2105 2103 2102 
12779 2119 2105 2103 2104 
12780 2119 2103 2105 2102 
12781 1898 1900 1854 1899 
12782 1898 1854 1900 1853 
12783 1497 1499 1457 1498 
12784 1497 1457 1499 1456 
12785 1566 1564 1552 1551 
12786 1552 1564 1566 1565 
12787 1841 1843 1855 1856 
12788 1841 1855 1843 1842 
12789 1722 1720 1676 1675 
12790 1676 1720 1722 1721 
12791 1759 1715 1717 1718 
12792 1700 1715 1717 1716 
12793 1700 1717 1715 1718 
12794 2046 2064 2062 2061 
12795 2105 2064 2062 2063 
12796 2105 2062 2064 2061 
12797 376 378 332 377 
12798 332 378 376 331 
12799 1550 1548 1507 1506 
12800 1550 1507 1548 1549 
12801 1817 1790 1776 1818 
12802 1817 1776 1790 1775 
12803 1934 1907 1951 1952 
12804 1934 1951 1907 1906 
12805 1509 1507 1493 1492 
12806 1509 1493 1507 1508 
12807 1513 1511 1497 1496 
12808 1513 1497 1511 1512 
12809 1812 1839 1837 1840 
12810 1812 1837 1839 1838 
12811 1852 1837 1839 1840 
12812 2107 2080 2066 2108 
12813 2066 2080 2107 2065 
12814 1992 1990 2007 1991 
12815 2007 1990 1992 2008 
12816 2123 2121 2107 2106 
12817 2123 2107 2121 2122 
12818 1954 1909 1956 1953 
12819 1956 1968 1954 1953 
12820 1954 1968 1956 1955 
12821 388 390 376 389 
12822 388 376 390 375 
12823 2012 2010 1966 1965 
12824 2012 1966 2010 2011 
12825 1910 1912 1898 1911 
12826 1910 1898 1912 1897 
12827 2047 2049 2006 2048 
12828 2006 2049 2047 2005 
12829 2160 2158 2172 2159 
12830 2172 2158 2160 2173 
12831 1422 1420 1466 1421 
12832 1422 1466 1420 1467 
12833 1968 1966 1954 1953 
12834 1954 1966 1968 1967 
12835 433 431 388 387 
12836 388 431 433 432 
12837 2624 2578 2580 2577 
12838 2624 2580 2578 2579 
12839 2565 2580 2578 2577 
12840 2692 2678 2680 2677 
12841 2692 2680 2678 2679 
12842 2633 2680 2678 2677 
12843 2788 2790 2832 2833 
12844 2788 2832 2790 2789 
12845 2286 2332 2288 2287 
12846 2288 2332 2286 2315 
12847 2286 2273 2288 2315 
12848 2167 2213 2169 2168 
12849 2169 2213 2167 2195 
12850 2167 2154 2169 2195 
12851 2022 2024 2010 2023 
12852 2010 2024 2022 2009 
12853 446 444 431 430 
12854 446 431 444 445 
12855 1465 1480 1467 1466 
12856 1467 1480 1465 1464 
12857 1467 1420 1465 1466 
12858 1465 1420 1467 1464 
12859 2580 2566 2568 2565 
12860 2580 2568 2566 2567 
12861 2521 2568 2566 2565 
12862 2313 2311 2327 2312 
12863 2327 2311 2313 2328 
12864 2274 2288 2276 2275 
12865 2276 2288 2274 2273 
12866 2274 2226 2276 2273 
12867 2155 2157 2117 2156 
12868 2117 2157 2155 2116 
12869 2369 2385 2329 2370 
12870 2369 2329 2385 2368 
12871 2481 2479 2511 2480 
12872 2481 2511 2479 2512 
12873 2690 2692 2678 2691 
12874 2678 2692 2690 2677 
12875 1477 1479 1520 1521 
12876 1477 1520 1479 1478 
12877 2733 2735 2690 2734 
12878 2690 2735 2733 2718 
12879 2774 2776 2733 2775 
12880 2733 2776 2774 2732 
12881 2636 2634 2622 2621 
12882 2622 2634 2636 2635 
12883 2327 2311 2325 2326 
12884 2325 2311 2327 2328 
12885 2327 2367 2325 2328 
12886 2622 2624 2578 2623 
12887 2622 2578 2624 2577 
12888 2330 2332 2286 2331 
12889 2330 2286 2332 2315 
12890 598 546 548 549 
12891 534 546 548 547 
12892 534 548 546 549 
12893 2522 2524 2510 2523 
12894 2510 2524 2522 2509 
12895 491 493 444 492 
12896 491 444 493 472 
12897 2383 2385 2369 2384 
12898 2383 2369 2385 2368 
12899 2832 2788 2847 2831 
12900 2847 2788 2832 2833 
12901 1477 1519 1521 1520 
12902 1477 1521 1519 1518 
12903 1533 1521 1519 1520 
12904 1533 1519 1521 1518 
12905 490 507 549 508 
12906 549 507 490 535 
12907 1532 1530 1573 1531 
12908 1573 1530 1532 1574 
12909 2211 2213 2167 2212 
12910 2211 2167 2213 2195 
12911 2426 2424 2383 2382 
12912 2426 2383 2424 2425 
12913 2440 2438 2424 2423 
12914 2440 2424 2438 2439 
12915 2845 2847 2831 2846 
12916 2845 2831 2847 2830 
12917 2215 2217 2171 2216 
12918 2171 2217 2215 2170 
12919 1615 1588 1629 1630 
12920 1615 1629 1588 1587 
12921 2270 2272 2254 2271 
12922 2254 2272 2270 2253 
12923 610 608 596 595 
12924 610 596 608 609 
12925 1573 1571 1588 1572 
12926 1588 1571 1573 1589 
12927 2227 2229 2215 2228 
12928 2215 2229 2227 2214 
12929 2254 2225 2211 2255 
12930 2254 2211 2225 2210 
12931 710 663 665 666 
12932 651 663 665 664 
12933 651 665 663 666 
12934 654 652 608 607 
12935 608 652 654 653 
12936 1627 1629 1673 1645 
12937 1627 1673 1629 1628 
12938 1671 1673 1685 1686 
12939 1671 1685 1673 1672 
12940 765 719 721 722 
12941 707 719 721 720 
12942 707 721 719 722 
12943 1683 1685 1729 1730 
12944 1683 1729 1685 1684 
12945 1727 1729 1741 1742 
12946 1727 1741 1729 1728 
12947 1739 1741 1785 1786 
12948 1785 1741 1739 1740 
12949 1783 1785 1797 1798 
12950 1797 1785 1783 1784 
12951 775 777 763 776 
12952 763 777 775 762 
12953 1795 1797 1822 1823 
12954 1822 1797 1795 1796 
12955 1861 1863 1878 1879 
12956 1878 1863 1861 1862 
12957 859 815 817 818 
12958 774 815 817 816 
12959 774 817 815 818 
12960 1822 1820 1863 1821 
12961 1822 1863 1820 1864 
12962 1920 1877 1879 1905 
12963 1920 1879 1877 1878 
12964 1861 1879 1877 1905 
12965 1861 1877 1879 1878 
12966 869 871 857 870 
12967 869 857 871 856 
12968 1935 1918 1920 1917 
12969 1935 1920 1918 1919 
12970 1905 1920 1918 1917 
12971 915 913 869 868 
12972 869 913 915 914 
12973 1962 1976 1935 1963 
12974 1935 1976 1962 1961 
12975 1962 1917 1935 1961 
12976 2017 2019 2031 2032 
12977 2017 2031 2019 2018 
12978 1179 1152 1136 1151 
12979 1179 1136 1152 1135 
12980 2075 2073 2087 2074 
12981 2087 2073 2075 2088 
12982 1085 1087 1039 1086 
12983 1039 1087 1085 1038 
12984 1974 2020 1976 1975 
12985 1976 2020 1974 1973 
12986 1974 1961 1976 1973 
12987 1029 1027 981 980 
12988 981 1027 1029 1028 
12989 1193 1191 1179 1178 
12990 1179 1191 1193 1192 
12991 1084 1098 1096 1099 
12992 1084 1096 1098 1097 
12993 1138 1096 1098 1099 
12994 2029 2031 2075 2076 
12995 2029 2075 2031 2030 
12996 1235 1237 1191 1236 
12997 1235 1191 1237 1190 
12998 1039 1041 1027 1040 
12999 1027 1041 1039 1026 
13000 969 971 925 970 
13001 925 971 969 924 
13002 1247 1249 1235 1248 
13003 1235 1249 1247 1234 
13004 2087 2085 2130 2086 
13005 2130 2085 2087 2131 
13006 2130 2128 2139 2129 
13007 2139 2128 2130 2140 
13008 1291 1293 1247 1292 
13009 1291 1247 1293 1246 
13010 981 983 969 982 
13011 981 969 983 968 
13012 1361 1359 1347 1346 
13013 1347 1359 1361 1360 
13014 1303 1305 1291 1304 
13015 1291 1305 1303 1290 
13016 1347 1349 1303 1348 
13017 1347 1303 1349 1302 
13018 1419 1417 1405 1404 
13019 1405 1417 1419 1418 
13020 1407 1405 1359 1358 
13021 1359 1405 1407 1406 
13022 1614 1612 1568 1567 
13023 1568 1612 1614 1613 
13024 1474 1476 1461 1475 
13025 1474 1461 1476 1460 
13026 1624 1626 1612 1625 
13027 1624 1612 1626 1611 
13028 1902 1904 1858 1903 
13029 1858 1904 1902 1857 
13030 1682 1680 1668 1667 
13031 1668 1680 1682 1681 
13032 2139 2166 2180 2138 
13033 2180 2166 2139 2181 
13034 1792 1794 1780 1793 
13035 1792 1780 1794 1779 
13036 1529 1556 1515 1514 
13037 1515 1556 1529 1557 
13038 1570 1568 1556 1555 
13039 1556 1568 1570 1569 
13040 1724 1726 1680 1725 
13041 1724 1680 1726 1679 
13042 1738 1736 1724 1723 
13043 1738 1724 1736 1737 
13044 1780 1782 1736 1781 
13045 1780 1736 1782 1735 
13046 2127 2125 2082 2081 
13047 2082 2125 2127 2126 
13048 1463 1461 1417 1416 
13049 1417 1461 1463 1462 
13050 2082 2084 2070 2083 
13051 2082 2070 2084 2069 
13052 1515 1517 1474 1516 
13053 1515 1474 1517 1473 
13054 2070 2072 2026 2071 
13055 2026 2072 2070 2025 
13056 1670 1668 1624 1623 
13057 1624 1668 1670 1669 
13058 1791 1847 1845 1819 
13059 1791 1845 1847 1846 
13060 1860 1845 1847 1819 
13061 2866 2864 132 2865 
13062 2866 132 2864 134 
13063 2016 2014 1970 1969 
13064 2016 1970 2014 2015 
13065 2028 2026 2014 2013 
13066 2028 2014 2026 2027 
13067 1914 1916 1902 1915 
13068 1914 1902 1916 1901 
13069 1960 1958 1914 1913 
13070 1960 1914 1958 1959 
13071 1972 1970 1958 1957 
13072 1958 1970 1972 1971 
13073 2179 2196 2181 2180 
13074 2181 2166 2179 2180 
13075 2165 2163 2125 2124 
13076 2165 2125 2163 2164 
13077 2177 2175 2163 2162 
13078 2177 2163 2175 2176 
13079 2694 2696 2682 2695 
13080 2682 2696 2694 2681 
13081 2885 2887 116 118 
13082 2885 116 2887 2886 
13083 2749 2751 2737 2750 
13084 2749 2737 2751 2736 
13085 2737 2739 2694 2738 
13086 2737 2694 2739 2693 
13087 2237 2196 2223 2224 
13088 2514 2487 2484 2515 
13089 2484 2487 2514 2483 
13090 2638 2640 2626 2639 
13091 2626 2640 2638 2625 
13092 2336 2334 2290 2289 
13093 2336 2290 2334 2335 
13094 2864 132 128 134 
13095 2864 128 132 130 
13096 133 128 132 134 
13097 2628 2626 2582 2581 
13098 2582 2626 2628 2627 
13099 2292 2290 2278 2277 
13100 2292 2278 2290 2291 
13101 2682 2684 2638 2683 
13102 2638 2684 2682 2637 
13103 2806 2808 2793 2807 
13104 2806 2793 2808 2792 
13105 2572 2525 2527 2528 
13106 2513 2525 2527 2526 
13107 2513 2527 2525 2528 
13108 2794 2748 2808 2793 
13109 2808 2748 2794 2795 
13110 2428 2401 2387 2400 
13111 2387 2401 2428 2386 
13112 2348 2346 2334 2333 
13113 2348 2334 2346 2347 
13114 2221 2219 2175 2174 
13115 2221 2175 2219 2220 
13116 2444 2442 2428 2427 
13117 2444 2428 2442 2443 
13118 2484 2486 2442 2485 
13119 2442 2486 2484 2441 
13120 2849 2851 2806 2850 
13121 2849 2806 2851 2834 
13122 2280 2278 2231 2230 
13123 2280 2231 2278 2279 
13124 2584 2582 2570 2569 
13125 2584 2570 2582 2583 
13126 2233 2231 2219 2218 
13127 2233 2219 2231 2232 
13128 2387 2389 2346 2388 
13129 2346 2389 2387 2345 
13130 2282 2296 2284 2283 
13131 2284 2296 2282 2281 
13132 2284 2234 2282 2283 
13133 2282 2234 2284 2281 
13134 2236 2234 2283 2235 
13135 2236 2283 2234 2284 
13136 2294 2340 2296 2295 
13137 2296 2340 2294 2293 
13138 2294 2281 2296 2293 
13139 2338 2352 2340 2339 
13140 2340 2352 2338 2337 
13141 2338 2293 2340 2337 
13142 2350 2393 2337 2351 
13143 2337 2393 2350 2349 
13144 122 126 2890 124 
13145 2890 126 122 2889 
13146 2349 2393 2391 2390 
13147 2405 2393 2391 2392 
13148 2405 2391 2393 2390 
13149 2390 2405 2403 2402 
13150 2448 2405 2403 2404 
13151 2448 2403 2405 2402 
13152 2459 2445 2461 2458 
13153 2461 2491 2459 2458 
13154 2459 2491 2461 2460 
13155 2489 2458 2491 2488 
13156 2491 2532 2489 2488 
13157 2489 2532 2491 2490 
13158 2531 2529 2546 2530 
13159 2546 2529 2531 2547 
13160 2546 2573 2587 2545 
13161 2587 2573 2546 2588 
13162 2587 2585 2631 2586 
13163 2631 2585 2587 2603 
13164 2631 2629 2643 2630 
13165 2643 2629 2631 2644 
13166 2641 2643 2687 2688 
13167 2687 2643 2641 2642 
13168 2685 2687 2699 2700 
13169 2699 2687 2685 2686 
13170 2699 2697 2742 2698 
13171 2699 2742 2697 2743 
13172 2742 2740 2754 2741 
13173 2742 2754 2740 2755 
13174 2754 2752 2798 2753 
13175 2754 2798 2752 2799 
13176 2796 2798 2811 2812 
13177 2811 2798 2796 2797 
13178 2854 2852 2866 2853 
13179 2854 2866 2852 2867 
13180 2811 2809 2854 2810 
13181 2811 2854 2809 2855 
13182 2739 2693 3054 2736 
13183 2739 3054 2693 3131 
13184 144 88 87 89 
13185 144 87 88 85 
13186 2325 2366 2364 2367 
13187 2325 2364 2366 2365 
13188 2381 2364 2366 2367 
13189 2860 2875 2873 2872 
13190 90 2875 2873 2874 
13191 90 2873 2875 2872 
13192 852 810 3094 851 
13193 3094 810 852 3101 
13194 3094 864 852 851 
13195 852 864 3094 3101 
13196 2364 2380 2378 2381 
13197 2364 2378 2380 2379 
13198 2422 2378 2380 2381 
13199 1075 1057 1055 1073 
13200 1075 1055 1057 1059 
13201 2861 2817 2863 2860 
13202 2863 2875 2861 2860 
13203 2861 2875 2863 2862 
13204 2378 2421 2419 2422 
13205 2378 2419 2421 2420 
13206 2436 2419 2421 2422 
13207 2436 2421 2419 2420 
13208 502 518 521 503 
13209 521 518 502 517 
13210 1430 1386 1433 1428 
13211 1430 1433 1386 1388 
13212 2804 2818 2820 2819 
13213 2804 2820 2818 2817 
13214 2863 2820 2818 2819 
13215 2863 2818 2820 2817 
13216 2434 2436 2420 2435 
13217 2434 2420 2436 2419 
13218 1831 3045 1803 1806 
13219 1831 1803 3045 3081 
13220 1989 3058 2005 2004 
13221 2005 3058 1989 1990 
13222 3129 3079 2178 2222 
13223 3072 78 2935 2934 
13224 1059 1015 1012 1057 
13225 1012 1015 1059 1017 
13226 1446 1428 1448 1472 
13227 1446 1448 1428 1430 
13228 338 383 3008 339 
13229 225 3055 182 183 
13230 182 3055 225 224 
13231 998 1017 997 1000 
13232 998 997 1017 1015 
13233 338 382 3008 383 
13234 338 3008 382 3096 
13235 3008 382 3104 383 
13236 3008 3104 382 3096 
13237 3104 382 395 383 
13238 3104 395 382 3096 
13239 1487 1472 1488 1485 
13240 1487 1488 1472 1446 
13241 3008 326 3125 3096 
13242 3053 17 3091 3034 
13243 3053 3091 17 2993 
13244 2760 2747 3086 2759 
13245 2760 3086 2747 3097 
13246 1120 1079 3122 1119 
13247 1257 1273 3019 1258 
13248 957 1000 956 959 
13249 956 1000 957 998 
13250 1528 1485 1502 1526 
13251 1528 1502 1485 1487 
13252 942 959 941 944 
13253 942 941 959 957 
13254 497 450 3096 447 
13255 3096 450 497 3090 
13256 3096 494 497 447 
13257 497 494 3096 3090 
13258 1540 1526 1541 1538 
13259 1540 1541 1526 1528 
13260 1319 3019 1273 1278 
13261 501 517 3060 502 
13262 3060 517 501 516 
13263 2800 2755 3118 2799 
13264 2800 3118 2755 3086 
13265 901 944 900 903 
13266 900 944 901 942 
13267 3105 1289 1301 1302 
13268 3042 3105 1290 3061 
13269 1290 1289 3105 1302 
13270 1290 3105 1289 3061 
13271 1538 1581 1582 1540 
13272 1582 1581 1538 1579 
13273 63 3016 1164 1205 
13274 903 886 885 901 
13275 885 886 903 888 
13276 1579 1596 1597 1581 
13277 1597 1596 1579 1594 
13278 358 403 2975 362 
13279 2975 403 358 3104 
13280 358 2975 2976 362 
13281 2976 2975 358 3104 
13282 358 2976 343 362 
13283 1690 1706 3072 1691 
13284 3072 1706 1690 3111 
13285 572 554 3090 569 
13286 3090 554 572 3060 
13287 3090 3070 572 569 
13288 572 3070 3090 3060 
13289 888 845 844 886 
13290 844 845 888 847 
13291 1555 1554 3065 1567 
13292 1555 3065 1554 3080 
13293 1566 3065 1554 1567 
13294 1566 1554 3065 3080 
13295 1637 1594 1638 1635 
13296 1637 1638 1594 1596 
13297 3127 2912 22 2913 
13298 1289 1286 3105 1301 
13299 1289 3105 1286 3061 
13300 1298 3105 1286 1301 
13301 1298 1286 3105 3061 
13302 847 804 803 845 
13303 803 804 847 806 
13304 3018 3117 1506 1492 
13305 1652 1635 1653 1650 
13306 1652 1653 1635 1637 
13307 864 3107 3052 908 
13308 3052 3107 864 3101 
13309 3052 911 864 908 
13310 864 911 3052 3101 
13311 1442 1459 3105 1415 
13312 3105 1459 1442 3080 
13313 806 792 791 804 
13314 806 791 792 794 
13315 1650 1693 1694 1652 
13316 1650 1694 1693 1691 
13317 3087 2033 2990 3040 
13318 3087 2990 2033 2077 
13319 2051 2990 2033 3040 
13320 2051 2033 2990 2077 
13321 1742 1787 3111 1743 
13322 2277 2229 3078 2276 
13323 3078 2289 2277 2276 
13324 2277 2289 3078 3129 
13325 1049 1046 3023 1095 
13326 3023 1046 1049 3024 
13327 3023 1066 1049 1095 
13328 1049 1066 3023 3024 
13329 794 751 750 792 
13330 794 750 751 753 
13331 1691 1708 1709 1693 
13332 1691 1709 1708 1706 
13333 3071 49 2 897 
13334 1742 1786 3111 1787 
13335 1742 3111 1786 3136 
13336 3081 3111 1786 1787 
13337 3081 1786 3111 3136 
13338 70 2951 3023 2950 
13339 739 751 738 737 
13340 739 738 751 753 
13341 752 738 751 737 
13342 752 751 738 753 
13343 1706 1749 1750 1708 
13344 1706 1750 1749 1747 
13345 35 3028 2994 3009 
13346 737 698 697 739 
13347 697 698 737 696 
13348 697 738 737 739 
13349 737 738 697 696 
13350 1764 1747 1765 1762 
13351 1764 1765 1747 1749 
13352 3128 2912 40 2992 
13353 3128 40 2912 2911 
13354 2314 3089 2269 2272 
13355 2314 2269 3089 3099 
13356 683 696 682 681 
13357 683 682 696 698 
13358 1764 1803 1804 1762 
13359 1764 1804 1803 1805 
13360 1948 1932 1930 1947 
13361 1948 1930 1932 1933 
13362 517 559 562 518 
13363 517 562 559 558 
13364 658 3137 702 684 
13365 699 702 3137 684 
13366 699 3137 702 3068 
13367 2386 3088 2389 2401 
13368 681 642 641 683 
13369 641 642 681 640 
13370 1828 1805 1829 1830 
13371 1828 1829 1805 1803 
13372 2250 2914 3127 2915 
13373 2250 2207 3127 2248 
13374 640 627 626 642 
13375 626 627 640 625 
13376 1830 1869 1870 1828 
13377 1870 1869 1830 1871 
13378 1933 1891 1889 1932 
13379 1933 1889 1891 1892 
13380 558 574 577 559 
13381 558 577 574 573 
13382 3104 399 357 398 
13383 3104 357 399 358 
13384 2311 2268 3099 2310 
13385 3099 2268 2311 2269 
13386 579 627 578 586 
13387 579 578 627 625 
13388 1869 1886 1887 1871 
13389 1869 1887 1886 1884 
13390 494 3096 3126 493 
13391 3126 3096 494 3090 
13392 3126 509 494 493 
13393 3060 502 454 501 
13394 3060 454 502 455 
13395 564 586 563 537 
13396 564 563 586 579 
13397 56 6 3099 2321 
13398 56 3099 6 2996 
13399 249 3099 6 2321 
13400 455 3104 441 442 
13401 441 3104 455 454 
13402 1884 1927 1928 1886 
13403 1884 1928 1927 1925 
13404 1876 1892 1874 1848 
13405 1874 1892 1876 1891 
13406 3034 3054 3028 2991 
13407 3028 3054 3034 3002 
13408 620 573 623 619 
13409 620 623 573 574 
13410 525 564 524 523 
13411 524 564 525 537 
13412 1942 1925 1943 1940 
13413 1943 1925 1942 1927 
13414 3095 2115 2154 2116 
13415 3095 2154 2115 2153 
13416 481 523 480 479 
13417 480 523 481 525 
13418 1981 1942 1982 1983 
13419 1981 1982 1942 1940 
13420 1848 1835 1833 1876 
13421 1848 1833 1835 1836 
13422 481 461 460 479 
13423 460 461 481 463 
13424 3118 3086 2697 2743 
13425 3118 2697 3086 3056 
13426 2700 2697 3086 2743 
13427 2700 3086 2697 3056 
13428 1981 1998 1999 1983 
13429 1981 1999 1998 1996 
13430 635 619 638 634 
13431 635 638 619 620 
13432 419 463 418 421 
13433 419 418 463 461 
13434 2039 1996 2040 2037 
13435 2040 1996 2039 1998 
13436 2252 3099 2269 2268 
13437 1836 1810 1808 1835 
13438 1808 1810 1836 1811 
13439 3023 2949 70 2950 
13440 3023 70 2949 3019 
13441 634 676 679 635 
13442 679 676 634 675 
13443 3057 2101 2116 2102 
13444 3057 2045 2061 2046 
13445 3057 2061 2045 2060 
13446 1811 1769 1767 1810 
13447 1767 1769 1811 1770 
13448 691 675 694 690 
13449 694 675 691 676 
13450 2981 3055 46 2980 
13451 2097 56 3095 2111 
13452 3095 56 2097 3057 
13453 1770 1754 1752 1769 
13454 1752 1754 1770 1755 
13455 387 3096 375 433 
13456 387 375 3096 3125 
13457 390 375 3096 433 
13458 732 690 735 731 
13459 732 735 690 691 
13460 3083 72 2964 2963 
13461 1755 1713 1711 1754 
13462 1711 1713 1755 1714 
13463 746 731 749 745 
13464 746 749 731 732 
13465 3079 2182 2200 3010 
13466 3079 2200 2182 2197 
13467 703 3068 3035 715 
13468 3035 3068 703 3135 
13469 3035 718 703 715 
13470 703 718 3035 3135 
13471 1698 1714 1696 1699 
13472 1698 1696 1714 1713 
13473 3045 3059 78 2928 
13474 78 3059 3045 2989 
13475 82 21 3059 2989 
13476 745 787 790 746 
13477 790 787 745 786 
13478 3110 3015 3039 2988 
13479 13 3039 3015 2988 
13480 3074 2965 71 2966 
13481 3104 442 398 441 
13482 3104 398 442 399 
13483 1657 1699 1655 1658 
13484 1655 1699 1657 1698 
13485 786 828 829 787 
13486 829 828 786 827 
13487 3014 2943 70 2944 
13488 1050 1006 3024 1049 
13489 3024 1006 1050 3124 
13490 3024 1066 1050 1049 
13491 1050 1066 3024 3124 
13492 3036 3067 48 49 
13493 3018 63 1389 1373 
13494 1246 1234 3042 3061 
13495 1237 1234 3042 1249 
13496 1237 3042 1234 3061 
13497 1658 1642 1640 1657 
13498 1640 1642 1658 1643 
13499 2437 2422 3033 2436 
13500 3033 3027 2437 2436 
13501 2437 3027 3033 3088 
13502 840 827 843 839 
13503 840 843 827 828 
13504 2153 2195 3095 2154 
13505 3095 2195 2153 2194 
13506 2919 2920 3140 2058 
13507 3140 2099 2919 2058 
13508 2919 2099 3140 2990 
13509 2345 3088 2389 2386 
13510 2389 3088 2345 3038 
13511 2437 2423 3033 2422 
13512 2437 3033 2423 3088 
13513 249 6 3033 250 
13514 3006 44 67 2987 
13515 3006 67 44 68 
13516 3014 3006 67 2987 
13517 3014 67 3006 68 
13518 3042 3006 3014 2987 
13519 2445 3077 2461 2458 
13520 2461 3077 2445 3062 
13521 3000 35 8 77 
13522 188 3093 3055 183 
13523 3055 3093 188 2982 
13524 1643 1601 1599 1642 
13525 1643 1599 1601 1602 
13526 881 839 884 880 
13527 884 839 881 840 
13528 3057 2060 2102 2061 
13529 3057 2102 2060 2101 
13530 591 542 3121 3039 
13531 545 542 3121 594 
13532 545 3121 542 3039 
13533 710 722 3121 3066 
13534 719 722 3121 707 
13535 719 3121 722 3066 
13536 2990 22 2919 2918 
13537 2000 2004 1985 2001 
13538 2000 1985 2004 3058 
13539 1986 1985 2004 2001 
13540 1986 2004 1985 3058 
13541 343 3008 358 342 
13542 357 358 3008 342 
13543 357 3008 358 3104 
13544 546 3110 3121 545 
13545 3121 3110 546 3126 
13546 3121 595 546 545 
13547 1586 1602 1584 1558 
13548 1586 1584 1602 1601 
13549 1948 1990 3058 1949 
13550 3058 1990 1948 1989 
13551 3033 2324 249 2363 
13552 3033 249 2324 3099 
13553 880 896 899 881 
13554 899 896 880 895 
13555 3079 2200 3127 3010 
13556 3079 3127 2200 2241 
13557 2919 21 3140 2920 
13558 1558 1545 1543 1586 
13559 1543 1545 1558 1546 
13560 895 937 940 896 
13561 895 940 937 936 
13562 134 133 3075 135 
13563 134 3075 133 3123 
13564 159 3075 133 135 
13565 159 133 3075 3123 
13566 2994 28 3002 27 
13567 2994 3002 28 3056 
13568 2995 3002 28 27 
13569 2995 28 3002 3056 
13570 2995 2894 2893 25 
13571 2995 2893 2894 3030 
13572 33 2995 2893 25 
13573 33 2893 2995 3030 
13574 2896 2895 2995 25 
13575 2895 2894 2995 25 
13576 2895 2995 2894 3030 
13577 1504 1546 1501 1505 
13578 1501 1546 1504 1545 
13579 936 952 955 937 
13580 955 952 936 951 
13581 3051 2557 53 2598 
13582 3086 2856 3118 3075 
13583 3086 3118 2856 2813 
13584 1489 1505 477 1491 
13585 477 1505 1489 1504 
13586 3135 702 3137 3068 
13587 3135 3137 702 658 
13588 3097 2897 28 2898 
13589 3097 28 2897 2995 
13590 3079 2992 23 3010 
13591 3107 964 3052 920 
13592 3107 3052 964 3108 
13593 951 993 996 952 
13594 996 993 951 992 
13595 209 2993 3125 258 
13596 209 3125 2993 3053 
13597 3007 2993 3125 3053 
13598 1370 1387 1388 1371 
13599 1388 1387 1370 1386 
13600 64 3061 3016 63 
13601 64 3016 1164 63 
13602 64 1164 2 63 
13603 1491 1450 473 1489 
13604 1491 473 1450 1451 
13605 992 1008 1011 993 
13606 992 1011 1008 1007 
13607 2000 2042 3057 2045 
13608 2000 3057 2042 2041 
13609 3046 3083 2965 3074 
13610 694 3083 2965 2964 
13611 694 2965 3083 3074 
13612 120 2889 3123 3091 
13613 2892 2889 3123 126 
13614 2892 3123 2889 3091 
13615 1451 1436 1434 1450 
13616 1451 1434 1436 1437 
13617 1051 1007 1054 1050 
13618 1051 1054 1007 1008 
13619 1371 1329 1372 1370 
13620 1371 1372 1329 1330 
13621 1331 1329 1372 1330 
13622 1126 1114 1113 1125 
13623 1113 1114 1126 1115 
13624 1113 1124 1126 1125 
13625 1126 1124 1113 1115 
13626 3084 3141 72 2958 
13627 3084 72 3141 3024 
13628 2957 72 3141 2958 
13629 2209 3089 2194 2210 
13630 2209 2194 3089 3095 
13631 2195 2194 3089 2210 
13632 2195 3089 2194 3095 
13633 230 2980 3055 2981 
13634 3055 2980 230 225 
13635 3141 950 3048 3024 
13636 1330 1314 1331 1329 
13637 1330 1331 1314 1315 
13638 1316 1314 1331 1315 
13639 1169 1125 1124 1168 
13640 1124 1125 1169 1126 
13641 1124 1167 1169 1168 
13642 61 1654 3106 1639 
13643 1109 1066 1111 1108 
13644 1111 1066 1109 1067 
13645 1315 1273 1316 1314 
13646 1316 1273 1315 1274 
13647 1168 1181 1167 1169 
13648 1167 1181 1168 1180 
13649 1074 1115 1073 1075 
13650 1073 1115 1074 1114 
13651 1225 1180 1208 1224 
13652 1225 1208 1180 1181 
13653 1280 1322 1279 1281 
13654 1279 1322 1280 1321 
13655 1161 1203 1204 1162 
13656 1204 1203 1161 1202 
13657 3088 2444 3077 3009 
13658 3088 3077 2444 2486 
13659 3085 3019 1254 3132 
13660 1257 1254 3019 3132 
13661 3106 1654 3116 1639 
13662 3106 3116 1654 3100 
13663 1655 3116 1654 1639 
13664 1655 1654 3116 3100 
13665 29 31 3055 3008 
13666 46 3055 31 3008 
13667 788 49 3098 830 
13668 788 3098 49 3036 
13669 59 1832 3073 1807 
13670 979 3052 964 967 
13671 964 3052 979 3108 
13672 1686 3113 1671 1645 
13673 2993 226 50 241 
13674 2604 3056 2648 2645 
13675 2648 3056 2604 3115 
13676 1437 1452 3018 1438 
13677 1437 3018 1452 3117 
13678 3018 3017 63 3022 
13679 2267 2248 3127 2265 
13680 2267 2913 3127 2914 
13681 2984 33 102 25 
13682 102 33 2984 3093 
13683 33 3055 2983 3093 
13684 2984 2983 33 25 
13685 33 2983 2984 3093 
13686 2822 18 3109 2835 
13687 163 3055 182 179 
13688 163 182 3055 3093 
13689 457 2988 50 443 
13690 54 20 3027 3051 
13691 2601 2557 3051 2598 
13692 1233 1245 3122 3061 
13693 498 3060 451 501 
13694 454 451 3060 501 
13695 454 3060 451 3104 
13696 22 2990 23 3010 
13697 3000 23 2990 3010 
13698 96 2877 3109 93 
13699 3109 99 96 93 
13700 96 99 3109 100 
13701 3065 3032 3029 3001 
13702 3065 3029 3032 2997 
13703 3089 2252 2269 2253 
13704 3089 2269 2252 3099 
13705 3004 3012 48 4 
13706 3004 48 3012 3011 
13707 2905 40 3031 2906 
13708 2267 2250 3127 2248 
13709 3127 2250 2267 2914 
13710 2577 3119 3027 2565 
13711 3027 3119 2577 3051 
13712 28 2900 3097 2899 
13713 28 3097 2900 3025 
13714 3093 2871 3030 3075 
13715 3093 3030 2871 2872 
13716 2859 3030 2871 3075 
13717 2859 2871 3030 2872 
13718 3085 1146 1104 1143 
13719 3121 654 610 607 
13720 610 654 3121 3126 
13721 610 595 3121 607 
13722 3061 3006 3085 3042 
13723 2912 2309 3127 2307 
13724 2912 3127 2309 2913 
13725 2265 3127 2309 2307 
13726 3108 3011 3012 3013 
13727 3108 3012 3011 3052 
13728 3096 378 375 390 
13729 3096 375 378 3125 
13730 59 1766 3082 1751 
13731 59 3082 1766 3073 
13732 2909 2376 3128 2373 
13733 2909 3128 2376 2910 
13734 2361 3128 2376 2373 
13735 451 3090 3060 498 
13736 451 3060 3090 3104 
13737 2725 2710 3021 2724 
13738 3021 2710 2725 2727 
13739 3021 2768 2725 2724 
13740 2725 2768 3021 2727 
13741 1654 3106 59 61 
13742 42 12 60 61 
13743 42 60 12 3029 
13744 2309 2267 3127 2265 
13745 3127 2267 2309 2913 
13746 530 3039 545 542 
13747 530 545 3039 3110 
13748 3127 2251 2250 2915 
13749 3127 2250 2251 2207 
13750 3125 212 3123 3053 
13751 3125 3123 212 213 
13752 46 2980 3008 2979 
13753 46 3008 2980 3055 
13754 240 3008 2980 2979 
13755 240 2980 3008 3055 
13756 2910 3128 2362 2911 
13757 2322 3128 2362 2361 
13758 2322 2362 3128 2911 
13759 2095 2053 2052 2094 
13760 2095 2052 2053 2054 
13761 579 626 627 585 
13762 579 627 626 625 
13763 2962 72 3083 2963 
13764 3083 72 2962 3084 
13765 2780 18 3109 2822 
13766 3109 2825 2780 2822 
13767 1886 1870 1869 1885 
13768 1869 1870 1886 1871 
13769 22 2251 3127 2915 
13770 22 3127 2251 3010 
13771 343 2976 3008 2977 
13772 46 3008 2976 2977 
13773 46 2976 3008 3104 
13774 3075 3053 33 3055 
13775 3075 33 3053 3034 
13776 1437 3018 1390 1395 
13777 1390 1434 1437 1395 
13778 3018 1432 1437 1390 
13779 3018 1437 1432 3117 
13780 1434 1437 1432 1390 
13781 1434 1432 1437 3117 
13782 2541 2904 3031 2905 
13783 2541 3031 2904 2994 
13784 40 3031 2904 2905 
13785 40 2904 3031 2994 
13786 3058 9 3057 10 
13787 3058 3057 9 3026 
13788 8 3057 9 10 
13789 8 9 3057 3026 
13790 564 585 586 536 
13791 564 586 585 579 
13792 1927 1885 1884 1926 
13793 1884 1885 1927 1886 
13794 2993 50 51 3007 
13795 51 16 2993 3007 
13796 3126 553 509 550 
13797 1926 1942 1925 1927 
13798 1926 1925 1942 1941 
13799 520 504 3041 519 
13800 520 3041 504 2988 
13801 14 3041 504 519 
13802 14 504 3041 2988 
13803 3072 3032 78 3045 
13804 59 3100 3106 1654 
13805 3098 789 3036 788 
13806 3098 3036 789 3130 
13807 747 3036 789 788 
13808 747 789 3036 3130 
13809 2556 2903 2994 2904 
13810 2556 2994 2903 3025 
13811 40 2994 2903 2904 
13812 3115 3062 2994 3077 
13813 3115 2994 3062 3031 
13814 1052 1 1068 2 
13815 1068 1 1052 3013 
13816 1009 3071 1 2 
13817 1 3071 1009 3013 
13818 1052 1009 1 2 
13819 1 1009 1052 3013 
13820 3085 3044 3006 3061 
13821 3085 3006 3044 3020 
13822 461 480 481 462 
13823 461 481 480 479 
13824 1998 1982 1981 1997 
13825 1998 1981 1982 1983 
13826 18 168 3109 94 
13827 171 3109 168 94 
13828 171 168 3109 2993 
13829 3091 17 3109 2991 
13830 3091 3109 17 2993 
13831 3125 3008 3015 3053 
13832 3125 3015 3008 3096 
13833 3032 3029 81 2997 
13834 462 419 463 461 
13835 463 419 462 420 
13836 2039 1997 1996 2038 
13837 2039 1996 1997 1998 
13838 11 9 3058 10 
13839 3058 9 11 3049 
13840 3117 3018 1500 476 
13841 61 1500 3018 476 
13842 68 3006 69 44 
13843 3033 6 2415 2374 
13844 8 3057 3050 3026 
13845 3103 3026 9 2998 
13846 9 2997 3103 2998 
13847 3103 2997 9 3049 
13848 45 3037 3112 2987 
13849 3112 3037 45 3001 
13850 3040 2989 3140 76 
13851 3040 3140 2989 3059 
13852 21 3140 2989 76 
13853 21 2989 3140 3059 
13854 3121 3110 3005 3039 
13855 3121 3005 3110 3126 
13856 5 3033 2457 3027 
13857 3104 459 2972 2973 
13858 3104 2972 459 3060 
13859 3110 3047 3039 3015 
13860 3110 3039 3047 3005 
13861 13 3039 3047 3015 
13862 13 3047 3039 3005 
13863 59 3029 2997 60 
13864 2997 3029 59 3064 
13865 1013 2954 3024 2955 
13866 3024 1014 1013 2955 
13867 1013 1014 3024 3124 
13868 1431 3018 474 1447 
13869 475 474 3018 1447 
13870 475 3018 474 3117 
13871 3074 634 633 675 
13872 3074 633 634 3070 
13873 3028 3077 2994 3009 
13874 2994 3077 3028 3002 
13875 3073 1836 1837 1811 
13876 3073 1837 1836 3069 
13877 3074 633 630 674 
13878 3074 630 633 3070 
13879 24 76 3140 21 
13880 3140 76 24 2990 
13881 3073 1837 1840 1812 
13882 3073 1840 1837 3069 
13883 1432 3018 474 1431 
13884 474 3018 1432 3117 
13885 3134 67 2987 3014 
13886 3134 2987 67 45 
13887 3108 3071 3011 3013 
13888 3108 3011 3071 3107 
13889 6 2457 3033 2415 
13890 3033 2457 6 5 
13891 3106 3064 59 3029 
13892 3106 59 3064 3100 
13893 1756 3082 1771 1755 
13894 1770 1771 3082 1755 
13895 1770 3082 1771 3073 
13896 3110 3096 3090 3015 
13897 3090 3096 3110 3126 
13898 3090 3047 3110 3015 
13899 3110 3047 3090 3126 
13900 3084 2961 3120 2960 
13901 3084 3120 2961 3102 
13902 829 3120 2961 2960 
13903 829 2961 3120 3102 
13904 3131 3028 3054 3051 
13905 3131 3054 3028 3002 
13906 3048 73 3046 72 
13907 31 25 2982 46 
13908 2990 23 2919 22 
13909 21 2919 23 22 
13910 3032 79 3072 78 
13911 79 67 2937 78 
13912 79 2937 67 80 
13913 2936 79 2937 78 
13914 3032 2989 79 78 
13915 2989 79 3059 82 
13916 2989 3059 79 78 
13917 3017 64 3018 63 
13918 64 61 1431 63 
13919 54 2542 6 53 
13920 51 184 18 50 
13921 59 10 3058 1888 
13922 3058 3049 59 1888 
13923 2988 50 14 457 
13924 38 72 3024 2956 
13925 48 14 2986 47 
13926 2989 3032 2985 2997 
13927 3032 81 2985 2997 
13928 3000 2990 76 2998 
13929 3000 8 76 77 
13930 3000 76 8 2998 
13931 2992 35 77 40 
13932 2992 77 35 3000 
13933 25 34 27 26 
13934 27 2995 34 25 
13935 27 34 2995 3002 
13936 33 34 2995 25 
13937 33 2995 34 3002 
13938 13 4 2986 14 
13939 3046 83 3004 3005 
13940 3048 39 3004 36 
13941 4 3004 39 36 
13942 4 39 3004 3012 
13943 64 3018 43 3017 
13944 3032 3001 45 3029 
13945 45 81 3032 3029 
13946 57 10 8 58 
13947 8 10 57 3057 
13948 64 43 3016 3061 
13949 3016 1 43 2 
13950 3016 43 1 3061 
13951 3122 3061 3013 3044 
13952 3122 3013 3061 3016 
13953 1 3013 3061 3044 
13954 1 3061 3013 3016 
13955 257 270 2993 258 
13956 3125 2993 270 258 
13957 269 270 2993 257 
13958 2993 254 269 257 
13959 273 3125 209 261 
13960 209 3125 273 258 
13961 209 259 273 261 
13962 273 259 209 258 
13963 781 3046 3066 769 
13964 3066 3046 781 3084 
13965 782 770 3046 769 
13966 3046 770 782 3084 
13967 781 782 3046 769 
13968 3046 782 781 3084 
13969 2992 3038 3079 3000 
13970 3038 5 35 3009 
13971 2992 35 3038 3000 
13972 3038 35 2992 3009 
13973 950 3048 935 3141 
13974 3048 3084 894 3141 
13975 935 894 3048 891 
13976 3048 894 935 3141 
13977 2024 2069 3063 2025 
13978 2072 3063 2069 2025 
13979 1115 3016 584 580 
13980 584 3016 1115 1126 
13981 584 1124 1115 580 
13982 1115 1124 584 1126 
13983 3026 2069 3063 2024 
13984 3026 3063 2069 3050 
13985 2050 2068 3026 2024 
13986 2068 2069 3026 2024 
13987 2068 3026 2069 3050 
13988 3009 2401 3088 2444 
13989 3077 2445 3009 2444 
13990 3077 3009 2445 3062 
13991 2445 2401 3009 2444 
13992 2445 3009 2401 3062 
13993 269 315 2993 270 
13994 269 2993 315 3007 
13995 3125 2993 315 270 
13996 3125 315 2993 3007 
13997 3017 3006 44 43 
13998 44 42 3017 43 
13999 3013 1115 3122 1116 
14000 3013 3122 1115 3016 
14001 1127 3122 1115 1116 
14002 1127 1115 3122 3016 
14003 2998 2989 2985 2997 
14004 2998 2985 2989 76 
14005 81 12 2985 2997 
14006 81 2985 12 76 
14007 821 3084 3066 781 
14008 3066 778 821 781 
14009 819 821 3066 778 
14010 3066 821 819 3076 
14011 3066 765 777 778 
14012 777 765 3066 3076 
14013 819 3066 777 778 
14014 777 3066 819 3076 
14015 3058 2008 1949 1990 
14016 3058 1949 2008 1964 
14017 1992 1949 2008 1990 
14018 1992 2008 1949 1964 
14019 2328 2329 3078 2314 
14020 3078 2329 2328 3033 
14021 2328 3078 3099 2314 
14022 3099 3078 2328 3033 
14023 2328 3099 2311 2314 
14024 2783 2780 3109 2825 
14025 3109 2780 2783 2991 
14026 3109 2826 2783 2825 
14027 2783 2826 3109 2991 
14028 2537 2552 3025 2555 
14029 3025 2552 2537 3115 
14030 2080 2066 2050 2065 
14031 2560 2557 3051 2601 
14032 3051 2557 2560 3027 
14033 3051 2602 2560 2601 
14034 2560 2602 3051 3027 
14035 798 799 3068 757 
14036 798 3068 799 3101 
14037 758 3068 799 757 
14038 758 799 3068 3101 
14039 736 695 3067 693 
14040 3067 695 736 3130 
14041 3067 734 736 693 
14042 736 734 3067 3130 
14043 3043 3040 1961 3063 
14044 3043 1916 1961 1917 
14045 3103 1960 3043 1916 
14046 3103 3043 1960 3063 
14047 1961 3043 1960 1916 
14048 1961 1960 3043 3063 
14049 807 795 3130 794 
14050 3130 795 807 3094 
14051 3130 806 807 794 
14052 253 296 2993 254 
14053 269 2993 296 254 
14054 269 296 2993 3007 
14055 422 407 2988 421 
14056 404 2988 407 421 
14057 404 407 2988 3007 
14058 3058 1965 3103 1953 
14059 3058 3103 1965 3026 
14060 1968 3103 1965 1953 
14061 1968 1965 3103 3026 
14062 1298 1297 3105 1342 
14063 1298 3105 1297 3061 
14064 1341 3105 1297 1342 
14065 3072 3133 79 80 
14066 1973 2020 3040 1976 
14067 3040 2020 1973 3063 
14068 3040 1961 1973 1976 
14069 1973 1961 3040 3063 
14070 848 807 3098 806 
14071 848 3098 807 3094 
14072 3130 3098 807 806 
14073 3130 807 3098 3094 
14074 1879 1920 3040 1921 
14075 3040 1920 1879 3043 
14076 3040 1880 1879 1921 
14077 1879 1880 3040 3043 
14078 3020 1046 3092 1045 
14079 3020 3092 1046 3024 
14080 1033 3092 1046 1045 
14081 1046 1034 3092 1033 
14082 1046 3092 1034 3024 
14083 987 3092 1034 1033 
14084 894 876 3048 891 
14085 3048 876 894 3084 
14086 1034 988 3092 987 
14087 1034 3092 988 3024 
14088 975 3092 988 987 
14089 975 988 3092 3024 
14090 1063 1018 3013 1060 
14091 3013 1018 1063 3108 
14092 3013 1079 1063 1060 
14093 1063 1079 3013 3108 
14094 1860 3043 1845 1819 
14095 1845 1857 3043 1860 
14096 1845 3043 1857 3103 
14097 1904 3043 1857 1860 
14098 1904 1857 3043 3103 
14099 3063 2085 2073 2072 
14100 3063 2073 2085 3087 
14101 3050 3063 2084 3087 
14102 2084 2085 3063 2072 
14103 2084 3063 2085 3087 
14104 3122 1186 1245 1233 
14105 3122 1245 1186 1230 
14106 1231 1186 1245 1230 
14107 1233 3122 1174 1189 
14108 1174 3122 1233 1186 
14109 1174 1187 1233 1189 
14110 1233 1187 1174 1186 
14111 1229 1241 3061 1242 
14112 3061 1241 1229 3122 
14113 3061 1245 1230 1242 
14114 1230 1245 3061 3122 
14115 1229 3061 1230 1242 
14116 1230 3061 1229 3122 
14117 1419 1416 3139 1463 
14118 1416 1460 3139 1463 
14119 1416 3139 1460 3105 
14120 245 295 2993 253 
14121 245 2993 295 3007 
14122 296 2993 295 253 
14123 296 295 2993 3007 
14124 1120 1080 3122 1079 
14125 1120 3122 1080 3044 
14126 3108 3122 1080 1079 
14127 3108 1080 3122 3044 
14128 3109 146 104 103 
14129 3109 104 146 109 
14130 105 104 146 103 
14131 105 146 104 109 
14132 1257 1272 3019 1273 
14133 1257 3019 1272 3132 
14134 1319 3019 1314 1273 
14135 1319 1314 3019 3132 
14136 3019 1272 1314 1273 
14137 3019 1314 1272 3132 
14138 912 3092 971 924 
14139 971 3092 912 927 
14140 912 926 971 927 
14141 48 3011 3036 49 
14142 3036 3011 48 3035 
14143 2230 2217 3078 2229 
14144 3078 2217 2230 3129 
14145 3078 2277 2230 2229 
14146 2230 2277 3078 3129 
14147 3085 3006 3023 75 
14148 3085 3023 3006 3020 
14149 39 3023 3006 75 
14150 39 3006 3023 3020 
14151 1407 1404 3139 1419 
14152 1407 3139 1404 3105 
14153 1416 3139 1404 1419 
14154 1416 1404 3139 3105 
14155 1297 3022 3105 1341 
14156 1297 3105 3022 3061 
14157 1506 3018 1550 3106 
14158 3018 1550 3080 1509 
14159 3018 3080 1550 3106 
14160 3080 1550 1551 1509 
14161 3073 3069 59 3049 
14162 3073 59 3069 1832 
14163 1873 3069 59 1832 
14164 3085 1146 1107 1104 
14165 1107 1146 3085 3023 
14166 1107 1092 3085 1104 
14167 3085 1092 1107 3023 
14168 3050 3063 2998 3026 
14169 2998 8 3050 3026 
14170 3050 8 2998 3000 
14171 3131 2633 3021 2677 
14172 3131 3021 2633 3051 
14173 2632 3021 2633 2677 
14174 2632 2633 3021 3051 
14175 3069 1888 59 3049 
14176 3069 59 1888 1873 
14177 1646 1690 3113 1649 
14178 3072 3113 1690 1649 
14179 3072 1690 3113 3111 
14180 2835 2878 3109 2880 
14181 2835 3109 2878 2877 
14182 100 3109 2878 2880 
14183 2430 2907 3031 2908 
14184 3031 2907 2430 2429 
14185 3031 2414 2430 2908 
14186 2430 2414 3031 2429 
14187 3113 1687 1690 1646 
14188 3113 1690 1687 3111 
14189 2878 96 3109 100 
14190 2878 3109 96 2877 
14191 3007 51 2988 50 
14192 14 2988 51 50 
14193 14 51 2988 15 
14194 2376 2362 3128 2361 
14195 3128 2362 2376 2910 
14196 51 16 2988 15 
14197 51 2988 16 3007 
14198 3015 16 2988 3007 
14199 1946 2923 3059 2924 
14200 1946 3059 2923 3140 
14201 21 3059 2923 2924 
14202 21 2923 3059 3140 
14203 1013 1056 3024 2954 
14204 3024 1056 1013 3124 
14205 3042 3085 75 3006 
14206 3134 1427 3112 1471 
14207 3134 3112 1427 3014 
14208 3112 3139 1427 3014 
14209 3139 1424 1427 3014 
14210 1714 1715 3100 1699 
14211 1714 3100 1715 3082 
14212 1700 3100 1715 1699 
14213 1700 1715 3100 3082 
14214 184 2993 227 226 
14215 184 227 2993 229 
14216 241 227 2993 226 
14217 241 2993 227 229 
14218 3058 3103 9 3049 
14219 9 3103 3058 3026 
14220 3087 3050 2990 3000 
14221 3087 2990 3050 3063 
14222 2998 2990 3050 3000 
14223 2998 3050 2990 3063 
14224 43 42 3018 61 
14225 43 3018 42 3017 
14226 3070 83 3074 3046 
14227 3070 3074 83 71 
14228 3074 83 74 3046 
14229 3074 74 83 71 
14230 3119 3088 5 3027 
14231 3119 5 3088 3009 
14232 3141 2956 72 2957 
14233 3141 72 2956 3024 
14234 3028 3077 3131 3002 
14235 3131 3077 3028 3119 
14236 1506 3138 3018 3106 
14237 1506 3018 3138 3117 
14238 1500 3138 3018 3117 
14239 3018 3138 61 3106 
14240 3018 61 3138 1500 
14241 1542 3138 61 1500 
14242 3138 1583 61 3106 
14243 3138 61 1583 1542 
14244 3032 81 2989 2985 
14245 21 81 2989 82 
14246 76 9 2985 12 
14247 76 2985 9 2998 
14248 2997 2985 9 12 
14249 2997 9 2985 2998 
14250 4 83 3004 36 
14251 4 3004 83 3005 
14252 3015 29 13 16 
14253 3015 13 29 3047 
14254 29 31 2982 3055 
14255 71 2972 29 3104 
14256 31 29 2972 3104 
14257 670 629 3046 3126 
14258 3046 629 670 671 
14259 184 51 16 2993 
14260 3135 599 643 646 
14261 643 599 3135 3137 
14262 643 658 3135 646 
14263 3135 658 643 3137 
14264 16 17 184 2993 
14265 184 17 16 18 
14266 17 168 184 2993 
14267 184 168 17 18 
14268 17 3109 168 2993 
14269 168 3109 17 18 
14270 8 5 2996 7 
14271 2996 57 8 7 
14272 3038 5 3088 2996 
14273 3038 3088 5 3009 
14274 3034 20 3002 33 
14275 3034 3002 20 3028 
14276 34 3002 20 33 
14277 34 20 3002 3028 
14278 1816 1815 3049 1841 
14279 1816 3049 1815 3064 
14280 3103 1816 3049 1841 
14281 3103 3049 1816 3064 
14282 1844 1816 3103 1841 
14283 1844 3103 1816 3064 
14284 2290 2289 2292 2336 
14285 2290 2292 2289 2277 
14286 3129 2289 2292 2277 
14287 3102 770 826 785 
14288 784 826 770 785 
14289 784 770 826 782 
14290 3084 770 826 3102 
14291 826 770 3084 782 
14292 4 3003 2986 47 
14293 4 48 3003 47 
14294 3003 3036 48 3035 
14295 48 3036 3003 47 
14296 3004 48 3003 4 
14297 3004 3003 48 3035 
14298 1841 1853 3049 3103 
14299 3049 1853 1841 1840 
14300 3038 3062 2992 3079 
14301 3038 2992 3062 3009 
14302 1305 1349 3105 3042 
14303 3105 1349 1305 1302 
14304 3105 1290 1305 3042 
14305 1305 1290 3105 1302 
14306 326 323 3125 3096 
14307 326 3125 323 278 
14308 2032 3087 3040 2033 
14309 3040 3087 2032 3063 
14310 3040 2020 2032 2033 
14311 2032 2020 3040 3063 
14312 1961 1935 3043 1917 
14313 1961 3043 1935 3040 
14314 1920 3043 1935 1917 
14315 1920 1935 3043 3040 
14316 2692 3021 2735 2718 
14317 2692 2735 3021 3054 
14318 2732 2735 3021 2718 
14319 2732 3021 2735 3054 
14320 3021 2692 3131 2680 
14321 3021 3131 2692 3054 
14322 2693 3131 2692 2680 
14323 2693 2692 3131 3054 
14324 3088 2344 3078 2329 
14325 1293 1247 1234 1246 
14326 1234 1247 1293 1249 
14327 1234 3042 1293 1246 
14328 1293 3042 1234 1249 
14329 3083 686 744 730 
14330 3083 744 686 727 
14331 728 686 744 727 
14332 464 482 3110 485 
14333 464 3110 482 2988 
14334 529 3110 482 485 
14335 529 482 3110 2988 
14336 3040 2051 2021 2033 
14337 3040 2021 2051 2036 
14338 2035 2021 2051 2033 
14339 2035 2051 2021 2036 
14340 1662 1616 1603 1644 
14341 1603 1616 1662 1618 
14342 1603 3116 1662 1644 
14343 1662 3116 1603 1618 
14344 3127 2258 2285 2300 
14345 2285 2258 3127 3079 
14346 2285 2297 3127 2300 
14347 3127 2297 2285 3079 
14348 3106 1663 3065 1619 
14349 3106 3065 1663 3064 
14350 1666 3065 1663 1619 
14351 1666 1663 3065 3064 
14352 1365 1366 3132 1353 
14353 1365 3132 1366 3139 
14354 3042 1365 3132 1353 
14355 3042 3132 1365 3139 
14356 1350 1365 3042 1353 
14357 1350 3042 1365 3139 
14358 1683 1686 3113 1671 
14359 3113 1686 1683 3136 
14360 3113 3065 1683 1671 
14361 1683 3065 3113 3136 
14362 2073 3087 2029 2076 
14363 2073 2029 3087 3063 
14364 2032 2029 3087 2076 
14365 2032 3087 2029 3063 
14366 3105 3037 1460 3080 
14367 3105 1460 3037 3139 
14368 1463 1460 3037 3080 
14369 1463 3037 1460 3139 
14370 3100 3082 1674 1700 
14371 3100 1674 3082 3064 
14372 1718 1674 3082 1700 
14373 1718 3082 1674 3064 
14374 1369 1370 3132 1328 
14375 1369 3132 1370 3014 
14376 1329 3132 1370 1328 
14377 1329 1370 3132 3014 
14378 947 3048 950 3024 
14379 947 950 3048 932 
14380 3109 117 2885 112 
14381 114 2885 117 112 
14382 2885 3091 117 3109 
14383 117 3091 2885 118 
14384 2556 2555 2994 3025 
14385 2994 2555 2556 2540 
14386 2555 3115 2994 3025 
14387 2994 3115 2555 2540 
14388 2555 2537 3115 3025 
14389 3115 2537 2555 2540 
14390 2166 2165 3129 2178 
14391 2166 3129 2165 3087 
14392 3079 2166 3129 2178 
14393 3079 3129 2166 3087 
14394 2181 3079 2166 3087 
14395 1957 1969 3063 1972 
14396 3063 1969 1957 3103 
14397 3063 1960 1957 1972 
14398 1957 1960 3063 3103 
14399 2272 2314 3078 2315 
14400 3078 2314 2272 3089 
14401 3078 2273 2272 2315 
14402 2272 2273 3078 3089 
14403 3119 2628 2569 2581 
14404 3119 2569 2628 2584 
14405 2582 2569 2628 2581 
14406 2582 2628 2569 2584 
14407 2973 46 3104 2974 
14408 46 2972 3104 31 
14409 46 3104 2972 2973 
14410 71 31 29 2972 
14411 29 31 71 32 
14412 1908 1909 3049 1896 
14413 1908 3049 1909 3058 
14414 3069 1908 3049 1896 
14415 3069 3049 1908 3058 
14416 1893 1908 3069 1896 
14417 1893 3069 1908 3058 
14418 3131 2621 2577 3051 
14419 3131 2580 2577 2624 
14420 2577 2580 3131 3051 
14421 3078 2344 2315 2329 
14422 3078 2315 2344 2332 
14423 2330 2315 2344 2329 
14424 2330 2344 2315 2332 
14425 2345 3078 3088 2344 
14426 2345 3088 3078 3038 
14427 2622 2636 2577 2624 
14428 2622 2577 2636 2621 
14429 3131 2577 2636 2624 
14430 3131 2636 2577 2621 
14431 2871 2869 2857 2856 
14432 2871 2857 2869 2870 
14433 674 672 631 630 
14434 631 672 674 673 
14435 689 687 672 671 
14436 689 672 687 688 
14437 686 729 744 730 
14438 744 729 686 728 
14439 633 631 616 615 
14440 633 616 631 632 
14441 618 616 570 569 
14442 618 570 616 617 
14443 744 771 728 727 
14444 728 771 744 772 
14445 1593 1591 1576 1575 
14446 1576 1591 1593 1592 
14447 1578 1576 1535 1534 
14448 1535 1576 1578 1577 
14449 1649 1647 1632 1631 
14450 1649 1632 1647 1648 
14451 1634 1632 1591 1590 
14452 1591 1632 1634 1633 
14453 116 2885 117 114 
14454 116 117 2885 118 
14455 1537 1535 1523 1522 
14456 1523 1535 1537 1536 
14457 1690 1688 1647 1646 
14458 1690 1647 1688 1689 
14459 1939 1937 1922 1921 
14460 1939 1922 1937 1938 
14461 1924 1922 1881 1880 
14462 1881 1922 1924 1923 
14463 2592 2590 2549 2548 
14464 2549 2590 2592 2591 
14465 2648 2646 2605 2604 
14466 2648 2605 2646 2647 
14467 659 661 705 706 
14468 705 661 659 660 
14469 86 166 89 87 
14470 89 166 86 143 
14471 89 144 86 87 
14472 86 144 89 143 
14473 196 194 148 147 
14474 196 148 194 195 
14475 178 176 160 159 
14476 160 176 178 177 
14477 2258 2256 2239 2238 
14478 2258 2239 2256 2257 
14479 2300 2298 2256 2285 
14480 2256 2298 2300 2299 
14481 613 629 612 611 
14482 613 612 629 628 
14483 656 612 629 611 
14484 656 629 612 628 
14485 2452 2450 2407 2406 
14486 2452 2407 2450 2451 
14487 714 712 668 667 
14488 668 712 714 713 
14489 670 668 656 655 
14490 670 656 668 669 
14491 2356 2354 2342 2341 
14492 2342 2354 2356 2355 
14493 2316 2342 2298 2297 
14494 2298 2342 2316 2343 
14495 2607 2605 2590 2589 
14496 2590 2605 2607 2606 
14497 743 741 700 699 
14498 743 700 741 742 
14499 2200 2198 2183 2182 
14500 2183 2198 2200 2199 
14501 2859 2857 2814 2813 
14502 2814 2857 2859 2858 
14503 2397 2395 2354 2353 
14504 2397 2354 2395 2396 
14505 2409 2407 2395 2394 
14506 2409 2395 2407 2408 
14507 592 542 593 594 
14508 592 593 542 543 
14509 544 593 542 594 
14510 544 542 593 543 
14511 2465 2463 2450 2449 
14512 2450 2463 2465 2464 
14513 314 312 297 296 
14514 297 312 314 313 
14515 257 255 206 205 
14516 206 255 257 256 
14517 206 207 257 205 
14518 257 207 206 256 
14519 278 280 325 326 
14520 325 280 278 279 
14521 2816 2814 2801 2800 
14522 2801 2814 2816 2815 
14523 2241 2239 2198 2197 
14524 2198 2239 2241 2240 
14525 590 540 538 539 
14526 590 538 540 541 
14527 526 538 540 539 
14528 526 540 538 541 
14529 482 484 528 529 
14530 528 484 482 483 
14531 599 601 645 646 
14532 645 601 599 600 
14533 645 644 599 646 
14534 599 644 645 600 
14535 769 767 724 723 
14536 724 767 769 768 
14537 509 511 552 553 
14538 552 511 509 510 
14539 155 157 203 204 
14540 155 203 157 156 
14541 1130 1128 1117 1116 
14542 1130 1117 1128 1129 
14543 1134 1132 1121 1120 
14544 1121 1132 1134 1133 
14545 494 496 511 512 
14546 511 496 494 495 
14547 1177 1175 1132 1131 
14548 1132 1175 1177 1176 
14549 201 203 215 216 
14550 201 215 203 202 
14551 1173 1171 1128 1127 
14552 1173 1128 1171 1172 
14553 1037 1065 1023 1022 
14554 1037 1023 1065 1036 
14555 1156 1154 1140 1139 
14556 1156 1140 1154 1155 
14557 821 822 779 778 
14558 821 779 822 820 
14559 911 909 865 864 
14560 911 865 909 910 
14561 1045 1043 1031 1030 
14562 1031 1043 1045 1044 
14563 1025 1023 977 976 
14564 1025 977 1023 1024 
14565 928 930 974 975 
14566 974 930 928 929 
14567 974 973 928 975 
14568 928 973 974 929 
14569 1186 1232 1245 1233 
14570 1245 1232 1186 1231 
14571 1241 1239 1227 1226 
14572 1227 1239 1241 1240 
14573 1253 1251 1210 1209 
14574 1210 1251 1253 1252 
14575 1345 1343 1299 1298 
14576 1299 1343 1345 1344 
14577 1622 1620 1608 1607 
14578 1608 1620 1622 1621 
14579 320 274 321 322 
14580 320 321 274 275 
14581 276 321 274 322 
14582 276 274 321 275 
14583 1666 1664 1620 1619 
14584 1620 1664 1666 1665 
14585 1678 1676 1664 1663 
14586 1678 1664 1676 1677 
14587 1554 1552 1511 1510 
14588 1511 1552 1554 1553 
14589 1353 1351 1307 1306 
14590 1307 1351 1353 1352 
14591 1365 1363 1351 1350 
14592 1365 1351 1363 1364 
14593 2067 2050 2080 2066 
14594 2067 2080 2050 2068 
14595 2119 2117 2103 2102 
14596 2103 2117 2119 2118 
14597 2105 2103 2062 2061 
14598 2105 2062 2103 2104 
14599 1757 1715 1758 1759 
14600 1757 1758 1715 1716 
14601 1717 1758 1715 1759 
14602 1717 1715 1758 1716 
14603 2064 2062 2047 2046 
14604 2064 2047 2062 2063 
14605 1837 1839 1851 1852 
14606 1837 1851 1839 1838 
14607 1956 1954 1910 1909 
14608 1910 1954 1956 1955 
14609 2580 2578 2566 2565 
14610 2580 2566 2578 2579 
14611 2680 2678 2634 2633 
14612 2680 2634 2678 2679 
14613 2288 2286 2274 2273 
14614 2274 2286 2288 2287 
14615 2169 2167 2155 2154 
14616 2155 2167 2169 2168 
14617 2568 2566 2522 2521 
14618 2568 2522 2566 2567 
14619 2276 2274 2227 2226 
14620 2227 2274 2276 2275 
14621 2325 2327 2366 2367 
14622 2366 2327 2325 2326 
14623 596 546 597 598 
14624 596 597 546 547 
14625 548 597 546 598 
14626 548 546 597 547 
14627 708 663 709 710 
14628 708 709 663 664 
14629 665 709 663 710 
14630 665 663 709 664 
14631 763 719 764 765 
14632 763 764 719 720 
14633 721 764 719 765 
14634 721 719 764 720 
14635 857 815 858 859 
14636 857 858 815 816 
14637 817 858 815 859 
14638 817 815 858 816 
14639 1920 1918 1877 1905 
14640 1920 1877 1918 1919 
14641 1935 1962 1918 1917 
14642 1918 1962 1935 1963 
14643 1976 1974 1962 1961 
14644 1962 1974 1976 1975 
14645 925 971 912 926 
14646 925 912 971 924 
14647 1136 1096 1137 1138 
14648 1136 1137 1096 1097 
14649 1098 1137 1096 1138 
14650 1098 1096 1137 1097 
14651 1858 1845 1859 1860 
14652 1858 1859 1845 1846 
14653 1847 1859 1845 1860 
14654 1847 1845 1859 1846 
14655 2196 2223 2179 2178 
14656 2196 2179 2223 2224 
14657 128 132 131 133 
14658 128 131 132 130 
14659 2570 2525 2571 2572 
14660 2570 2571 2525 2526 
14661 2527 2571 2525 2572 
14662 2527 2525 2571 2526 
14663 2296 2294 2282 2281 
14664 2282 2294 2296 2295 
14665 2340 2338 2294 2293 
14666 2294 2338 2340 2339 
14667 2393 2391 2350 2349 
14668 2393 2350 2391 2392 
14669 2405 2403 2391 2390 
14670 2405 2391 2403 2404 
14671 2461 2459 2446 2445 
14672 2446 2459 2461 2460 
14673 2446 2447 2461 2445 
14674 2461 2447 2446 2460 
14675 2491 2489 2459 2458 
14676 2459 2489 2491 2490 
14677 2364 2366 2380 2381 
14678 2364 2380 2366 2365 
14679 2875 2873 2861 2860 
14680 2875 2861 2873 2874 
14681 2378 2380 2421 2422 
14682 2378 2421 2380 2379 
14683 2863 2861 2818 2817 
14684 2818 2861 2863 2862 
14685 2084 2069 3063 3050 
14686 3063 2069 2084 2072 
14687 3079 2178 2237 2196 
14688 3079 2237 2178 2222 
14689 2223 2237 2178 2196 
14690 2223 2178 2237 2222 
14691 2292 2289 3038 2336 
14692 3038 2289 2292 3129 
14693 3038 2337 2292 2336 
14694 2292 2293 3038 3129 
14695 2292 3038 2293 2337 
14696 3079 3038 2293 3129 
14697 3079 2293 3038 2337 
14698 278 3055 3008 3125 
14699 3008 3055 278 281 
14700 3008 326 278 3125 
14701 278 326 3008 281 
14702 1201 1202 3023 1160 
14703 3023 1202 1201 3019 
14704 3023 3085 1201 1160 
14705 1201 3085 3023 3019 
14706 3043 1845 3114 3103 
14707 1790 3114 1845 3103 
14708 1790 1845 3114 1791 
14709 1427 1424 3112 1471 
14710 1427 3112 1424 3139 
14711 1468 3112 1424 1471 
14712 1468 1424 3112 3139 
14713 1964 2008 3026 2009 
14714 3026 2008 1964 3058 
14715 3026 1965 1964 2009 
14716 1964 1965 3026 3058 
14717 358 2976 3008 343 
14718 358 3008 2976 3104 
14719 1507 1492 1550 1506 
14720 1507 1550 1492 1509 
14721 3018 1550 1492 1506 
14722 3018 1492 1550 1509 
14723 407 363 364 366 
14724 364 363 407 405 
14725 364 365 407 366 
14726 407 365 364 405 
14727 2996 3000 8 57 
14728 408 407 2988 422 
14729 2988 407 408 3007 
14730 2988 3110 408 422 
14731 408 3110 2988 3007 
14732 2389 2401 3009 3062 
14733 3009 2401 2389 3088 
14734 3009 3038 2389 3062 
14735 2389 3038 3009 3088 
14736 3126 553 512 509 
14737 512 553 3126 3090 
14738 512 494 3126 509 
14739 3126 494 512 3090 
14740 3099 6 3033 249 
14741 3099 3033 6 2996 
14742 791 806 3098 3130 
14743 3098 806 791 803 
14744 3098 789 791 3130 
14745 791 789 3098 803 
14746 286 285 3055 3008 
14747 3055 285 286 239 
14748 3055 240 286 3008 
14749 286 240 3055 239 
14750 1550 1563 3080 1551 
14751 1550 3080 1563 3106 
14752 2965 72 3083 3046 
14753 3083 72 2965 2964 
14754 2783 2780 3021 2991 
14755 2783 3021 2780 2765 
14756 53 2780 3021 2765 
14757 3048 3066 821 3084 
14758 3048 821 3066 3076 
14759 3085 3023 69 75 
14760 69 3042 3085 75 
14761 70 3023 3085 3019 
14762 70 3085 3023 69 
14763 3042 70 3085 3019 
14764 3042 3085 70 69 
14765 3014 70 3042 3019 
14766 3014 3042 70 69 
14767 3023 38 69 75 
14768 70 38 3023 2951 
14769 70 3023 38 69 
14770 3036 3003 2986 3067 
14771 2986 3003 3036 47 
14772 2986 48 3036 3067 
14773 3036 48 2986 47 
14774 14 49 2986 692 
14775 14 2986 49 48 
14776 3067 2986 49 692 
14777 3067 49 2986 48 
14778 3099 2325 2328 2311 
14779 3099 2328 2325 3033 
14780 3006 3014 69 3042 
14781 3006 69 3014 68 
14782 592 542 606 591 
14783 592 606 542 594 
14784 3121 606 542 591 
14785 3121 542 606 594 
14786 708 722 663 710 
14787 708 663 722 707 
14788 3121 663 722 710 
14789 3121 722 663 707 
14790 3121 610 598 595 
14791 598 610 3121 3126 
14792 598 546 3121 595 
14793 3121 546 598 3126 
14794 2068 3026 2080 2050 
14795 2068 2080 3026 3050 
14796 2065 2080 3026 2050 
14797 2065 3026 2080 3050 
14798 59 3049 2997 3064 
14799 56 3089 2246 3099 
14800 2205 56 3089 2246 
14801 2205 3089 56 3095 
14802 2895 2995 2779 2896 
14803 2895 2779 2995 3030 
14804 3097 2779 2995 2896 
14805 3097 2995 2779 3030 
14806 23 3010 3127 22 
14807 3127 3010 23 2992 
14808 3024 72 3048 3084 
14809 2 64 3016 1164 
14810 122 2889 125 120 
14811 122 125 2889 126 
14812 3123 125 2889 120 
14813 3123 2889 125 126 
14814 638 2966 3070 2967 
14815 638 3070 2966 3074 
14816 71 3070 2966 2967 
14817 71 2966 3070 3074 
14818 1329 1372 1375 1331 
14819 1329 1375 1372 1370 
14820 932 3048 935 950 
14821 935 3048 932 891 
14822 935 934 932 950 
14823 932 934 935 891 
14824 1314 1331 1334 1316 
14825 1314 1334 1331 1329 
14826 1169 1124 584 1167 
14827 584 1124 1169 1126 
14828 3085 1216 1257 3019 
14829 1257 1216 3085 1213 
14830 1257 1254 3085 3019 
14831 3085 1254 1257 1213 
14832 33 29 2982 3055 
14833 2982 29 33 25 
14834 2982 2983 33 3055 
14835 33 2983 2982 25 
14836 3057 2098 2115 2101 
14837 2115 2098 3057 3095 
14838 2115 2116 3057 2101 
14839 3057 2116 2115 3095 
14840 54 20 2542 3027 
14841 1110 2 1 3016 
14842 1110 1 2 1068 
14843 3013 1110 1 3016 
14844 3013 1 1110 1068 
14845 581 1110 3013 3016 
14846 581 3013 1110 1068 
14847 2179 2196 2166 2181 
14848 2179 2166 2196 2178 
14849 3079 2166 2196 2181 
14850 3079 2196 2166 2178 
14851 67 3014 69 68 
14852 67 70 3014 2943 
14853 3014 70 67 69 
14854 2991 3028 20 3051 
14855 20 54 2991 3051 
14856 2991 54 20 19 
14857 3051 3021 54 2991 
14858 3051 54 3021 53 
14859 53 18 3109 2780 
14860 53 3109 18 54 
14861 2991 53 3109 2780 
14862 2991 3109 53 54 
14863 3021 53 2991 2780 
14864 3021 2991 53 54 
14865 60 61 3106 42 
14866 3106 61 60 59 
14867 3106 3029 60 42 
14868 60 3029 3106 59 
14869 690 689 3083 731 
14870 690 3083 689 3074 
14871 730 3083 689 731 
14872 730 689 3083 3074 
14873 1845 1819 3114 1791 
14874 1845 3114 1819 3043 
14875 1794 3114 1819 1791 
14876 1794 1819 3114 3043 
14877 3000 57 3050 8 
14878 3000 3050 57 2999 
14879 3057 3050 57 8 
14880 3057 57 3050 2999 
14881 1 3044 3006 3012 
14882 3006 39 1 3012 
14883 1 39 3006 43 
14884 1 3061 3006 3044 
14885 1 3006 3061 43 
14886 2994 2903 28 40 
14887 2994 28 2903 3025 
14888 20 5 2542 3027 
14889 20 2542 5 6 
14890 2542 5 2501 3027 
14891 2542 2501 5 6 
14892 2501 5 2471 3027 
14893 2501 2471 5 6 
14894 2471 5 2457 3027 
14895 2471 2457 5 6 
14896 20 3027 3119 5 
14897 3119 3027 20 3051 
14898 3119 3028 20 5 
14899 20 3028 3119 3051 
14900 48 4 1 3 
14901 1 2 48 3 
14902 49 3071 48 3011 
14903 49 48 3071 2 
14904 1 48 3071 3011 
14905 1 3071 48 2 
14906 3041 13 2986 14 
14907 2986 13 3041 3003 
14908 2986 3067 3041 14 
14909 3041 3067 2986 3003 
14910 18 54 2991 19 
14911 2991 54 18 3109 
14912 2991 17 18 19 
14913 18 17 2991 3109 
14914 73 3046 3004 3048 
14915 3004 36 73 3048 
14916 60 59 3049 2997 
14917 9 12 3049 2997 
14918 9 3049 12 11 
14919 12 60 3049 2997 
14920 12 3049 60 11 
14921 3082 1771 1774 1756 
14922 3082 1774 1771 3073 
14923 1599 1583 3116 1598 
14924 1599 3116 1583 3138 
14925 3106 3116 1583 1598 
14926 3106 1583 3116 3138 
14927 3074 71 73 74 
14928 73 3046 3074 74 
14929 71 72 3074 73 
14930 71 3074 72 2965 
14931 3046 3074 72 73 
14932 3046 72 3074 2965 
14933 31 25 29 2982 
14934 29 25 31 30 
14935 2982 46 3055 31 
14936 3055 46 2982 2981 
14937 23 21 3140 2919 
14938 3140 21 23 24 
14939 3140 2990 23 2919 
14940 23 2990 3140 24 
14941 2936 78 3133 79 
14942 2936 3133 78 2935 
14943 3072 3133 78 79 
14944 3072 78 3133 2935 
14945 79 2937 3133 2936 
14946 79 3133 2937 80 
14947 2989 79 81 3032 
14948 2989 81 79 82 
14949 3059 79 21 82 
14950 21 78 3059 2928 
14951 3059 78 21 79 
14952 64 61 3018 1431 
14953 1431 63 3018 64 
14954 3018 63 1431 1389 
14955 6 54 20 2542 
14956 20 54 6 55 
14957 2542 53 3051 2557 
14958 3051 53 2542 54 
14959 3051 3027 2542 2557 
14960 2542 3027 3051 54 
14961 18 51 16 184 
14962 16 51 18 52 
14963 184 50 2993 226 
14964 2993 50 184 51 
14965 22 40 3127 23 
14966 22 3127 40 2912 
14967 2992 3127 40 23 
14968 2992 40 3127 2912 
14969 10 3058 60 59 
14970 10 60 3058 11 
14971 3049 60 3058 59 
14972 3049 3058 60 11 
14973 38 72 3048 3024 
14974 3048 72 38 37 
14975 2987 3006 3017 3037 
14976 2987 3017 3006 44 
14977 42 2987 3017 3037 
14978 42 3017 2987 44 
14979 45 2987 42 3037 
14980 45 42 2987 44 
14981 76 2989 81 2985 
14982 81 2989 76 21 
14983 23 2990 77 3000 
14984 23 77 2990 24 
14985 76 77 2990 3000 
14986 76 2990 77 24 
14987 77 40 23 2992 
14988 77 23 40 84 
14989 23 3000 2992 3079 
14990 2992 3000 23 77 
14991 13 4 3003 2986 
14992 13 3003 4 3004 
14993 36 73 3046 3004 
14994 3046 73 36 74 
14995 3046 83 36 3004 
14996 36 83 3046 74 
14997 2996 8 3038 5 
14998 2996 3038 8 3000 
14999 35 3038 8 5 
15000 35 8 3038 3000 
15001 39 3004 3092 3048 
15002 39 3092 3004 3012 
15003 3012 48 1 3011 
15004 3012 1 48 4 
15005 43 64 61 3018 
15006 61 64 43 65 
15007 27 2994 34 3002 
15008 27 34 2994 41 
15009 35 2994 34 41 
15010 2994 3028 34 3002 
15011 34 3028 2994 35 
15012 45 3032 3072 3001 
15013 3072 3133 45 3001 
15014 45 3133 3072 80 
15015 45 81 3072 3032 
15016 45 3072 81 80 
15017 79 3072 81 3032 
15018 79 81 3072 80 
15019 2991 20 17 19 
15020 2991 3034 20 3028 
15021 20 3034 2991 17 
15022 13 16 2988 3015 
15023 13 2988 16 15 
15024 43 2 64 3016 
15025 64 2 43 66 
$EndElements
